vet-ins,vet-fnd,avl-ins,avl-fnd,hst-ins,hst-fnd,htr-ins,htr-fnd
0.002196,0.000073,0.005861,0.002046,0.003405,0.000147,0.004377,0.001189
0.004627,0.000290,0.012865,0.008850,0.006461,0.000539,0.010827,0.005453
0.006443,0.000316,0.027122,0.009279,0.011428,0.000540,0.023660,0.006290
0.014720,0.000720,0.063281,0.027846,0.024973,0.001550,0.069339,0.020887
0.017921,0.002108,0.066749,0.089402,0.022640,0.004864,0.061427,0.063632
