vet-ins,vet-fnd,avl-ins,avl-fnd,hst-ins,hst-fnd,htr-ins,htr-fnd
0.002180,0.000073,0.005966,0.002032,0.003389,0.000147,0.004441,0.001194
0.004396,0.000267,0.013211,0.008957,0.006568,0.000540,0.011067,0.005832
0.006922,0.000302,0.028127,0.009734,0.012718,0.000632,0.024989,0.006661
0.013545,0.000668,0.062553,0.027056,0.023436,0.001522,0.056837,0.018754
0.018239,0.002251,0.062811,0.081188,0.021566,0.004050,0.058938,0.056251
