vet-ins,vet-fnd,avl-ins,avl-fnd,hst-ins,hst-fnd,htr-ins,htr-fnd
0.002184,0.000079,0.005502,0.001807,0.003049,0.000131,0.004041,0.001065
0.005085,0.000334,0.015390,0.010377,0.007053,0.000630,0.011868,0.006180
0.007505,0.000321,0.029120,0.010452,0.011741,0.000651,0.025551,0.006619
0.015393,0.000670,0.070845,0.030479,0.024621,0.001420,0.065200,0.022074
0.017763,0.002295,0.062569,0.084435,0.022568,0.004086,0.056983,0.057587
