vet-ins,vet-fnd,avl-ins,avl-fnd,hst-ins,hst-fnd,htr-ins,htr-fnd
0.000978,0.000044,0.003272,0.001042,0.001600,0.000075,0.002216,0.000605
0.004848,0.000363,0.017257,0.008983,0.005400,0.000540,0.010120,0.005432
0.006502,0.000263,0.029331,0.010947,0.012056,0.000634,0.026471,0.007193
0.014791,0.000768,0.069775,0.030702,0.023400,0.001661,0.061297,0.021214
0.018961,0.002318,0.069690,0.090124,0.018921,0.004477,0.051514,0.053869
