vet-ins,vet-fnd,avl-ins,avl-fnd,hst-ins,hst-fnd,htr-ins,htr-fnd
0.000539,0.000020,0.001943,0.000678,0.000778,0.004236,0.002138,0.000710
0.002213,0.000188,0.011486,0.007885,0.003592,0.187985,0.013295,0.008571
0.003858,0.000201,0.025473,0.008628,0.006914,0.287874,0.028110,0.009099
0.008037,0.000489,0.058202,0.024553,0.013472,0.544854,0.062075,0.025240
0.008126,0.001593,0.060316,0.075834,0.014088,1.667794,0.057535,0.070119
