vet-ins,vet-fnd,avl-ins,avl-fnd,hst-ins,hst-fnd,htr-ins,htr-fnd
0.001138,0.000036,0.003016,0.001050,0.001601,0.000076,0.002339,0.000603
0.004877,0.000364,0.017008,0.008763,0.005402,0.000548,0.010125,0.005403
0.006293,0.000263,0.025870,0.009318,0.010243,0.000541,0.022151,0.006033
0.014432,0.000768,0.066075,0.027171,0.020181,0.001350,0.053293,0.018332
0.017504,0.002101,0.061204,0.083350,0.018732,0.004103,0.052105,0.055433
