vet-ins,vet-fnd,avl-ins,avl-fnd,hst-ins,hst-fnd,htr-ins,htr-fnd
0.002148,0.000073,0.005875,0.002035,0.003128,0.000145,0.004307,0.001181
0.004002,0.000266,0.012609,0.008740,0.005347,0.000536,0.010045,0.005386
0.006199,0.000263,0.026541,0.009209,0.010082,0.000535,0.021841,0.005943
0.015066,0.000787,0.072279,0.033778,0.023450,0.001583,0.062407,0.021497
0.019652,0.002357,0.062374,0.084594,0.019347,0.004088,0.052520,0.056042
