vet-ins,vet-fnd,avl-ins,avl-fnd,hst-ins,hst-fnd,htr-ins,htr-fnd
0.000980,0.000032,0.002596,0.000883,0.001493,0.000064,0.001928,0.000517
0.004378,0.000320,0.015025,0.010385,0.006943,0.000633,0.012367,0.006532
0.007849,0.000317,0.031873,0.011446,0.013277,0.000688,0.027848,0.007809
0.015156,0.000796,0.074679,0.029273,0.023375,0.001444,0.059354,0.020076
0.018217,0.002208,0.064244,0.088663,0.023386,0.004479,0.058422,0.057877
