vet-ins,vet-fnd,avl-ins,avl-fnd,hst-ins,hst-fnd,htr-ins,htr-fnd
0.001982,0.000065,0.005366,0.001804,0.003053,0.000129,0.003989,0.001205
0.006294,0.000314,0.014872,0.010279,0.006942,0.000630,0.012575,0.006568
0.007542,0.000322,0.032549,0.011601,0.013188,0.000632,0.029496,0.007758
0.015507,0.000818,0.081270,0.034535,0.025887,0.001649,0.063561,0.020266
0.018624,0.002013,0.065970,0.085820,0.024028,0.004866,0.069160,0.067749
