vet-ins,vet-fnd,avl-ins,avl-fnd,hst-ins,hst-fnd,htr-ins,htr-fnd
0.000552,0.000019,0.001892,0.000665,0.000888,0.003233,0.002048,0.000671
0.002484,0.000187,0.011409,0.007965,0.003676,0.142604,0.012267,0.007955
0.004077,0.000203,0.025566,0.008733,0.007140,0.222345,0.026705,0.008654
0.008230,0.000511,0.058463,0.024461,0.013363,0.545125,0.058721,0.023947
0.007892,0.001522,0.058963,0.073730,0.013208,1.657182,0.059416,0.072240
