vet-ins,vet-fnd,avl-ins,avl-fnd,hst-ins,hst-fnd,htr-ins,htr-fnd
0.000882,0.000032,0.002501,0.000887,0.001486,0.000054,0.001670,0.000512
0.004190,0.000335,0.013813,0.009383,0.006274,0.000539,0.010749,0.005754
0.006990,0.000352,0.027107,0.009535,0.011526,0.000621,0.025786,0.006493
0.013833,0.000821,0.062735,0.027707,0.023050,0.001479,0.058037,0.019696
0.017402,0.002032,0.064976,0.085969,0.022534,0.004373,0.056024,0.058500
