vet-ins,vet-fnd,avl-ins,avl-fnd,hst-ins,hst-fnd,htr-ins,htr-fnd
0.000949,0.000033,0.002424,0.000937,0.001162,0.000058,0.001911,0.000434
0.003947,0.000262,0.014125,0.010261,0.005561,0.000585,0.010499,0.006210
0.007376,0.000389,0.029324,0.009581,0.010581,0.000540,0.022571,0.006323
0.013092,0.000655,0.060665,0.026878,0.021501,0.001645,0.053250,0.018390
0.016408,0.001966,0.060843,0.082863,0.018609,0.004037,0.051551,0.055679
