vet-ins,vet-fnd,avl-ins,avl-fnd,hst-ins,hst-fnd,htr-ins,htr-fnd
0.001875,0.000064,0.005268,0.001828,0.002782,0.000138,0.003846,0.001046
0.006043,0.000327,0.012647,0.008700,0.005418,0.000541,0.010120,0.005401
0.006183,0.000271,0.025892,0.009207,0.010222,0.000540,0.022148,0.006018
0.013205,0.000660,0.059231,0.026071,0.019738,0.001353,0.052712,0.018148
0.018766,0.002306,0.062192,0.077864,0.018911,0.004136,0.050625,0.054652
