vet-ins,vet-fnd,avl-ins,avl-fnd,hst-ins,hst-fnd,htr-ins,htr-fnd
0.000934,0.000031,0.002633,0.000882,0.001363,0.000062,0.001905,0.000517
0.003998,0.000312,0.014230,0.009840,0.006090,0.000687,0.010869,0.006051
0.006967,0.000324,0.026751,0.010066,0.010583,0.000627,0.023225,0.006076
0.012637,0.000656,0.064808,0.026582,0.019910,0.001604,0.054445,0.018090
0.017300,0.001968,0.063567,0.084740,0.018551,0.004017,0.053094,0.055120
