vet-ins,vet-fnd,avl-ins,avl-fnd,hst-ins,hst-fnd,htr-ins,htr-fnd
0.002093,0.000066,0.005850,0.002203,0.003343,0.000159,0.004220,0.001128
0.004325,0.000263,0.013125,0.010307,0.006179,0.000545,0.011244,0.005516
0.006293,0.000263,0.027030,0.009624,0.010223,0.000636,0.022210,0.006053
0.012693,0.000655,0.060247,0.026915,0.019996,0.001351,0.051648,0.017776
0.016115,0.001970,0.062301,0.079718,0.018539,0.004067,0.051211,0.053160
