vet-ins,vet-fnd,avl-ins,avl-fnd,hst-ins,hst-fnd,htr-ins,htr-fnd
0.002186,0.000073,0.006044,0.002032,0.003401,0.000147,0.004489,0.001190
0.004295,0.000313,0.013830,0.009654,0.006430,0.000632,0.011534,0.005752
0.007488,0.000314,0.031640,0.011301,0.013150,0.000634,0.028010,0.007393
0.015274,0.000783,0.075838,0.032446,0.025677,0.001587,0.067331,0.022328
0.018268,0.002264,0.075297,0.096854,0.024628,0.004654,0.062041,0.061159
