vet-ins,vet-fnd,avl-ins,avl-fnd,hst-ins,hst-fnd,htr-ins,htr-fnd
0.000557,0.000020,0.001923,0.000672,0.000809,0.003450,0.002084,0.000672
0.002333,0.000188,0.011955,0.008514,0.003703,0.145947,0.013479,0.008850
0.004014,0.000219,0.026902,0.009454,0.007005,0.226771,0.033924,0.010773
0.008235,0.000535,0.063421,0.030926,0.014344,0.571614,0.070444,0.027254
0.007727,0.001586,0.064325,0.088134,0.013996,1.719849,0.070080,0.078654
