vet-ins,vet-fnd,avl-ins,avl-fnd,hst-ins,hst-fnd,htr-ins,htr-fnd
0.001082,0.000037,0.003033,0.001048,0.001601,0.000075,0.002216,0.000650
0.004857,0.000369,0.016956,0.009522,0.005712,0.000536,0.010426,0.005581
0.006760,0.000262,0.027330,0.009731,0.010798,0.000537,0.025993,0.007720
0.014972,0.000743,0.065289,0.030755,0.021195,0.001338,0.054509,0.018602
0.018553,0.002308,0.069913,0.095863,0.022736,0.004840,0.062112,0.064726
