vet-ins,vet-fnd,avl-ins,avl-fnd,hst-ins,hst-fnd,htr-ins,htr-fnd
0.000527,0.000019,0.001905,0.000659,0.000762,0.004359,0.002145,0.000702
0.002347,0.000197,0.011888,0.008071,0.003639,0.192572,0.013202,0.008498
0.004159,0.000203,0.026235,0.008786,0.006871,0.227570,0.026516,0.008496
0.008093,0.000494,0.058343,0.024094,0.013700,0.550594,0.061584,0.024948
0.008023,0.001502,0.060137,0.074871,0.013413,1.658344,0.059429,0.070872
