vet-ins,vet-fnd,avl-ins,avl-fnd,hst-ins,hst-fnd,htr-ins,htr-fnd
0.002111,0.000072,0.005889,0.002051,0.003135,0.000147,0.004270,0.001180
0.004264,0.000266,0.013512,0.009866,0.005703,0.000541,0.010262,0.005408
0.006314,0.000263,0.026708,0.009864,0.010980,0.000668,0.024495,0.006776
0.012665,0.000762,0.059075,0.028787,0.019828,0.001541,0.054187,0.019093
0.016138,0.001974,0.060955,0.084822,0.021393,0.004194,0.057989,0.055052
