vet-ins,vet-fnd,avl-ins,avl-fnd,hst-ins,hst-fnd,htr-ins,htr-fnd
0.001000,0.000036,0.002456,0.000914,0.001340,0.000063,0.001906,0.000436
0.004283,0.000329,0.014125,0.010034,0.006525,0.000608,0.011759,0.006363
0.006587,0.000330,0.030731,0.011000,0.012908,0.000563,0.026802,0.007050
0.014808,0.000767,0.067090,0.030788,0.025565,0.001445,0.063448,0.020961
0.018881,0.002267,0.063219,0.084387,0.022109,0.004826,0.061823,0.060519
