vet-ins,vet-fnd,avl-ins,avl-fnd,hst-ins,hst-fnd,htr-ins,htr-fnd
0.000820,0.000027,0.002176,0.000896,0.001359,0.000054,0.001604,0.000433
0.004187,0.000267,0.012347,0.008959,0.006430,0.000539,0.010710,0.005430
0.006494,0.000268,0.030232,0.010462,0.012676,0.000589,0.025414,0.006796
0.014437,0.000838,0.063804,0.028481,0.023091,0.001446,0.056783,0.018865
0.017642,0.002010,0.064414,0.083162,0.021566,0.004367,0.054804,0.057941
