vet-ins,vet-fnd,avl-ins,avl-fnd,hst-ins,hst-fnd,htr-ins,htr-fnd
0.000536,0.000019,0.001910,0.000682,0.000785,0.004330,0.002166,0.000727
0.002344,0.000189,0.011874,0.008073,0.003596,0.190684,0.013532,0.008605
0.004272,0.000203,0.026468,0.009086,0.007104,0.295456,0.028972,0.009473
0.008411,0.000493,0.058660,0.025796,0.012869,0.739461,0.062927,0.025742
0.007773,0.001471,0.060352,0.076113,0.013264,1.653209,0.061338,0.075835
