vet-ins,vet-fnd,avl-ins,avl-fnd,hst-ins,hst-fnd,htr-ins,htr-fnd
0.000524,0.000020,0.001900,0.000664,0.000787,0.003194,0.002057,0.000672
0.002376,0.000189,0.011399,0.007911,0.003723,0.141982,0.012231,0.008017
0.003980,0.000205,0.025642,0.008665,0.007166,0.225731,0.026942,0.008749
0.008182,0.000534,0.058171,0.024387,0.013031,0.730287,0.062389,0.026570
0.007493,0.001445,0.058549,0.073423,0.013048,2.185140,0.061487,0.078681
