vet-ins,vet-fnd,avl-ins,avl-fnd,hst-ins,hst-fnd,htr-ins,htr-fnd
0.001963,0.000066,0.005388,0.001889,0.002865,0.000134,0.003923,0.001080
0.006397,0.000263,0.012449,0.008895,0.005411,0.000545,0.010055,0.005419
0.006426,0.000263,0.027200,0.009320,0.010152,0.000535,0.022307,0.006030
0.012943,0.000776,0.059059,0.026780,0.020009,0.001337,0.051114,0.017747
0.016433,0.001971,0.059392,0.080642,0.019372,0.004089,0.057436,0.055146
