vet-ins,vet-fnd,avl-ins,avl-fnd,hst-ins,hst-fnd,htr-ins,htr-fnd
0.000531,0.000020,0.001876,0.000662,0.000793,0.003231,0.002086,0.000668
0.002349,0.000189,0.011432,0.007886,0.003556,0.142856,0.012797,0.008275
0.004429,0.000199,0.026483,0.009249,0.007116,0.223625,0.027140,0.009057
0.008603,0.000519,0.061256,0.026045,0.013217,0.730331,0.061508,0.025338
0.007571,0.001432,0.060717,0.077956,0.014485,1.724394,0.059766,0.076388
