vet-ins,vet-fnd,avl-ins,avl-fnd,hst-ins,hst-fnd,htr-ins,htr-fnd
0.001097,0.000036,0.003030,0.001042,0.001626,0.000075,0.002117,0.000486
0.004214,0.000307,0.014066,0.009382,0.005362,0.000557,0.010436,0.005397
0.006250,0.000263,0.026232,0.009238,0.010130,0.000540,0.022119,0.006033
0.013725,0.000786,0.065046,0.026986,0.019663,0.001362,0.052782,0.017859
0.016620,0.001966,0.060756,0.083095,0.019085,0.004490,0.052117,0.054080
