vet-ins,vet-fnd,avl-ins,avl-fnd,hst-ins,hst-fnd,htr-ins,htr-fnd
0.000929,0.000031,0.002588,0.000871,0.001368,0.000063,0.001892,0.000508
0.003990,0.000307,0.014416,0.011211,0.006434,0.000627,0.012055,0.006475
0.007319,0.000308,0.030926,0.010852,0.011893,0.000634,0.025956,0.007060
0.014642,0.000771,0.069134,0.030518,0.022931,0.001577,0.061409,0.020807
0.016805,0.001975,0.060796,0.079610,0.019010,0.004705,0.058790,0.060961
