vet-ins,vet-fnd,avl-ins,avl-fnd,hst-ins,hst-fnd,htr-ins,htr-fnd
0.000529,0.000020,0.001900,0.000660,0.000794,0.003230,0.002072,0.000668
0.002343,0.000196,0.011551,0.007950,0.003827,0.143323,0.012914,0.008366
0.003985,0.000203,0.026766,0.009475,0.007353,0.291514,0.027726,0.009208
0.008133,0.000490,0.058777,0.024201,0.012851,0.731539,0.063467,0.025635
0.007636,0.001449,0.064212,0.080234,0.012769,2.243455,0.070701,0.086803
