vet-ins,vet-fnd,avl-ins,avl-fnd,hst-ins,hst-fnd,htr-ins,htr-fnd
0.001925,0.000066,0.005731,0.001874,0.002863,0.000135,0.004548,0.001266
0.004588,0.000263,0.013432,0.009055,0.005411,0.000546,0.010505,0.005402
0.007259,0.000328,0.030225,0.010747,0.011344,0.000631,0.023725,0.006506
0.012646,0.000656,0.068213,0.026801,0.020003,0.001371,0.053326,0.018281
0.016426,0.001968,0.070883,0.088116,0.019970,0.004158,0.057519,0.060122
