vet-ins,vet-fnd,avl-ins,avl-fnd,hst-ins,hst-fnd,htr-ins,htr-fnd
0.001121,0.000045,0.003219,0.001041,0.001740,0.000075,0.002246,0.000608
0.005044,0.000371,0.017062,0.008677,0.005891,0.000544,0.010322,0.005839
0.007205,0.000328,0.029084,0.010641,0.013049,0.000648,0.025404,0.006907
0.015078,0.000817,0.069178,0.030120,0.025791,0.001585,0.060754,0.020735
0.018988,0.002353,0.068948,0.090713,0.024209,0.004818,0.060132,0.062064
