vet-ins,vet-fnd,avl-ins,avl-fnd,hst-ins,hst-fnd,htr-ins,htr-fnd
0.000794,0.000027,0.004037,0.001816,0.002788,0.000131,0.003862,0.001058
0.008371,0.000644,0.014024,0.008695,0.005411,0.000540,0.010093,0.005418
0.006265,0.000273,0.026639,0.009233,0.010210,0.000543,0.022423,0.005991
0.012816,0.000793,0.058819,0.026168,0.020276,0.001351,0.051233,0.017580
0.018325,0.002310,0.064350,0.079849,0.021311,0.004626,0.052612,0.058444
