vet-ins,vet-fnd,avl-ins,avl-fnd,hst-ins,hst-fnd,htr-ins,htr-fnd
0.000557,0.000020,0.001995,0.000729,0.000828,0.004426,0.002218,0.000745
0.002391,0.000199,0.011525,0.008123,0.003674,0.187251,0.013098,0.008310
0.004053,0.000198,0.025351,0.008718,0.007052,0.292907,0.028237,0.009226
0.008290,0.000493,0.058277,0.024456,0.014035,0.549584,0.059784,0.024278
0.007532,0.001474,0.058463,0.073522,0.012805,1.637706,0.059258,0.073722
