vet-ins,vet-fnd,avl-ins,avl-fnd,hst-ins,hst-fnd,htr-ins,htr-fnd
0.000824,0.000027,0.002201,0.000748,0.002012,0.000135,0.004239,0.001234
0.008385,0.000470,0.013360,0.008655,0.005872,0.000545,0.010387,0.005475
0.007267,0.000305,0.027075,0.009409,0.011568,0.000601,0.026324,0.007127
0.015364,0.000790,0.070260,0.030146,0.025848,0.001573,0.062517,0.021181
0.016973,0.002347,0.063584,0.081134,0.022623,0.004773,0.055217,0.055102
