vet-ins,vet-fnd,avl-ins,avl-fnd,hst-ins,hst-fnd,htr-ins,htr-fnd
0.000578,0.000021,0.001992,0.000704,0.000854,0.003339,0.002173,0.000702
0.002372,0.000185,0.011529,0.007977,0.003742,0.142030,0.012607,0.008036
0.004129,0.000210,0.026589,0.008697,0.007380,0.222926,0.028353,0.008680
0.008384,0.000502,0.061817,0.024593,0.013487,0.544109,0.059619,0.024215
0.007680,0.001468,0.058793,0.073126,0.013234,1.675964,0.057217,0.069691
