vet-ins,vet-fnd,avl-ins,avl-fnd,hst-ins,hst-fnd,htr-ins,htr-fnd
0.001391,0.000047,0.003641,0.001129,0.002106,0.000079,0.002782,0.000688
0.004281,0.000283,0.013787,0.009563,0.006517,0.000542,0.010843,0.005875
0.007072,0.000316,0.029432,0.010510,0.011785,0.000541,0.024991,0.006138
0.014013,0.000793,0.062990,0.028089,0.023512,0.001352,0.057979,0.018952
0.017583,0.002004,0.063768,0.083128,0.021650,0.004103,0.056039,0.056470
