vet-ins,vet-fnd,avl-ins,avl-fnd,hst-ins,hst-fnd,htr-ins,htr-fnd
0.000961,0.000031,0.002569,0.000890,0.001485,0.000064,0.001976,0.000524
0.004107,0.000313,0.014614,0.010045,0.006299,0.000664,0.011641,0.005755
0.007432,0.000276,0.029906,0.010331,0.012877,0.000597,0.026013,0.007060
0.014114,0.000669,0.063983,0.028587,0.024112,0.001598,0.060687,0.018906
0.018015,0.002223,0.063407,0.090994,0.022317,0.004074,0.055214,0.056935
