vet-ins,vet-fnd,avl-ins,avl-fnd,hst-ins,hst-fnd,htr-ins,htr-fnd
0.000919,0.000031,0.002413,0.000897,0.001269,0.000054,0.001810,0.000533
0.003535,0.000263,0.013036,0.009050,0.006135,0.000560,0.010438,0.005762
0.006223,0.000264,0.026190,0.009300,0.010178,0.000540,0.022139,0.006025
0.014418,0.000767,0.063092,0.028274,0.020388,0.001364,0.051458,0.017716
0.016117,0.001972,0.065950,0.083485,0.020754,0.004603,0.055439,0.060290
