vet-ins,vet-fnd,avl-ins,avl-fnd,hst-ins,hst-fnd,htr-ins,htr-fnd
0.000920,0.000032,0.002577,0.000880,0.001390,0.000054,0.001948,0.000533
0.003560,0.000263,0.014255,0.008886,0.005612,0.000545,0.011146,0.005684
0.006189,0.000262,0.027578,0.009676,0.010690,0.000536,0.024921,0.006001
0.012951,0.000744,0.061391,0.026552,0.020029,0.001489,0.056460,0.018142
0.016644,0.001966,0.062405,0.080527,0.019316,0.004783,0.058976,0.053128
