vet-ins,vet-fnd,avl-ins,avl-fnd,hst-ins,hst-fnd,htr-ins,htr-fnd
0.002104,0.000083,0.005897,0.002029,0.003912,0.000146,0.004739,0.000742
0.004437,0.000262,0.012319,0.008613,0.006690,0.000535,0.011250,0.003410
0.006279,0.000262,0.025983,0.009102,0.012711,0.000534,0.023591,0.003853
0.012768,0.000654,0.058718,0.025417,0.024769,0.001333,0.053830,0.012453
0.012155,0.001968,0.062495,0.078291,0.025140,0.004807,0.061085,0.038246
