vet-ins,vet-fnd,avl-ins,avl-fnd,hst-ins,hst-fnd,htr-ins,htr-fnd
0.000552,0.000019,0.001922,0.000722,0.000833,0.003836,0.002192,0.000686
0.002512,0.000226,0.012848,0.009204,0.003726,0.151455,0.014052,0.009029
0.004182,0.000225,0.028736,0.010018,0.008159,0.233457,0.028136,0.008950
0.008170,0.000507,0.060718,0.024502,0.013496,0.567706,0.063695,0.024470
0.007933,0.001513,0.060999,0.086020,0.013310,2.253675,0.061774,0.077987
