vet-ins,vet-fnd,avl-ins,avl-fnd,hst-ins,hst-fnd,htr-ins,htr-fnd
0.000802,0.000031,0.002483,0.000756,0.001351,0.000064,0.001926,0.000510
0.003445,0.000263,0.012367,0.009487,0.005688,0.000634,0.011463,0.006433
0.006460,0.000263,0.027165,0.009622,0.010279,0.000535,0.022350,0.005989
0.012697,0.000656,0.058691,0.026993,0.020379,0.001341,0.052583,0.017868
0.016530,0.001967,0.059993,0.079078,0.018948,0.004047,0.050525,0.053815
