vet-ins,vet-fnd,avl-ins,avl-fnd,hst-ins,hst-fnd,htr-ins,htr-fnd
0.000793,0.000026,0.002152,0.000832,0.001400,0.000068,0.001641,0.000515
0.003809,0.000265,0.012233,0.008752,0.005491,0.000628,0.010307,0.005430
0.006675,0.000268,0.025664,0.009276,0.010230,0.000627,0.022603,0.006043
0.012650,0.000655,0.058802,0.026368,0.020070,0.001341,0.051929,0.017782
0.016366,0.002350,0.058874,0.080871,0.020510,0.004023,0.054104,0.055654
