vet-ins,vet-fnd,avl-ins,avl-fnd,hst-ins,hst-fnd,htr-ins,htr-fnd
0.002195,0.000074,0.005876,0.002030,0.003406,0.000146,0.004374,0.001183
0.004951,0.000268,0.015147,0.010635,0.007004,0.000630,0.011787,0.006377
0.007324,0.000275,0.029035,0.010501,0.012833,0.000633,0.025680,0.007467
0.015363,0.000785,0.075063,0.032986,0.025639,0.001564,0.063779,0.021861
0.020597,0.002356,0.074198,0.100351,0.024483,0.004731,0.066535,0.067976
