vet-ins,vet-fnd,avl-ins,avl-fnd,hst-ins,hst-fnd,htr-ins,htr-fnd
0.000944,0.000031,0.002540,0.000883,0.001353,0.000063,0.001861,0.000512
0.008759,0.000633,0.023749,0.010212,0.006307,0.000628,0.011738,0.006346
0.007287,0.000307,0.030302,0.010760,0.011875,0.000632,0.025526,0.007025
0.014446,0.000829,0.064015,0.027728,0.022497,0.001338,0.054656,0.020559
0.018474,0.002304,0.069874,0.090294,0.019962,0.004306,0.052846,0.055877
