vet-ins,vet-fnd,avl-ins,avl-fnd,hst-ins,hst-fnd,htr-ins,htr-fnd
0.000531,0.000019,0.001878,0.000665,0.000757,0.004381,0.002108,0.000716
0.002360,0.000187,0.011424,0.008167,0.003596,0.187822,0.013325,0.008794
0.004060,0.000198,0.026461,0.008843,0.007153,0.222082,0.026896,0.009001
0.008422,0.000527,0.060004,0.024416,0.013703,0.544964,0.062842,0.025473
0.007776,0.001429,0.058400,0.073717,0.013480,1.673378,0.063356,0.076027
