vet-ins,vet-fnd,avl-ins,avl-fnd,hst-ins,hst-fnd,htr-ins,htr-fnd
0.000924,0.000030,0.002562,0.000882,0.001327,0.000054,0.001796,0.000566
0.003740,0.000262,0.013787,0.009497,0.006146,0.000627,0.011855,0.005994
0.007119,0.000325,0.026390,0.009274,0.010630,0.000536,0.022237,0.006013
0.013032,0.000656,0.059015,0.027928,0.020511,0.001338,0.051924,0.017717
0.016138,0.001968,0.059263,0.079550,0.019121,0.004027,0.050881,0.053245
