vet-ins,vet-fnd,avl-ins,avl-fnd,hst-ins,hst-fnd,htr-ins,htr-fnd
0.000522,0.000020,0.001868,0.000670,0.000758,0.004268,0.002125,0.000706
0.002308,0.000189,0.011583,0.007927,0.003602,0.188775,0.013216,0.008436
0.003956,0.000202,0.026262,0.008719,0.007116,0.229599,0.030157,0.009313
0.008395,0.000506,0.065100,0.025000,0.013278,0.554485,0.067112,0.028437
0.007633,0.001617,0.065771,0.080939,0.012895,2.257681,0.063026,0.078925
