vet-ins,vet-fnd,avl-ins,avl-fnd,hst-ins,hst-fnd,htr-ins,htr-fnd
0.002125,0.000065,0.005648,0.001863,0.003058,0.000134,0.004071,0.001212
0.005073,0.000328,0.012328,0.008690,0.005386,0.000545,0.010046,0.005383
0.006483,0.000263,0.026351,0.009569,0.010204,0.000535,0.022462,0.005967
0.012997,0.000656,0.060128,0.026199,0.019986,0.001338,0.051976,0.017602
0.016085,0.001970,0.058790,0.078699,0.018573,0.004019,0.050476,0.052182
