vet-ins,vet-fnd,avl-ins,avl-fnd,hst-ins,hst-fnd,htr-ins,htr-fnd
0.000527,0.000019,0.001914,0.000668,0.000759,0.004239,0.002129,0.000708
0.002313,0.000189,0.011487,0.007974,0.003570,0.187953,0.012878,0.008385
0.003877,0.000203,0.025734,0.008674,0.006973,0.295659,0.030767,0.010113
0.008301,0.000513,0.065841,0.025855,0.013508,0.548238,0.062103,0.025410
0.007587,0.001447,0.058434,0.075556,0.012857,2.253737,0.066118,0.080262
