vet-ins,vet-fnd,avl-ins,avl-fnd,hst-ins,hst-fnd,htr-ins,htr-fnd
0.000867,0.000031,0.003056,0.001037,0.001736,0.000075,0.002344,0.000603
0.005026,0.000385,0.017332,0.009154,0.006300,0.000560,0.011249,0.005452
0.006940,0.000279,0.027569,0.009198,0.011230,0.000538,0.024842,0.006132
0.013313,0.000684,0.060087,0.026985,0.022518,0.001360,0.054376,0.018284
0.017539,0.002010,0.060705,0.080339,0.021939,0.004461,0.059558,0.056802
