vet-ins,vet-fnd,avl-ins,avl-fnd,hst-ins,hst-fnd,htr-ins,htr-fnd
0.002031,0.000065,0.005355,0.001807,0.003031,0.000130,0.003941,0.001063
0.006048,0.000393,0.014735,0.010126,0.006912,0.000631,0.012267,0.006384
0.007571,0.000270,0.030493,0.010779,0.013232,0.000633,0.027281,0.007254
0.015373,0.000783,0.069108,0.030472,0.026117,0.001574,0.061612,0.020360
0.017152,0.002011,0.061764,0.079397,0.020744,0.004083,0.055127,0.053358
