vet-ins,vet-fnd,avl-ins,avl-fnd,hst-ins,hst-fnd,htr-ins,htr-fnd
0.001893,0.000064,0.005241,0.001843,0.002778,0.000130,0.003886,0.001059
0.005103,0.000296,0.013457,0.009173,0.005718,0.000535,0.010397,0.006038
0.007034,0.000328,0.028062,0.009335,0.011948,0.000661,0.022536,0.006275
0.012711,0.000655,0.059224,0.027172,0.019632,0.001344,0.051524,0.018229
0.016445,0.002215,0.059317,0.079284,0.018924,0.004054,0.053245,0.053651
