vet-ins,vet-fnd,avl-ins,avl-fnd,hst-ins,hst-fnd,htr-ins,htr-fnd
0.002200,0.000079,0.005830,0.002112,0.003596,0.000159,0.004291,0.001221
0.004165,0.000268,0.013326,0.009047,0.006281,0.000544,0.010808,0.005812
0.006799,0.000311,0.029640,0.010554,0.012404,0.000562,0.025526,0.006857
0.015687,0.000729,0.068172,0.028053,0.022200,0.001367,0.056724,0.022312
0.019521,0.002450,0.073834,0.094473,0.024393,0.004756,0.064506,0.062075
