vet-ins,vet-fnd,avl-ins,avl-fnd,hst-ins,hst-fnd,htr-ins,htr-fnd
0.000528,0.000020,0.001893,0.000667,0.000797,0.003282,0.002033,0.000693
0.002343,0.000198,0.011397,0.007957,0.003647,0.141448,0.012316,0.007984
0.004018,0.000203,0.025685,0.008789,0.006873,0.222873,0.026424,0.008548
0.008131,0.000493,0.057996,0.024222,0.012984,0.726401,0.061261,0.025274
0.007861,0.001524,0.056885,0.072033,0.013326,1.668786,0.058167,0.071321
