vet-ins,vet-fnd,avl-ins,avl-fnd,hst-ins,hst-fnd,htr-ins,htr-fnd
0.000525,0.000019,0.001973,0.000725,0.000797,0.003257,0.002056,0.000671
0.002276,0.000196,0.011722,0.008085,0.003703,0.144191,0.012784,0.008344
0.004099,0.000204,0.026672,0.008967,0.007391,0.225452,0.027601,0.009011
0.008332,0.000492,0.060169,0.025644,0.014090,0.545640,0.060234,0.024332
0.007589,0.001446,0.059033,0.075557,0.013018,1.643489,0.059831,0.071884
