vet-ins,vet-fnd,avl-ins,avl-fnd,hst-ins,hst-fnd,htr-ins,htr-fnd
0.000521,0.000019,0.001910,0.000664,0.000785,0.004235,0.002105,0.000709
0.002317,0.000189,0.011350,0.007928,0.003569,0.186709,0.012992,0.008434
0.004025,0.000202,0.025705,0.008808,0.006637,0.289665,0.028183,0.009129
0.008262,0.000489,0.057735,0.024326,0.013207,0.728474,0.064727,0.026361
0.007964,0.001464,0.062074,0.077952,0.013452,1.680741,0.062369,0.077551
