vet-ins,vet-fnd,avl-ins,avl-fnd,hst-ins,hst-fnd,htr-ins,htr-fnd
0.001370,0.000047,0.003559,0.001249,0.002172,0.000081,0.002637,0.000762
0.006050,0.000400,0.016873,0.008991,0.006609,0.000632,0.010918,0.006074
0.006681,0.000268,0.029243,0.011705,0.012402,0.000693,0.027777,0.007507
0.015688,0.000784,0.072833,0.031388,0.025384,0.001598,0.065985,0.021203
0.018754,0.002216,0.068584,0.087751,0.022015,0.004047,0.065383,0.068575
