vet-ins,vet-fnd,avl-ins,avl-fnd,hst-ins,hst-fnd,htr-ins,htr-fnd
0.000525,0.000019,0.001891,0.000668,0.000797,0.003165,0.002046,0.000669
0.002338,0.000194,0.011422,0.007959,0.003707,0.142754,0.012672,0.008120
0.004014,0.000199,0.025655,0.008749,0.007184,0.224156,0.026684,0.008666
0.008261,0.000495,0.058664,0.024595,0.013451,0.548539,0.060010,0.024254
0.007938,0.001515,0.059231,0.073553,0.012675,2.182686,0.062603,0.077279
