vet-ins,vet-fnd,avl-ins,avl-fnd,hst-ins,hst-fnd,htr-ins,htr-fnd
0.000898,0.000026,0.002493,0.000828,0.001198,0.000064,0.001814,0.000434
0.003539,0.000262,0.013390,0.009014,0.005537,0.000540,0.010007,0.005447
0.006259,0.000263,0.026126,0.009250,0.010593,0.000541,0.022177,0.006011
0.013122,0.000767,0.063637,0.028516,0.020500,0.001350,0.051481,0.017661
0.016123,0.001972,0.061375,0.080241,0.018570,0.004068,0.050508,0.053621
