vet-ins,vet-fnd,avl-ins,avl-fnd,hst-ins,hst-fnd,htr-ins,htr-fnd
0.002202,0.000073,0.005875,0.002036,0.003423,0.000147,0.004405,0.001185
0.004750,0.000313,0.014819,0.010456,0.006936,0.000636,0.012313,0.006657
0.007781,0.000314,0.032573,0.011690,0.013370,0.000635,0.028712,0.007502
0.015407,0.000791,0.074283,0.030431,0.025151,0.001349,0.061370,0.019589
0.018825,0.002370,0.064909,0.086435,0.021868,0.004310,0.061200,0.068078
