vet-ins,vet-fnd,avl-ins,avl-fnd,hst-ins,hst-fnd,htr-ins,htr-fnd
0.000801,0.000027,0.002166,0.000757,0.001158,0.000054,0.001585,0.000436
0.003868,0.000263,0.012708,0.010331,0.006301,0.000636,0.011016,0.005818
0.006556,0.000263,0.025793,0.009187,0.010157,0.000535,0.021869,0.006358
0.012857,0.000657,0.059204,0.030127,0.019624,0.001337,0.055727,0.019013
0.016450,0.002317,0.061405,0.079715,0.018587,0.004125,0.053627,0.052901
