vet-ins,vet-fnd,avl-ins,avl-fnd,hst-ins,hst-fnd,htr-ins,htr-fnd
0.002070,0.000064,0.005247,0.001824,0.002794,0.000131,0.003884,0.001053
0.006601,0.000378,0.014229,0.009702,0.005509,0.000540,0.011423,0.005969
0.006552,0.000262,0.025822,0.009214,0.010208,0.000541,0.022360,0.005990
0.013028,0.000716,0.062967,0.026561,0.019908,0.001370,0.051769,0.018082
0.016495,0.001970,0.060729,0.082343,0.020078,0.004078,0.051490,0.057421
