vet-ins,vet-fnd,avl-ins,avl-fnd,hst-ins,hst-fnd,htr-ins,htr-fnd
0.000557,0.000019,0.001924,0.000707,0.000797,0.003191,0.002070,0.000669
0.002388,0.000194,0.011647,0.008308,0.003811,0.144440,0.012752,0.008470
0.004084,0.000200,0.026797,0.009299,0.007279,0.227919,0.027698,0.009286
0.008421,0.000489,0.061260,0.025691,0.014019,0.556122,0.060620,0.024599
0.007685,0.001636,0.062321,0.077484,0.012224,2.208403,0.063877,0.075099
