vet-ins,vet-fnd,avl-ins,avl-fnd,hst-ins,hst-fnd,htr-ins,htr-fnd
0.000792,0.000026,0.002512,0.000885,0.001423,0.000063,0.001754,0.000513
0.004023,0.000321,0.013400,0.008806,0.005633,0.000535,0.010384,0.005413
0.007157,0.000307,0.030199,0.010109,0.010901,0.000536,0.024236,0.006587
0.014290,0.000658,0.064437,0.029414,0.021210,0.001477,0.052859,0.020332
0.017056,0.001975,0.059383,0.085272,0.020621,0.004017,0.051554,0.052592
