vet-ins,vet-fnd,avl-ins,avl-fnd,hst-ins,hst-fnd,htr-ins,htr-fnd
0.000566,0.000019,0.001863,0.000660,0.000757,0.004145,0.002159,0.000706
0.002391,0.000189,0.011263,0.007881,0.003597,0.187009,0.013051,0.008463
0.003961,0.000203,0.025710,0.008790,0.007099,0.289360,0.028194,0.009088
0.008057,0.000489,0.059004,0.024930,0.013119,0.732481,0.060118,0.024967
0.007616,0.001470,0.058076,0.072752,0.013387,1.664738,0.059504,0.072116
