vet-ins,vet-fnd,avl-ins,avl-fnd,hst-ins,hst-fnd,htr-ins,htr-fnd
0.001975,0.000065,0.005567,0.001868,0.003043,0.000131,0.003984,0.001060
0.006031,0.000385,0.015080,0.010372,0.006992,0.000646,0.012709,0.006590
0.007973,0.000314,0.034202,0.011780,0.013231,0.000632,0.028880,0.007866
0.015212,0.000782,0.078599,0.033680,0.025822,0.001595,0.069140,0.022305
0.020562,0.002423,0.079218,0.099637,0.024662,0.004607,0.059456,0.069964
