vet-ins,vet-fnd,avl-ins,avl-fnd,hst-ins,hst-fnd,htr-ins,htr-fnd
0.002054,0.000068,0.005790,0.002019,0.003631,0.000135,0.004149,0.001099
0.004510,0.000325,0.014785,0.010014,0.006643,0.000539,0.011291,0.006000
0.006760,0.000268,0.027924,0.009710,0.013134,0.000601,0.025875,0.006939
0.014525,0.000668,0.066613,0.027892,0.023723,0.001347,0.058629,0.019071
0.019666,0.002047,0.063983,0.086258,0.022081,0.004430,0.056591,0.057478
