vet-ins,vet-fnd,avl-ins,avl-fnd,hst-ins,hst-fnd,htr-ins,htr-fnd
0.001378,0.000046,0.003681,0.001124,0.002125,0.000078,0.002845,0.000469
0.005698,0.000387,0.016162,0.008574,0.006688,0.000536,0.011107,0.003422
0.006605,0.000270,0.026043,0.009091,0.012759,0.000536,0.023437,0.003860
0.012797,0.000655,0.059275,0.025578,0.024837,0.001331,0.054229,0.012476
0.011729,0.001969,0.060262,0.077060,0.023904,0.004038,0.056909,0.037524
