vet-ins,vet-fnd,avl-ins,avl-fnd,hst-ins,hst-fnd,htr-ins,htr-fnd
0.000896,0.000031,0.002522,0.000786,0.001477,0.000066,0.001828,0.000523
0.003601,0.000313,0.014552,0.009800,0.006295,0.000539,0.011286,0.006008
0.007474,0.000321,0.028274,0.010117,0.011984,0.000631,0.023712,0.006691
0.015428,0.000698,0.068167,0.029023,0.023035,0.001351,0.057544,0.019959
0.017968,0.002096,0.064171,0.085743,0.021805,0.004413,0.056617,0.056940
