vet-ins,vet-fnd,avl-ins,avl-fnd,hst-ins,hst-fnd,htr-ins,htr-fnd
0.000586,0.000020,0.001877,0.000660,0.000781,0.004312,0.002116,0.000707
0.002426,0.000195,0.011616,0.007968,0.003725,0.190322,0.013537,0.008631
0.004106,0.000209,0.026003,0.008777,0.007345,0.225348,0.026876,0.008585
0.008234,0.000486,0.058794,0.024114,0.013898,0.548473,0.060190,0.024668
0.007598,0.001495,0.059333,0.073399,0.012220,2.174330,0.062199,0.074800
