vet-ins,vet-fnd,avl-ins,avl-fnd,hst-ins,hst-fnd,htr-ins,htr-fnd
0.002010,0.000077,0.005553,0.002101,0.003033,0.000136,0.004208,0.001091
0.006106,0.000262,0.012886,0.008734,0.005911,0.000541,0.010032,0.005416
0.006820,0.000278,0.025699,0.009723,0.010197,0.000544,0.021883,0.006007
0.012559,0.000655,0.059141,0.027080,0.019626,0.001351,0.056278,0.018551
0.016326,0.001966,0.059650,0.082028,0.019142,0.004612,0.057748,0.063388
