vet-ins,vet-fnd,avl-ins,avl-fnd,hst-ins,hst-fnd,htr-ins,htr-fnd
0.000540,0.000019,0.001949,0.000835,0.001049,0.004649,0.002228,0.000741
0.003079,0.000246,0.012987,0.008834,0.003712,0.189918,0.013757,0.008686
0.004007,0.000201,0.026050,0.008803,0.007174,0.293903,0.028038,0.009105
0.008189,0.000492,0.058699,0.025408,0.013939,0.745553,0.064608,0.026388
0.007812,0.001562,0.070625,0.103453,0.015082,1.724622,0.062516,0.075155
