vet-ins,vet-fnd,avl-ins,avl-fnd,hst-ins,hst-fnd,htr-ins,htr-fnd
0.000557,0.000020,0.001907,0.000709,0.000842,0.003281,0.002101,0.000684
0.002389,0.000199,0.011796,0.008165,0.003991,0.149979,0.013004,0.008353
0.004158,0.000266,0.025651,0.008572,0.007020,0.221123,0.026961,0.008559
0.008210,0.000505,0.058387,0.025407,0.013797,0.542724,0.059981,0.024258
0.007907,0.001528,0.058612,0.072990,0.012552,2.161755,0.061508,0.075519
