vet-ins,vet-fnd,avl-ins,avl-fnd,hst-ins,hst-fnd,htr-ins,htr-fnd
0.000574,0.000021,0.002032,0.000722,0.000868,0.003439,0.002608,0.001427
0.002343,0.000188,0.011503,0.007928,0.003661,0.141803,0.012153,0.007906
0.003903,0.000207,0.025829,0.008634,0.007043,0.224422,0.026821,0.008594
0.008346,0.000505,0.058585,0.024261,0.013668,0.541979,0.060346,0.024403
0.007765,0.001482,0.059194,0.073271,0.013092,1.663013,0.059696,0.071982
