vet-ins,vet-fnd,avl-ins,avl-fnd,hst-ins,hst-fnd,htr-ins,htr-fnd
0.000818,0.000027,0.002205,0.000834,0.001518,0.000068,0.001679,0.000435
0.004208,0.000333,0.013578,0.009335,0.006167,0.000598,0.011311,0.005830
0.006751,0.000334,0.027755,0.010086,0.011888,0.000663,0.024859,0.006861
0.013833,0.000776,0.062834,0.027528,0.023370,0.001351,0.057765,0.019575
0.017452,0.002005,0.067492,0.082277,0.021896,0.004254,0.056876,0.062723
