vet-ins,vet-fnd,avl-ins,avl-fnd,hst-ins,hst-fnd,htr-ins,htr-fnd
0.000827,0.000027,0.002492,0.000752,0.001505,0.000068,0.001634,0.000494
0.004185,0.000330,0.013481,0.009312,0.006334,0.000540,0.010595,0.005565
0.007577,0.000313,0.030088,0.010314,0.012734,0.000641,0.025451,0.006131
0.015864,0.000670,0.080258,0.035937,0.026217,0.001587,0.064368,0.022101
0.021431,0.002376,0.082979,0.099246,0.022530,0.004505,0.057242,0.055407
