vet-ins,vet-fnd,avl-ins,avl-fnd,hst-ins,hst-fnd,htr-ins,htr-fnd
0.001990,0.000077,0.005603,0.002112,0.003035,0.000134,0.004056,0.001089
0.004785,0.000262,0.012259,0.009031,0.005375,0.000536,0.010085,0.005419
0.006982,0.000263,0.028315,0.009621,0.010153,0.000535,0.022020,0.005989
0.012806,0.000656,0.058013,0.025811,0.019675,0.001342,0.053223,0.018083
0.016299,0.001971,0.058876,0.086243,0.020455,0.004428,0.051759,0.055971
