vet-ins,vet-fnd,avl-ins,avl-fnd,hst-ins,hst-fnd,htr-ins,htr-fnd
0.000794,0.000026,0.002189,0.000753,0.001161,0.000054,0.001686,0.000509
0.003851,0.000266,0.012367,0.008730,0.005410,0.000535,0.010138,0.005404
0.006296,0.000267,0.026033,0.009311,0.010581,0.000536,0.022427,0.006024
0.012671,0.000661,0.059878,0.026174,0.019683,0.001340,0.052424,0.017964
0.016483,0.002346,0.066403,0.079903,0.018577,0.004049,0.051550,0.055637
