vet-ins,vet-fnd,avl-ins,avl-fnd,hst-ins,hst-fnd,htr-ins,htr-fnd
0.000833,0.000027,0.002167,0.000751,0.001477,0.000067,0.001701,0.000443
0.004033,0.000296,0.012668,0.009703,0.006808,0.000640,0.011866,0.006030
0.007441,0.000314,0.029553,0.010401,0.012446,0.000547,0.024079,0.006738
0.014719,0.000783,0.065813,0.028434,0.023570,0.001499,0.056286,0.020124
0.018695,0.002392,0.064272,0.082809,0.021947,0.004552,0.057408,0.056430
