vet-ins,vet-fnd,avl-ins,avl-fnd,hst-ins,hst-fnd,htr-ins,htr-fnd
0.002252,0.000079,0.006101,0.001897,0.003316,0.000135,0.004334,0.001250
0.005181,0.000267,0.012873,0.009543,0.006605,0.000673,0.011615,0.006260
0.007352,0.000305,0.031450,0.010793,0.011927,0.000539,0.025535,0.007535
0.015296,0.000785,0.073293,0.030260,0.024486,0.001446,0.064245,0.020829
0.017395,0.002358,0.066518,0.094869,0.024507,0.004784,0.067351,0.068278
