vet-ins,vet-fnd,avl-ins,avl-fnd,hst-ins,hst-fnd,htr-ins,htr-fnd
0.000977,0.000032,0.002389,0.000883,0.001409,0.000054,0.001793,0.000509
0.004087,0.000267,0.014289,0.009994,0.006710,0.000539,0.011521,0.006124
0.007530,0.000268,0.028973,0.009617,0.011716,0.000539,0.023515,0.006613
0.014942,0.000669,0.062383,0.025907,0.021899,0.001347,0.054573,0.018229
0.016835,0.002004,0.059813,0.078793,0.020797,0.004059,0.056891,0.058221
