vet-ins,vet-fnd,avl-ins,avl-fnd,hst-ins,hst-fnd,htr-ins,htr-fnd
0.000551,0.000020,0.001964,0.000679,0.000826,0.004367,0.002171,0.000721
0.002379,0.000216,0.011660,0.008072,0.003673,0.190451,0.012834,0.008307
0.004057,0.000202,0.025914,0.008700,0.007009,0.303441,0.029727,0.009773
0.008405,0.000496,0.061997,0.025500,0.013565,0.745165,0.071406,0.029274
0.007976,0.001447,0.070328,0.089118,0.017446,1.737621,0.066873,0.081554
