vet-ins,vet-fnd,avl-ins,avl-fnd,hst-ins,hst-fnd,htr-ins,htr-fnd
0.000969,0.000032,0.002677,0.000881,0.001472,0.000064,0.001959,0.000539
0.004426,0.000323,0.014526,0.010285,0.006355,0.000540,0.010819,0.005804
0.007240,0.000268,0.027967,0.010080,0.012218,0.000540,0.024806,0.006205
0.013997,0.000668,0.066340,0.028218,0.023978,0.001350,0.059364,0.020090
0.017390,0.002314,0.064319,0.084858,0.022457,0.004234,0.056685,0.057179
