vet-ins,vet-fnd,avl-ins,avl-fnd,hst-ins,hst-fnd,htr-ins,htr-fnd
0.000970,0.000033,0.002432,0.000916,0.001417,0.000063,0.001999,0.000542
0.004459,0.000314,0.014729,0.010570,0.006946,0.000642,0.012418,0.006632
0.007600,0.000313,0.030209,0.010184,0.011777,0.000652,0.024194,0.006154
0.013964,0.000675,0.066051,0.029143,0.022504,0.001561,0.055976,0.018558
0.018062,0.002348,0.069526,0.083886,0.022266,0.004708,0.063637,0.059359
