vet-ins,vet-fnd,avl-ins,avl-fnd,hst-ins,hst-fnd,htr-ins,htr-fnd
0.001273,0.000038,0.003058,0.001037,0.001752,0.000075,0.002273,0.000603
0.004363,0.000313,0.014402,0.010537,0.007095,0.000645,0.012421,0.006623
0.007700,0.000318,0.031972,0.011993,0.013392,0.000636,0.028698,0.007626
0.015273,0.000782,0.077009,0.032608,0.025913,0.001587,0.066758,0.022832
0.020263,0.002374,0.075474,0.091014,0.021929,0.004424,0.060494,0.059453
