vet-ins,vet-fnd,avl-ins,avl-fnd,hst-ins,hst-fnd,htr-ins,htr-fnd
0.001290,0.000038,0.003674,0.001196,0.001723,0.000078,0.002327,0.000638
0.005682,0.000393,0.017978,0.008918,0.006195,0.000666,0.011585,0.006332
0.006279,0.000263,0.025814,0.009612,0.010207,0.000535,0.022465,0.006033
0.012604,0.000661,0.061562,0.026194,0.019908,0.001338,0.055046,0.018585
0.016832,0.001999,0.060184,0.088808,0.019589,0.004645,0.054313,0.056214
