vet-ins,vet-fnd,avl-ins,avl-fnd,hst-ins,hst-fnd,htr-ins,htr-fnd
0.000531,0.000019,0.001939,0.000692,0.000832,0.003293,0.002151,0.000717
0.002330,0.000188,0.011275,0.007765,0.003695,0.142077,0.012331,0.007874
0.003971,0.000204,0.025750,0.008772,0.007080,0.223272,0.027254,0.008605
0.008117,0.000509,0.058437,0.024256,0.013189,0.545818,0.059291,0.023602
0.007695,0.001465,0.060205,0.073589,0.013286,1.661844,0.060134,0.071515
