vet-ins,vet-fnd,avl-ins,avl-fnd,hst-ins,hst-fnd,htr-ins,htr-fnd
0.000576,0.000020,0.001872,0.000662,0.000798,0.003244,0.002104,0.000676
0.002315,0.000189,0.011569,0.008041,0.003713,0.142412,0.012873,0.008246
0.003954,0.000200,0.026345,0.009031,0.007068,0.225099,0.027056,0.008904
0.008096,0.000487,0.060518,0.024864,0.013777,0.550257,0.063632,0.025619
0.007661,0.001466,0.061864,0.075905,0.013146,1.683792,0.075300,0.077223
