vet-ins,vet-fnd,avl-ins,avl-fnd,hst-ins,hst-fnd,htr-ins,htr-fnd
0.000978,0.000031,0.002549,0.000898,0.001362,0.000063,0.001957,0.000512
0.004331,0.000314,0.014592,0.010180,0.006790,0.000632,0.012205,0.006122
0.006831,0.000268,0.027295,0.009441,0.012041,0.000689,0.023081,0.007766
0.014486,0.000686,0.065042,0.027644,0.023112,0.001511,0.061434,0.019496
0.018039,0.002003,0.064320,0.095113,0.024842,0.004851,0.067585,0.064283
