vet-ins,vet-fnd,avl-ins,avl-fnd,hst-ins,hst-fnd,htr-ins,htr-fnd
0.000559,0.000020,0.001928,0.000657,0.000808,0.003184,0.002052,0.000672
0.002388,0.000187,0.011855,0.008459,0.003848,0.142692,0.012777,0.008060
0.004077,0.000202,0.025611,0.008658,0.007241,0.225522,0.027346,0.009084
0.008460,0.000529,0.060218,0.025159,0.013803,0.553329,0.063327,0.025980
0.007689,0.001448,0.062121,0.075330,0.013250,1.701243,0.066324,0.077373
