vet-ins,vet-fnd,avl-ins,avl-fnd,hst-ins,hst-fnd,htr-ins,htr-fnd
0.000537,0.000019,0.001997,0.000666,0.000781,0.004208,0.002225,0.000951
0.002254,0.000205,0.013380,0.008871,0.003977,0.197712,0.013932,0.008850
0.004183,0.000211,0.029047,0.009687,0.007542,0.295995,0.030853,0.009586
0.008198,0.000503,0.059658,0.025207,0.012809,0.725838,0.065560,0.027884
0.007950,0.001671,0.060525,0.078959,0.013351,1.682787,0.080579,0.099060
