vet-ins,vet-fnd,avl-ins,avl-fnd,hst-ins,hst-fnd,htr-ins,htr-fnd
0.001221,0.000037,0.002992,0.001045,0.001604,0.000076,0.002200,0.000605
0.004861,0.000365,0.016881,0.008748,0.005395,0.000539,0.010493,0.005707
0.006179,0.000263,0.026283,0.009450,0.011442,0.000641,0.022217,0.006082
0.012807,0.000666,0.059654,0.026959,0.020492,0.001337,0.057080,0.019768
0.016382,0.001973,0.059102,0.079098,0.019969,0.004070,0.053501,0.053423
