vet-ins,vet-fnd,avl-ins,avl-fnd,hst-ins,hst-fnd,htr-ins,htr-fnd
0.000817,0.000027,0.002368,0.000956,0.001427,0.000054,0.001613,0.000436
0.003688,0.000268,0.015012,0.010224,0.007214,0.000632,0.011783,0.006096
0.007369,0.000268,0.029865,0.010386,0.012638,0.000540,0.025782,0.006879
0.013826,0.000669,0.067024,0.032019,0.025733,0.001603,0.063997,0.019301
0.017890,0.002248,0.063072,0.092532,0.024338,0.004813,0.058987,0.053757
