vet-ins,vet-fnd,avl-ins,avl-fnd,hst-ins,hst-fnd,htr-ins,htr-fnd
0.000990,0.000027,0.002490,0.000862,0.001354,0.000063,0.001941,0.000518
0.004218,0.000315,0.014391,0.009668,0.006468,0.000540,0.010909,0.005937
0.006463,0.000314,0.029035,0.010999,0.012403,0.000632,0.024561,0.006659
0.014957,0.000783,0.065604,0.028458,0.023775,0.001443,0.060786,0.020412
0.018536,0.002375,0.064736,0.084750,0.022208,0.004523,0.055722,0.057172
