vet-ins,vet-fnd,avl-ins,avl-fnd,hst-ins,hst-fnd,htr-ins,htr-fnd
0.000530,0.000019,0.001873,0.000694,0.000801,0.003151,0.002044,0.000667
0.002377,0.000197,0.011411,0.007911,0.003651,0.142235,0.012750,0.008348
0.004204,0.000203,0.026616,0.009176,0.007205,0.225296,0.026583,0.008612
0.008193,0.000504,0.058152,0.024399,0.013095,0.552212,0.061810,0.024719
0.007956,0.001506,0.059140,0.076670,0.013228,1.673888,0.063038,0.075430
