vet-ins,vet-fnd,avl-ins,avl-fnd,hst-ins,hst-fnd,htr-ins,htr-fnd
0.000821,0.000027,0.002169,0.000749,0.001311,0.000063,0.001960,0.000436
0.003802,0.000267,0.013705,0.010014,0.006551,0.000551,0.010772,0.006032
0.006518,0.000269,0.028124,0.010518,0.012816,0.000664,0.026071,0.006794
0.013763,0.000669,0.063469,0.026302,0.021767,0.001350,0.060210,0.019173
0.016575,0.002013,0.060413,0.079367,0.021260,0.004552,0.056037,0.060097
