vet-ins,vet-fnd,avl-ins,avl-fnd,hst-ins,hst-fnd,htr-ins,htr-fnd
0.001908,0.000064,0.005230,0.001825,0.002798,0.000130,0.003892,0.001051
0.006262,0.000308,0.014532,0.010318,0.006280,0.000632,0.011864,0.006409
0.007332,0.000308,0.031192,0.011041,0.012105,0.000647,0.026885,0.007422
0.014592,0.000656,0.060917,0.026294,0.021755,0.001412,0.064349,0.020551
0.016474,0.001969,0.059683,0.079418,0.018572,0.004086,0.050760,0.053838
