vet-ins,vet-fnd,avl-ins,avl-fnd,hst-ins,hst-fnd,htr-ins,htr-fnd
0.000597,0.000020,0.001971,0.000713,0.000867,0.003305,0.002128,0.000697
0.002416,0.000192,0.011584,0.008017,0.003877,0.144432,0.012229,0.007983
0.004145,0.000209,0.025657,0.008640,0.007195,0.226581,0.026618,0.008761
0.008180,0.000494,0.058345,0.024363,0.013958,0.546717,0.059952,0.024212
0.008177,0.001545,0.060623,0.074338,0.012449,2.199440,0.060095,0.074629
