vet-ins,vet-fnd,avl-ins,avl-fnd,hst-ins,hst-fnd,htr-ins,htr-fnd
0.002228,0.000079,0.005744,0.002105,0.003285,0.000135,0.004166,0.001225
0.005368,0.000267,0.012827,0.009178,0.005877,0.000539,0.010825,0.005470
0.007482,0.000314,0.030460,0.010330,0.011779,0.000539,0.024926,0.006112
0.013524,0.000672,0.063128,0.026895,0.021988,0.001350,0.065150,0.022879
0.016915,0.002008,0.061499,0.083954,0.022958,0.004069,0.058130,0.058687
