vet-ins,vet-fnd,avl-ins,avl-fnd,hst-ins,hst-fnd,htr-ins,htr-fnd
0.000697,0.000021,0.002201,0.000665,0.000889,0.003458,0.002371,0.000722
0.002538,0.000203,0.012946,0.009133,0.004017,0.155548,0.013206,0.008852
0.004250,0.000202,0.031929,0.010478,0.007497,0.246459,0.032067,0.010395
0.009831,0.000496,0.074893,0.030467,0.014124,0.553271,0.059206,0.024055
0.007547,0.001450,0.058838,0.074316,0.012913,2.195658,0.062972,0.077451
