vet-ins,vet-fnd,avl-ins,avl-fnd,hst-ins,hst-fnd,htr-ins,htr-fnd
0.000825,0.000027,0.002675,0.000871,0.001539,0.000063,0.001930,0.000511
0.004165,0.000355,0.014345,0.009906,0.006628,0.000567,0.011985,0.006529
0.007469,0.000314,0.029950,0.010828,0.012244,0.000632,0.025681,0.006807
0.014628,0.000785,0.066881,0.029398,0.023593,0.001534,0.057280,0.021331
0.017759,0.002010,0.064115,0.093855,0.023203,0.004378,0.058336,0.059500
