vet-ins,vet-fnd,avl-ins,avl-fnd,hst-ins,hst-fnd,htr-ins,htr-fnd
0.000540,0.000020,0.001875,0.000689,0.000768,0.004227,0.002108,0.000704
0.002378,0.000187,0.011437,0.007896,0.003668,0.187041,0.013341,0.008662
0.004261,0.000209,0.026213,0.008701,0.007157,0.227815,0.027604,0.008485
0.008153,0.000494,0.061286,0.023950,0.013915,0.544650,0.059879,0.024445
0.007896,0.001505,0.059266,0.072894,0.012557,2.156925,0.060905,0.074759
