vet-ins,vet-fnd,avl-ins,avl-fnd,hst-ins,hst-fnd,htr-ins,htr-fnd
0.001932,0.000066,0.005836,0.002066,0.002983,0.000158,0.004153,0.001077
0.004705,0.000307,0.014015,0.009698,0.005671,0.000540,0.010435,0.005696
0.006752,0.000307,0.026152,0.009331,0.010215,0.000540,0.022614,0.006788
0.014462,0.000768,0.061119,0.026217,0.019622,0.001357,0.051549,0.018332
0.016428,0.001970,0.065668,0.083162,0.019320,0.004057,0.051284,0.056402
