vet-ins,vet-fnd,avl-ins,avl-fnd,hst-ins,hst-fnd,htr-ins,htr-fnd
0.000793,0.000026,0.002500,0.000794,0.001270,0.000063,0.001792,0.000431
0.003555,0.000263,0.012728,0.008702,0.005383,0.000539,0.010094,0.005718
0.006643,0.000263,0.026239,0.009616,0.010209,0.000536,0.022092,0.006370
0.012673,0.000662,0.059011,0.026363,0.019700,0.001343,0.052741,0.017868
0.016427,0.001972,0.059786,0.084634,0.019808,0.004121,0.050903,0.052097
