vet-ins,vet-fnd,avl-ins,avl-fnd,hst-ins,hst-fnd,htr-ins,htr-fnd
0.001180,0.000038,0.003082,0.001048,0.001605,0.000075,0.002207,0.000607
0.004624,0.000365,0.017042,0.008779,0.005409,0.000535,0.010479,0.005418
0.006380,0.000264,0.026451,0.009648,0.010279,0.000537,0.021892,0.006016
0.012886,0.000655,0.061497,0.027092,0.020314,0.001339,0.055676,0.018407
0.016582,0.001968,0.060588,0.081734,0.020475,0.004363,0.051924,0.053310
