vet-ins,vet-fnd,avl-ins,avl-fnd,hst-ins,hst-fnd,htr-ins,htr-fnd
0.000566,0.000019,0.002325,0.000752,0.000964,0.003517,0.002140,0.000716
0.002525,0.000215,0.011727,0.008061,0.003664,0.145215,0.012876,0.008053
0.003986,0.000201,0.025941,0.008845,0.007110,0.227073,0.027065,0.008640
0.008228,0.000489,0.058701,0.024814,0.013847,0.559753,0.061225,0.024349
0.008034,0.001534,0.072799,0.077450,0.013275,1.705247,0.059925,0.073016
