vet-ins,vet-fnd,avl-ins,avl-fnd,hst-ins,hst-fnd,htr-ins,htr-fnd
0.001011,0.000027,0.002391,0.000879,0.001265,0.000054,0.001963,0.000528
0.003690,0.000268,0.012467,0.009630,0.006276,0.000708,0.012454,0.006210
0.007433,0.000268,0.029903,0.010945,0.012630,0.000565,0.024351,0.006318
0.015183,0.000855,0.063433,0.025809,0.022139,0.001352,0.054565,0.018791
0.018786,0.002375,0.063064,0.079937,0.020769,0.004043,0.053177,0.053520
