vet-ins,vet-fnd,avl-ins,avl-fnd,hst-ins,hst-fnd,htr-ins,htr-fnd
0.000539,0.000019,0.001863,0.000661,0.000807,0.004214,0.002121,0.000703
0.002197,0.000188,0.011364,0.007849,0.003709,0.189369,0.013412,0.008536
0.003893,0.000197,0.025569,0.008847,0.007036,0.293589,0.029061,0.009578
0.008266,0.000513,0.061192,0.025450,0.013574,0.736216,0.070295,0.028444
0.008895,0.001611,0.067318,0.080710,0.014083,1.714899,0.067310,0.081428
