vet-ins,vet-fnd,avl-ins,avl-fnd,hst-ins,hst-fnd,htr-ins,htr-fnd
0.000528,0.000020,0.001870,0.000671,0.000790,0.004176,0.002131,0.000712
0.002334,0.000188,0.011417,0.007872,0.003730,0.186970,0.013062,0.008363
0.004063,0.000206,0.025399,0.008633,0.006885,0.222419,0.026668,0.008508
0.008199,0.000496,0.058033,0.024268,0.013827,0.547055,0.060457,0.024814
0.007729,0.001506,0.058943,0.073561,0.012867,2.160624,0.060704,0.075677
