vet-ins,vet-fnd,avl-ins,avl-fnd,hst-ins,hst-fnd,htr-ins,htr-fnd
0.000564,0.000020,0.001974,0.000694,0.000851,0.003318,0.002175,0.000731
0.002356,0.000187,0.011363,0.007869,0.003715,0.142712,0.012716,0.008016
0.004100,0.000207,0.025664,0.008602,0.006834,0.291925,0.028086,0.009186
0.008226,0.000491,0.058112,0.024401,0.012986,0.735476,0.060533,0.024927
0.007624,0.001445,0.057998,0.073010,0.013674,1.664185,0.059283,0.071245
