vet-ins,vet-fnd,avl-ins,avl-fnd,hst-ins,hst-fnd,htr-ins,htr-fnd
0.002134,0.000072,0.005836,0.002049,0.003119,0.000147,0.004297,0.001180
0.004448,0.000265,0.013367,0.009479,0.006271,0.000540,0.011590,0.006014
0.006376,0.000262,0.025616,0.009654,0.010772,0.000543,0.023330,0.006767
0.012713,0.000656,0.058134,0.028492,0.019853,0.001348,0.051405,0.017884
0.016647,0.002142,0.066236,0.088202,0.020090,0.004120,0.052391,0.055601
