vet-ins,vet-fnd,avl-ins,avl-fnd,hst-ins,hst-fnd,htr-ins,htr-fnd
0.000527,0.000019,0.001901,0.000663,0.000758,0.004265,0.002150,0.000707
0.002332,0.000195,0.011501,0.007902,0.003643,0.186680,0.012895,0.008532
0.004069,0.000206,0.025662,0.008599,0.007006,0.288605,0.028256,0.009039
0.008083,0.000493,0.058419,0.024823,0.013029,0.725560,0.062122,0.025502
0.007756,0.001486,0.058904,0.073384,0.013640,1.686564,0.063337,0.075907
