vet-ins,vet-fnd,avl-ins,avl-fnd,hst-ins,hst-fnd,htr-ins,htr-fnd
0.000811,0.000026,0.003185,0.001249,0.001887,0.000095,0.002673,0.000755
0.005859,0.000463,0.016273,0.009095,0.005390,0.000540,0.010034,0.005407
0.006380,0.000263,0.026213,0.009817,0.011672,0.000643,0.024357,0.006020
0.012764,0.000656,0.058860,0.027041,0.019604,0.001358,0.054637,0.020297
0.016522,0.001971,0.061468,0.079990,0.019605,0.004050,0.054937,0.056348
