vet-ins,vet-fnd,avl-ins,avl-fnd,hst-ins,hst-fnd,htr-ins,htr-fnd
0.000557,0.000019,0.001865,0.000690,0.000775,0.004254,0.002122,0.000732
0.002396,0.000188,0.011597,0.008061,0.003750,0.192388,0.013664,0.008639
0.004169,0.000207,0.026806,0.009202,0.007465,0.306103,0.031485,0.010103
0.008449,0.000504,0.066578,0.028020,0.013657,0.759412,0.076439,0.030528
0.008358,0.001461,0.066264,0.086020,0.014966,1.722930,0.060979,0.072307
