vet-ins,vet-fnd,avl-ins,avl-fnd,hst-ins,hst-fnd,htr-ins,htr-fnd
0.002243,0.000077,0.006359,0.002201,0.003329,0.000160,0.004906,0.001270
0.004380,0.000308,0.014746,0.010262,0.006238,0.000635,0.011734,0.006330
0.007268,0.000310,0.030673,0.010603,0.011763,0.000647,0.026355,0.007059
0.014140,0.000831,0.064053,0.030401,0.023491,0.001663,0.060167,0.020792
0.017478,0.001970,0.065222,0.085448,0.018599,0.004077,0.053166,0.058827
