vet-ins,vet-fnd,avl-ins,avl-fnd,hst-ins,hst-fnd,htr-ins,htr-fnd
0.001979,0.000065,0.003370,0.000889,0.001815,0.000063,0.001933,0.000511
0.004301,0.000329,0.014649,0.010472,0.006963,0.000641,0.012421,0.006550
0.007587,0.000314,0.030080,0.010212,0.012925,0.000672,0.026552,0.006638
0.014506,0.000849,0.069269,0.029413,0.025062,0.001431,0.062251,0.020604
0.018723,0.002229,0.067081,0.087213,0.022415,0.004169,0.057003,0.058337
