vet-ins,vet-fnd,avl-ins,avl-fnd,hst-ins,hst-fnd,htr-ins,htr-fnd
0.002189,0.000073,0.005895,0.002032,0.003396,0.000147,0.004373,0.001188
0.004545,0.000313,0.014152,0.009725,0.006753,0.000664,0.011499,0.006159
0.006485,0.000268,0.027016,0.012328,0.012787,0.000661,0.024588,0.006373
0.013267,0.000704,0.058990,0.026114,0.022469,0.001364,0.056166,0.018352
0.018346,0.002105,0.061081,0.077589,0.021138,0.004056,0.052192,0.052920
