vet-ins,vet-fnd,avl-ins,avl-fnd,hst-ins,hst-fnd,htr-ins,htr-fnd
0.002115,0.000068,0.005637,0.002018,0.003216,0.000135,0.004236,0.001225
0.005312,0.000313,0.013465,0.008686,0.005881,0.000540,0.010822,0.006033
0.007104,0.000313,0.028791,0.010310,0.011608,0.000541,0.024206,0.006097
0.013661,0.000705,0.061272,0.027689,0.022754,0.001468,0.055669,0.018506
0.017507,0.002007,0.061368,0.080747,0.022368,0.004050,0.054577,0.055201
