vet-ins,vet-fnd,avl-ins,avl-fnd,hst-ins,hst-fnd,htr-ins,htr-fnd
0.000955,0.000031,0.002656,0.000947,0.001532,0.000083,0.001891,0.000437
0.004380,0.000313,0.014654,0.009695,0.007006,0.000539,0.011420,0.005456
0.006930,0.000268,0.027418,0.009765,0.011809,0.000538,0.024192,0.006651
0.014584,0.000784,0.064427,0.027987,0.023308,0.001343,0.061156,0.019724
0.018296,0.002035,0.064612,0.086167,0.023379,0.004599,0.056696,0.057216
