vet-ins,vet-fnd,avl-ins,avl-fnd,hst-ins,hst-fnd,htr-ins,htr-fnd
0.000542,0.000020,0.001942,0.000677,0.000789,0.004419,0.002207,0.000702
0.002311,0.000189,0.011416,0.007849,0.003596,0.188960,0.013409,0.008442
0.004015,0.000202,0.025748,0.008687,0.006644,0.288799,0.028314,0.009196
0.008051,0.000483,0.058123,0.024230,0.013757,0.545103,0.060367,0.024311
0.007599,0.001429,0.058627,0.073281,0.013142,1.664030,0.062046,0.072042
