vet-ins,vet-fnd,avl-ins,avl-fnd,hst-ins,hst-fnd,htr-ins,htr-fnd
0.000579,0.000019,0.001938,0.000669,0.000769,0.004292,0.002175,0.000705
0.002372,0.000187,0.013532,0.009262,0.003873,0.197288,0.014748,0.009572
0.004399,0.000223,0.028652,0.010421,0.006790,0.307593,0.031646,0.011325
0.008290,0.000490,0.066022,0.027226,0.013569,0.772611,0.072086,0.028699
0.007763,0.001457,0.065313,0.086754,0.013533,2.237476,0.069443,0.085648
