vet-ins,vet-fnd,avl-ins,avl-fnd,hst-ins,hst-fnd,htr-ins,htr-fnd
0.000538,0.000020,0.001878,0.000684,0.000828,0.003127,0.002069,0.000816
0.002394,0.000189,0.011477,0.008383,0.004077,0.148123,0.013435,0.008605
0.003856,0.000199,0.028673,0.009603,0.007925,0.227749,0.027318,0.009118
0.008075,0.000498,0.060628,0.025925,0.013946,0.548474,0.064183,0.025057
0.007557,0.001500,0.060753,0.073579,0.013968,1.661918,0.061785,0.075198
