vet-ins,vet-fnd,avl-ins,avl-fnd,hst-ins,hst-fnd,htr-ins,htr-fnd
0.000793,0.000026,0.003086,0.001048,0.001601,0.000074,0.002230,0.000602
0.004858,0.000364,0.016707,0.009094,0.005406,0.000545,0.010114,0.005395
0.006659,0.000266,0.025830,0.009206,0.010219,0.000536,0.022084,0.006016
0.012635,0.000656,0.059887,0.026418,0.019723,0.001344,0.052065,0.019534
0.017223,0.002169,0.060384,0.079015,0.018580,0.004039,0.053006,0.053605
