vet-ins,vet-fnd,avl-ins,avl-fnd,hst-ins,hst-fnd,htr-ins,htr-fnd
0.002085,0.000077,0.005646,0.001979,0.003087,0.000135,0.004197,0.001255
0.005592,0.000287,0.012648,0.008713,0.005428,0.000544,0.010418,0.006364
0.007176,0.000308,0.030316,0.010848,0.011874,0.000635,0.025767,0.007065
0.014773,0.000768,0.071483,0.030421,0.022842,0.001580,0.063531,0.021069
0.017054,0.001972,0.065668,0.088219,0.021980,0.004643,0.060082,0.058663
