vet-ins,vet-fnd,avl-ins,avl-fnd,hst-ins,hst-fnd,htr-ins,htr-fnd
0.000886,0.000031,0.002483,0.000848,0.001411,0.000054,0.001665,0.000518
0.003760,0.000326,0.013351,0.009034,0.005729,0.000545,0.010399,0.005400
0.006406,0.000267,0.026403,0.009888,0.011415,0.000705,0.026395,0.007321
0.014410,0.000768,0.072955,0.031299,0.020167,0.001352,0.051728,0.018000
0.018791,0.002317,0.060953,0.082600,0.020542,0.004531,0.055108,0.063838
