vet-ins,vet-fnd,avl-ins,avl-fnd,hst-ins,hst-fnd,htr-ins,htr-fnd
0.002118,0.000068,0.006608,0.002349,0.003481,0.000147,0.004418,0.001192
0.004296,0.000313,0.013548,0.009540,0.006173,0.000634,0.011562,0.005481
0.007189,0.000268,0.028262,0.009844,0.012330,0.000542,0.025142,0.006915
0.014457,0.000843,0.065248,0.028074,0.024385,0.001470,0.057078,0.019293
0.018153,0.002026,0.065365,0.085889,0.021345,0.004338,0.060904,0.057176
