vet-ins,vet-fnd,avl-ins,avl-fnd,hst-ins,hst-fnd,htr-ins,htr-fnd
0.001948,0.000065,0.005482,0.001821,0.003032,0.000130,0.004055,0.001058
0.005540,0.000314,0.014991,0.010538,0.006951,0.000632,0.012531,0.006504
0.007625,0.000314,0.031988,0.011259,0.013216,0.000630,0.028168,0.007437
0.015267,0.000785,0.074720,0.029347,0.022866,0.001346,0.056183,0.019772
0.019919,0.002393,0.074920,0.096160,0.024416,0.004765,0.069637,0.067217
