vet-ins,vet-fnd,avl-ins,avl-fnd,hst-ins,hst-fnd,htr-ins,htr-fnd
0.002283,0.000079,0.006777,0.002150,0.003602,0.000158,0.004388,0.001103
0.004313,0.000281,0.014377,0.010178,0.006200,0.000554,0.011906,0.006310
0.007585,0.000314,0.030927,0.010791,0.013158,0.000629,0.026863,0.007105
0.015687,0.000785,0.079218,0.033959,0.026823,0.001598,0.071328,0.023937
0.019245,0.002391,0.070356,0.089488,0.024269,0.004736,0.062384,0.060733
