vet-ins,vet-fnd,avl-ins,avl-fnd,hst-ins,hst-fnd,htr-ins,htr-fnd
0.002123,0.000072,0.005948,0.002045,0.003137,0.000146,0.004364,0.001177
0.004520,0.000263,0.012522,0.008712,0.005388,0.000535,0.010101,0.005368
0.006468,0.000266,0.026109,0.009243,0.010488,0.000536,0.021948,0.005915
0.014422,0.000795,0.061336,0.026300,0.019533,0.001340,0.052527,0.017517
0.017485,0.001966,0.061341,0.079887,0.019747,0.004029,0.055124,0.057921
