vet-ins,vet-fnd,avl-ins,avl-fnd,hst-ins,hst-fnd,htr-ins,htr-fnd
0.002212,0.000066,0.005755,0.002051,0.003387,0.000158,0.004168,0.001265
0.004991,0.000262,0.012430,0.008757,0.005377,0.000617,0.010345,0.005416
0.006241,0.000265,0.026125,0.009600,0.010173,0.000541,0.022253,0.006010
0.012832,0.000657,0.066195,0.026600,0.019589,0.001351,0.052930,0.017986
0.016545,0.001970,0.061250,0.084378,0.018657,0.004076,0.054965,0.055204
