vet-ins,vet-fnd,avl-ins,avl-fnd,hst-ins,hst-fnd,htr-ins,htr-fnd
0.000585,0.000020,0.001978,0.000702,0.000864,0.003307,0.002323,0.000712
0.002377,0.000186,0.011398,0.008025,0.003516,0.141530,0.013271,0.008154
0.004153,0.000219,0.025650,0.008652,0.007008,0.219611,0.028735,0.008715
0.008192,0.000505,0.058271,0.024226,0.013630,0.540359,0.063836,0.024539
0.007900,0.001539,0.059158,0.073390,0.012715,1.640113,0.063358,0.072739
