vet-ins,vet-fnd,avl-ins,avl-fnd,hst-ins,hst-fnd,htr-ins,htr-fnd
0.000928,0.000031,0.003058,0.001043,0.001595,0.000075,0.002197,0.000604
0.004786,0.000364,0.017156,0.010410,0.006224,0.000628,0.011726,0.006356
0.007267,0.000358,0.030291,0.010377,0.010739,0.000598,0.023795,0.006948
0.013525,0.000662,0.066302,0.030034,0.022848,0.001639,0.054217,0.018426
0.017942,0.002281,0.060664,0.084847,0.020459,0.004471,0.056011,0.054592
