vet-ins,vet-fnd,avl-ins,avl-fnd,hst-ins,hst-fnd,htr-ins,htr-fnd
0.000523,0.000019,0.001874,0.000666,0.000756,0.004232,0.002114,0.000708
0.002307,0.000188,0.011315,0.007844,0.003598,0.187615,0.013154,0.008509
0.004100,0.000200,0.025875,0.008694,0.006845,0.222126,0.026596,0.008500
0.008082,0.000495,0.058862,0.024526,0.013689,0.544260,0.060528,0.024550
0.007772,0.001463,0.060262,0.073421,0.013105,1.649074,0.059439,0.071633
