vet-ins,vet-fnd,avl-ins,avl-fnd,hst-ins,hst-fnd,htr-ins,htr-fnd
0.000528,0.000019,0.001876,0.000670,0.000795,0.004324,0.002140,0.000704
0.002399,0.000188,0.011582,0.007996,0.003869,0.188679,0.013824,0.008736
0.003987,0.000202,0.026655,0.009033,0.007189,0.294409,0.030485,0.009605
0.008236,0.000494,0.061258,0.025931,0.013470,0.736347,0.063595,0.025396
0.007642,0.001444,0.060229,0.077458,0.013844,1.672792,0.059757,0.072107
