vet-ins,vet-fnd,avl-ins,avl-fnd,hst-ins,hst-fnd,htr-ins,htr-fnd
0.002347,0.000079,0.006429,0.002177,0.003626,0.000158,0.004695,0.001261
0.004639,0.000315,0.014991,0.010380,0.006957,0.000633,0.012377,0.006471
0.007619,0.000268,0.030552,0.010601,0.012751,0.000631,0.026206,0.006736
0.015149,0.000796,0.069654,0.028281,0.024333,0.001350,0.057828,0.020964
0.019325,0.002419,0.069316,0.086334,0.024131,0.004806,0.063242,0.060658
