vet-ins,vet-fnd,avl-ins,avl-fnd,hst-ins,hst-fnd,htr-ins,htr-fnd
0.000802,0.000026,0.002972,0.001048,0.001609,0.000075,0.002237,0.000539
0.003919,0.000327,0.013688,0.009391,0.005671,0.000540,0.010323,0.005395
0.006438,0.000263,0.025720,0.012130,0.011261,0.000543,0.022529,0.006011
0.013164,0.000655,0.063335,0.027280,0.020818,0.001600,0.052141,0.018228
0.017264,0.001966,0.060321,0.081093,0.018811,0.004360,0.051027,0.053890
