vet-ins,vet-fnd,avl-ins,avl-fnd,hst-ins,hst-fnd,htr-ins,htr-fnd
0.001093,0.000036,0.003045,0.001050,0.001651,0.000074,0.002222,0.000604
0.004836,0.000366,0.016792,0.009177,0.005749,0.000660,0.010112,0.005411
0.006875,0.000308,0.030291,0.010409,0.010706,0.000535,0.023293,0.006192
0.014275,0.000696,0.063236,0.028727,0.021550,0.001576,0.053782,0.017986
0.016394,0.001970,0.060765,0.083309,0.019123,0.004027,0.052900,0.059228
