vet-ins,vet-fnd,avl-ins,avl-fnd,hst-ins,hst-fnd,htr-ins,htr-fnd
0.000590,0.000020,0.001885,0.000666,0.000822,0.003178,0.002083,0.000670
0.002306,0.000188,0.011410,0.007867,0.003646,0.141543,0.012386,0.007950
0.003935,0.000204,0.026186,0.008687,0.006711,0.222428,0.026781,0.008515
0.008109,0.000501,0.057850,0.024643,0.013611,0.551759,0.060691,0.024533
0.007932,0.001529,0.059551,0.073398,0.012621,2.216753,0.061009,0.075892
