vet-ins,vet-fnd,avl-ins,avl-fnd,hst-ins,hst-fnd,htr-ins,htr-fnd
0.002104,0.000072,0.005946,0.002055,0.003115,0.000148,0.004309,0.001179
0.004499,0.000324,0.013965,0.009150,0.006110,0.000651,0.011878,0.006423
0.007532,0.000380,0.030429,0.010855,0.011870,0.000633,0.025790,0.007029
0.014666,0.000768,0.068548,0.030329,0.022879,0.001582,0.061672,0.019932
0.017103,0.001966,0.064424,0.083595,0.021788,0.004803,0.059800,0.062713
