vet-ins,vet-fnd,avl-ins,avl-fnd,hst-ins,hst-fnd,htr-ins,htr-fnd
0.000595,0.000021,0.001916,0.000671,0.000813,0.003230,0.002127,0.000693
0.002451,0.000189,0.011960,0.008224,0.003796,0.145107,0.013031,0.008194
0.004644,0.000319,0.030143,0.009728,0.007763,0.233328,0.027685,0.009286
0.008690,0.000492,0.064911,0.027842,0.014777,0.558895,0.062439,0.024876
0.007497,0.001464,0.064662,0.077502,0.013737,1.666217,0.060969,0.074653
