vet-ins,vet-fnd,avl-ins,avl-fnd,hst-ins,hst-fnd,htr-ins,htr-fnd
0.000937,0.000031,0.002525,0.000890,0.001361,0.000063,0.001863,0.000509
0.004225,0.000307,0.014693,0.010219,0.006219,0.000627,0.011318,0.006137
0.007024,0.000269,0.027002,0.009780,0.011036,0.000535,0.026118,0.007370
0.014755,0.000768,0.069918,0.032026,0.022936,0.001567,0.061159,0.021629
0.016768,0.001970,0.061233,0.082414,0.018556,0.004326,0.050700,0.052953
