vet-ins,vet-fnd,avl-ins,avl-fnd,hst-ins,hst-fnd,htr-ins,htr-fnd
0.000858,0.000027,0.002378,0.000822,0.001160,0.000057,0.001885,0.000510
0.003860,0.000263,0.012653,0.009078,0.005385,0.000540,0.010019,0.005394
0.006215,0.000262,0.025657,0.009261,0.010550,0.000540,0.022664,0.006013
0.012811,0.000656,0.057790,0.025788,0.020942,0.001587,0.058087,0.019956
0.016482,0.001970,0.059260,0.079713,0.020366,0.004815,0.052195,0.053621
