vet-ins,vet-fnd,avl-ins,avl-fnd,hst-ins,hst-fnd,htr-ins,htr-fnd
0.000791,0.000027,0.002185,0.000753,0.001200,0.000062,0.001888,0.000435
0.003542,0.000263,0.012372,0.008717,0.005390,0.000536,0.010502,0.005409
0.006863,0.000266,0.027006,0.009668,0.011895,0.000627,0.024042,0.006041
0.013017,0.000663,0.059691,0.026600,0.020172,0.001590,0.055464,0.019647
0.017785,0.002335,0.060804,0.084082,0.020965,0.004650,0.053617,0.053257
