vet-ins,vet-fnd,avl-ins,avl-fnd,hst-ins,hst-fnd,htr-ins,htr-fnd
0.001993,0.000072,0.005353,0.001833,0.002774,0.000130,0.003828,0.001056
0.006795,0.000365,0.012993,0.008756,0.005412,0.000535,0.010060,0.005413
0.006582,0.000270,0.026395,0.009847,0.010452,0.000545,0.022490,0.006440
0.012710,0.000657,0.063283,0.027038,0.021535,0.001337,0.055335,0.019752
0.016243,0.002414,0.064282,0.080233,0.018608,0.004059,0.051474,0.056168
