vet-ins,vet-fnd,avl-ins,avl-fnd,hst-ins,hst-fnd,htr-ins,htr-fnd
0.001406,0.000047,0.003723,0.001292,0.002165,0.000079,0.002664,0.000755
0.005917,0.000424,0.017331,0.009928,0.006803,0.000540,0.011824,0.006109
0.007641,0.000313,0.030535,0.010784,0.013073,0.000633,0.026646,0.007126
0.015234,0.000783,0.069013,0.029752,0.024667,0.001396,0.057550,0.020281
0.019534,0.002309,0.067000,0.083633,0.023791,0.004551,0.058438,0.059464
