vet-ins,vet-fnd,avl-ins,avl-fnd,hst-ins,hst-fnd,htr-ins,htr-fnd
0.000568,0.000020,0.001976,0.000706,0.000837,0.003400,0.002140,0.000701
0.002333,0.000195,0.011573,0.008056,0.003557,0.140962,0.012416,0.007905
0.004046,0.000205,0.025709,0.008724,0.007119,0.219450,0.026885,0.009961
0.008517,0.000521,0.073992,0.030720,0.013911,0.573762,0.064632,0.025490
0.007652,0.001480,0.067984,0.080279,0.014469,2.243198,0.067881,0.080688
