vet-ins,vet-fnd,avl-ins,avl-fnd,hst-ins,hst-fnd,htr-ins,htr-fnd
0.000549,0.000020,0.001975,0.000697,0.000833,0.003270,0.002151,0.001290
0.002188,0.000187,0.011419,0.007781,0.003678,0.141931,0.012453,0.007888
0.003853,0.000204,0.025637,0.008640,0.007056,0.220724,0.026869,0.008574
0.008060,0.000490,0.058273,0.024184,0.012984,0.721471,0.061207,0.025965
0.007700,0.001497,0.059308,0.073267,0.012824,2.187801,0.060855,0.076576
