vet-ins,vet-fnd,avl-ins,avl-fnd,hst-ins,hst-fnd,htr-ins,htr-fnd
0.000548,0.000020,0.001918,0.000669,0.000778,0.004258,0.002145,0.000710
0.002399,0.000195,0.011706,0.008049,0.003728,0.189538,0.013805,0.008648
0.004108,0.000203,0.026971,0.009181,0.006952,0.296070,0.029243,0.009422
0.008154,0.000483,0.059328,0.024454,0.013195,0.732149,0.064534,0.026623
0.007796,0.001470,0.062487,0.076278,0.013288,1.690689,0.058844,0.071303
