vet-ins,vet-fnd,avl-ins,avl-fnd,hst-ins,hst-fnd,htr-ins,htr-fnd
0.000531,0.000020,0.001948,0.000681,0.000815,0.003221,0.002105,0.000687
0.002308,0.000194,0.012447,0.008518,0.003707,0.149231,0.013194,0.008404
0.003836,0.000268,0.027466,0.009362,0.007158,0.225854,0.027140,0.008956
0.008262,0.000503,0.058399,0.024339,0.013157,0.542567,0.061150,0.024946
0.007712,0.001470,0.058301,0.073256,0.012617,2.212377,0.064376,0.077438
