vet-ins,vet-fnd,avl-ins,avl-fnd,hst-ins,hst-fnd,htr-ins,htr-fnd
0.000953,0.000032,0.002519,0.000885,0.001434,0.000053,0.001882,0.000543
0.004135,0.000340,0.014148,0.009938,0.006893,0.000710,0.012015,0.006198
0.006974,0.000334,0.027960,0.010218,0.012422,0.000539,0.024750,0.007216
0.013812,0.000771,0.064299,0.027195,0.022593,0.001346,0.055521,0.018626
0.017518,0.002004,0.064056,0.081196,0.022048,0.004052,0.060314,0.058247
