vet-ins,vet-fnd,avl-ins,avl-fnd,hst-ins,hst-fnd,htr-ins,htr-fnd
0.001912,0.000065,0.005755,0.002129,0.002842,0.000155,0.006679,0.002056
0.003697,0.000260,0.013042,0.008602,0.005555,0.000531,0.014671,0.009597
0.006838,0.000260,0.027024,0.009341,0.009136,0.000542,0.034719,0.010082
0.012622,0.000656,0.060542,0.026479,0.019643,0.001615,0.068539,0.027837
0.012002,0.001952,0.067139,0.079557,0.019842,0.004375,0.064565,0.078535
