vet-ins,vet-fnd,avl-ins,avl-fnd,hst-ins,hst-fnd,htr-ins,htr-fnd
0.002069,0.000073,0.005372,0.001806,0.003039,0.000130,0.004018,0.001124
0.006583,0.000350,0.014747,0.010183,0.006532,0.000633,0.012299,0.006155
0.006778,0.000274,0.028657,0.010090,0.012440,0.000537,0.025900,0.006287
0.014535,0.000811,0.064387,0.027818,0.024079,0.001603,0.062693,0.021163
0.019389,0.002395,0.070563,0.089877,0.023370,0.004671,0.056649,0.061560
