vet-ins,vet-fnd,avl-ins,avl-fnd,hst-ins,hst-fnd,htr-ins,htr-fnd
0.000556,0.000019,0.001864,0.000669,0.000801,0.004481,0.002725,0.000743
0.002525,0.000204,0.011963,0.008977,0.003667,0.197211,0.014348,0.009326
0.004349,0.000215,0.027762,0.009964,0.007361,0.310402,0.030678,0.009727
0.008575,0.000493,0.069065,0.028708,0.014073,0.551283,0.059685,0.024826
0.007553,0.001461,0.060110,0.073191,0.012910,1.686060,0.067058,0.086791
