vet-ins,vet-fnd,avl-ins,avl-fnd,hst-ins,hst-fnd,htr-ins,htr-fnd
0.002187,0.000074,0.005992,0.002039,0.003394,0.000147,0.004442,0.001189
0.004186,0.000267,0.012910,0.008628,0.006277,0.000542,0.010509,0.005430
0.006953,0.000314,0.033080,0.010344,0.011254,0.000648,0.026396,0.006392
0.013611,0.000668,0.066412,0.028735,0.024324,0.001454,0.057946,0.018213
0.019312,0.002240,0.064648,0.081206,0.021456,0.004049,0.054576,0.054911
