vet-ins,vet-fnd,avl-ins,avl-fnd,hst-ins,hst-fnd,htr-ins,htr-fnd
0.000826,0.000027,0.002189,0.000749,0.001503,0.000063,0.002022,0.000533
0.009790,0.000747,0.019445,0.010300,0.006777,0.000619,0.012221,0.006745
0.007599,0.000295,0.030701,0.011435,0.012240,0.000631,0.027391,0.007091
0.014501,0.000844,0.063375,0.026829,0.023046,0.001399,0.060607,0.019718
0.018087,0.002016,0.064984,0.091578,0.024875,0.004739,0.067583,0.068099
