vet-ins,vet-fnd,avl-ins,avl-fnd,hst-ins,hst-fnd,htr-ins,htr-fnd
0.000788,0.000026,0.002330,0.000783,0.001302,0.000063,0.001900,0.000496
0.003953,0.000302,0.013233,0.009366,0.005334,0.000544,0.009971,0.005793
0.006196,0.000262,0.025868,0.009213,0.010455,0.000541,0.023395,0.006015
0.012800,0.000656,0.058566,0.026181,0.021238,0.001357,0.052847,0.018054
0.017664,0.002079,0.064791,0.086504,0.020552,0.004469,0.054264,0.054450
