vet-ins,vet-fnd,avl-ins,avl-fnd,hst-ins,hst-fnd,htr-ins,htr-fnd
0.002509,0.000080,0.006204,0.002156,0.003601,0.000158,0.004773,0.001274
0.004387,0.000313,0.014667,0.010561,0.007014,0.000632,0.012399,0.006520
0.007640,0.000326,0.028885,0.009537,0.012210,0.000541,0.023887,0.006738
0.014682,0.000840,0.069337,0.030379,0.024913,0.001421,0.062574,0.021928
0.017371,0.002009,0.064885,0.086806,0.023346,0.004654,0.062578,0.066834
