vet-ins,vet-fnd,avl-ins,avl-fnd,hst-ins,hst-fnd,htr-ins,htr-fnd
0.000549,0.000020,0.001973,0.000696,0.000831,0.003333,0.002136,0.000702
0.002162,0.000190,0.011471,0.007863,0.003668,0.141676,0.012340,0.007900
0.003924,0.000207,0.026989,0.008689,0.007228,0.222255,0.029121,0.008924
0.008081,0.000492,0.058871,0.024370,0.013301,0.542183,0.059911,0.024433
0.008109,0.001544,0.059740,0.073009,0.012900,1.660505,0.059678,0.071587
