vet-ins,vet-fnd,avl-ins,avl-fnd,hst-ins,hst-fnd,htr-ins,htr-fnd
0.002263,0.000078,0.005673,0.002157,0.003090,0.000136,0.004122,0.001092
0.005351,0.000262,0.012419,0.009655,0.005379,0.000544,0.010079,0.005405
0.006666,0.000263,0.028672,0.011216,0.010874,0.000618,0.023244,0.006541
0.013160,0.000760,0.059751,0.026604,0.019625,0.001352,0.054479,0.021626
0.016184,0.001965,0.059287,0.080714,0.018879,0.004129,0.050494,0.052486
