vet-ins,vet-fnd,avl-ins,avl-fnd,hst-ins,hst-fnd,htr-ins,htr-fnd
0.000820,0.000031,0.002589,0.000886,0.001385,0.000067,0.001839,0.000516
0.004182,0.000316,0.013816,0.009824,0.005943,0.000544,0.010030,0.005416
0.006277,0.000264,0.026166,0.009786,0.010739,0.000581,0.023202,0.006360
0.014582,0.000772,0.068089,0.027029,0.021104,0.001363,0.051911,0.018000
0.016873,0.001968,0.059564,0.080399,0.018601,0.004124,0.050679,0.056917
