vet-ins,vet-fnd,avl-ins,avl-fnd,hst-ins,hst-fnd,htr-ins,htr-fnd
0.000551,0.000020,0.001965,0.000836,0.000837,0.004242,0.002131,0.000786
0.002459,0.000190,0.012194,0.008240,0.003771,0.191883,0.013570,0.008605
0.004296,0.000199,0.027211,0.008967,0.007083,0.293889,0.028286,0.009163
0.008581,0.000488,0.059849,0.025768,0.013422,0.738409,0.064291,0.025693
0.007581,0.001438,0.061043,0.074974,0.013050,2.200503,0.065708,0.078808
