vet-ins,vet-fnd,avl-ins,avl-fnd,hst-ins,hst-fnd,htr-ins,htr-fnd
0.001198,0.000040,0.003158,0.001097,0.001835,0.000079,0.002381,0.000638
0.005319,0.000391,0.017180,0.010206,0.006886,0.000633,0.012174,0.006430
0.007640,0.000314,0.030733,0.010947,0.013170,0.000631,0.027665,0.007393
0.015110,0.000797,0.066868,0.034288,0.025136,0.001609,0.060458,0.019743
0.019664,0.002348,0.073158,0.095034,0.024344,0.004748,0.070195,0.073907
