vet-ins,vet-fnd,avl-ins,avl-fnd,hst-ins,hst-fnd,htr-ins,htr-fnd
0.002324,0.000079,0.006366,0.002182,0.003632,0.000158,0.004704,0.001270
0.004529,0.000314,0.014602,0.010104,0.006912,0.000633,0.012309,0.006390
0.007580,0.000314,0.030694,0.010766,0.013144,0.000630,0.026743,0.007107
0.015157,0.000784,0.069606,0.030206,0.025494,0.001574,0.062760,0.021121
0.019128,0.002360,0.069689,0.092132,0.023603,0.004496,0.057207,0.056330
