vet-ins,vet-fnd,avl-ins,avl-fnd,hst-ins,hst-fnd,htr-ins,htr-fnd
0.002274,0.000073,0.005573,0.001806,0.003012,0.000131,0.003892,0.001057
0.004943,0.000364,0.014154,0.009973,0.006786,0.000642,0.012034,0.006304
0.007566,0.000329,0.030080,0.010531,0.012773,0.000693,0.024924,0.006430
0.014798,0.000773,0.063719,0.027408,0.023450,0.001351,0.059047,0.018717
0.017812,0.002009,0.061851,0.083372,0.022551,0.004695,0.060265,0.059512
