vet-ins,vet-fnd,avl-ins,avl-fnd,hst-ins,hst-fnd,htr-ins,htr-fnd
0.000542,0.000020,0.002139,0.000661,0.000816,0.003201,0.002396,0.000696
0.002511,0.000203,0.013294,0.008222,0.003834,0.142851,0.013429,0.008024
0.003858,0.000199,0.027110,0.008614,0.007274,0.225307,0.029469,0.009096
0.008138,0.000544,0.061358,0.024341,0.012969,0.730131,0.065183,0.025180
0.007525,0.001440,0.062267,0.072883,0.013048,2.195491,0.065023,0.076080
