vet-ins,vet-fnd,avl-ins,avl-fnd,hst-ins,hst-fnd,htr-ins,htr-fnd
0.002142,0.000067,0.006006,0.001870,0.003248,0.000152,0.004421,0.001087
0.004810,0.000313,0.013527,0.010059,0.006743,0.000649,0.011820,0.006052
0.007115,0.000325,0.027576,0.010260,0.011901,0.000544,0.025105,0.006317
0.014307,0.000668,0.065713,0.027612,0.022722,0.001347,0.058299,0.018865
0.018434,0.002152,0.064824,0.084191,0.021933,0.004448,0.057486,0.057553
