vet-ins,vet-fnd,avl-ins,avl-fnd,hst-ins,hst-fnd,htr-ins,htr-fnd
0.000590,0.000022,0.002035,0.000682,0.000787,0.004541,0.002247,0.000722
0.002818,0.000196,0.012445,0.008556,0.003646,0.194950,0.013579,0.009729
0.004143,0.000201,0.029227,0.009715,0.007436,0.298009,0.029377,0.009335
0.008408,0.000494,0.059902,0.024551,0.012913,0.740877,0.072882,0.034609
0.007806,0.001458,0.063201,0.077139,0.013758,1.717717,0.066384,0.074698
