vet-ins,vet-fnd,avl-ins,avl-fnd,hst-ins,hst-fnd,htr-ins,htr-fnd
0.001923,0.000077,0.005885,0.001892,0.003049,0.000157,0.004312,0.001083
0.004553,0.000327,0.014387,0.009890,0.005959,0.000535,0.010719,0.005427
0.006765,0.000263,0.026359,0.009344,0.010477,0.000535,0.022037,0.006706
0.012946,0.000683,0.064696,0.028406,0.019928,0.001338,0.053936,0.018333
0.016421,0.001973,0.060300,0.080950,0.019691,0.004414,0.054067,0.057318
