vet-ins,vet-fnd,avl-ins,avl-fnd,hst-ins,hst-fnd,htr-ins,htr-fnd
0.002350,0.000078,0.006389,0.002097,0.003451,0.000158,0.004836,0.001272
0.004409,0.000313,0.015406,0.011070,0.006959,0.000629,0.013232,0.006551
0.007211,0.000269,0.030137,0.010096,0.011751,0.000538,0.024339,0.006128
0.015154,0.000803,0.072110,0.031219,0.025884,0.001590,0.066631,0.021843
0.019884,0.002354,0.074011,0.096149,0.024096,0.004936,0.063119,0.063297
