vet-ins,vet-fnd,avl-ins,avl-fnd,hst-ins,hst-fnd,htr-ins,htr-fnd
0.000920,0.000031,0.002538,0.000885,0.001354,0.000064,0.001860,0.000506
0.003962,0.000314,0.014349,0.010350,0.006287,0.000639,0.011748,0.006435
0.007595,0.000308,0.030211,0.010965,0.011957,0.000632,0.026288,0.007233
0.014373,0.000782,0.064978,0.030049,0.023810,0.001591,0.059775,0.020572
0.018118,0.002352,0.063032,0.085329,0.019002,0.004087,0.051112,0.054204
