vet-ins,vet-fnd,avl-ins,avl-fnd,hst-ins,hst-fnd,htr-ins,htr-fnd
0.000549,0.000021,0.001909,0.000663,0.000823,0.003277,0.002069,0.000669
0.002408,0.000195,0.011612,0.008010,0.003701,0.140217,0.012644,0.007976
0.004174,0.000203,0.025860,0.008719,0.006674,0.226477,0.026606,0.008455
0.008405,0.000545,0.064103,0.026967,0.013292,0.755434,0.095324,0.030454
0.008277,0.001444,0.066491,0.078274,0.012829,2.214578,0.071733,0.082034
