vet-ins,vet-fnd,avl-ins,avl-fnd,hst-ins,hst-fnd,htr-ins,htr-fnd
0.001139,0.000039,0.003046,0.001038,0.001744,0.000075,0.002261,0.000604
0.005111,0.000377,0.017952,0.009644,0.006674,0.000646,0.011755,0.005766
0.006884,0.000269,0.028114,0.009623,0.011586,0.000538,0.024396,0.006403
0.013722,0.000785,0.067297,0.027587,0.022837,0.001565,0.055312,0.018168
0.017013,0.002352,0.065061,0.095053,0.024441,0.004735,0.068380,0.067183
