vet-ins,vet-fnd,avl-ins,avl-fnd,hst-ins,hst-fnd,htr-ins,htr-fnd
0.000792,0.000027,0.002156,0.000755,0.001216,0.000063,0.001898,0.000443
0.003539,0.000263,0.012626,0.009136,0.005369,0.000538,0.009999,0.005508
0.006439,0.000263,0.028293,0.009674,0.010551,0.000539,0.024087,0.006880
0.012808,0.000655,0.058084,0.026229,0.019948,0.001337,0.051511,0.019402
0.016140,0.001972,0.058772,0.080115,0.019767,0.004586,0.053589,0.052500
