vet-ins,vet-fnd,avl-ins,avl-fnd,hst-ins,hst-fnd,htr-ins,htr-fnd
0.001924,0.000067,0.005642,0.001883,0.002851,0.000134,0.004016,0.001077
0.006375,0.000262,0.012352,0.008702,0.005379,0.000535,0.010340,0.005384
0.006330,0.000263,0.027829,0.010086,0.010231,0.000535,0.024402,0.006307
0.012680,0.000655,0.062458,0.027811,0.020008,0.001348,0.053458,0.018637
0.016460,0.001967,0.063941,0.079939,0.018649,0.004019,0.051112,0.053217
