vet-ins,vet-fnd,avl-ins,avl-fnd,hst-ins,hst-fnd,htr-ins,htr-fnd
0.002094,0.000072,0.005836,0.002062,0.003111,0.000146,0.004274,0.001179
0.004264,0.000266,0.013368,0.009019,0.005353,0.000536,0.010731,0.006011
0.006303,0.000263,0.025711,0.009362,0.010158,0.000539,0.022203,0.006008
0.014684,0.000768,0.065123,0.028536,0.019637,0.001365,0.051517,0.018418
0.016386,0.001971,0.059451,0.079083,0.018947,0.004032,0.053998,0.058772
