vet-ins,vet-fnd,avl-ins,avl-fnd,hst-ins,hst-fnd,htr-ins,htr-fnd
0.000753,0.000021,0.002612,0.000701,0.000818,0.004432,0.002176,0.000721
0.002378,0.000200,0.012421,0.008922,0.003734,0.146554,0.012780,0.008167
0.004123,0.000212,0.028597,0.010462,0.008238,0.234146,0.026480,0.008761
0.008173,0.000549,0.058266,0.024416,0.013460,0.547225,0.059561,0.024122
0.008073,0.001507,0.061204,0.077976,0.013176,1.692532,0.075882,0.088787
