vet-ins,vet-fnd,avl-ins,avl-fnd,hst-ins,hst-fnd,htr-ins,htr-fnd
0.002347,0.000079,0.006308,0.002189,0.003644,0.000147,0.004618,0.001273
0.004287,0.000329,0.014647,0.010312,0.006842,0.000631,0.011109,0.005497
0.007737,0.000320,0.030763,0.011226,0.012244,0.000537,0.025068,0.006721
0.013966,0.000674,0.063089,0.027379,0.023098,0.001566,0.059750,0.019485
0.018350,0.002341,0.064216,0.086459,0.022965,0.004415,0.055445,0.058524
