vet-ins,vet-fnd,avl-ins,avl-fnd,hst-ins,hst-fnd,htr-ins,htr-fnd
0.000527,0.000019,0.001914,0.000664,0.000796,0.003297,0.002026,0.000693
0.002341,0.000188,0.011519,0.007920,0.003654,0.142458,0.013041,0.008277
0.004157,0.000223,0.030461,0.009684,0.008135,0.233298,0.027541,0.009683
0.009200,0.000491,0.068297,0.027657,0.014242,0.562656,0.060044,0.024358
0.007949,0.001521,0.067079,0.084428,0.012720,2.202946,0.069240,0.079754
