vet-ins,vet-fnd,avl-ins,avl-fnd,hst-ins,hst-fnd,htr-ins,htr-fnd
0.000523,0.000019,0.001873,0.000667,0.000760,0.004201,0.002102,0.000707
0.002161,0.000193,0.011505,0.007918,0.003591,0.187326,0.012971,0.008381
0.004545,0.000204,0.026345,0.009136,0.007481,0.294613,0.030198,0.009652
0.008064,0.000486,0.061188,0.025409,0.013416,0.733794,0.062816,0.025278
0.007765,0.001501,0.060565,0.075657,0.012748,2.243900,0.062356,0.081505
