vet-ins,vet-fnd,avl-ins,avl-fnd,hst-ins,hst-fnd,htr-ins,htr-fnd
0.001045,0.000045,0.003350,0.001047,0.001800,0.000075,0.002300,0.000614
0.005125,0.000381,0.017511,0.010587,0.007080,0.000642,0.012563,0.006589
0.007745,0.000320,0.032272,0.011379,0.013419,0.000639,0.027856,0.007028
0.013888,0.000748,0.063657,0.028018,0.022587,0.001362,0.055532,0.019713
0.019359,0.002169,0.069406,0.091020,0.023800,0.004444,0.063338,0.058355
