vet-ins,vet-fnd,avl-ins,avl-fnd,hst-ins,hst-fnd,htr-ins,htr-fnd
0.000791,0.000026,0.002647,0.000756,0.001323,0.000067,0.001713,0.000513
0.003551,0.000268,0.013128,0.008752,0.005648,0.000542,0.010505,0.005393
0.007260,0.000307,0.032650,0.010893,0.011857,0.000638,0.025615,0.006992
0.014740,0.000767,0.075614,0.030762,0.023137,0.001593,0.059763,0.021287
0.016429,0.001973,0.063120,0.079515,0.018958,0.004100,0.054379,0.058393
