vet-ins,vet-fnd,avl-ins,avl-fnd,hst-ins,hst-fnd,htr-ins,htr-fnd
0.000982,0.000033,0.002453,0.000946,0.001484,0.000063,0.001900,0.000436
0.003527,0.000268,0.013203,0.009380,0.006483,0.000538,0.011486,0.006359
0.007128,0.000329,0.028391,0.009994,0.011565,0.000538,0.024992,0.006402
0.013823,0.000670,0.063672,0.027105,0.024129,0.001537,0.057971,0.019721
0.017192,0.002122,0.064311,0.084928,0.022776,0.004330,0.057877,0.057290
