vet-ins,vet-fnd,avl-ins,avl-fnd,hst-ins,hst-fnd,htr-ins,htr-fnd
0.000519,0.000019,0.001865,0.000664,0.000789,0.004167,0.002119,0.000701
0.002363,0.000188,0.011405,0.007905,0.003547,0.187634,0.013159,0.008327
0.004001,0.000204,0.025515,0.009002,0.006831,0.291868,0.028218,0.009092
0.008162,0.000506,0.058556,0.024324,0.013275,0.733614,0.061517,0.025287
0.007540,0.001474,0.058149,0.073681,0.012918,2.240697,0.070193,0.087858
