vet-ins,vet-fnd,avl-ins,avl-fnd,hst-ins,hst-fnd,htr-ins,htr-fnd
0.000550,0.000018,0.001861,0.000660,0.000745,0.004272,0.002132,0.000704
0.002329,0.000217,0.011415,0.007948,0.003645,0.187202,0.013086,0.008417
0.004071,0.000203,0.026092,0.008637,0.007171,0.290990,0.028298,0.009108
0.008256,0.000491,0.063001,0.024279,0.013323,0.729074,0.061433,0.025165
0.007764,0.001455,0.059213,0.073552,0.013104,2.175385,0.062173,0.076358
