vet-ins,vet-fnd,avl-ins,avl-fnd,hst-ins,hst-fnd,htr-ins,htr-fnd
0.001160,0.000045,0.003080,0.001033,0.001763,0.000075,0.002276,0.000663
0.005037,0.000371,0.017414,0.010106,0.006879,0.000636,0.012245,0.006363
0.007315,0.000314,0.029192,0.010306,0.013018,0.000675,0.027017,0.007243
0.015004,0.000784,0.066532,0.030730,0.025713,0.001661,0.065186,0.023590
0.020189,0.002432,0.067997,0.086842,0.024118,0.004561,0.058754,0.055689
