vet-ins,vet-fnd,avl-ins,avl-fnd,hst-ins,hst-fnd,htr-ins,htr-fnd
0.000934,0.000031,0.002614,0.000878,0.001297,0.000057,0.001853,0.000541
0.004183,0.000312,0.013985,0.010155,0.006355,0.000642,0.011524,0.006091
0.006796,0.000308,0.028116,0.010368,0.011019,0.000539,0.024845,0.006719
0.012724,0.000655,0.059973,0.026259,0.020073,0.001512,0.056323,0.018047
0.016452,0.001974,0.062763,0.079227,0.018608,0.004030,0.051152,0.053861
