vet-ins,vet-fnd,avl-ins,avl-fnd,hst-ins,hst-fnd,htr-ins,htr-fnd
0.000955,0.000034,0.002614,0.000883,0.001461,0.000054,0.001817,0.000566
0.004007,0.000267,0.013965,0.009339,0.005976,0.000539,0.011212,0.006166
0.007297,0.000334,0.026315,0.010059,0.011740,0.000539,0.025391,0.006729
0.014753,0.000668,0.064717,0.027470,0.023168,0.001515,0.058366,0.019649
0.017641,0.002007,0.064756,0.086112,0.022653,0.004054,0.058830,0.059243
