vet-ins,vet-fnd,avl-ins,avl-fnd,hst-ins,hst-fnd,htr-ins,htr-fnd
0.000553,0.000020,0.001890,0.000671,0.000819,0.004400,0.002142,0.000708
0.002436,0.000194,0.011588,0.008044,0.003792,0.192321,0.013349,0.008570
0.004376,0.000215,0.025743,0.008560,0.007226,0.290822,0.028339,0.009038
0.008217,0.000488,0.063388,0.024584,0.014181,0.546901,0.060198,0.024242
0.007935,0.001522,0.060204,0.073731,0.012985,1.664737,0.059907,0.071320
