vet-ins,vet-fnd,avl-ins,avl-fnd,hst-ins,hst-fnd,htr-ins,htr-fnd
0.000534,0.000026,0.002004,0.000659,0.000794,0.003150,0.002103,0.000667
0.002325,0.000193,0.011672,0.008060,0.003717,0.145886,0.012989,0.008244
0.004054,0.000204,0.025739,0.008603,0.007023,0.223650,0.027215,0.009149
0.008496,0.000497,0.061380,0.025445,0.013391,0.551154,0.062586,0.025322
0.007841,0.001473,0.059955,0.074677,0.012326,2.211372,0.062553,0.075131
