vet-ins,vet-fnd,avl-ins,avl-fnd,hst-ins,hst-fnd,htr-ins,htr-fnd
0.000794,0.000027,0.002197,0.000755,0.001160,0.000053,0.001701,0.000536
0.003813,0.000262,0.012703,0.008744,0.005427,0.000536,0.010155,0.005417
0.006285,0.000267,0.025940,0.009849,0.011456,0.000644,0.025084,0.006345
0.013026,0.000735,0.059069,0.026499,0.020832,0.001580,0.055659,0.019213
0.016136,0.001972,0.058971,0.082410,0.020494,0.004729,0.056741,0.053332
