vet-ins,vet-fnd,avl-ins,avl-fnd,hst-ins,hst-fnd,htr-ins,htr-fnd
0.000614,0.000021,0.001888,0.000680,0.000899,0.003118,0.002064,0.000664
0.002307,0.000189,0.011406,0.008043,0.004116,0.144133,0.012976,0.008218
0.004072,0.000205,0.025990,0.008954,0.008620,0.297230,0.027369,0.009133
0.008166,0.000486,0.059475,0.024652,0.014850,0.741039,0.061986,0.025932
0.007528,0.001454,0.063227,0.075279,0.015228,1.693576,0.066032,0.079893
