vet-ins,vet-fnd,avl-ins,avl-fnd,hst-ins,hst-fnd,htr-ins,htr-fnd
0.000790,0.000026,0.002188,0.000752,0.001159,0.000055,0.001789,0.000544
0.003751,0.000262,0.012422,0.008717,0.005388,0.000535,0.010781,0.006039
0.006421,0.000323,0.026439,0.009258,0.010715,0.000566,0.022255,0.006015
0.012721,0.000657,0.060880,0.027004,0.020191,0.001372,0.052115,0.017975
0.016150,0.001972,0.059514,0.080306,0.018911,0.004133,0.050657,0.053758
