vet-ins,vet-fnd,avl-ins,avl-fnd,hst-ins,hst-fnd,htr-ins,htr-fnd
0.000547,0.000019,0.002060,0.000666,0.000792,0.004297,0.002322,0.000740
0.002363,0.000188,0.011695,0.008117,0.003783,0.190567,0.013831,0.008775
0.004199,0.000201,0.026022,0.008876,0.006651,0.295502,0.029250,0.009636
0.008421,0.000497,0.061336,0.025390,0.013243,0.738886,0.064646,0.026539
0.007791,0.001450,0.061877,0.076877,0.013536,1.694361,0.066448,0.076504
