vet-ins,vet-fnd,avl-ins,avl-fnd,hst-ins,hst-fnd,htr-ins,htr-fnd
0.000956,0.000033,0.002354,0.000881,0.001523,0.000054,0.001772,0.000520
0.004076,0.000267,0.014187,0.009987,0.006686,0.000539,0.010960,0.006441
0.006486,0.000314,0.027546,0.010116,0.011564,0.000591,0.024568,0.006295
0.015077,0.000668,0.064504,0.027309,0.022881,0.001346,0.055864,0.018778
0.017222,0.002244,0.065811,0.086084,0.023451,0.004396,0.054240,0.057472
