vet-ins,vet-fnd,avl-ins,avl-fnd,hst-ins,hst-fnd,htr-ins,htr-fnd
0.000793,0.000026,0.002859,0.001049,0.001601,0.000075,0.002216,0.000603
0.004610,0.000364,0.017151,0.010231,0.006226,0.000627,0.011764,0.006333
0.007393,0.000308,0.030276,0.010868,0.011790,0.000627,0.025635,0.007059
0.014652,0.000802,0.062346,0.029950,0.023057,0.001567,0.057759,0.018052
0.018079,0.002235,0.064122,0.086993,0.019967,0.004888,0.056578,0.055835
