vet-ins,vet-fnd,avl-ins,avl-fnd,hst-ins,hst-fnd,htr-ins,htr-fnd
0.000920,0.000032,0.003107,0.001037,0.001742,0.000076,0.002245,0.000608
0.005055,0.000372,0.017197,0.010967,0.006726,0.000633,0.013760,0.007143
0.007312,0.000270,0.032110,0.010621,0.011491,0.000540,0.024015,0.006119
0.013585,0.000708,0.066003,0.029923,0.025163,0.003438,0.057368,0.020102
0.019239,0.002358,0.068932,0.091571,0.024294,0.004046,0.059015,0.062270
