vet-ins,vet-fnd,avl-ins,avl-fnd,hst-ins,hst-fnd,htr-ins,htr-fnd
0.000531,0.000020,0.001880,0.000666,0.000761,0.004258,0.002131,0.000702
0.002321,0.000187,0.011414,0.008027,0.003602,0.187084,0.012978,0.008391
0.004054,0.000200,0.025791,0.009036,0.007734,0.292255,0.028348,0.009931
0.008250,0.000495,0.059013,0.024506,0.014322,0.548649,0.061152,0.024253
0.007626,0.001436,0.059521,0.073755,0.013243,1.676239,0.065540,0.075769
