vet-ins,vet-fnd,avl-ins,avl-fnd,hst-ins,hst-fnd,htr-ins,htr-fnd
0.001140,0.000037,0.003030,0.001050,0.001604,0.000075,0.002223,0.000605
0.004850,0.000372,0.017164,0.009414,0.005408,0.000548,0.010428,0.005431
0.006293,0.000264,0.026132,0.011283,0.010312,0.000638,0.023041,0.005992
0.012627,0.000656,0.058634,0.026385,0.019574,0.001350,0.050804,0.017877
0.016250,0.001965,0.059462,0.079541,0.018620,0.004361,0.054056,0.053676
