vet-ins,vet-fnd,avl-ins,avl-fnd,hst-ins,hst-fnd,htr-ins,htr-fnd
0.000549,0.000020,0.001914,0.000668,0.000773,0.004217,0.002187,0.000704
0.002340,0.000187,0.011488,0.007991,0.003896,0.192582,0.014580,0.009052
0.004221,0.000211,0.026819,0.009725,0.007431,0.303298,0.031170,0.010668
0.008331,0.000529,0.064286,0.027871,0.014176,0.556782,0.062127,0.025180
0.007766,0.001449,0.058946,0.074756,0.013631,1.678433,0.074350,0.082161
