vet-ins,vet-fnd,avl-ins,avl-fnd,hst-ins,hst-fnd,htr-ins,htr-fnd
0.000574,0.000021,0.001970,0.000704,0.000819,0.004474,0.002830,0.001599
0.002195,0.000199,0.011538,0.007948,0.003629,0.188949,0.013080,0.008743
0.004213,0.000201,0.025443,0.008615,0.006781,0.219902,0.026730,0.008817
0.008045,0.000492,0.058838,0.024360,0.013833,0.541924,0.060063,0.025319
0.007581,0.001441,0.058680,0.073204,0.012690,2.166322,0.061579,0.080090
