vet-ins,vet-fnd,avl-ins,avl-fnd,hst-ins,hst-fnd,htr-ins,htr-fnd
0.000548,0.000020,0.001957,0.000695,0.000804,0.004409,0.002229,0.000741
0.002419,0.000197,0.011538,0.007802,0.003583,0.186145,0.012852,0.008283
0.003988,0.000204,0.025471,0.008845,0.007049,0.289392,0.028211,0.009082
0.008012,0.000494,0.061098,0.024268,0.013326,0.722151,0.061634,0.026009
0.007961,0.001525,0.058836,0.072699,0.013471,1.654336,0.059017,0.070955
