vet-ins,vet-fnd,avl-ins,avl-fnd,hst-ins,hst-fnd,htr-ins,htr-fnd
0.000543,0.000019,0.001879,0.000668,0.000839,0.003261,0.002074,0.000669
0.002395,0.000189,0.011740,0.008263,0.003748,0.144981,0.013597,0.008443
0.004229,0.000201,0.026824,0.009170,0.007203,0.227925,0.027559,0.009210
0.008400,0.000492,0.061413,0.025603,0.013623,0.553041,0.059736,0.024227
0.007649,0.001435,0.058431,0.076625,0.012453,2.206142,0.062578,0.077994
