vet-ins,vet-fnd,avl-ins,avl-fnd,hst-ins,hst-fnd,htr-ins,htr-fnd
0.001877,0.000063,0.005240,0.001841,0.002779,0.000131,0.003837,0.001049
0.005526,0.000329,0.012813,0.008764,0.005396,0.000543,0.010114,0.005395
0.006205,0.000262,0.025880,0.009328,0.010214,0.000543,0.022524,0.006068
0.013075,0.000656,0.062803,0.029256,0.021301,0.001473,0.052089,0.017654
0.016437,0.001967,0.063002,0.080851,0.018683,0.004203,0.052133,0.054340
