vet-ins,vet-fnd,avl-ins,avl-fnd,hst-ins,hst-fnd,htr-ins,htr-fnd
0.000941,0.000032,0.003207,0.001039,0.001744,0.000075,0.002268,0.000603
0.005020,0.000378,0.017491,0.009319,0.006887,0.000538,0.011601,0.005809
0.007100,0.000339,0.030023,0.010873,0.012985,0.000702,0.027475,0.007239
0.014409,0.000801,0.063748,0.026927,0.022618,0.001389,0.058693,0.021613
0.017138,0.002011,0.068567,0.089785,0.024241,0.004822,0.065630,0.066362
