vet-ins,vet-fnd,avl-ins,avl-fnd,hst-ins,hst-fnd,htr-ins,htr-fnd
0.000627,0.000019,0.001959,0.000666,0.000789,0.003164,0.002065,0.000663
0.002406,0.000194,0.011556,0.008275,0.003591,0.143199,0.012855,0.008421
0.004128,0.000204,0.026753,0.009015,0.006798,0.296713,0.028540,0.010030
0.008522,0.000522,0.065454,0.027178,0.013781,0.746342,0.061488,0.025309
0.007821,0.001449,0.059175,0.075946,0.013304,2.191029,0.064376,0.078092
