vet-ins,vet-fnd,avl-ins,avl-fnd,hst-ins,hst-fnd,htr-ins,htr-fnd
0.002176,0.000073,0.005877,0.002035,0.003384,0.000147,0.004361,0.001180
0.004506,0.000300,0.013930,0.009766,0.006520,0.000630,0.011210,0.005643
0.006715,0.000281,0.027947,0.009833,0.012683,0.000537,0.023795,0.006792
0.013825,0.000773,0.062818,0.027593,0.023037,0.001342,0.063057,0.018933
0.018644,0.002202,0.064731,0.089452,0.023904,0.004566,0.056802,0.056570
