vet-ins,vet-fnd,avl-ins,avl-fnd,hst-ins,hst-fnd,htr-ins,htr-fnd
0.002050,0.000079,0.005684,0.002141,0.003293,0.000135,0.004362,0.001172
0.004707,0.000313,0.014203,0.009938,0.006608,0.000539,0.011159,0.005784
0.007284,0.000325,0.038305,0.012567,0.013361,0.000642,0.027644,0.007412
0.015328,0.000783,0.077137,0.033604,0.025492,0.001543,0.063346,0.021572
0.019914,0.002349,0.069473,0.086608,0.021860,0.004234,0.057518,0.057004
