vet-ins,vet-fnd,avl-ins,avl-fnd,hst-ins,hst-fnd,htr-ins,htr-fnd
0.000529,0.000019,0.001869,0.000668,0.000835,0.003263,0.002072,0.000671
0.002313,0.000229,0.011395,0.007917,0.003657,0.143350,0.012527,0.008180
0.003994,0.000206,0.025665,0.008684,0.007057,0.225155,0.027266,0.008763
0.008090,0.000490,0.058451,0.024637,0.013324,0.558728,0.063311,0.025561
0.007752,0.001429,0.061657,0.078432,0.013244,1.704084,0.062328,0.074517
