vet-ins,vet-fnd,avl-ins,avl-fnd,hst-ins,hst-fnd,htr-ins,htr-fnd
0.002329,0.000079,0.006278,0.002182,0.003635,0.000158,0.004669,0.001276
0.004150,0.000313,0.014561,0.010053,0.006582,0.000542,0.011364,0.005826
0.007214,0.000324,0.027879,0.009899,0.012428,0.000539,0.024209,0.006344
0.013777,0.000668,0.064636,0.029150,0.023256,0.001353,0.057421,0.021125
0.018137,0.002009,0.066751,0.081811,0.024802,0.004798,0.066647,0.065561
