vet-ins,vet-fnd,avl-ins,avl-fnd,hst-ins,hst-fnd,htr-ins,htr-fnd
0.002309,0.000077,0.006377,0.002202,0.003358,0.000157,0.004651,0.001226
0.004396,0.000307,0.014716,0.010239,0.006445,0.000627,0.011895,0.006344
0.007506,0.000308,0.030617,0.010896,0.011938,0.000632,0.025634,0.007249
0.014936,0.000776,0.066187,0.029662,0.021419,0.001512,0.055233,0.018302
0.017447,0.001973,0.060918,0.085808,0.021716,0.004706,0.057551,0.059219
