vet-ins,vet-fnd,avl-ins,avl-fnd,hst-ins,hst-fnd,htr-ins,htr-fnd
0.001893,0.000064,0.005242,0.001808,0.002806,0.000130,0.003854,0.001062
0.005990,0.000329,0.012651,0.008701,0.005409,0.000540,0.010073,0.005435
0.007085,0.000265,0.027707,0.009271,0.010595,0.000548,0.022640,0.005993
0.012843,0.000656,0.062433,0.026230,0.020643,0.001488,0.051383,0.017992
0.016453,0.001966,0.064567,0.081449,0.018574,0.004104,0.050775,0.052573
