vet-ins,vet-fnd,avl-ins,avl-fnd,hst-ins,hst-fnd,htr-ins,htr-fnd
0.000907,0.000031,0.002653,0.000901,0.001255,0.000054,0.001897,0.000547
0.003907,0.000281,0.013616,0.009085,0.006284,0.000543,0.011085,0.006117
0.007041,0.000336,0.030113,0.010780,0.013042,0.000688,0.026928,0.007001
0.015359,0.000799,0.070327,0.030810,0.025634,0.001579,0.062534,0.021481
0.019267,0.002352,0.069272,0.091997,0.024341,0.004904,0.061471,0.062257
