vet-ins,vet-fnd,avl-ins,avl-fnd,hst-ins,hst-fnd,htr-ins,htr-fnd
0.000552,0.000020,0.001873,0.000667,0.000864,0.003259,0.002153,0.000699
0.002388,0.000188,0.011328,0.007944,0.003739,0.142062,0.012368,0.007977
0.003876,0.000205,0.025691,0.008997,0.006795,0.222127,0.026622,0.008435
0.008078,0.000492,0.057799,0.024348,0.013652,0.544336,0.060236,0.024393
0.007537,0.001454,0.058598,0.073325,0.013136,1.652634,0.058776,0.072100
