vet-ins,vet-fnd,avl-ins,avl-fnd,hst-ins,hst-fnd,htr-ins,htr-fnd
0.000564,0.000019,0.001918,0.000681,0.000778,0.004292,0.002169,0.000722
0.002350,0.000188,0.011339,0.007907,0.003588,0.188072,0.013119,0.008498
0.004174,0.000199,0.026013,0.008692,0.007190,0.290863,0.029304,0.009140
0.008354,0.000504,0.058487,0.024565,0.013153,0.726567,0.061354,0.025379
0.008080,0.001526,0.059678,0.073787,0.013566,1.655477,0.059808,0.072573
