vet-ins,vet-fnd,avl-ins,avl-fnd,hst-ins,hst-fnd,htr-ins,htr-fnd
0.001224,0.000038,0.003011,0.001078,0.001747,0.000075,0.002216,0.000603
0.005025,0.000372,0.017049,0.008728,0.005895,0.000545,0.010762,0.005439
0.006839,0.000267,0.027280,0.009393,0.011227,0.000576,0.025169,0.006512
0.014869,0.000763,0.066515,0.029033,0.024998,0.001477,0.055367,0.018949
0.017380,0.002409,0.062512,0.082907,0.021636,0.004407,0.057429,0.055329
