vet-ins,vet-fnd,avl-ins,avl-fnd,hst-ins,hst-fnd,htr-ins,htr-fnd
0.000536,0.000019,0.001911,0.000679,0.000812,0.004378,0.002147,0.000738
0.002353,0.000192,0.011422,0.007977,0.003575,0.201645,0.013849,0.008699
0.004111,0.000201,0.026666,0.009787,0.007010,0.300768,0.029556,0.009650
0.008287,0.000496,0.063197,0.026139,0.013504,0.739049,0.064506,0.026649
0.007637,0.001456,0.064629,0.078476,0.013169,2.230343,0.066586,0.080927
