vet-ins,vet-fnd,avl-ins,avl-fnd,hst-ins,hst-fnd,htr-ins,htr-fnd
0.000949,0.000031,0.002599,0.000943,0.001392,0.000078,0.001924,0.000536
0.004112,0.000315,0.014902,0.010612,0.006483,0.000685,0.012233,0.006665
0.007354,0.000316,0.031121,0.011223,0.012212,0.000650,0.026520,0.007309
0.015173,0.000783,0.069457,0.029075,0.021327,0.001352,0.058728,0.018802
0.016910,0.001967,0.063250,0.079751,0.018905,0.004101,0.050782,0.056002
