vet-ins,vet-fnd,avl-ins,avl-fnd,hst-ins,hst-fnd,htr-ins,htr-fnd
0.002086,0.000067,0.005647,0.001958,0.003020,0.000134,0.004073,0.001265
0.004779,0.000262,0.012690,0.008749,0.005399,0.000538,0.010115,0.005516
0.006271,0.000263,0.026776,0.009713,0.010183,0.000535,0.022099,0.005995
0.013924,0.000655,0.060120,0.026140,0.019976,0.001361,0.054576,0.018964
0.016690,0.001970,0.064059,0.081461,0.018608,0.004014,0.055480,0.054309
