vet-ins,vet-fnd,btr-ins,btr-fnd,hst-ins,hst-fnd,htr-ins,htr-fnd
0.000864,0.000032,0.002674,0.000797,0.001416,0.000059,0.001650,0.000511
0.004225,0.000285,0.014637,0.008874,0.005403,0.000544,0.010477,0.006234
0.007048,0.000313,0.030684,0.010964,0.011451,0.000637,0.023300,0.006157
0.013004,0.000668,0.063999,0.026225,0.019481,0.001360,0.052029,0.019095
0.016584,0.002013,0.066825,0.077821,0.018555,0.004437,0.050444,0.053063
