vet-ins,vet-fnd,avl-ins,avl-fnd,hst-ins,hst-fnd,htr-ins,htr-fnd
0.000556,0.000020,0.001984,0.000701,0.000806,0.004287,0.002167,0.000702
0.002349,0.000199,0.011604,0.008031,0.003540,0.187337,0.012922,0.008276
0.004019,0.000199,0.025706,0.008676,0.006996,0.291566,0.028317,0.009035
0.008187,0.000490,0.058062,0.024550,0.012648,0.728093,0.060167,0.024676
0.007537,0.001478,0.057862,0.072772,0.013177,1.639163,0.059912,0.071761
