vet-ins,vet-fnd,avl-ins,avl-fnd,hst-ins,hst-fnd,htr-ins,htr-fnd
0.000794,0.000026,0.002158,0.000752,0.001157,0.000054,0.002265,0.001082
0.009575,0.000772,0.014207,0.009295,0.005627,0.000540,0.010799,0.006359
0.007003,0.000328,0.026934,0.009277,0.010181,0.000540,0.021982,0.006013
0.012672,0.000661,0.059233,0.027824,0.020831,0.001351,0.052303,0.017979
0.016389,0.001979,0.060187,0.080724,0.018668,0.004434,0.051543,0.057685
