vet-ins,vet-fnd,avl-ins,avl-fnd,hst-ins,hst-fnd,htr-ins,htr-fnd
0.001968,0.000066,0.005852,0.001947,0.002920,0.000157,0.004352,0.001085
0.004464,0.000263,0.012442,0.008780,0.006059,0.000628,0.010686,0.005535
0.006284,0.000264,0.026430,0.009315,0.010185,0.000535,0.022168,0.006160
0.012653,0.000656,0.061103,0.027128,0.020456,0.001341,0.058781,0.019325
0.016578,0.001974,0.059778,0.082612,0.018582,0.004017,0.051350,0.054296
