vet-ins,vet-fnd,avl-ins,avl-fnd,hst-ins,hst-fnd,htr-ins,htr-fnd
0.002189,0.000074,0.005962,0.002023,0.003389,0.000147,0.004444,0.001186
0.004151,0.000268,0.012933,0.009217,0.006361,0.000546,0.011105,0.005795
0.007132,0.000320,0.030172,0.009870,0.011823,0.000541,0.024109,0.006420
0.014053,0.000824,0.064089,0.027215,0.023842,0.001449,0.059583,0.018676
0.017486,0.002140,0.064395,0.083301,0.021408,0.004534,0.056622,0.058281
