vet-ins,vet-fnd,avl-ins,avl-fnd,hst-ins,hst-fnd,htr-ins,htr-fnd
0.002097,0.000079,0.005700,0.002114,0.003300,0.000135,0.004212,0.001208
0.005688,0.000273,0.013863,0.009052,0.006175,0.000539,0.011728,0.006118
0.007217,0.000313,0.027817,0.010065,0.012536,0.000539,0.025650,0.006773
0.014845,0.000795,0.065150,0.029697,0.023690,0.001349,0.057425,0.019544
0.018660,0.002160,0.065318,0.092273,0.024369,0.004772,0.064641,0.065526
