vet-ins,vet-fnd,avl-ins,avl-fnd,hst-ins,hst-fnd,htr-ins,htr-fnd
0.000569,0.000020,0.001962,0.000703,0.000796,0.004398,0.002206,0.000746
0.002330,0.000189,0.011380,0.007875,0.003549,0.187523,0.013032,0.008454
0.003962,0.000202,0.026078,0.008797,0.007061,0.289691,0.028289,0.009132
0.008012,0.000493,0.058182,0.024295,0.013651,0.544165,0.059962,0.024625
0.007971,0.001523,0.059097,0.073634,0.013093,1.688895,0.062552,0.076197
