vet-ins,vet-fnd,avl-ins,avl-fnd,hst-ins,hst-fnd,htr-ins,htr-fnd
0.002135,0.000077,0.005991,0.001869,0.002855,0.000135,0.004178,0.001098
0.005348,0.000263,0.012379,0.009496,0.005390,0.000541,0.010294,0.006259
0.006289,0.000263,0.026036,0.009270,0.010822,0.000635,0.022695,0.006064
0.012938,0.000656,0.059984,0.027599,0.020168,0.001352,0.052183,0.018067
0.016555,0.001975,0.061087,0.081695,0.020127,0.004052,0.052080,0.054095
