vet-ins,vet-fnd,avl-ins,avl-fnd,hst-ins,hst-fnd,htr-ins,htr-fnd
0.001883,0.000064,0.005232,0.001814,0.002788,0.000131,0.003806,0.001058
0.005950,0.000364,0.012849,0.008762,0.005355,0.000541,0.009987,0.005435
0.007296,0.000307,0.030347,0.010817,0.011987,0.000601,0.026180,0.007231
0.015078,0.000831,0.066403,0.031162,0.020203,0.001356,0.052356,0.017955
0.017483,0.001969,0.062721,0.082043,0.019405,0.004056,0.057929,0.061247
