vet-ins,vet-fnd,avl-ins,avl-fnd,hst-ins,hst-fnd,htr-ins,htr-fnd
0.002120,0.000072,0.005930,0.002033,0.003126,0.000148,0.004319,0.001183
0.004369,0.000307,0.014143,0.009245,0.006197,0.000536,0.011559,0.005911
0.006932,0.000321,0.027134,0.009291,0.010103,0.000535,0.022016,0.006005
0.012877,0.000655,0.063781,0.029802,0.021230,0.001596,0.053510,0.017722
0.016025,0.002002,0.061742,0.082618,0.018592,0.004019,0.052164,0.053339
