vet-ins,vet-fnd,avl-ins,avl-fnd,hst-ins,hst-fnd,htr-ins,htr-fnd
0.000549,0.000020,0.001990,0.000698,0.000796,0.004410,0.002219,0.000744
0.002225,0.000201,0.011966,0.008270,0.003666,0.199436,0.014519,0.008798
0.004770,0.000199,0.027655,0.010319,0.007040,0.298218,0.032875,0.010488
0.008622,0.000501,0.066701,0.026696,0.013713,0.723601,0.070188,0.027944
0.008256,0.001576,0.066261,0.075633,0.013584,1.663375,0.067762,0.074020
