vet-ins,vet-fnd,avl-ins,avl-fnd,hst-ins,hst-fnd,htr-ins,htr-fnd
0.000532,0.000019,0.002084,0.000665,0.000837,0.003120,0.002056,0.000667
0.002161,0.000233,0.011423,0.008139,0.003940,0.142039,0.012469,0.007925
0.003851,0.000203,0.026052,0.008723,0.007014,0.221817,0.027109,0.008674
0.008154,0.000491,0.059617,0.024421,0.013630,0.542087,0.060376,0.024473
0.007584,0.001452,0.059974,0.073904,0.012871,1.642505,0.060602,0.071733
