vet-ins,vet-fnd,avl-ins,avl-fnd,hst-ins,hst-fnd,htr-ins,htr-fnd
0.000818,0.000027,0.002209,0.000745,0.001256,0.000054,0.001912,0.000541
0.004055,0.000268,0.013325,0.009815,0.006271,0.000539,0.011080,0.005968
0.007084,0.000314,0.030464,0.010542,0.012493,0.000650,0.025249,0.006328
0.014421,0.000802,0.068020,0.029828,0.025754,0.001580,0.064470,0.021055
0.018984,0.002329,0.066146,0.087918,0.023660,0.004427,0.057010,0.057050
