vet-ins,vet-fnd,avl-ins,avl-fnd,hst-ins,hst-fnd,htr-ins,htr-fnd
0.002244,0.000068,0.005756,0.001978,0.003284,0.000136,0.004332,0.001243
0.004955,0.000271,0.012689,0.009102,0.005916,0.000541,0.010362,0.006055
0.006544,0.000269,0.026832,0.010212,0.011369,0.000540,0.024394,0.006071
0.014171,0.000670,0.065046,0.027208,0.025283,0.001382,0.058734,0.019460
0.023064,0.002365,0.070383,0.095009,0.024602,0.004875,0.060325,0.057107
