vet-ins,vet-fnd,avl-ins,avl-fnd,hst-ins,hst-fnd,htr-ins,htr-fnd
0.000548,0.000020,0.001974,0.000698,0.000832,0.003280,0.002123,0.000666
0.002326,0.000192,0.011753,0.008311,0.003697,0.145513,0.012909,0.008245
0.004142,0.000204,0.026623,0.009139,0.006844,0.228671,0.026987,0.009000
0.008198,0.000611,0.060983,0.025224,0.013948,0.552559,0.061361,0.025487
0.007721,0.001470,0.061824,0.077202,0.013010,2.199714,0.063769,0.079391
