vet-ins,vet-fnd,avl-ins,avl-fnd,hst-ins,hst-fnd,htr-ins,htr-fnd
0.002043,0.000066,0.005622,0.002000,0.002967,0.000134,0.004132,0.001193
0.005184,0.000263,0.013649,0.009406,0.005396,0.000536,0.010050,0.005392
0.006261,0.000263,0.025713,0.009298,0.010155,0.000535,0.021907,0.005987
0.013049,0.000798,0.058343,0.025922,0.019681,0.001337,0.051055,0.019433
0.016668,0.001973,0.058996,0.079999,0.018536,0.004018,0.052880,0.053835
