vet-ins,vet-fnd,avl-ins,avl-fnd,hst-ins,hst-fnd,htr-ins,htr-fnd
0.000558,0.000019,0.001865,0.000664,0.000817,0.003192,0.002062,0.000671
0.002343,0.000188,0.011394,0.007975,0.003683,0.143881,0.012411,0.007985
0.004030,0.000203,0.025656,0.008710,0.007142,0.223276,0.026797,0.008660
0.008393,0.000514,0.058226,0.024512,0.013499,0.550554,0.058994,0.024125
0.007946,0.001502,0.059093,0.075917,0.012652,2.187603,0.061292,0.077883
