vet-ins,vet-fnd,avl-ins,avl-fnd,hst-ins,hst-fnd,htr-ins,htr-fnd
0.002139,0.000072,0.005946,0.002068,0.003133,0.000147,0.004394,0.001180
0.004626,0.000320,0.014212,0.010024,0.006084,0.000541,0.010093,0.005399
0.006678,0.000263,0.030890,0.011554,0.011523,0.000542,0.023051,0.006333
0.012794,0.000655,0.059355,0.025869,0.019521,0.001361,0.066435,0.020358
0.016586,0.001972,0.060339,0.085269,0.018962,0.004051,0.055517,0.053996
