vet-ins,vet-fnd,avl-ins,avl-fnd,hst-ins,hst-fnd,htr-ins,htr-fnd
0.000924,0.000026,0.002357,0.000897,0.001169,0.000054,0.001861,0.000542
0.003932,0.000262,0.013598,0.009110,0.005426,0.000535,0.010146,0.005711
0.006595,0.000262,0.026216,0.009256,0.010235,0.000536,0.022148,0.006000
0.014860,0.000773,0.068884,0.030348,0.023243,0.001572,0.060930,0.020816
0.019038,0.002109,0.065782,0.079120,0.018640,0.004014,0.052243,0.054608
