vet-ins,vet-fnd,avl-ins,avl-fnd,hst-ins,hst-fnd,htr-ins,htr-fnd
0.000790,0.000026,0.002409,0.000881,0.001217,0.000063,0.001880,0.000512
0.004032,0.000307,0.013957,0.009629,0.005680,0.000536,0.010005,0.005425
0.006759,0.000263,0.026648,0.010606,0.011259,0.000536,0.022877,0.006031
0.014857,0.000773,0.062600,0.026997,0.020676,0.001625,0.053035,0.018284
0.017120,0.002142,0.070793,0.087258,0.019178,0.004371,0.058638,0.053709
