vet-ins,vet-fnd,avl-ins,avl-fnd,hst-ins,hst-fnd,htr-ins,htr-fnd
0.000794,0.000026,0.002186,0.000751,0.001203,0.000063,0.001902,0.000434
0.003635,0.000262,0.013596,0.009111,0.006122,0.000654,0.011347,0.006446
0.007194,0.000329,0.027582,0.009610,0.010230,0.000540,0.022445,0.006008
0.013027,0.000655,0.059919,0.026653,0.020023,0.001350,0.052674,0.017872
0.016420,0.001972,0.059938,0.078961,0.018631,0.004118,0.050325,0.052189
