vet-ins,vet-fnd,avl-ins,avl-fnd,hst-ins,hst-fnd,htr-ins,htr-fnd
0.000989,0.000034,0.002407,0.000906,0.001353,0.000054,0.001837,0.000523
0.004061,0.000268,0.014308,0.009953,0.006780,0.000648,0.011879,0.006187
0.007768,0.000331,0.029575,0.010403,0.013224,0.000610,0.025960,0.006848
0.014806,0.000744,0.062562,0.026594,0.023539,0.001373,0.056055,0.019018
0.018623,0.002108,0.062114,0.082846,0.022732,0.004261,0.056450,0.056211
