vet-ins,vet-fnd,avl-ins,avl-fnd,hst-ins,hst-fnd,htr-ins,htr-fnd
0.000937,0.000033,0.002416,0.000922,0.001211,0.000053,0.001827,0.000534
0.004035,0.000263,0.013970,0.009139,0.005377,0.000536,0.010017,0.005429
0.006494,0.000264,0.026789,0.009212,0.010167,0.000536,0.021856,0.006017
0.012686,0.000658,0.058603,0.027468,0.020552,0.001338,0.052361,0.018090
0.016812,0.001966,0.059373,0.081359,0.019037,0.004028,0.050116,0.056778
