vet-ins,vet-fnd,avl-ins,avl-fnd,hst-ins,hst-fnd,htr-ins,htr-fnd
0.000556,0.000020,0.001974,0.000703,0.000839,0.003308,0.002025,0.000669
0.002382,0.000193,0.011405,0.007948,0.003714,0.144228,0.012250,0.007935
0.004190,0.000203,0.025609,0.008826,0.006829,0.290109,0.027398,0.009097
0.008343,0.000501,0.059645,0.025039,0.013120,0.727536,0.060834,0.024980
0.007614,0.001440,0.058086,0.073259,0.013074,2.163655,0.061797,0.075945
