vet-ins,vet-fnd,avl-ins,avl-fnd,hst-ins,hst-fnd,htr-ins,htr-fnd
0.002085,0.000079,0.006169,0.002063,0.003289,0.000135,0.004218,0.001260
0.004532,0.000333,0.014577,0.009920,0.007097,0.000567,0.012592,0.006363
0.007772,0.000317,0.030556,0.010495,0.013193,0.000563,0.026983,0.006888
0.015313,0.000782,0.069811,0.029614,0.024115,0.001429,0.060003,0.020669
0.019314,0.002353,0.070885,0.093075,0.024277,0.004723,0.062188,0.062338
