vet-ins,vet-fnd,avl-ins,avl-fnd,hst-ins,hst-fnd,htr-ins,htr-fnd
0.002139,0.000080,0.006021,0.002032,0.003233,0.000135,0.004240,0.001191
0.004219,0.000339,0.014129,0.009553,0.006729,0.000553,0.012073,0.006399
0.007349,0.000314,0.030425,0.010893,0.012652,0.000705,0.026563,0.007139
0.014256,0.000798,0.065536,0.027643,0.022676,0.001626,0.064740,0.021384
0.018823,0.002417,0.073891,0.097214,0.021999,0.004480,0.059108,0.063735
