vet-ins,vet-fnd,avl-ins,avl-fnd,hst-ins,hst-fnd,htr-ins,htr-fnd
0.000909,0.000028,0.002500,0.000918,0.001328,0.000055,0.001876,0.000539
0.004142,0.000282,0.013378,0.009150,0.006376,0.000595,0.011821,0.005893
0.006600,0.000284,0.028161,0.009766,0.012364,0.000650,0.026222,0.007005
0.014316,0.000834,0.067265,0.028012,0.023125,0.001388,0.056295,0.019083
0.017978,0.002121,0.063646,0.082905,0.021691,0.005006,0.059851,0.055905
