vet-ins,vet-fnd,avl-ins,avl-fnd,hst-ins,hst-fnd,htr-ins,htr-fnd
0.000652,0.000019,0.001874,0.000662,0.000802,0.004276,0.002130,0.000709
0.002154,0.000191,0.011998,0.008099,0.003872,0.195664,0.014027,0.008637
0.004135,0.000201,0.025826,0.008870,0.006869,0.292647,0.028933,0.009308
0.008386,0.000495,0.063634,0.025282,0.013111,0.727835,0.064762,0.026754
0.007798,0.001481,0.059523,0.075003,0.013913,1.697629,0.061743,0.075002
