vet-ins,vet-fnd,avl-ins,avl-fnd,hst-ins,hst-fnd,htr-ins,htr-fnd
0.000581,0.000020,0.001963,0.000673,0.000780,0.004249,0.002148,0.000745
0.002394,0.000188,0.011438,0.008098,0.003672,0.187096,0.012978,0.008399
0.003936,0.000203,0.025894,0.008895,0.006633,0.294161,0.028515,0.009368
0.008128,0.000530,0.058760,0.024839,0.013243,0.725023,0.061828,0.025561
0.007665,0.001476,0.059155,0.075039,0.013388,1.692131,0.067903,0.082027
