vet-ins,vet-fnd,avl-ins,avl-fnd,hst-ins,hst-fnd,htr-ins,htr-fnd
0.000818,0.000027,0.002207,0.000862,0.001500,0.000054,0.001639,0.000436
0.004149,0.000313,0.014290,0.009726,0.006742,0.000579,0.011828,0.006021
0.006666,0.000267,0.027101,0.009474,0.011669,0.000685,0.023260,0.006306
0.014746,0.000668,0.063680,0.026901,0.024280,0.001348,0.056495,0.020402
0.017093,0.002105,0.063154,0.083381,0.022173,0.004098,0.055951,0.056149
