vet-ins,vet-fnd,avl-ins,avl-fnd,hst-ins,hst-fnd,htr-ins,htr-fnd
0.000556,0.000020,0.001955,0.000674,0.000812,0.003176,0.002047,0.000668
0.002339,0.000188,0.011387,0.007912,0.003456,0.139582,0.012284,0.007929
0.004066,0.000207,0.026017,0.008834,0.006928,0.220969,0.026930,0.008626
0.008035,0.000491,0.058548,0.024635,0.013216,0.546277,0.059392,0.023791
0.007762,0.001477,0.058928,0.074403,0.012652,2.194642,0.062465,0.075720
