vet-ins,vet-fnd,avl-ins,avl-fnd,hst-ins,hst-fnd,htr-ins,htr-fnd
0.000636,0.000019,0.002019,0.000663,0.000802,0.003201,0.002179,0.000706
0.002860,0.000195,0.012102,0.008370,0.003729,0.146677,0.012768,0.008199
0.004160,0.000220,0.026889,0.009165,0.007260,0.229548,0.027615,0.009323
0.008382,0.000531,0.062701,0.025389,0.013620,0.561575,0.065849,0.024877
0.007494,0.001448,0.058707,0.078475,0.013816,1.693396,0.061574,0.075577
