vet-ins,vet-fnd,avl-ins,avl-fnd,hst-ins,hst-fnd,htr-ins,htr-fnd
0.000969,0.000036,0.003228,0.001038,0.001739,0.000075,0.002266,0.000606
0.005121,0.000370,0.017312,0.010045,0.006800,0.000538,0.011714,0.006205
0.007440,0.000314,0.028002,0.009894,0.011781,0.000560,0.024823,0.006151
0.015370,0.000837,0.069814,0.030321,0.025885,0.001583,0.061701,0.020288
0.017317,0.002070,0.063686,0.089846,0.023649,0.004765,0.060610,0.061621
