vet-ins,vet-fnd,avl-ins,avl-fnd,hst-ins,hst-fnd,htr-ins,htr-fnd
0.001013,0.000032,0.002572,0.000746,0.001429,0.000068,0.001768,0.000440
0.004202,0.000329,0.013301,0.008962,0.006335,0.000640,0.011367,0.006366
0.007561,0.000314,0.031163,0.010684,0.012283,0.000676,0.024726,0.006804
0.013766,0.000668,0.064208,0.028796,0.023609,0.001615,0.059285,0.019819
0.017497,0.002025,0.066982,0.092018,0.024692,0.004746,0.068559,0.068907
