vet-ins,vet-fnd,avl-ins,avl-fnd,hst-ins,hst-fnd,htr-ins,htr-fnd
0.000821,0.000031,0.002556,0.000884,0.001519,0.000073,0.001646,0.000438
0.003706,0.000313,0.013477,0.009607,0.006230,0.000605,0.010883,0.006339
0.007501,0.000321,0.029259,0.009552,0.012342,0.000539,0.024583,0.006960
0.013824,0.000668,0.062757,0.027725,0.022957,0.001449,0.059255,0.019124
0.017383,0.002254,0.065503,0.084757,0.022519,0.004486,0.055344,0.059546
