vet-ins,vet-fnd,avl-ins,avl-fnd,hst-ins,hst-fnd,htr-ins,htr-fnd
0.000822,0.000027,0.002584,0.000883,0.001458,0.000067,0.001724,0.000472
0.004203,0.000325,0.013724,0.009536,0.006120,0.000680,0.012173,0.005696
0.007007,0.000308,0.026976,0.010144,0.012151,0.000566,0.024384,0.006270
0.013679,0.000668,0.063767,0.028097,0.023742,0.001412,0.056268,0.019665
0.018138,0.002119,0.063891,0.085394,0.021575,0.004548,0.055599,0.059600
