vet-ins,vet-fnd,avl-ins,avl-fnd,hst-ins,hst-fnd,htr-ins,htr-fnd
0.000991,0.000027,0.002290,0.000881,0.001397,0.000054,0.002939,0.001200
0.004197,0.000340,0.015559,0.009947,0.006607,0.000668,0.011363,0.006497
0.007623,0.000326,0.028774,0.010536,0.012003,0.000540,0.024709,0.007350
0.015395,0.000782,0.075337,0.031262,0.024379,0.001415,0.066668,0.021752
0.017735,0.002007,0.064455,0.084550,0.022273,0.004045,0.061164,0.057872
