vet-ins,vet-fnd,avl-ins,avl-fnd,hst-ins,hst-fnd,htr-ins,htr-fnd
0.000528,0.000020,0.001942,0.000658,0.000759,0.004310,0.002157,0.000702
0.002400,0.000221,0.011444,0.007951,0.003669,0.195055,0.014545,0.010258
0.004273,0.000205,0.026350,0.008802,0.007384,0.227634,0.028827,0.009214
0.008181,0.000492,0.060207,0.024499,0.013553,0.554313,0.063088,0.024761
0.007583,0.001527,0.064372,0.076407,0.012949,2.288475,0.064147,0.080007
