vet-ins,vet-fnd,avl-ins,avl-fnd,hst-ins,hst-fnd,htr-ins,htr-fnd
0.000792,0.000027,0.002182,0.000753,0.001335,0.000055,0.001678,0.000510
0.003720,0.000263,0.013908,0.010289,0.006112,0.000536,0.011053,0.005760
0.006463,0.000263,0.025882,0.009593,0.010146,0.000535,0.021876,0.005979
0.012729,0.000667,0.060838,0.027137,0.019680,0.001340,0.051212,0.017722
0.016139,0.002081,0.059156,0.078488,0.018592,0.004039,0.051028,0.052504
