vet-ins,vet-fnd,avl-ins,avl-fnd,hst-ins,hst-fnd,htr-ins,htr-fnd
0.000923,0.000031,0.002422,0.000882,0.001340,0.000054,0.001707,0.000535
0.003919,0.000328,0.013629,0.009022,0.005395,0.000539,0.009999,0.005413
0.006678,0.000262,0.027062,0.009649,0.010167,0.000540,0.022649,0.006008
0.012801,0.000663,0.058399,0.025835,0.019617,0.001363,0.051107,0.017681
0.016104,0.001971,0.059183,0.078991,0.020459,0.004115,0.055280,0.054272
