vet-ins,vet-fnd,avl-ins,avl-fnd,hst-ins,hst-fnd,htr-ins,htr-fnd
0.002193,0.000073,0.005991,0.002020,0.003470,0.000147,0.004461,0.001180
0.004402,0.000314,0.014906,0.010331,0.007041,0.000630,0.012456,0.006530
0.007807,0.000314,0.031585,0.011203,0.013416,0.000629,0.027478,0.007481
0.015429,0.000823,0.064981,0.026605,0.022398,0.001345,0.055176,0.018296
0.018270,0.002440,0.062565,0.090972,0.024633,0.004812,0.068021,0.067877
