vet-ins,vet-fnd,avl-ins,avl-fnd,hst-ins,hst-fnd,htr-ins,htr-fnd
0.002110,0.000072,0.005891,0.002056,0.003116,0.000146,0.004319,0.001178
0.004268,0.000263,0.012291,0.008708,0.005336,0.000538,0.010063,0.005420
0.006661,0.000308,0.030805,0.010833,0.012282,0.000627,0.026081,0.007070
0.013373,0.000656,0.061203,0.026284,0.019846,0.001343,0.056215,0.019771
0.016195,0.001972,0.064174,0.091658,0.022903,0.004711,0.059487,0.059151
