vet-ins,vet-fnd,avl-ins,avl-fnd,hst-ins,hst-fnd,htr-ins,htr-fnd
0.000953,0.000033,0.002343,0.000910,0.001373,0.000063,0.001927,0.000532
0.003952,0.000262,0.013705,0.010160,0.006074,0.000638,0.011755,0.006160
0.006758,0.000313,0.027675,0.009651,0.010163,0.000540,0.022365,0.006020
0.012724,0.000660,0.062552,0.031446,0.021256,0.001352,0.051571,0.017860
0.016493,0.002222,0.065486,0.081871,0.019071,0.004053,0.051247,0.057394
