vet-ins,vet-fnd,avl-ins,avl-fnd,hst-ins,hst-fnd,htr-ins,htr-fnd
0.000555,0.000021,0.001975,0.000695,0.000796,0.004444,0.002232,0.000741
0.002292,0.000188,0.011311,0.007856,0.003555,0.190484,0.013268,0.008576
0.004202,0.000208,0.026100,0.008795,0.007107,0.291778,0.028398,0.009125
0.008239,0.000521,0.057807,0.024138,0.013136,0.729863,0.061476,0.025218
0.007748,0.001491,0.059909,0.073641,0.012979,2.213861,0.063207,0.077293
