vet-ins,vet-fnd,avl-ins,avl-fnd,hst-ins,hst-fnd,htr-ins,htr-fnd
0.000798,0.000027,0.002179,0.000759,0.001158,0.000054,0.001635,0.000515
0.003832,0.000269,0.012669,0.009035,0.005394,0.000545,0.010124,0.005418
0.006631,0.000263,0.025973,0.009256,0.010172,0.000545,0.022111,0.006773
0.012712,0.000655,0.058600,0.026236,0.019938,0.001347,0.052123,0.017793
0.016129,0.001969,0.059310,0.078639,0.018555,0.004029,0.051015,0.052558
