vet-ins,vet-fnd,avl-ins,avl-fnd,hst-ins,hst-fnd,htr-ins,htr-fnd
0.002068,0.000079,0.005703,0.002099,0.003278,0.000137,0.004189,0.001178
0.005138,0.000268,0.012517,0.008630,0.005881,0.000549,0.011829,0.006585
0.007198,0.000317,0.036848,0.011726,0.013116,0.000668,0.025564,0.006938
0.015202,0.000809,0.078761,0.032644,0.025599,0.001611,0.068875,0.023348
0.021088,0.002366,0.071298,0.089666,0.023136,0.004292,0.060791,0.064116
