vet-ins,vet-fnd,avl-ins,avl-fnd,hst-ins,hst-fnd,htr-ins,htr-fnd
0.001900,0.000064,0.005268,0.001845,0.002798,0.000131,0.003861,0.001048
0.004869,0.000263,0.012344,0.008765,0.005501,0.000582,0.010078,0.005380
0.006270,0.000263,0.029095,0.010281,0.010613,0.000540,0.022499,0.005968
0.013866,0.000777,0.064833,0.030998,0.022990,0.001367,0.056153,0.020363
0.018956,0.002302,0.069072,0.094785,0.022437,0.004908,0.059621,0.053223
