vet-ins,vet-fnd,avl-ins,avl-fnd,hst-ins,hst-fnd,htr-ins,htr-fnd
0.002076,0.000067,0.006127,0.002189,0.003249,0.000157,0.004310,0.001083
0.004920,0.000313,0.013916,0.009555,0.006414,0.000634,0.011379,0.005497
0.006866,0.000269,0.028851,0.010438,0.012636,0.000542,0.024131,0.006389
0.013958,0.000668,0.063796,0.027308,0.023760,0.001515,0.055958,0.018828
0.018839,0.002361,0.065568,0.083311,0.021357,0.004535,0.052699,0.059724
