vet-ins,vet-fnd,avl-ins,avl-fnd,hst-ins,hst-fnd,htr-ins,htr-fnd
0.001878,0.000064,0.005246,0.001838,0.002790,0.000130,0.003832,0.001055
0.006420,0.000365,0.012561,0.009246,0.005434,0.000537,0.010371,0.005421
0.006254,0.000263,0.025708,0.009310,0.010200,0.000541,0.022206,0.006005
0.014793,0.000768,0.072522,0.030828,0.022876,0.001574,0.060726,0.021111
0.018498,0.002123,0.065140,0.086797,0.020293,0.004364,0.051626,0.053696
