vet-ins,vet-fnd,avl-ins,avl-fnd,hst-ins,hst-fnd,htr-ins,htr-fnd
0.000548,0.000020,0.001922,0.000679,0.000811,0.003297,0.002081,0.000683
0.002311,0.000189,0.011552,0.007917,0.003776,0.142997,0.012739,0.008182
0.004014,0.000202,0.026172,0.008942,0.007319,0.224963,0.026723,0.008649
0.008576,0.000524,0.061026,0.025356,0.013581,0.558228,0.061549,0.024799
0.007560,0.001442,0.061126,0.077182,0.013542,1.680717,0.062174,0.073612
