vet-ins,vet-fnd,avl-ins,avl-fnd,hst-ins,hst-fnd,htr-ins,htr-fnd
0.001089,0.000045,0.003185,0.001041,0.001803,0.000075,0.002308,0.000623
0.009358,0.000656,0.015935,0.010446,0.007135,0.000656,0.012344,0.006383
0.007448,0.000268,0.031017,0.010924,0.012012,0.000536,0.024877,0.006408
0.014910,0.000671,0.071926,0.031460,0.023858,0.001659,0.059229,0.024148
0.019192,0.002207,0.079978,0.100452,0.024689,0.004850,0.063844,0.061632
