vet-ins,vet-fnd,avl-ins,avl-fnd,hst-ins,hst-fnd,htr-ins,htr-fnd
0.000891,0.000031,0.002536,0.000879,0.001525,0.000063,0.001882,0.000502
0.004402,0.000337,0.014730,0.010103,0.006552,0.000632,0.011928,0.006155
0.007587,0.000333,0.029927,0.010521,0.012838,0.000649,0.026138,0.006831
0.014127,0.000813,0.067407,0.029899,0.025377,0.001580,0.062172,0.020980
0.018661,0.002396,0.064520,0.084324,0.022237,0.004139,0.055034,0.059721
