vet-ins,vet-fnd,avl-ins,avl-fnd,hst-ins,hst-fnd,htr-ins,htr-fnd
0.002194,0.000073,0.005978,0.002049,0.003400,0.000148,0.004418,0.001189
0.004550,0.000321,0.013851,0.009504,0.006563,0.000539,0.010780,0.006124
0.007617,0.000320,0.030090,0.010466,0.012732,0.000631,0.025770,0.006885
0.014487,0.000752,0.065026,0.028908,0.024562,0.001369,0.061389,0.021012
0.018744,0.002066,0.068930,0.089179,0.022690,0.004346,0.058001,0.057914
