vet-ins,vet-fnd,avl-ins,avl-fnd,hst-ins,hst-fnd,htr-ins,htr-fnd
0.000554,0.000020,0.001873,0.000698,0.000822,0.003262,0.002067,0.000670
0.002415,0.000196,0.011488,0.008052,0.003742,0.144732,0.012882,0.008170
0.004192,0.000222,0.026679,0.009085,0.006983,0.223982,0.026464,0.008535
0.008247,0.000493,0.065926,0.028281,0.014649,0.566832,0.066089,0.025804
0.007632,0.001488,0.061984,0.077437,0.013097,1.694501,0.063647,0.071835
