vet-ins,vet-fnd,avl-ins,avl-fnd,hst-ins,hst-fnd,htr-ins,htr-fnd
0.001206,0.000044,0.003087,0.001048,0.001655,0.000075,0.002338,0.000637
0.004827,0.000364,0.016906,0.010269,0.006291,0.000655,0.011616,0.006499
0.006977,0.000314,0.027631,0.010726,0.011204,0.000548,0.023549,0.006368
0.014649,0.000712,0.067124,0.026007,0.019924,0.001342,0.051394,0.018274
0.016574,0.001972,0.061508,0.088545,0.019277,0.004157,0.050546,0.052988
