vet-ins,vet-fnd,avl-ins,avl-fnd,hst-ins,hst-fnd,htr-ins,htr-fnd
0.000520,0.000020,0.001876,0.000659,0.000753,0.004219,0.002112,0.000703
0.002327,0.000187,0.011561,0.007857,0.003741,0.189131,0.013245,0.008421
0.004066,0.000201,0.025828,0.008656,0.007012,0.293171,0.028237,0.009100
0.008312,0.000519,0.058517,0.024329,0.012837,0.728977,0.061717,0.026130
0.007620,0.001447,0.058245,0.072300,0.013564,1.646387,0.059697,0.074538
