vet-ins,vet-fnd,avl-ins,avl-fnd,hst-ins,hst-fnd,htr-ins,htr-fnd
0.000543,0.000020,0.001915,0.000665,0.000761,0.004231,0.002114,0.000703
0.002323,0.000188,0.011564,0.007807,0.003559,0.187996,0.013275,0.008575
0.004013,0.000208,0.026664,0.008884,0.006931,0.226042,0.026452,0.008541
0.008134,0.000488,0.059155,0.024447,0.013641,0.546070,0.059753,0.024451
0.007561,0.001480,0.060246,0.077293,0.013092,2.166933,0.060596,0.075096
