vet-ins,vet-fnd,avl-ins,avl-fnd,hst-ins,hst-fnd,htr-ins,htr-fnd
0.000901,0.000027,0.002190,0.000872,0.001518,0.000070,0.001633,0.000433
0.004258,0.000268,0.012699,0.009370,0.006765,0.000582,0.010747,0.005743
0.006915,0.000268,0.027964,0.009899,0.012190,0.000542,0.024639,0.007201
0.014177,0.000669,0.064125,0.027039,0.023232,0.001495,0.056946,0.019078
0.017501,0.002252,0.062456,0.081983,0.022233,0.004051,0.057739,0.055188
