vet-ins,vet-fnd,avl-ins,avl-fnd,hst-ins,hst-fnd,htr-ins,htr-fnd
0.000548,0.000019,0.001911,0.000669,0.000778,0.004348,0.002155,0.000712
0.002170,0.000197,0.011694,0.007951,0.003632,0.187979,0.012869,0.008349
0.004136,0.000202,0.025772,0.008724,0.006898,0.289054,0.028449,0.009194
0.008147,0.000491,0.059786,0.024328,0.013169,0.720135,0.062279,0.025527
0.007603,0.001442,0.058463,0.073589,0.013532,1.670604,0.060400,0.072321
