vet-ins,vet-fnd,avl-ins,avl-fnd,hst-ins,hst-fnd,htr-ins,htr-fnd
0.001421,0.000052,0.003658,0.001200,0.002198,0.000094,0.002730,0.000738
0.004003,0.000281,0.013951,0.009489,0.005938,0.000542,0.011340,0.005470
0.006600,0.000314,0.028237,0.010804,0.012632,0.000635,0.024270,0.006824
0.013402,0.000671,0.062632,0.030210,0.024090,0.001343,0.056616,0.019725
0.016937,0.002373,0.065163,0.085232,0.022926,0.004438,0.056498,0.056637
