vet-ins,vet-fnd,avl-ins,avl-fnd,hst-ins,hst-fnd,htr-ins,htr-fnd
0.000567,0.000021,0.002004,0.000693,0.000798,0.004435,0.002223,0.000742
0.002302,0.000188,0.011422,0.007864,0.003674,0.188414,0.012996,0.008369
0.004001,0.000203,0.025836,0.008648,0.007129,0.290415,0.028153,0.009113
0.008158,0.000498,0.058097,0.024231,0.013206,0.728119,0.061678,0.025236
0.007637,0.001455,0.058881,0.073076,0.012947,2.178867,0.060625,0.075418
