vet-ins,vet-fnd,avl-ins,avl-fnd,hst-ins,hst-fnd,htr-ins,htr-fnd
0.002116,0.000071,0.005932,0.002040,0.003130,0.000147,0.004362,0.001184
0.004128,0.000267,0.012378,0.008705,0.005360,0.000543,0.010448,0.005430
0.006409,0.000263,0.025922,0.009306,0.010373,0.000692,0.024567,0.007633
0.012917,0.000661,0.058512,0.026273,0.019908,0.001374,0.051444,0.018849
0.016148,0.001969,0.065828,0.090304,0.018713,0.004774,0.051376,0.056708
