vet-ins,vet-fnd,avl-ins,avl-fnd,hst-ins,hst-fnd,htr-ins,htr-fnd
0.002198,0.000068,0.005729,0.001983,0.003400,0.000164,0.004410,0.001055
0.004364,0.000313,0.013786,0.010172,0.006422,0.000644,0.012451,0.006694
0.007565,0.000313,0.033246,0.011953,0.013345,0.000634,0.028638,0.007831
0.015793,0.000794,0.076588,0.033046,0.025728,0.001602,0.069502,0.023711
0.017546,0.002009,0.072159,0.097130,0.022867,0.004552,0.067711,0.071082
