vet-ins,vet-fnd,avl-ins,avl-fnd,hst-ins,hst-fnd,htr-ins,htr-fnd
0.002009,0.000066,0.005860,0.002024,0.003063,0.000158,0.004136,0.001164
0.004801,0.000268,0.012524,0.008694,0.005357,0.000541,0.010020,0.005853
0.006464,0.000328,0.027132,0.009197,0.010145,0.000540,0.021877,0.006454
0.014709,0.000796,0.062027,0.026550,0.019518,0.001358,0.051818,0.018875
0.016087,0.001972,0.065642,0.079280,0.018576,0.004895,0.053671,0.055934
