vet-ins,vet-fnd,avl-ins,avl-fnd,hst-ins,hst-fnd,htr-ins,htr-fnd
0.002134,0.000072,0.005898,0.002037,0.003134,0.000147,0.004296,0.001177
0.004199,0.000262,0.013684,0.009491,0.005862,0.000633,0.010506,0.005586
0.007509,0.000324,0.026730,0.009227,0.010429,0.000638,0.021857,0.005976
0.013547,0.000655,0.063963,0.026123,0.019561,0.001353,0.053652,0.019008
0.016336,0.001972,0.065240,0.080825,0.018588,0.004049,0.050919,0.052404
