vet-ins,vet-fnd,avl-ins,avl-fnd,hst-ins,hst-fnd,htr-ins,htr-fnd
0.000523,0.000019,0.001866,0.000716,0.000756,0.004267,0.002128,0.000746
0.002354,0.000203,0.011742,0.008066,0.003686,0.190438,0.014989,0.008748
0.004464,0.000207,0.026583,0.009115,0.007141,0.295512,0.029179,0.009723
0.008234,0.000496,0.061051,0.025442,0.013732,0.554212,0.062841,0.025556
0.007821,0.001470,0.060835,0.077059,0.013641,1.662205,0.060695,0.073180
