vet-ins,vet-fnd,avl-ins,avl-fnd,hst-ins,hst-fnd,htr-ins,htr-fnd
0.001993,0.000070,0.005751,0.002003,0.002963,0.000157,0.004166,0.001081
0.004775,0.000263,0.012324,0.008999,0.005388,0.000536,0.010084,0.005389
0.006297,0.000267,0.025907,0.009266,0.010192,0.000535,0.022029,0.006652
0.014854,0.000780,0.062533,0.025884,0.019603,0.001361,0.051471,0.017822
0.017095,0.002223,0.060448,0.079164,0.018603,0.004013,0.051030,0.053482
