vet-ins,vet-fnd,avl-ins,avl-fnd,hst-ins,hst-fnd,htr-ins,htr-fnd
0.000557,0.000021,0.001978,0.000704,0.000836,0.003284,0.002128,0.000712
0.002306,0.000192,0.011263,0.007848,0.003619,0.141598,0.012256,0.007964
0.004013,0.000198,0.025485,0.008653,0.007075,0.223043,0.026860,0.008638
0.008164,0.000535,0.058151,0.024351,0.012973,0.728648,0.062327,0.025448
0.007554,0.001484,0.061212,0.073445,0.013302,1.683814,0.057925,0.071023
