vet-ins,vet-fnd,avl-ins,avl-fnd,hst-ins,hst-fnd,htr-ins,htr-fnd
0.000958,0.000033,0.002320,0.000920,0.001157,0.000053,0.001799,0.000541
0.003553,0.000266,0.012620,0.009110,0.005393,0.000578,0.010438,0.005390
0.006565,0.000263,0.025880,0.009240,0.010291,0.000656,0.022816,0.006009
0.012916,0.000655,0.058365,0.025879,0.019608,0.001338,0.052571,0.019444
0.017816,0.002101,0.060962,0.079852,0.019053,0.004028,0.052419,0.054201
