vet-ins,vet-fnd,avl-ins,avl-fnd,hst-ins,hst-fnd,htr-ins,htr-fnd
0.002036,0.000067,0.005825,0.002049,0.003327,0.000135,0.004213,0.001089
0.004934,0.000334,0.013078,0.008665,0.006187,0.000541,0.010877,0.005920
0.007040,0.000334,0.027591,0.010706,0.013002,0.000631,0.025663,0.006385
0.014706,0.000704,0.066563,0.028768,0.024188,0.001369,0.071844,0.019786
0.017643,0.002491,0.065716,0.082771,0.021626,0.004604,0.056027,0.058575
