vet-ins,vet-fnd,avl-ins,avl-fnd,hst-ins,hst-fnd,htr-ins,htr-fnd
0.000546,0.000019,0.001873,0.000673,0.000809,0.003180,0.002058,0.000668
0.002495,0.000192,0.011713,0.008218,0.003648,0.143659,0.012840,0.008234
0.004084,0.000207,0.025593,0.008732,0.007354,0.223606,0.026865,0.008843
0.007996,0.000491,0.058348,0.024508,0.013888,0.549576,0.060514,0.024382
0.007561,0.001438,0.058635,0.074033,0.013273,1.656911,0.060343,0.072408
