vet-ins,vet-fnd,avl-ins,avl-fnd,hst-ins,hst-fnd,htr-ins,htr-fnd
0.002196,0.000079,0.006011,0.002034,0.003556,0.000157,0.004709,0.001216
0.004589,0.000314,0.014632,0.010077,0.007130,0.000635,0.011754,0.006563
0.007012,0.000323,0.031830,0.011068,0.012913,0.000541,0.026329,0.007588
0.014656,0.000708,0.068551,0.029095,0.023482,0.001558,0.061844,0.019304
0.020266,0.002377,0.065222,0.083572,0.022764,0.004394,0.061905,0.061376
