vet-ins,vet-fnd,avl-ins,avl-fnd,hst-ins,hst-fnd,htr-ins,htr-fnd
0.001983,0.000077,0.005615,0.002104,0.003245,0.000158,0.004406,0.001166
0.005383,0.000262,0.013361,0.010572,0.006371,0.000645,0.011874,0.006364
0.007034,0.000307,0.031231,0.013176,0.012272,0.000640,0.027666,0.008353
0.014978,0.000737,0.060444,0.025877,0.019914,0.001634,0.056797,0.019884
0.018645,0.002237,0.061779,0.080935,0.019034,0.004188,0.050791,0.056773
