vet-ins,vet-fnd,avl-ins,avl-fnd,hst-ins,hst-fnd,htr-ins,htr-fnd
0.000523,0.000019,0.001878,0.000659,0.000773,0.004270,0.002134,0.000709
0.002323,0.000190,0.011378,0.007812,0.003594,0.190623,0.013444,0.008635
0.004174,0.000212,0.025743,0.008577,0.007110,0.290969,0.028201,0.009081
0.008405,0.000502,0.058752,0.024121,0.013559,0.547090,0.059175,0.024019
0.007774,0.001502,0.058428,0.073327,0.013288,1.658901,0.060122,0.072361
