vet-ins,vet-fnd,avl-ins,avl-fnd,hst-ins,hst-fnd,htr-ins,htr-fnd
0.000936,0.000031,0.002616,0.000888,0.001399,0.000069,0.001685,0.000513
0.003944,0.000316,0.013779,0.009233,0.005544,0.000590,0.010617,0.005441
0.006287,0.000272,0.026589,0.009250,0.010237,0.000543,0.022543,0.006516
0.014542,0.000759,0.065811,0.026879,0.020430,0.001356,0.054683,0.017830
0.016903,0.001966,0.064506,0.084630,0.020652,0.004453,0.057709,0.061614
