vet-ins,vet-fnd,avl-ins,avl-fnd,hst-ins,hst-fnd,htr-ins,htr-fnd
0.000959,0.000031,0.002562,0.000879,0.001476,0.000069,0.001910,0.000511
0.004296,0.000314,0.014543,0.010200,0.006877,0.000635,0.012192,0.006416
0.007492,0.000314,0.030516,0.010915,0.013200,0.000593,0.026803,0.007260
0.013607,0.000803,0.061848,0.027582,0.023155,0.001560,0.055909,0.019612
0.019418,0.002430,0.069637,0.092902,0.024772,0.004883,0.061042,0.057675
