vet-ins,vet-fnd,avl-ins,avl-fnd,hst-ins,hst-fnd,htr-ins,htr-fnd
0.000952,0.000044,0.003194,0.001052,0.001610,0.000079,0.002230,0.000607
0.004866,0.000368,0.017457,0.008972,0.005920,0.000540,0.010449,0.005413
0.006322,0.000264,0.026739,0.009355,0.010567,0.000547,0.022766,0.006016
0.013953,0.000656,0.069128,0.028615,0.020302,0.001350,0.053871,0.019456
0.016402,0.001978,0.061956,0.080206,0.018635,0.004091,0.058330,0.056089
