vet-ins,vet-fnd,avl-ins,avl-fnd,hst-ins,hst-fnd,htr-ins,htr-fnd
0.000998,0.000045,0.003106,0.001040,0.001738,0.000075,0.002242,0.000603
0.005015,0.000371,0.017171,0.009653,0.005897,0.000618,0.012236,0.006612
0.007647,0.000313,0.031665,0.011414,0.013189,0.000631,0.027424,0.007587
0.014681,0.000803,0.064885,0.030220,0.024437,0.001679,0.063538,0.022016
0.019949,0.002354,0.073823,0.092449,0.024070,0.004742,0.061051,0.062372
