vet-ins,vet-fnd,avl-ins,avl-fnd,hst-ins,hst-fnd,htr-ins,htr-fnd
0.000553,0.000019,0.001907,0.000665,0.000823,0.003259,0.002109,0.000668
0.002383,0.000189,0.011725,0.008300,0.003751,0.146187,0.012943,0.008304
0.004256,0.000198,0.026488,0.009109,0.007239,0.227866,0.027217,0.009176
0.008531,0.000489,0.061410,0.025710,0.013782,0.558843,0.069017,0.025453
0.007694,0.001512,0.060706,0.075268,0.013180,1.656986,0.059970,0.072619
