vet-ins,vet-fnd,avl-ins,avl-fnd,hst-ins,hst-fnd,htr-ins,htr-fnd
0.002341,0.000079,0.006333,0.002184,0.004864,0.000158,0.004700,0.001302
0.004457,0.000313,0.014771,0.010323,0.007388,0.000730,0.012363,0.007190
0.007690,0.000313,0.031150,0.011355,0.013169,0.000632,0.026566,0.007408
0.014134,0.000668,0.067271,0.030511,0.024310,0.001603,0.059392,0.019551
0.020223,0.003075,0.067750,0.098162,0.024606,0.004766,0.066790,0.069976
