vet-ins,vet-fnd,avl-ins,avl-fnd,hst-ins,hst-fnd,htr-ins,htr-fnd
0.000951,0.000031,0.002567,0.000881,0.001477,0.000064,0.001938,0.000567
0.004145,0.000314,0.014677,0.010197,0.006863,0.000635,0.012218,0.006432
0.007459,0.000313,0.030670,0.010838,0.013021,0.000636,0.026846,0.007189
0.015278,0.000794,0.069751,0.029513,0.023558,0.001508,0.058972,0.020223
0.017359,0.002009,0.063359,0.082332,0.021272,0.004051,0.059626,0.059702
