vet-ins,vet-fnd,avl-ins,avl-fnd,hst-ins,hst-fnd,htr-ins,htr-fnd
0.000822,0.000028,0.002941,0.001043,0.001739,0.000075,0.002292,0.000606
0.005010,0.000379,0.017343,0.008891,0.006474,0.000543,0.012282,0.006353
0.006640,0.000313,0.027840,0.009875,0.011625,0.000539,0.024700,0.006076
0.013660,0.000668,0.063357,0.029650,0.024354,0.001355,0.057935,0.018689
0.018422,0.002049,0.064573,0.082699,0.022482,0.004060,0.060857,0.060619
