vet-ins,vet-fnd,avl-ins,avl-fnd,hst-ins,hst-fnd,htr-ins,htr-fnd
0.000921,0.000027,0.002349,0.000912,0.001332,0.000054,0.001634,0.000436
0.003942,0.000267,0.013410,0.008877,0.006085,0.000539,0.011592,0.005878
0.006714,0.000331,0.027485,0.009614,0.011945,0.000673,0.024458,0.006875
0.013524,0.000668,0.062951,0.027911,0.022793,0.001411,0.059714,0.019817
0.017624,0.002004,0.064124,0.084834,0.022539,0.004409,0.056287,0.057440
