vet-ins,vet-fnd,avl-ins,avl-fnd,hst-ins,hst-fnd,htr-ins,htr-fnd
0.002010,0.000065,0.005514,0.001842,0.003049,0.000131,0.003931,0.001054
0.005066,0.000268,0.013617,0.008659,0.005882,0.000541,0.011201,0.005507
0.006639,0.000268,0.029865,0.013225,0.013470,0.000631,0.026374,0.007707
0.013946,0.000775,0.065808,0.029419,0.023179,0.001353,0.058243,0.021227
0.018758,0.002158,0.064687,0.085637,0.023233,0.004533,0.062175,0.070837
