vet-ins,vet-fnd,avl-ins,avl-fnd,hst-ins,hst-fnd,htr-ins,htr-fnd
0.001899,0.000064,0.005250,0.001824,0.002792,0.000130,0.003845,0.001049
0.005651,0.000328,0.012402,0.008736,0.005370,0.000540,0.010034,0.005395
0.006442,0.000270,0.026488,0.009262,0.010213,0.000543,0.023176,0.008923
0.012950,0.000656,0.059470,0.025935,0.019543,0.001353,0.051832,0.017689
0.016389,0.001971,0.059584,0.079962,0.018657,0.004049,0.052934,0.057452
