vet-ins,vet-fnd,avl-ins,avl-fnd,hst-ins,hst-fnd,htr-ins,htr-fnd
0.001255,0.000044,0.003068,0.001045,0.001602,0.000075,0.002204,0.000604
0.004857,0.000366,0.017125,0.010206,0.005877,0.000545,0.010070,0.005513
0.007262,0.000309,0.029370,0.010508,0.010751,0.000535,0.022389,0.006009
0.012827,0.000656,0.058499,0.026030,0.020414,0.001585,0.053010,0.018393
0.016897,0.001984,0.059556,0.079620,0.019030,0.004014,0.051132,0.055031
