vet-ins,vet-fnd,avl-ins,avl-fnd,hst-ins,hst-fnd,htr-ins,htr-fnd
0.000814,0.000027,0.002207,0.000745,0.001258,0.000058,0.001931,0.000517
0.004054,0.000268,0.012492,0.009143,0.006404,0.000673,0.010650,0.006553
0.006486,0.000269,0.028400,0.010509,0.012364,0.000649,0.024756,0.006801
0.013486,0.000858,0.063268,0.026682,0.024784,0.001561,0.059233,0.020130
0.018302,0.002378,0.066014,0.081750,0.021513,0.004364,0.055266,0.056365
