vet-ins,vet-fnd,avl-ins,avl-fnd,hst-ins,hst-fnd,htr-ins,htr-fnd
0.002297,0.000079,0.006063,0.002214,0.003607,0.000158,0.004598,0.001216
0.004605,0.000318,0.014355,0.009670,0.006160,0.000711,0.011136,0.005966
0.006487,0.000268,0.029220,0.010635,0.011647,0.000539,0.024428,0.006126
0.013911,0.000801,0.063325,0.027728,0.022429,0.001563,0.055158,0.018431
0.017223,0.002143,0.061250,0.084839,0.021729,0.004070,0.053903,0.056016
