vet-ins,vet-fnd,avl-ins,avl-fnd,hst-ins,hst-fnd,htr-ins,htr-fnd
0.001966,0.000065,0.005260,0.001814,0.003027,0.000131,0.004168,0.001057
0.006607,0.000372,0.013061,0.009126,0.005903,0.000539,0.010371,0.005472
0.006509,0.000269,0.026122,0.009274,0.011259,0.000538,0.022810,0.006095
0.014956,0.000672,0.063927,0.026141,0.022140,0.001341,0.053877,0.018146
0.017137,0.002084,0.060001,0.078652,0.021040,0.004043,0.055460,0.056027
