vet-ins,vet-fnd,avl-ins,avl-fnd,hst-ins,hst-fnd,htr-ins,htr-fnd
0.000576,0.000019,0.001866,0.000664,0.000772,0.004222,0.002150,0.000705
0.002169,0.000224,0.011491,0.007964,0.003571,0.186964,0.012878,0.008338
0.003991,0.000202,0.025666,0.008786,0.006887,0.286612,0.028250,0.009082
0.008156,0.000501,0.058309,0.024391,0.013143,0.721277,0.061194,0.025348
0.008052,0.001517,0.059483,0.074082,0.013607,1.653847,0.060840,0.072567
