vet-ins,vet-fnd,avl-ins,avl-fnd,hst-ins,hst-fnd,htr-ins,htr-fnd
0.000529,0.000020,0.001883,0.000666,0.000798,0.003226,0.002060,0.000671
0.002369,0.000195,0.011421,0.007971,0.003723,0.144282,0.012467,0.007961
0.004099,0.000204,0.025525,0.008596,0.007013,0.222799,0.026766,0.008602
0.008420,0.000520,0.059242,0.024411,0.013321,0.543908,0.059362,0.024028
0.007934,0.001500,0.058946,0.073034,0.013248,1.657918,0.060233,0.072194
