vet-ins,vet-fnd,avl-ins,avl-fnd,hst-ins,hst-fnd,htr-ins,htr-fnd
0.000956,0.000032,0.002563,0.000887,0.001473,0.000063,0.001912,0.000519
0.004298,0.000314,0.014656,0.010217,0.006907,0.000633,0.012226,0.006472
0.007678,0.000313,0.030095,0.010543,0.012258,0.000631,0.024628,0.006203
0.015033,0.000741,0.065616,0.028142,0.025211,0.001364,0.060796,0.019428
0.017870,0.002005,0.070483,0.083851,0.022291,0.004463,0.058538,0.057164
