vet-ins,vet-fnd,avl-ins,avl-fnd,hst-ins,hst-fnd,htr-ins,htr-fnd
0.000924,0.000031,0.002627,0.000883,0.001371,0.000064,0.001873,0.000518
0.003984,0.000307,0.014544,0.010232,0.006319,0.000632,0.011814,0.006350
0.007437,0.000308,0.030379,0.010823,0.011963,0.000633,0.025878,0.007113
0.014754,0.000769,0.068161,0.030088,0.022982,0.001491,0.058431,0.022773
0.018740,0.002338,0.068676,0.086537,0.019645,0.004509,0.058739,0.061949
