vet-ins,vet-fnd,avl-ins,avl-fnd,hst-ins,hst-fnd,htr-ins,htr-fnd
0.000549,0.000020,0.001958,0.000702,0.000832,0.003278,0.002136,0.000703
0.002495,0.000203,0.012033,0.008115,0.003766,0.142244,0.012079,0.007947
0.003839,0.000196,0.025966,0.008687,0.007068,0.223324,0.027001,0.008647
0.008103,0.000492,0.060881,0.024324,0.013778,0.569208,0.060439,0.024332
0.007556,0.001449,0.059572,0.081721,0.013281,2.279805,0.061761,0.080086
