vet-ins,vet-fnd,avl-ins,avl-fnd,hst-ins,hst-fnd,htr-ins,htr-fnd
0.002146,0.000079,0.005710,0.002079,0.003307,0.000135,0.004211,0.001259
0.005291,0.000268,0.013364,0.008631,0.006109,0.000671,0.011337,0.006411
0.007256,0.000335,0.027822,0.009155,0.011271,0.000538,0.022896,0.006014
0.013470,0.000675,0.060630,0.028898,0.024486,0.001627,0.056744,0.019601
0.016959,0.002010,0.072488,0.079283,0.020789,0.004054,0.057618,0.059867
