vet-ins,vet-fnd,avl-ins,avl-fnd,hst-ins,hst-fnd,htr-ins,htr-fnd
0.001140,0.000042,0.003049,0.001080,0.001649,0.000076,0.002364,0.000615
0.004833,0.000372,0.017190,0.010465,0.006467,0.000632,0.011941,0.006506
0.007588,0.000317,0.031532,0.011715,0.011903,0.000628,0.026578,0.007550
0.015215,0.000776,0.073087,0.031393,0.023327,0.001555,0.063266,0.019445
0.016248,0.001972,0.068785,0.085061,0.021872,0.004489,0.060006,0.063677
