vet-ins,vet-fnd,avl-ins,avl-fnd,hst-ins,hst-fnd,htr-ins,htr-fnd
0.000787,0.000027,0.002484,0.000756,0.001282,0.000063,0.001745,0.000434
0.003891,0.000263,0.012833,0.009161,0.005382,0.000545,0.010446,0.005409
0.006175,0.000263,0.025645,0.009288,0.010154,0.000546,0.021896,0.006024
0.012801,0.000656,0.062169,0.029379,0.021315,0.001344,0.052380,0.017938
0.016483,0.001966,0.062278,0.079675,0.019615,0.004260,0.050974,0.054626
