vet-ins,vet-fnd,avl-ins,avl-fnd,hst-ins,hst-fnd,htr-ins,htr-fnd
0.000816,0.000027,0.002613,0.000773,0.001455,0.000064,0.001831,0.000496
0.004138,0.000273,0.014025,0.009974,0.006575,0.000574,0.011384,0.005684
0.006719,0.000273,0.026772,0.009888,0.011603,0.000539,0.023904,0.006134
0.014408,0.000803,0.061671,0.026324,0.022059,0.001579,0.058897,0.019811
0.017094,0.002384,0.064485,0.087113,0.022874,0.004175,0.057022,0.057157
