vet-ins,vet-fnd,avl-ins,avl-fnd,hst-ins,hst-fnd,htr-ins,htr-fnd
0.000792,0.000026,0.002177,0.000751,0.001160,0.000053,0.001599,0.000435
0.003558,0.000262,0.012337,0.009162,0.005432,0.000535,0.010152,0.005404
0.006316,0.000264,0.025921,0.009365,0.010516,0.000535,0.022194,0.006396
0.012886,0.000656,0.064927,0.029896,0.021095,0.001604,0.052594,0.017842
0.016389,0.001976,0.061952,0.080151,0.018880,0.004032,0.051472,0.057926
