vet-ins,vet-fnd,avl-ins,avl-fnd,hst-ins,hst-fnd,htr-ins,htr-fnd
0.000803,0.000026,0.004365,0.001889,0.003065,0.000143,0.004140,0.001078
0.008035,0.000393,0.013741,0.008694,0.005473,0.000633,0.010285,0.005373
0.006277,0.000263,0.026232,0.009188,0.010198,0.000540,0.023670,0.006635
0.012997,0.000722,0.065589,0.027414,0.019728,0.001352,0.052046,0.018132
0.017603,0.001965,0.060608,0.079313,0.019188,0.004257,0.051603,0.053876
