vet-ins,vet-fnd,avl-ins,avl-fnd,hst-ins,hst-fnd,htr-ins,htr-fnd
0.002035,0.000078,0.005836,0.002114,0.003244,0.000135,0.004250,0.001150
0.004574,0.000313,0.014294,0.010190,0.006977,0.000540,0.011720,0.005742
0.006843,0.000275,0.026641,0.009858,0.011640,0.000540,0.023560,0.006154
0.014038,0.000711,0.071973,0.030957,0.023629,0.001644,0.059614,0.019312
0.018103,0.002041,0.061643,0.084711,0.022406,0.004639,0.056882,0.055060
