vet-ins,vet-fnd,avl-ins,avl-fnd,hst-ins,hst-fnd,htr-ins,htr-fnd
0.002194,0.000073,0.005875,0.002038,0.003456,0.000147,0.004371,0.001184
0.004523,0.000428,0.014046,0.009846,0.006414,0.000633,0.011195,0.005899
0.007097,0.000395,0.029379,0.010256,0.011802,0.000630,0.023066,0.006437
0.013191,0.000728,0.065327,0.026407,0.022207,0.001347,0.053805,0.018174
0.018287,0.002389,0.062260,0.086069,0.024571,0.004757,0.057679,0.062206
