vet-ins,vet-fnd,btr-ins,btr-fnd,hst-ins,hst-fnd,htr-ins,htr-fnd
0.002175,0.000065,0.005682,0.001788,0.002799,0.000132,0.003884,0.001059
0.005151,0.000288,0.013467,0.008470,0.005726,0.000545,0.010110,0.005406
0.006426,0.000268,0.030258,0.011232,0.011620,0.000551,0.023715,0.006318
0.014238,0.000805,0.065660,0.025703,0.019466,0.001389,0.054348,0.018264
0.017818,0.002298,0.067595,0.078903,0.018884,0.004090,0.053077,0.053343
