vet-ins,vet-fnd,avl-ins,avl-fnd,hst-ins,hst-fnd,htr-ins,htr-fnd
0.000793,0.000026,0.002171,0.000749,0.001156,0.000053,0.001717,0.000542
0.003861,0.000262,0.012740,0.008954,0.005389,0.000535,0.011222,0.006124
0.006827,0.000263,0.029519,0.010363,0.011299,0.000642,0.023715,0.006350
0.012998,0.000658,0.058831,0.026201,0.022246,0.001469,0.058738,0.020248
0.016481,0.001979,0.063766,0.079729,0.018974,0.004041,0.054622,0.057754
