vet-ins,vet-fnd,avl-ins,avl-fnd,hst-ins,hst-fnd,htr-ins,htr-fnd
0.000530,0.000020,0.001866,0.000701,0.000796,0.003151,0.002036,0.000674
0.002341,0.000194,0.011420,0.007936,0.003697,0.143306,0.012254,0.007960
0.004006,0.000199,0.025720,0.008673,0.007071,0.223165,0.026983,0.008660
0.008419,0.000504,0.058529,0.024334,0.012733,0.727706,0.060189,0.024865
0.007936,0.001521,0.059331,0.072756,0.013377,1.670189,0.059472,0.070949
