vet-ins,vet-fnd,avl-ins,avl-fnd,hst-ins,hst-fnd,htr-ins,htr-fnd
0.000562,0.000020,0.002005,0.000726,0.000800,0.004349,0.002251,0.000745
0.002325,0.000189,0.011403,0.007959,0.003649,0.187989,0.013151,0.008345
0.004022,0.000206,0.025642,0.008659,0.007102,0.292731,0.028714,0.009120
0.008220,0.000490,0.058551,0.024247,0.013508,0.548758,0.060194,0.024411
0.007526,0.001433,0.057722,0.072902,0.012716,2.193418,0.062161,0.075418
