vet-ins,vet-fnd,avl-ins,avl-fnd,hst-ins,hst-fnd,htr-ins,htr-fnd
0.000527,0.000020,0.001901,0.000662,0.000793,0.003188,0.002054,0.000688
0.002373,0.000188,0.011412,0.007993,0.003629,0.143049,0.012752,0.008190
0.004086,0.000211,0.026269,0.008924,0.007351,0.229223,0.027203,0.008813
0.008406,0.000508,0.059856,0.024942,0.014339,0.551219,0.059565,0.024350
0.007546,0.001610,0.059191,0.073224,0.012903,1.665801,0.060252,0.073655
