vet-ins,vet-fnd,avl-ins,avl-fnd,hst-ins,hst-fnd,htr-ins,htr-fnd
0.000831,0.000027,0.002211,0.000751,0.001260,0.000054,0.001617,0.000440
0.003881,0.000275,0.013714,0.008654,0.005979,0.000634,0.010947,0.005466
0.006924,0.000268,0.028562,0.009527,0.012149,0.000539,0.023581,0.006059
0.013184,0.000668,0.063440,0.028544,0.024688,0.001558,0.056249,0.018206
0.017304,0.002006,0.062122,0.080818,0.020738,0.004690,0.053418,0.055109
