vet-ins,vet-fnd,avl-ins,avl-fnd,hst-ins,hst-fnd,htr-ins,htr-fnd
0.000525,0.000019,0.001884,0.000662,0.000834,0.003126,0.002059,0.000665
0.002340,0.000232,0.012361,0.008146,0.003967,0.150977,0.013914,0.008529
0.004484,0.000202,0.027745,0.010001,0.007369,0.230131,0.029722,0.009649
0.008182,0.000604,0.061102,0.024305,0.014964,0.564036,0.066585,0.027030
0.007758,0.001469,0.059643,0.075700,0.012801,2.226495,0.062410,0.075285
