vet-ins,vet-fnd,avl-ins,avl-fnd,hst-ins,hst-fnd,htr-ins,htr-fnd
0.002344,0.000082,0.006320,0.002193,0.003637,0.000157,0.004671,0.001276
0.004643,0.000314,0.014584,0.010359,0.007013,0.000631,0.012338,0.006431
0.007578,0.000315,0.031649,0.011468,0.013236,0.000630,0.027914,0.007347
0.015561,0.000789,0.068806,0.032033,0.025865,0.001598,0.066244,0.022323
0.018435,0.002376,0.066405,0.101617,0.023926,0.004612,0.057993,0.061006
