vet-ins,vet-fnd,avl-ins,avl-fnd,hst-ins,hst-fnd,htr-ins,htr-fnd
0.000533,0.000020,0.002011,0.000662,0.000792,0.004232,0.002177,0.000705
0.002339,0.000191,0.011828,0.008176,0.003456,0.187554,0.013380,0.008513
0.004251,0.000203,0.026429,0.009191,0.006898,0.294823,0.028865,0.009615
0.008271,0.000497,0.061391,0.025346,0.013561,0.737699,0.064833,0.025640
0.007707,0.001592,0.061547,0.077578,0.012963,2.224053,0.064616,0.078873
