vet-ins,vet-fnd,avl-ins,avl-fnd,hst-ins,hst-fnd,htr-ins,htr-fnd
0.000916,0.000031,0.003450,0.001285,0.001965,0.000080,0.002621,0.000697
0.005754,0.000384,0.018090,0.010347,0.006263,0.000540,0.011590,0.005409
0.006618,0.000263,0.026238,0.009287,0.010558,0.000542,0.022015,0.005976
0.012712,0.000656,0.059097,0.026412,0.021454,0.001581,0.055095,0.018198
0.016437,0.002353,0.060158,0.082225,0.019150,0.004052,0.051716,0.054576
