vet-ins,vet-fnd,avl-ins,avl-fnd,hst-ins,hst-fnd,htr-ins,htr-fnd
0.002187,0.000073,0.005990,0.002029,0.003401,0.000147,0.004424,0.001193
0.004135,0.000313,0.014351,0.009426,0.006109,0.000637,0.011027,0.006134
0.007087,0.000268,0.028224,0.009481,0.011820,0.000632,0.024399,0.006385
0.013115,0.000676,0.070807,0.028416,0.023274,0.001584,0.063493,0.022510
0.020512,0.002433,0.074472,0.095560,0.024392,0.004761,0.066756,0.067806
