vet-ins,vet-fnd,avl-ins,avl-fnd,hst-ins,hst-fnd,htr-ins,htr-fnd
0.000926,0.000030,0.002397,0.000886,0.001432,0.000068,0.001792,0.000543
0.004964,0.000365,0.017153,0.009615,0.005410,0.000543,0.010083,0.005522
0.006350,0.000263,0.025973,0.009270,0.010204,0.000544,0.023159,0.006176
0.013377,0.000656,0.059752,0.026613,0.019809,0.001352,0.051901,0.018033
0.016559,0.002193,0.059694,0.079151,0.019302,0.004270,0.054136,0.058176
