vet-ins,vet-fnd,avl-ins,avl-fnd,hst-ins,hst-fnd,htr-ins,htr-fnd
0.000541,0.000020,0.001934,0.000690,0.000779,0.004353,0.002213,0.000709
0.002308,0.000190,0.011359,0.007913,0.003380,0.186867,0.013570,0.008632
0.004138,0.000207,0.025505,0.008774,0.006853,0.287114,0.028395,0.009177
0.007998,0.000504,0.060371,0.024463,0.012996,0.729806,0.060775,0.025065
0.007561,0.001438,0.059184,0.073079,0.012979,2.157674,0.062280,0.076775
