vet-ins,vet-fnd,avl-ins,avl-fnd,hst-ins,hst-fnd,htr-ins,htr-fnd
0.001912,0.000066,0.005726,0.001953,0.003023,0.000136,0.004343,0.001092
0.005014,0.000266,0.013651,0.009357,0.005990,0.000637,0.011000,0.006373
0.006314,0.000266,0.027199,0.009941,0.010651,0.000545,0.021820,0.006060
0.013334,0.000773,0.062273,0.029649,0.020698,0.001340,0.054397,0.018680
0.016837,0.002283,0.059710,0.083839,0.018995,0.004139,0.050785,0.053557
