vet-ins,vet-fnd,avl-ins,avl-fnd,hst-ins,hst-fnd,htr-ins,htr-fnd
0.002038,0.000066,0.005839,0.001980,0.003022,0.000158,0.004257,0.001124
0.004493,0.000262,0.012948,0.008827,0.005381,0.000540,0.010445,0.005573
0.006680,0.000263,0.027967,0.010054,0.012253,0.000666,0.026848,0.007661
0.015171,0.000822,0.075445,0.033034,0.023199,0.001635,0.057219,0.018644
0.018263,0.001966,0.061532,0.085052,0.022264,0.004966,0.063945,0.067432
