vet-ins,vet-fnd,avl-ins,avl-fnd,hst-ins,hst-fnd,htr-ins,htr-fnd
0.000525,0.000019,0.001862,0.000666,0.000826,0.003365,0.002145,0.000711
0.002337,0.000204,0.011425,0.007920,0.003684,0.144674,0.012693,0.008095
0.004120,0.000219,0.026746,0.009079,0.006976,0.225341,0.026378,0.008522
0.008187,0.000510,0.058138,0.024172,0.013872,0.546058,0.059932,0.024588
0.007522,0.001421,0.059076,0.073240,0.012578,2.168472,0.061315,0.075460
