vet-ins,vet-fnd,avl-ins,avl-fnd,hst-ins,hst-fnd,htr-ins,htr-fnd
0.002133,0.000072,0.005925,0.002041,0.003124,0.000146,0.004317,0.001182
0.004558,0.000262,0.012768,0.008703,0.005713,0.000538,0.010039,0.005385
0.006284,0.000263,0.027910,0.010218,0.010160,0.000538,0.022062,0.006586
0.012695,0.000672,0.059502,0.025881,0.020039,0.001341,0.053240,0.020467
0.016501,0.001971,0.061342,0.080023,0.018858,0.004123,0.051768,0.053036
