vet-ins,vet-fnd,avl-ins,avl-fnd,hst-ins,hst-fnd,htr-ins,htr-fnd
0.000549,0.000020,0.001974,0.000696,0.000797,0.004283,0.002161,0.000704
0.002372,0.000193,0.011372,0.007839,0.003578,0.186332,0.013371,0.008399
0.004182,0.000203,0.025664,0.008622,0.007145,0.288704,0.028390,0.009055
0.008170,0.000492,0.058701,0.024425,0.013277,0.725366,0.061305,0.025162
0.008021,0.001529,0.059531,0.073298,0.013623,1.648184,0.060312,0.072319
