vet-ins,vet-fnd,avl-ins,avl-fnd,hst-ins,hst-fnd,htr-ins,htr-fnd
0.002370,0.000078,0.005523,0.001815,0.003151,0.000176,0.004912,0.001086
0.004793,0.000391,0.015869,0.010215,0.006760,0.000571,0.011797,0.006352
0.007268,0.000279,0.027699,0.010465,0.012266,0.000633,0.027374,0.008412
0.015544,0.000921,0.082385,0.031087,0.025476,0.001584,0.065121,0.022114
0.021051,0.002435,0.077438,0.100211,0.024007,0.004934,0.062443,0.060832
