vet-ins,vet-fnd,avl-ins,avl-fnd,hst-ins,hst-fnd,htr-ins,htr-fnd
0.002047,0.000065,0.005654,0.001915,0.003023,0.000139,0.004196,0.001242
0.004689,0.000262,0.013096,0.009072,0.005378,0.000544,0.010074,0.005419
0.006168,0.000262,0.025995,0.009815,0.010204,0.000546,0.022050,0.006045
0.012846,0.000658,0.060346,0.026437,0.020112,0.001355,0.052669,0.018016
0.016395,0.001973,0.061277,0.079191,0.018702,0.004133,0.050853,0.053039
