vet-ins,vet-fnd,avl-ins,avl-fnd,hst-ins,hst-fnd,htr-ins,htr-fnd
0.000790,0.000026,0.002168,0.000753,0.001154,0.000053,0.001815,0.000507
0.003593,0.000263,0.012858,0.009517,0.005377,0.000539,0.010088,0.005389
0.006232,0.000263,0.026271,0.009317,0.010143,0.000535,0.022005,0.005966
0.013273,0.000659,0.061348,0.030002,0.021618,0.001340,0.053945,0.017921
0.017434,0.002167,0.062774,0.081099,0.018674,0.004572,0.051591,0.053732
