vet-ins,vet-fnd,avl-ins,avl-fnd,hst-ins,hst-fnd,htr-ins,htr-fnd
0.000609,0.000021,0.002003,0.000704,0.000872,0.003403,0.002174,0.000703
0.002440,0.000196,0.011634,0.008060,0.003808,0.145553,0.012861,0.008197
0.004133,0.000207,0.026297,0.008906,0.006998,0.291948,0.027727,0.009108
0.008220,0.000511,0.058387,0.024379,0.012600,0.729640,0.060514,0.024763
0.007628,0.001446,0.058418,0.073567,0.013146,2.163315,0.062050,0.075624
