vet-ins,vet-fnd,avl-ins,avl-fnd,hst-ins,hst-fnd,htr-ins,htr-fnd
0.000949,0.000032,0.002562,0.000872,0.001443,0.000054,0.001753,0.000510
0.004280,0.000314,0.013764,0.009744,0.006925,0.000662,0.010823,0.005558
0.007201,0.000319,0.027088,0.009547,0.012089,0.000541,0.023414,0.006803
0.015205,0.000826,0.063668,0.027917,0.024392,0.001517,0.056925,0.019456
0.017987,0.002164,0.064525,0.083624,0.023741,0.004701,0.060589,0.065697
