vet-ins,vet-fnd,avl-ins,avl-fnd,hst-ins,hst-fnd,htr-ins,htr-fnd
0.002185,0.000073,0.005953,0.002038,0.003396,0.000147,0.004476,0.001185
0.004519,0.000267,0.012500,0.008657,0.005899,0.000539,0.010869,0.005452
0.006919,0.000340,0.026229,0.009194,0.011269,0.000538,0.023028,0.006058
0.013107,0.000668,0.060856,0.025706,0.022096,0.001347,0.053442,0.017796
0.016455,0.002009,0.060721,0.080613,0.023072,0.004090,0.054788,0.055520
