vet-ins,vet-fnd,avl-ins,avl-fnd,hst-ins,hst-fnd,htr-ins,htr-fnd
0.002234,0.000077,0.006147,0.002042,0.003324,0.000157,0.004588,0.001285
0.004743,0.000308,0.014902,0.010274,0.006074,0.000633,0.011683,0.005430
0.006294,0.000263,0.029414,0.009876,0.011007,0.000627,0.026067,0.007374
0.013539,0.000658,0.058977,0.029935,0.022258,0.001506,0.059080,0.018362
0.016854,0.002191,0.068419,0.095388,0.022605,0.004905,0.062121,0.062100
