vet-ins,vet-fnd,avl-ins,avl-fnd,hst-ins,hst-fnd,htr-ins,htr-fnd
0.001968,0.000066,0.005769,0.001884,0.002841,0.000135,0.004125,0.001079
0.005132,0.000263,0.012312,0.008721,0.006571,0.000633,0.010757,0.005386
0.006198,0.000263,0.025858,0.009221,0.010178,0.000540,0.022395,0.005995
0.012770,0.000660,0.059246,0.029344,0.022247,0.001349,0.054714,0.018782
0.016146,0.001970,0.064063,0.079304,0.020491,0.004166,0.049765,0.052988
