vet-ins,vet-fnd,avl-ins,avl-fnd,hst-ins,hst-fnd,htr-ins,htr-fnd
0.000838,0.000027,0.003105,0.001083,0.001747,0.000075,0.002275,0.000616
0.005049,0.000391,0.017073,0.009745,0.007292,0.000631,0.012556,0.006656
0.006848,0.000319,0.029175,0.009744,0.011259,0.000538,0.025322,0.007181
0.013377,0.000670,0.061466,0.027412,0.021846,0.001350,0.054740,0.018486
0.016917,0.002116,0.061292,0.082110,0.020780,0.004099,0.054313,0.055605
