vet-ins,vet-fnd,avl-ins,avl-fnd,hst-ins,hst-fnd,htr-ins,htr-fnd
0.001283,0.000037,0.003001,0.001055,0.001609,0.000076,0.002208,0.000608
0.004795,0.000364,0.016882,0.008756,0.005663,0.000547,0.010071,0.005419
0.006211,0.000263,0.025884,0.009318,0.010127,0.000544,0.023328,0.006950
0.012748,0.000655,0.061757,0.026314,0.019607,0.001365,0.055096,0.019238
0.016892,0.001970,0.059435,0.080048,0.018562,0.004103,0.052577,0.055147
