vet-ins,vet-fnd,avl-ins,avl-fnd,hst-ins,hst-fnd,htr-ins,htr-fnd
0.001935,0.000066,0.005780,0.001976,0.002922,0.000158,0.004386,0.001079
0.004589,0.000267,0.013903,0.009629,0.006101,0.000543,0.010062,0.005661
0.006754,0.000328,0.025863,0.009237,0.010164,0.000539,0.024992,0.006560
0.012782,0.000661,0.058901,0.028544,0.020439,0.001352,0.051568,0.017747
0.016094,0.001975,0.059437,0.082470,0.019146,0.004053,0.050784,0.052916
