vet-ins,vet-fnd,avl-ins,avl-fnd,hst-ins,hst-fnd,htr-ins,htr-fnd
0.000530,0.000019,0.001868,0.000671,0.000827,0.003118,0.002052,0.000668
0.002223,0.000191,0.012205,0.008143,0.004016,0.144443,0.013441,0.008284
0.004539,0.000203,0.026263,0.009505,0.006976,0.226000,0.026889,0.009662
0.008184,0.000493,0.063241,0.026441,0.013539,0.552242,0.067935,0.026413
0.007648,0.001442,0.062439,0.079213,0.013782,1.710576,0.067729,0.077299
