vet-ins,vet-fnd,avl-ins,avl-fnd,hst-ins,hst-fnd,htr-ins,htr-fnd
0.002211,0.000068,0.005743,0.001873,0.003361,0.000158,0.004389,0.001131
0.005113,0.000302,0.012488,0.008665,0.005911,0.000544,0.010521,0.005455
0.006641,0.000273,0.027626,0.009365,0.011620,0.000541,0.024057,0.006128
0.013191,0.000668,0.059203,0.025938,0.022210,0.001349,0.054495,0.018513
0.018460,0.002456,0.064322,0.086471,0.020821,0.004052,0.053381,0.069530
