vet-ins,vet-fnd,avl-ins,avl-fnd,hst-ins,hst-fnd,htr-ins,htr-fnd
0.002075,0.000067,0.005780,0.001891,0.003205,0.000158,0.004585,0.001262
0.004962,0.000321,0.014360,0.010188,0.006659,0.000632,0.011602,0.006176
0.007000,0.000268,0.027797,0.009725,0.012855,0.000636,0.024759,0.006897
0.014047,0.000783,0.063725,0.026519,0.022819,0.001349,0.055926,0.020330
0.017316,0.002071,0.061853,0.084268,0.021502,0.004268,0.059258,0.060613
