vet-ins,vet-fnd,avl-ins,avl-fnd,hst-ins,hst-fnd,htr-ins,htr-fnd
0.001867,0.000064,0.005216,0.001822,0.002792,0.000132,0.003821,0.001053
0.005745,0.000327,0.012481,0.009677,0.006396,0.000633,0.011273,0.006010
0.006486,0.000263,0.026650,0.009289,0.010524,0.000584,0.025037,0.006828
0.012711,0.000656,0.061846,0.027731,0.019680,0.001349,0.056375,0.019446
0.016662,0.001968,0.071931,0.097497,0.022591,0.004982,0.061351,0.064725
