vet-ins,vet-fnd,avl-ins,avl-fnd,hst-ins,hst-fnd,htr-ins,htr-fnd
0.000553,0.000019,0.001867,0.000668,0.000862,0.003166,0.002087,0.000670
0.002403,0.000186,0.011514,0.007887,0.003704,0.141284,0.012406,0.007948
0.004070,0.000208,0.025795,0.008691,0.007217,0.223815,0.026807,0.008667
0.008388,0.000532,0.058278,0.025497,0.013005,0.747333,0.064330,0.027040
0.007757,0.001477,0.063084,0.084909,0.014094,1.688836,0.060495,0.074910
