vet-ins,vet-fnd,avl-ins,avl-fnd,hst-ins,hst-fnd,htr-ins,htr-fnd
0.000572,0.000021,0.002026,0.000716,0.000800,0.004465,0.002220,0.000742
0.002337,0.000192,0.011524,0.007881,0.003543,0.190288,0.013405,0.008659
0.004122,0.000203,0.026429,0.009072,0.007237,0.291088,0.028299,0.009163
0.008398,0.000501,0.058648,0.024284,0.013963,0.546757,0.060666,0.024573
0.007968,0.001544,0.059499,0.073769,0.012818,1.642805,0.059388,0.071893
