vet-ins,vet-fnd,avl-ins,avl-fnd,hst-ins,hst-fnd,htr-ins,htr-fnd
0.002250,0.000077,0.006104,0.002043,0.003023,0.000158,0.004203,0.001112
0.004612,0.000312,0.012533,0.008762,0.005346,0.000535,0.010072,0.005444
0.006383,0.000263,0.025831,0.009317,0.010196,0.000538,0.022040,0.006031
0.013057,0.000656,0.065904,0.026725,0.019647,0.001501,0.051597,0.019529
0.017123,0.001968,0.062600,0.082604,0.019575,0.004071,0.051001,0.054427
