vet-ins,vet-fnd,avl-ins,avl-fnd,hst-ins,hst-fnd,htr-ins,htr-fnd
0.000956,0.000031,0.003266,0.001034,0.001758,0.000075,0.002320,0.000609
0.005091,0.000372,0.017580,0.010502,0.006629,0.000628,0.012339,0.006208
0.007176,0.000313,0.030926,0.010700,0.013534,0.000706,0.027528,0.006872
0.014834,0.000787,0.070988,0.029610,0.025214,0.001652,0.062195,0.018897
0.018953,0.002216,0.065950,0.086441,0.022561,0.004502,0.057231,0.056502
