vet-ins,vet-fnd,avl-ins,avl-fnd,hst-ins,hst-fnd,htr-ins,htr-fnd
0.000530,0.000020,0.001881,0.000670,0.000826,0.003037,0.002081,0.000666
0.002330,0.000189,0.011451,0.007957,0.003528,0.139286,0.012573,0.008089
0.004141,0.000204,0.025776,0.008708,0.006963,0.231036,0.027407,0.008667
0.008100,0.000492,0.058586,0.024414,0.013447,0.550911,0.060607,0.024361
0.008123,0.001531,0.059185,0.073441,0.012963,1.710644,0.062750,0.082670
