vet-ins,vet-fnd,avl-ins,avl-fnd,hst-ins,hst-fnd,htr-ins,htr-fnd
0.000532,0.000020,0.001870,0.000694,0.000825,0.003149,0.002038,0.000727
0.002361,0.000192,0.012111,0.008200,0.003958,0.146107,0.013438,0.008539
0.003948,0.000201,0.025885,0.008737,0.007062,0.222074,0.026998,0.008615
0.008163,0.000496,0.061099,0.025335,0.013241,0.730280,0.061683,0.026016
0.007746,0.001505,0.060235,0.074819,0.013461,1.661779,0.057945,0.070493
