vet-ins,vet-fnd,avl-ins,avl-fnd,hst-ins,hst-fnd,htr-ins,htr-fnd
0.002128,0.000079,0.005662,0.001974,0.003330,0.000135,0.004197,0.001203
0.004071,0.000273,0.012821,0.008812,0.005987,0.000649,0.010514,0.005461
0.006436,0.000276,0.026007,0.009469,0.011191,0.000537,0.023340,0.006615
0.013311,0.000675,0.058904,0.025671,0.021788,0.001343,0.053231,0.018469
0.016658,0.002110,0.063452,0.084761,0.027885,0.004647,0.054820,0.053158
