vet-ins,vet-fnd,avl-ins,avl-fnd,hst-ins,hst-fnd,htr-ins,htr-fnd
0.002218,0.000067,0.005797,0.001863,0.003496,0.000158,0.004341,0.001079
0.004767,0.000267,0.013491,0.009586,0.007187,0.000632,0.011750,0.006109
0.006678,0.000313,0.026965,0.010389,0.011759,0.000661,0.025593,0.006138
0.013484,0.000668,0.065330,0.027610,0.023349,0.001350,0.053692,0.018098
0.017523,0.002041,0.065236,0.079452,0.020913,0.004054,0.054165,0.053318
