vet-ins,vet-fnd,avl-ins,avl-fnd,hst-ins,hst-fnd,htr-ins,htr-fnd
0.000955,0.000031,0.002562,0.000878,0.001478,0.000064,0.001903,0.000510
0.004313,0.000314,0.014676,0.010158,0.006874,0.000633,0.012226,0.006425
0.007573,0.000314,0.030841,0.010854,0.013101,0.000632,0.026948,0.007182
0.015407,0.000782,0.071184,0.030862,0.025463,0.001586,0.064684,0.021408
0.019903,0.002354,0.071616,0.091022,0.024380,0.004851,0.064046,0.066484
