vet-ins,vet-fnd,avl-ins,avl-fnd,hst-ins,hst-fnd,htr-ins,htr-fnd
0.000792,0.000026,0.002164,0.000749,0.001205,0.000063,0.001888,0.000437
0.003553,0.000263,0.012866,0.008707,0.005394,0.000541,0.010642,0.005402
0.006283,0.000263,0.027680,0.010244,0.011371,0.000665,0.024422,0.006010
0.012655,0.000656,0.059476,0.026054,0.019637,0.001337,0.055240,0.018163
0.016398,0.001996,0.059375,0.082371,0.020475,0.004458,0.054698,0.053670
