vet-ins,vet-fnd,avl-ins,avl-fnd,hst-ins,hst-fnd,htr-ins,htr-fnd
0.002182,0.000073,0.006045,0.002031,0.003407,0.000147,0.004418,0.001182
0.004105,0.000272,0.012535,0.008589,0.005889,0.000539,0.010410,0.005545
0.006924,0.000268,0.026256,0.009712,0.013424,0.000546,0.025447,0.006314
0.013746,0.000782,0.062242,0.025556,0.021771,0.001352,0.067879,0.020144
0.018018,0.002022,0.060843,0.083042,0.020822,0.004057,0.053617,0.054281
