vet-ins,vet-fnd,avl-ins,avl-fnd,hst-ins,hst-fnd,htr-ins,htr-fnd
0.002195,0.000073,0.005968,0.002056,0.003421,0.000146,0.004414,0.001192
0.004163,0.000269,0.012450,0.008657,0.005974,0.000632,0.010608,0.005459
0.006810,0.000269,0.027106,0.009899,0.011280,0.000538,0.022903,0.006071
0.013017,0.000675,0.062774,0.026233,0.021771,0.001375,0.056196,0.017901
0.016497,0.002011,0.060019,0.084291,0.022801,0.004344,0.054986,0.056125
