vet-ins,vet-fnd,avl-ins,avl-fnd,hst-ins,hst-fnd,htr-ins,htr-fnd
0.002032,0.000079,0.005799,0.001992,0.003301,0.000152,0.004231,0.001132
0.004353,0.000277,0.012502,0.008657,0.005901,0.000540,0.011076,0.006099
0.006713,0.000268,0.026212,0.009138,0.011200,0.000539,0.022950,0.006055
0.013271,0.000669,0.059183,0.028042,0.024494,0.001460,0.065219,0.025185
0.017499,0.002265,0.080256,0.094358,0.023439,0.004109,0.056961,0.062701
