vet-ins,vet-fnd,avl-ins,avl-fnd,hst-ins,hst-fnd,htr-ins,htr-fnd
0.000821,0.000027,0.003066,0.001047,0.001739,0.000075,0.002278,0.000603
0.005030,0.000371,0.016908,0.009108,0.006321,0.000539,0.011265,0.005716
0.006631,0.000269,0.026088,0.009186,0.011196,0.000539,0.022977,0.006037
0.013310,0.000675,0.074889,0.032454,0.022292,0.001348,0.054532,0.019497
0.016961,0.002014,0.061070,0.078448,0.021198,0.004169,0.056335,0.053551
