vet-ins,vet-fnd,avl-ins,avl-fnd,hst-ins,hst-fnd,htr-ins,htr-fnd
0.000526,0.000019,0.001871,0.000669,0.000821,0.003127,0.002079,0.000670
0.002309,0.000231,0.011434,0.007987,0.003653,0.141839,0.012483,0.007990
0.004025,0.000204,0.025567,0.008710,0.007178,0.223350,0.027225,0.008941
0.008421,0.000509,0.059403,0.024943,0.013129,0.736400,0.060615,0.024960
0.007727,0.001509,0.059730,0.074756,0.013424,1.641141,0.057891,0.070889
