vet-ins,vet-fnd,avl-ins,avl-fnd,hst-ins,hst-fnd,htr-ins,htr-fnd
0.000550,0.000020,0.001969,0.000700,0.000840,0.003332,0.002125,0.000705
0.002339,0.000187,0.011298,0.007894,0.003649,0.141873,0.012324,0.008019
0.004037,0.000203,0.025637,0.008744,0.007228,0.229132,0.027533,0.008984
0.008241,0.000593,0.061697,0.025591,0.013921,0.560900,0.061917,0.024720
0.007565,0.001450,0.058755,0.073497,0.013367,1.669843,0.059423,0.072433
