vet-ins,vet-fnd,avl-ins,avl-fnd,hst-ins,hst-fnd,htr-ins,htr-fnd
0.001152,0.000045,0.003250,0.001043,0.001749,0.000075,0.002265,0.000611
0.005080,0.000391,0.017529,0.009717,0.006581,0.000673,0.011579,0.006213
0.006515,0.000269,0.027616,0.009701,0.011578,0.000539,0.023115,0.006046
0.013131,0.000674,0.059646,0.027502,0.023278,0.001350,0.056273,0.018652
0.018690,0.002349,0.068099,0.080813,0.022280,0.004136,0.052628,0.065183
