vet-ins,vet-fnd,avl-ins,avl-fnd,hst-ins,hst-fnd,htr-ins,htr-fnd
0.001167,0.000037,0.003020,0.001047,0.001611,0.000075,0.002205,0.000603
0.004902,0.000364,0.016112,0.009733,0.006023,0.000626,0.010380,0.005394
0.006386,0.000263,0.028902,0.010289,0.010928,0.000649,0.023593,0.006045
0.012668,0.000655,0.063885,0.027645,0.020237,0.001359,0.052026,0.018187
0.016471,0.001976,0.062609,0.084416,0.019023,0.004111,0.051862,0.054703
