vet-ins,vet-fnd,avl-ins,avl-fnd,hst-ins,hst-fnd,htr-ins,htr-fnd
0.000521,0.000019,0.002316,0.000720,0.000781,0.004300,0.002193,0.000725
0.002226,0.000195,0.011902,0.008533,0.003711,0.191453,0.016029,0.009197
0.003909,0.000208,0.025929,0.009201,0.007118,0.298788,0.029808,0.009661
0.008853,0.000488,0.063210,0.025866,0.013724,0.737344,0.065705,0.030516
0.007639,0.001454,0.060349,0.075798,0.013023,2.220067,0.062570,0.076219
