vet-ins,vet-fnd,avl-ins,avl-fnd,hst-ins,hst-fnd,htr-ins,htr-fnd
0.000565,0.000020,0.001924,0.000704,0.000818,0.004392,0.002187,0.000754
0.002438,0.000190,0.013371,0.008649,0.004241,0.193298,0.014527,0.009492
0.004112,0.000210,0.029720,0.009433,0.007726,0.299007,0.029852,0.010258
0.009006,0.000505,0.068275,0.028460,0.013585,0.743023,0.067421,0.028447
0.007639,0.001449,0.064674,0.073602,0.012680,2.196362,0.068391,0.079440
