vet-ins,vet-fnd,avl-ins,avl-fnd,hst-ins,hst-fnd,htr-ins,htr-fnd
0.001892,0.000063,0.005218,0.001837,0.002786,0.000130,0.003860,0.001056
0.005801,0.000317,0.013171,0.009189,0.005354,0.000538,0.010148,0.005423
0.006585,0.000271,0.026166,0.009724,0.010577,0.000538,0.023771,0.007034
0.012965,0.000699,0.065202,0.032493,0.022329,0.001464,0.056679,0.020115
0.019180,0.002347,0.073546,0.095700,0.022046,0.004757,0.063310,0.065476
