vet-ins,vet-fnd,avl-ins,avl-fnd,hst-ins,hst-fnd,htr-ins,htr-fnd
0.001142,0.000040,0.003690,0.001301,0.002007,0.000079,0.002741,0.000661
0.006012,0.000475,0.017207,0.009670,0.006980,0.000636,0.010523,0.005854
0.007257,0.000267,0.026933,0.009262,0.011640,0.000691,0.026060,0.006540
0.013194,0.000669,0.060669,0.027263,0.022067,0.001351,0.053994,0.018137
0.016881,0.002011,0.060352,0.078843,0.022190,0.004748,0.058790,0.053449
