vet-ins,vet-fnd,avl-ins,avl-fnd,hst-ins,hst-fnd,htr-ins,htr-fnd
0.000794,0.000027,0.002201,0.000750,0.001201,0.000063,0.001924,0.000436
0.003626,0.000263,0.012490,0.008715,0.005405,0.000545,0.010198,0.005428
0.006385,0.000267,0.026507,0.010310,0.011745,0.000539,0.024866,0.006397
0.012952,0.000657,0.058972,0.026242,0.020489,0.001361,0.054025,0.018639
0.016074,0.001974,0.059893,0.083344,0.020002,0.004059,0.053690,0.054381
