vet-ins,vet-fnd,avl-ins,avl-fnd,hst-ins,hst-fnd,htr-ins,htr-fnd
0.001420,0.000048,0.003760,0.001117,0.002183,0.000079,0.002749,0.000706
0.005749,0.000468,0.017237,0.010405,0.006933,0.000643,0.012497,0.006719
0.006824,0.000268,0.027533,0.009262,0.011242,0.000538,0.023958,0.006089
0.013153,0.000669,0.060966,0.025985,0.021880,0.001346,0.054303,0.019315
0.018260,0.002009,0.060185,0.079205,0.020807,0.004050,0.053480,0.053600
