vet-ins,vet-fnd,avl-ins,avl-fnd,hst-ins,hst-fnd,htr-ins,htr-fnd
0.002182,0.000073,0.005991,0.002037,0.003402,0.000147,0.004447,0.001188
0.004079,0.000281,0.012496,0.008653,0.005890,0.000538,0.010825,0.005467
0.006996,0.000270,0.026182,0.009251,0.011448,0.000541,0.023013,0.006048
0.013474,0.000864,0.060754,0.025597,0.021782,0.001346,0.058414,0.017814
0.020282,0.002008,0.062774,0.083948,0.022253,0.004420,0.054944,0.056360
