vet-ins,vet-fnd,avl-ins,avl-fnd,hst-ins,hst-fnd,htr-ins,htr-fnd
0.000558,0.000020,0.001957,0.000676,0.000820,0.003147,0.002039,0.000692
0.002518,0.000196,0.013699,0.008575,0.003882,0.149309,0.013328,0.009289
0.004025,0.000203,0.027907,0.009177,0.007615,0.233107,0.029388,0.009750
0.008845,0.000493,0.064006,0.026889,0.013569,0.755715,0.070659,0.027774
0.008253,0.001462,0.064369,0.082852,0.013976,1.726479,0.066241,0.075336
