vet-ins,vet-fnd,avl-ins,avl-fnd,hst-ins,hst-fnd,htr-ins,htr-fnd
0.001119,0.000038,0.003095,0.001082,0.001734,0.000075,0.002266,0.000617
0.005012,0.000372,0.017041,0.009343,0.005972,0.000630,0.010774,0.005592
0.006610,0.000269,0.027164,0.009545,0.011512,0.000539,0.023119,0.006206
0.013406,0.000670,0.061347,0.026663,0.021807,0.001344,0.058665,0.019777
0.017873,0.002015,0.061892,0.096564,0.022299,0.004508,0.053718,0.053931
