vet-ins,vet-fnd,avl-ins,avl-fnd,hst-ins,hst-fnd,htr-ins,htr-fnd
0.000820,0.000027,0.002173,0.000754,0.001262,0.000054,0.001661,0.000510
0.003964,0.000268,0.013531,0.009882,0.006387,0.000540,0.010351,0.006159
0.007456,0.000269,0.029509,0.009643,0.011309,0.000545,0.022777,0.006063
0.013136,0.000669,0.059562,0.026771,0.024721,0.001655,0.060883,0.018936
0.019982,0.002277,0.064560,0.082023,0.020927,0.004644,0.053128,0.057859
