vet-ins,vet-fnd,avl-ins,avl-fnd,hst-ins,hst-fnd,htr-ins,htr-fnd
0.002202,0.000074,0.005912,0.002030,0.004084,0.000147,0.004419,0.001205
0.005044,0.000313,0.014923,0.010203,0.006864,0.000634,0.012264,0.006434
0.007480,0.000314,0.031061,0.013276,0.013602,0.000634,0.027127,0.006974
0.014341,0.000668,0.063462,0.028290,0.023964,0.001623,0.057205,0.020414
0.019367,0.002353,0.070133,0.092725,0.024904,0.004849,0.061685,0.063192
