vet-ins,vet-fnd,avl-ins,avl-fnd,hst-ins,hst-fnd,htr-ins,htr-fnd
0.002189,0.000073,0.005694,0.001807,0.003181,0.000131,0.003905,0.001053
0.005398,0.000313,0.014759,0.010196,0.006872,0.000632,0.012279,0.006414
0.007823,0.000319,0.031512,0.011035,0.012775,0.000539,0.025848,0.006766
0.014665,0.000670,0.065626,0.031121,0.025357,0.001585,0.063908,0.021374
0.019434,0.002372,0.073246,0.094096,0.024365,0.004753,0.063022,0.063538
