vet-ins,vet-fnd,avl-ins,avl-fnd,hst-ins,hst-fnd,htr-ins,htr-fnd
0.001188,0.000045,0.003113,0.001045,0.001606,0.000075,0.002206,0.000618
0.004882,0.000370,0.017036,0.009108,0.005368,0.000539,0.010377,0.005416
0.006324,0.000263,0.026080,0.009434,0.010174,0.000546,0.023411,0.006098
0.012758,0.000666,0.058736,0.026202,0.019603,0.001341,0.051634,0.017926
0.017267,0.001974,0.059566,0.078161,0.018938,0.004013,0.053220,0.052533
