vet-ins,vet-fnd,avl-ins,avl-fnd,hst-ins,hst-fnd,htr-ins,htr-fnd
0.000792,0.000026,0.002518,0.000761,0.001284,0.000064,0.001885,0.000435
0.003569,0.000262,0.012739,0.008728,0.005419,0.000540,0.010103,0.005418
0.006277,0.000263,0.026808,0.009255,0.010224,0.000542,0.022130,0.006006
0.014163,0.000793,0.060802,0.026239,0.020280,0.001352,0.053848,0.020230
0.017191,0.001965,0.060077,0.080835,0.019418,0.004059,0.052679,0.058684
