vet-ins,vet-fnd,avl-ins,avl-fnd,hst-ins,hst-fnd,htr-ins,htr-fnd
0.000540,0.000020,0.001980,0.000667,0.000808,0.003203,0.002065,0.000667
0.002210,0.000192,0.011590,0.008096,0.003779,0.141474,0.012383,0.007957
0.003808,0.000203,0.025741,0.008666,0.007141,0.220367,0.026702,0.008691
0.008336,0.000509,0.058686,0.024665,0.013589,0.552494,0.060007,0.024357
0.007517,0.001475,0.059263,0.073073,0.012775,1.665011,0.059156,0.071579
