vet-ins,vet-fnd,avl-ins,avl-fnd,hst-ins,hst-fnd,htr-ins,htr-fnd
0.000953,0.000030,0.002494,0.000844,0.001362,0.000063,0.001955,0.000593
0.004188,0.000262,0.014181,0.010086,0.006324,0.000638,0.011538,0.006073
0.007337,0.000312,0.030365,0.010609,0.011190,0.000620,0.022496,0.005979
0.012648,0.000656,0.059574,0.029592,0.021937,0.001698,0.060127,0.021421
0.019144,0.002303,0.070191,0.087103,0.019969,0.004459,0.053592,0.057440
