vet-ins,vet-fnd,avl-ins,avl-fnd,hst-ins,hst-fnd,htr-ins,htr-fnd
0.002205,0.000073,0.005886,0.002038,0.003229,0.000133,0.003913,0.001065
0.004867,0.000316,0.014054,0.009227,0.005903,0.000547,0.010336,0.005480
0.007528,0.000328,0.029361,0.009563,0.012702,0.000679,0.024531,0.006458
0.013945,0.000668,0.059725,0.025980,0.021813,0.001374,0.054667,0.018115
0.016882,0.002010,0.059441,0.081878,0.021535,0.004156,0.052796,0.058526
