vet-ins,vet-fnd,avl-ins,avl-fnd,hst-ins,hst-fnd,htr-ins,htr-fnd
0.002119,0.000073,0.005864,0.002054,0.003125,0.000145,0.004313,0.001191
0.004130,0.000264,0.012577,0.008726,0.005381,0.000539,0.010537,0.005455
0.006183,0.000267,0.025772,0.009266,0.010570,0.000536,0.022180,0.006037
0.013946,0.000770,0.059472,0.026022,0.019589,0.001337,0.051144,0.017765
0.016727,0.001971,0.060511,0.085160,0.018913,0.004041,0.054994,0.055381
