vet-ins,vet-fnd,avl-ins,avl-fnd,hst-ins,hst-fnd,htr-ins,htr-fnd
0.000539,0.000020,0.001946,0.000683,0.000890,0.003430,0.002066,0.000671
0.002207,0.000205,0.011747,0.008175,0.003880,0.144454,0.012283,0.007996
0.004090,0.000202,0.031381,0.010460,0.006901,0.240382,0.026738,0.008569
0.008067,0.000489,0.057960,0.024140,0.012902,0.763618,0.074810,0.030012
0.008942,0.001646,0.071417,0.082749,0.013279,2.241268,0.074518,0.091322
