vet-ins,vet-fnd,avl-ins,avl-fnd,hst-ins,hst-fnd,htr-ins,htr-fnd
0.002126,0.000067,0.005724,0.001976,0.003228,0.000135,0.004263,0.001254
0.005182,0.000268,0.013851,0.009396,0.006178,0.000539,0.010836,0.005719
0.006835,0.000282,0.026130,0.009184,0.011945,0.000538,0.023819,0.007350
0.014713,0.000825,0.061083,0.026308,0.023746,0.001560,0.057330,0.018855
0.018698,0.002254,0.062188,0.078211,0.021762,0.004046,0.052882,0.054827
