vet-ins,vet-fnd,avl-ins,avl-fnd,hst-ins,hst-fnd,htr-ins,htr-fnd
0.002114,0.000071,0.005861,0.002068,0.003123,0.000147,0.004279,0.001187
0.004304,0.000322,0.013095,0.010147,0.005382,0.000633,0.010271,0.005784
0.006231,0.000263,0.026598,0.009617,0.011295,0.000542,0.024963,0.006856
0.013730,0.000775,0.063852,0.028324,0.021067,0.001349,0.053672,0.022142
0.016731,0.001966,0.065137,0.089398,0.019601,0.004049,0.050830,0.054715
