vet-ins,vet-fnd,avl-ins,avl-fnd,hst-ins,hst-fnd,htr-ins,htr-fnd
0.001988,0.000065,0.005752,0.001810,0.003045,0.000129,0.003975,0.001075
0.004956,0.000268,0.014309,0.009961,0.006868,0.000637,0.012757,0.006615
0.007428,0.000301,0.029375,0.009946,0.012247,0.000536,0.024212,0.006138
0.013575,0.000670,0.063085,0.028362,0.023085,0.001493,0.056852,0.019458
0.017343,0.002013,0.063123,0.083652,0.022564,0.004777,0.058648,0.056682
