vet-ins,vet-fnd,avl-ins,avl-fnd,hst-ins,hst-fnd,htr-ins,htr-fnd
0.002109,0.000072,0.005828,0.002065,0.003118,0.000146,0.004276,0.001181
0.004353,0.000270,0.013654,0.009553,0.006249,0.000644,0.010509,0.006329
0.006336,0.000308,0.026404,0.009280,0.010080,0.000536,0.022265,0.005978
0.013403,0.000665,0.061044,0.026340,0.020911,0.001607,0.052868,0.018087
0.016158,0.001968,0.059073,0.079053,0.018521,0.004094,0.053762,0.059356
