vet-ins,vet-fnd,avl-ins,avl-fnd,hst-ins,hst-fnd,htr-ins,htr-fnd
0.000535,0.000020,0.001938,0.000685,0.000813,0.003208,0.002092,0.000685
0.002199,0.000199,0.012543,0.008118,0.003718,0.145608,0.013694,0.008779
0.004423,0.000214,0.026192,0.009815,0.006395,0.295522,0.030631,0.009944
0.008090,0.000499,0.062306,0.025759,0.013777,0.738234,0.069774,0.026840
0.007764,0.001698,0.063464,0.078999,0.013757,1.708029,0.065357,0.076675
