vet-ins,vet-fnd,avl-ins,avl-fnd,hst-ins,hst-fnd,htr-ins,htr-fnd
0.002098,0.000066,0.005619,0.002022,0.003046,0.000135,0.004080,0.001225
0.005130,0.000262,0.013595,0.009049,0.005385,0.000541,0.010310,0.005707
0.006397,0.000263,0.026141,0.009256,0.010208,0.000541,0.023196,0.006453
0.012663,0.000656,0.060254,0.026246,0.019962,0.001349,0.053068,0.017637
0.016121,0.001968,0.060886,0.078778,0.019027,0.004300,0.051233,0.052620
