vet-ins,vet-fnd,avl-ins,avl-fnd,hst-ins,hst-fnd,htr-ins,htr-fnd
0.000549,0.000020,0.002022,0.000698,0.000846,0.003547,0.002054,0.000666
0.002402,0.000191,0.013132,0.009280,0.003929,0.146368,0.014439,0.009045
0.003973,0.000203,0.027994,0.009920,0.006827,0.230508,0.027120,0.009849
0.008237,0.000507,0.062391,0.024944,0.014345,0.562369,0.069366,0.025521
0.007815,0.001697,0.064882,0.081785,0.013541,1.678742,0.062758,0.071806
