vet-ins,vet-fnd,avl-ins,avl-fnd,hst-ins,hst-fnd,htr-ins,htr-fnd
0.000970,0.000033,0.002666,0.000871,0.001468,0.000063,0.001949,0.000487
0.004013,0.000268,0.013573,0.008960,0.005971,0.000538,0.010514,0.005444
0.007065,0.000270,0.026521,0.009121,0.011243,0.000538,0.023843,0.006077
0.013293,0.000670,0.062638,0.025901,0.021868,0.001343,0.054126,0.021383
0.017105,0.002012,0.060771,0.078210,0.021159,0.004154,0.053661,0.053361
