vet-ins,vet-fnd,avl-ins,avl-fnd,hst-ins,hst-fnd,htr-ins,htr-fnd
0.001330,0.000040,0.003277,0.001034,0.001766,0.000074,0.002305,0.000609
0.005131,0.000390,0.016957,0.009019,0.006362,0.000536,0.010851,0.005856
0.006482,0.000268,0.026252,0.009184,0.011916,0.000537,0.023135,0.006093
0.013674,0.000840,0.060401,0.026196,0.022309,0.001342,0.054054,0.018860
0.016861,0.002010,0.063309,0.082565,0.022221,0.004418,0.057066,0.058715
