vet-ins,vet-fnd,avl-ins,avl-fnd,hst-ins,hst-fnd,htr-ins,htr-fnd
0.000664,0.000020,0.001869,0.000695,0.001035,0.004336,0.002103,0.000741
0.003081,0.000190,0.011905,0.008342,0.004055,0.189379,0.013642,0.008717
0.005207,0.000204,0.027497,0.009698,0.008619,0.292889,0.029441,0.009601
0.010578,0.000495,0.062365,0.025745,0.016423,0.565975,0.063988,0.025828
0.009940,0.001471,0.063155,0.086391,0.016240,1.673085,0.061231,0.076356
