vet-ins,vet-fnd,avl-ins,avl-fnd,hst-ins,hst-fnd,htr-ins,htr-fnd
0.001349,0.000046,0.003406,0.001137,0.001999,0.000094,0.002684,0.000763
0.005815,0.000458,0.016284,0.009108,0.005718,0.000535,0.010146,0.005414
0.006219,0.000263,0.026225,0.009339,0.010152,0.000536,0.022456,0.006051
0.012884,0.000670,0.075133,0.033882,0.023206,0.001579,0.066927,0.023196
0.020258,0.002276,0.079425,0.103614,0.022179,0.004713,0.066781,0.066946
