vet-ins,vet-fnd,avl-ins,avl-fnd,hst-ins,hst-fnd,htr-ins,htr-fnd
0.002184,0.000073,0.005898,0.002022,0.003395,0.000147,0.004363,0.001183
0.004510,0.000271,0.012337,0.008639,0.005900,0.000539,0.010320,0.005453
0.007417,0.000282,0.029085,0.010196,0.011948,0.000539,0.023006,0.006242
0.013109,0.000668,0.060007,0.026066,0.029210,0.002129,0.056938,0.017806
0.016636,0.002029,0.059982,0.078832,0.020735,0.004045,0.052288,0.053825
