vet-ins,vet-fnd,avl-ins,avl-fnd,hst-ins,hst-fnd,htr-ins,htr-fnd
0.000563,0.000020,0.001871,0.000666,0.000760,0.004536,0.002154,0.000725
0.002336,0.000187,0.011417,0.007844,0.003565,0.187758,0.013126,0.008397
0.004045,0.000203,0.025815,0.008696,0.007002,0.291650,0.028309,0.009124
0.008246,0.000491,0.058117,0.024268,0.013086,0.744175,0.064021,0.028815
0.008434,0.001519,0.069413,0.082198,0.013934,1.685242,0.060243,0.072479
