vet-ins,vet-fnd,avl-ins,avl-fnd,hst-ins,hst-fnd,htr-ins,htr-fnd
0.002106,0.000072,0.005953,0.002053,0.003117,0.000146,0.004336,0.001184
0.004311,0.000262,0.012694,0.008740,0.005381,0.000536,0.010155,0.005456
0.006610,0.000262,0.026030,0.009254,0.010148,0.000536,0.022175,0.006115
0.014017,0.000655,0.059188,0.025840,0.020855,0.001349,0.052779,0.018160
0.015976,0.001972,0.059061,0.081802,0.020766,0.004014,0.051024,0.053221
