vet-ins,vet-fnd,avl-ins,avl-fnd,hst-ins,hst-fnd,htr-ins,htr-fnd
0.002028,0.000066,0.005408,0.001860,0.003127,0.000131,0.004066,0.001095
0.006215,0.000317,0.014983,0.010689,0.007047,0.000638,0.012285,0.005777
0.007042,0.000314,0.027192,0.009478,0.011882,0.000556,0.024293,0.006192
0.015148,0.000785,0.064883,0.027597,0.025138,0.001610,0.073921,0.024403
0.017507,0.002010,0.064371,0.081592,0.021098,0.004387,0.056664,0.056156
