vet-ins,vet-fnd,avl-ins,avl-fnd,hst-ins,hst-fnd,htr-ins,htr-fnd
0.000790,0.000026,0.002162,0.000754,0.001156,0.000054,0.001712,0.000579
0.009610,0.000777,0.016664,0.008791,0.005386,0.000535,0.010097,0.005751
0.006598,0.000286,0.026861,0.009282,0.010165,0.000536,0.022190,0.005999
0.012893,0.000655,0.059601,0.029736,0.021044,0.001364,0.052002,0.019806
0.017058,0.001996,0.060779,0.084852,0.019160,0.004086,0.051827,0.053277
