vet-ins,vet-fnd,avl-ins,avl-fnd,hst-ins,hst-fnd,htr-ins,htr-fnd
0.002191,0.000073,0.005635,0.001827,0.003048,0.000130,0.003953,0.001054
0.005051,0.000314,0.014975,0.010564,0.007009,0.000631,0.012498,0.006586
0.007833,0.000314,0.031133,0.011514,0.013150,0.000630,0.027640,0.007615
0.014220,0.000671,0.070884,0.031279,0.025434,0.001579,0.076655,0.021231
0.019725,0.002214,0.074007,0.096715,0.024362,0.004733,0.061376,0.062513
