vet-ins,vet-fnd,avl-ins,avl-fnd,hst-ins,hst-fnd,htr-ins,htr-fnd
0.002177,0.000079,0.005732,0.001905,0.003423,0.000135,0.004160,0.001185
0.005466,0.000267,0.012639,0.008616,0.006642,0.000632,0.010936,0.005764
0.006827,0.000268,0.034291,0.013851,0.012680,0.000540,0.025909,0.006503
0.013523,0.000668,0.060621,0.027234,0.022135,0.001637,0.060665,0.018847
0.017287,0.002005,0.060505,0.083230,0.022320,0.004704,0.055319,0.055736
