vet-ins,vet-fnd,avl-ins,avl-fnd,hst-ins,hst-fnd,htr-ins,htr-fnd
0.002104,0.000072,0.005995,0.002051,0.003125,0.000147,0.004351,0.001180
0.004268,0.000262,0.012463,0.008739,0.005401,0.000544,0.010142,0.005420
0.006365,0.000263,0.026193,0.009249,0.010197,0.000541,0.022197,0.006035
0.013004,0.000655,0.067156,0.026203,0.019677,0.001433,0.052311,0.017943
0.019444,0.002302,0.070044,0.091748,0.021769,0.004836,0.058910,0.057645
