vet-ins,vet-fnd,avl-ins,avl-fnd,hst-ins,hst-fnd,htr-ins,htr-fnd
0.000556,0.000021,0.001986,0.000706,0.000834,0.003312,0.002163,0.000708
0.002309,0.000188,0.011356,0.007893,0.003479,0.139531,0.012451,0.007977
0.004058,0.000205,0.026027,0.008838,0.007016,0.219708,0.027102,0.008668
0.008014,0.000491,0.058268,0.024439,0.013504,0.548996,0.060877,0.024441
0.007900,0.001516,0.059363,0.074876,0.012500,2.200876,0.063208,0.075659
