vet-ins,vet-fnd,avl-ins,avl-fnd,hst-ins,hst-fnd,htr-ins,htr-fnd
0.001118,0.000044,0.003076,0.001043,0.001662,0.000075,0.002265,0.000617
0.004843,0.000364,0.017229,0.009938,0.005877,0.000662,0.010155,0.005900
0.006347,0.000262,0.026977,0.009562,0.010170,0.000539,0.022533,0.006371
0.013562,0.000780,0.067421,0.029303,0.021064,0.001372,0.054719,0.018870
0.016424,0.001970,0.064620,0.083147,0.018641,0.004595,0.052409,0.055622
