vet-ins,vet-fnd,avl-ins,avl-fnd,hst-ins,hst-fnd,htr-ins,htr-fnd
0.000600,0.000019,0.001923,0.000747,0.000761,0.004273,0.002109,0.000785
0.002436,0.000197,0.011602,0.008400,0.003691,0.191511,0.013447,0.008977
0.004022,0.000202,0.026798,0.009082,0.007426,0.228600,0.026755,0.008716
0.008149,0.000492,0.059262,0.025008,0.014057,0.556503,0.068716,0.024971
0.007552,0.001480,0.064679,0.083451,0.012854,2.227626,0.061358,0.080250
