vet-ins,vet-fnd,avl-ins,avl-fnd,hst-ins,hst-fnd,htr-ins,htr-fnd
0.002196,0.000073,0.005901,0.002032,0.003393,0.000146,0.004411,0.001183
0.004426,0.000268,0.012729,0.008973,0.006401,0.000539,0.010614,0.006275
0.007306,0.000330,0.030031,0.012688,0.014690,0.000637,0.028944,0.007177
0.013484,0.000668,0.061342,0.028810,0.023582,0.001418,0.067320,0.022537
0.021267,0.002475,0.075218,0.102538,0.024676,0.004752,0.066455,0.064993
