vet-ins,vet-fnd,avl-ins,avl-fnd,hst-ins,hst-fnd,htr-ins,htr-fnd
0.002116,0.000072,0.005896,0.002053,0.003133,0.000146,0.004316,0.001182
0.004039,0.000262,0.013039,0.008751,0.005611,0.000636,0.010139,0.005383
0.006431,0.000270,0.025877,0.009226,0.010158,0.000536,0.023339,0.007924
0.012699,0.000655,0.058173,0.026230,0.021246,0.001588,0.059549,0.020500
0.016346,0.001967,0.068668,0.091891,0.021695,0.004749,0.058731,0.060474
