vet-ins,vet-fnd,avl-ins,avl-fnd,hst-ins,hst-fnd,htr-ins,htr-fnd
0.000611,0.000020,0.001988,0.000664,0.000800,0.003160,0.002218,0.000698
0.002353,0.000188,0.011557,0.007862,0.003668,0.142635,0.012947,0.008260
0.004117,0.000200,0.026372,0.009163,0.006931,0.295268,0.028226,0.009490
0.008152,0.000490,0.061480,0.025111,0.013537,0.739290,0.066209,0.025566
0.007726,0.001479,0.062395,0.076171,0.012713,2.190317,0.064037,0.078332
