vet-ins,vet-fnd,avl-ins,avl-fnd,hst-ins,hst-fnd,htr-ins,htr-fnd
0.000810,0.000026,0.002485,0.000750,0.001292,0.000063,0.001849,0.000431
0.003982,0.000307,0.013941,0.009406,0.005851,0.000536,0.010600,0.005385
0.006785,0.000300,0.025964,0.009281,0.011895,0.000629,0.022090,0.005954
0.013272,0.000711,0.058861,0.025957,0.020613,0.001346,0.051519,0.017544
0.019383,0.001996,0.059956,0.081813,0.018965,0.004022,0.050020,0.051881
