vet-ins,vet-fnd,avl-ins,avl-fnd,hst-ins,hst-fnd,htr-ins,htr-fnd
0.001104,0.000044,0.003108,0.001076,0.001608,0.000075,0.002205,0.000601
0.004857,0.000370,0.017125,0.010448,0.006260,0.000633,0.011753,0.006447
0.007172,0.000328,0.027360,0.009660,0.011024,0.000641,0.025132,0.007158
0.015032,0.000813,0.063110,0.029444,0.022257,0.001494,0.056841,0.017965
0.016429,0.001972,0.061469,0.088267,0.021463,0.004707,0.052153,0.064288
