vet-ins,vet-fnd,avl-ins,avl-fnd,hst-ins,hst-fnd,htr-ins,htr-fnd
0.000924,0.000031,0.002393,0.000883,0.001324,0.000053,0.001715,0.000511
0.004073,0.000330,0.012557,0.008831,0.005413,0.000535,0.010909,0.005714
0.006169,0.000263,0.026426,0.009428,0.010454,0.000536,0.022159,0.006053
0.012838,0.000768,0.060330,0.026176,0.019731,0.001347,0.059113,0.018298
0.016108,0.001967,0.059231,0.081293,0.018931,0.004029,0.050359,0.052968
