vet-ins,vet-fnd,avl-ins,avl-fnd,hst-ins,hst-fnd,htr-ins,htr-fnd
0.002094,0.000078,0.005596,0.002055,0.003218,0.000121,0.003950,0.001191
0.006476,0.000334,0.013639,0.011014,0.006780,0.000643,0.011201,0.006418
0.007202,0.000268,0.030466,0.010632,0.012067,0.000667,0.026501,0.008761
0.014872,0.000827,0.068481,0.029944,0.023272,0.001551,0.065331,0.021255
0.018406,0.002008,0.065565,0.091765,0.022086,0.004349,0.060081,0.060951
