vet-ins,vet-fnd,avl-ins,avl-fnd,hst-ins,hst-fnd,htr-ins,htr-fnd
0.002191,0.000073,0.005970,0.002022,0.003399,0.000148,0.004434,0.001185
0.004656,0.000313,0.012751,0.008960,0.005889,0.000540,0.010455,0.005458
0.006625,0.000268,0.026516,0.011053,0.012426,0.000603,0.025637,0.006942
0.013150,0.000669,0.062561,0.025935,0.022093,0.001353,0.058159,0.018926
0.016931,0.002006,0.060038,0.080776,0.021057,0.004075,0.055636,0.057586
