vet-ins,vet-fnd,avl-ins,avl-fnd,hst-ins,hst-fnd,htr-ins,htr-fnd
0.001896,0.000063,0.005242,0.001862,0.002805,0.000131,0.003858,0.001051
0.006454,0.000364,0.012680,0.008720,0.005428,0.000541,0.010394,0.005535
0.006266,0.000262,0.026370,0.009808,0.010190,0.000545,0.025262,0.006637
0.013759,0.000782,0.064319,0.026080,0.019706,0.001350,0.053144,0.018203
0.016686,0.001967,0.059955,0.079192,0.019827,0.004675,0.054598,0.055413
