vet-ins,vet-fnd,avl-ins,avl-fnd,hst-ins,hst-fnd,htr-ins,htr-fnd
0.000593,0.000022,0.001990,0.000704,0.000858,0.003361,0.002174,0.000708
0.002319,0.000189,0.011633,0.008006,0.003759,0.142089,0.012643,0.008197
0.004103,0.000206,0.026550,0.008753,0.006850,0.291317,0.027427,0.009117
0.008223,0.000505,0.059922,0.024536,0.012780,0.737936,0.063205,0.026836
0.007760,0.001456,0.059595,0.072385,0.013208,2.186717,0.066386,0.079506
