vet-ins,vet-fnd,avl-ins,avl-fnd,hst-ins,hst-fnd,htr-ins,htr-fnd
0.000537,0.000019,0.001875,0.000665,0.000814,0.003120,0.002030,0.000666
0.002578,0.000236,0.012562,0.008632,0.003765,0.144619,0.013365,0.008473
0.003874,0.000201,0.027122,0.009141,0.007075,0.228544,0.030157,0.009891
0.008074,0.000490,0.061415,0.025777,0.013938,0.556358,0.065795,0.027209
0.009039,0.001514,0.063005,0.075596,0.013777,1.686933,0.060121,0.074445
