vet-ins,vet-fnd,avl-ins,avl-fnd,hst-ins,hst-fnd,htr-ins,htr-fnd
0.002068,0.000077,0.005512,0.002086,0.003016,0.000134,0.004018,0.001141
0.005536,0.000262,0.012336,0.008740,0.005996,0.000627,0.010639,0.005963
0.006665,0.000262,0.026121,0.010078,0.010165,0.000535,0.021834,0.005974
0.012730,0.000656,0.059777,0.029348,0.020429,0.001347,0.052161,0.018759
0.016109,0.001970,0.062402,0.080198,0.019795,0.004025,0.050213,0.052601
