vet-ins,vet-fnd,avl-ins,avl-fnd,hst-ins,hst-fnd,htr-ins,htr-fnd
0.002165,0.000079,0.005642,0.001953,0.003330,0.000135,0.004159,0.001232
0.005270,0.000268,0.012416,0.008646,0.005888,0.000537,0.010385,0.005464
0.006529,0.000269,0.026930,0.009214,0.011221,0.000537,0.022763,0.006046
0.013186,0.000670,0.059099,0.025825,0.022071,0.001341,0.053011,0.018225
0.017567,0.002017,0.063297,0.080199,0.020716,0.004100,0.062424,0.056553
