vet-ins,vet-fnd,avl-ins,avl-fnd,hst-ins,hst-fnd,htr-ins,htr-fnd
0.000581,0.000021,0.001987,0.000701,0.000808,0.004411,0.002261,0.000740
0.002432,0.000193,0.011931,0.008407,0.003689,0.188850,0.013747,0.008588
0.003896,0.000207,0.025593,0.008677,0.006610,0.288450,0.028320,0.009088
0.008373,0.000510,0.062463,0.025863,0.013271,0.724312,0.061589,0.025274
0.007665,0.001439,0.059087,0.073294,0.012746,2.200830,0.061310,0.078489
