vet-ins,vet-fnd,avl-ins,avl-fnd,hst-ins,hst-fnd,htr-ins,htr-fnd
0.002203,0.000074,0.005274,0.002038,0.004260,0.000161,0.004546,0.000701
0.005479,0.000322,0.014609,0.009977,0.007227,0.000673,0.012824,0.006904
0.007713,0.000313,0.033837,0.011811,0.013378,0.000638,0.029015,0.007700
0.015856,0.000801,0.080371,0.033545,0.026094,0.001615,0.069785,0.023249
0.020700,0.002397,0.073871,0.094896,0.023683,0.004057,0.060562,0.061984
