vet-ins,vet-fnd,avl-ins,avl-fnd,hst-ins,hst-fnd,htr-ins,htr-fnd
0.002182,0.000073,0.006292,0.002553,0.004105,0.000147,0.004370,0.001193
0.004512,0.000314,0.014986,0.010479,0.006978,0.000634,0.012433,0.006682
0.007328,0.000268,0.030106,0.010920,0.013254,0.000641,0.026211,0.007424
0.015190,0.000784,0.071155,0.031556,0.024502,0.001462,0.060650,0.025337
0.019651,0.002318,0.077136,0.104312,0.024603,0.004779,0.074914,0.078303
