vet-ins,vet-fnd,avl-ins,avl-fnd,hst-ins,hst-fnd,htr-ins,htr-fnd
0.002151,0.000067,0.006008,0.001905,0.003232,0.000135,0.004193,0.001136
0.004859,0.000313,0.014201,0.009788,0.006487,0.000639,0.010878,0.005463
0.007741,0.000295,0.029631,0.009874,0.011750,0.000540,0.024279,0.007119
0.014731,0.000825,0.067951,0.029117,0.025475,0.001607,0.058113,0.022408
0.017953,0.002136,0.065226,0.084562,0.021689,0.004419,0.053140,0.053774
