vet-ins,vet-fnd,avl-ins,avl-fnd,hst-ins,hst-fnd,htr-ins,htr-fnd
0.000547,0.000019,0.001965,0.000685,0.000922,0.003443,0.002097,0.000662
0.002347,0.000196,0.012200,0.008355,0.003724,0.154451,0.013861,0.008684
0.004050,0.000217,0.026677,0.008915,0.006997,0.293883,0.028050,0.009189
0.008166,0.000501,0.059241,0.027379,0.013314,0.744567,0.062147,0.026201
0.007600,0.001441,0.059086,0.085436,0.013948,1.730487,0.067279,0.074834
