vet-ins,vet-fnd,avl-ins,avl-fnd,hst-ins,hst-fnd,htr-ins,htr-fnd
0.002034,0.000067,0.006146,0.002111,0.003406,0.000147,0.004385,0.001209
0.004653,0.000313,0.014570,0.010216,0.006902,0.000653,0.012117,0.006639
0.007527,0.000360,0.032675,0.011545,0.012755,0.000539,0.024599,0.007111
0.013959,0.000790,0.069667,0.030472,0.024151,0.001523,0.057518,0.019001
0.018005,0.002274,0.066390,0.088557,0.021980,0.004186,0.055499,0.059968
