vet-ins,vet-fnd,avl-ins,avl-fnd,hst-ins,hst-fnd,htr-ins,htr-fnd
0.000521,0.000019,0.002434,0.000798,0.000909,0.003266,0.002080,0.000706
0.002567,0.000197,0.011761,0.009300,0.003552,0.145062,0.013601,0.008813
0.004379,0.000242,0.028204,0.010205,0.007085,0.221951,0.027241,0.009235
0.008201,0.000555,0.061352,0.025521,0.014340,0.564803,0.061112,0.024924
0.007615,0.001500,0.060030,0.074804,0.013378,1.681585,0.061409,0.074577
