vet-ins,vet-fnd,avl-ins,avl-fnd,hst-ins,hst-fnd,htr-ins,htr-fnd
0.002046,0.000065,0.005857,0.002008,0.003032,0.000157,0.004184,0.001075
0.004877,0.000268,0.013259,0.009262,0.005971,0.000639,0.011592,0.006229
0.006920,0.000307,0.027842,0.009657,0.010884,0.000627,0.022739,0.005982
0.014586,0.000766,0.061725,0.029701,0.022785,0.001586,0.055298,0.018131
0.017122,0.002404,0.061788,0.088905,0.019856,0.004193,0.052736,0.057809
