vet-ins,vet-fnd,avl-ins,avl-fnd,hst-ins,hst-fnd,htr-ins,htr-fnd
0.000568,0.000020,0.001927,0.000686,0.000884,0.003354,0.002194,0.000668
0.002405,0.000188,0.011912,0.008154,0.003931,0.143644,0.013110,0.008234
0.004176,0.000202,0.026403,0.009225,0.007436,0.226977,0.027263,0.008824
0.008214,0.000490,0.060006,0.028233,0.015131,0.559492,0.061757,0.028628
0.007890,0.001690,0.067390,0.081445,0.012986,1.730685,0.060908,0.074979
