vet-ins,vet-fnd,avl-ins,avl-fnd,hst-ins,hst-fnd,htr-ins,htr-fnd
0.001903,0.000064,0.005214,0.001825,0.002796,0.000130,0.003818,0.001058
0.006471,0.000364,0.012657,0.008717,0.005421,0.000536,0.010074,0.005449
0.006201,0.000264,0.025900,0.009306,0.010192,0.000537,0.022356,0.006069
0.014206,0.000956,0.061925,0.026523,0.019743,0.001344,0.056402,0.018594
0.016412,0.001973,0.059578,0.079088,0.018985,0.004544,0.055013,0.054067
