vet-ins,vet-fnd,avl-ins,avl-fnd,hst-ins,hst-fnd,htr-ins,htr-fnd
0.000534,0.000020,0.001922,0.000664,0.000757,0.004302,0.002164,0.000702
0.002313,0.000188,0.011464,0.007934,0.003588,0.187155,0.012933,0.008342
0.004026,0.000203,0.025569,0.008704,0.006983,0.290758,0.027947,0.009219
0.008303,0.000504,0.059560,0.024760,0.013407,0.731723,0.061131,0.025297
0.007686,0.001432,0.058957,0.073281,0.013008,2.184745,0.061616,0.076218
