vet-ins,vet-fnd,avl-ins,avl-fnd,hst-ins,hst-fnd,htr-ins,htr-fnd
0.000566,0.000020,0.001918,0.000662,0.000810,0.003171,0.002058,0.000679
0.002416,0.000192,0.012182,0.008163,0.003951,0.142483,0.013154,0.008189
0.003958,0.000204,0.026378,0.008920,0.007106,0.224962,0.027245,0.008897
0.008300,0.000491,0.060612,0.025510,0.013813,0.550736,0.060877,0.024591
0.007543,0.001459,0.059909,0.078674,0.012753,2.201758,0.060402,0.077820
