vet-ins,vet-fnd,avl-ins,avl-fnd,hst-ins,hst-fnd,htr-ins,htr-fnd
0.000576,0.000020,0.001859,0.000670,0.000817,0.003199,0.002060,0.000675
0.002311,0.000191,0.011367,0.007907,0.003607,0.142134,0.012895,0.008097
0.003973,0.000205,0.025500,0.008747,0.006983,0.222149,0.026739,0.008800
0.008307,0.000502,0.057987,0.024846,0.013620,0.551390,0.059902,0.024739
0.007544,0.001448,0.058375,0.073413,0.012840,1.667040,0.060618,0.073155
