vet-ins,vet-fnd,avl-ins,avl-fnd,hst-ins,hst-fnd,htr-ins,htr-fnd
0.002067,0.000079,0.005784,0.002054,0.003350,0.000134,0.004210,0.001194
0.005030,0.000268,0.012444,0.008734,0.005889,0.000537,0.010382,0.005487
0.007359,0.000269,0.028171,0.009239,0.011248,0.000538,0.022693,0.006090
0.014930,0.000788,0.066031,0.028439,0.024074,0.001346,0.054126,0.019626
0.017737,0.002016,0.059382,0.083085,0.021115,0.004388,0.052200,0.053355
