vet-ins,vet-fnd,avl-ins,avl-fnd,hst-ins,hst-fnd,htr-ins,htr-fnd
0.000529,0.000019,0.001870,0.000704,0.000800,0.003229,0.002025,0.000863
0.002357,0.000189,0.012237,0.008118,0.003934,0.145338,0.012789,0.008517
0.004022,0.000202,0.025604,0.008741,0.007214,0.228545,0.027726,0.009106
0.008582,0.000487,0.061004,0.025272,0.013605,0.551325,0.060220,0.025121
0.007566,0.001523,0.059669,0.074656,0.013524,1.664455,0.062346,0.076830
