vet-ins,vet-fnd,avl-ins,avl-fnd,hst-ins,hst-fnd,htr-ins,htr-fnd
0.000973,0.000032,0.002965,0.001046,0.001769,0.000075,0.002297,0.000608
0.005084,0.000372,0.016942,0.009041,0.005890,0.000539,0.010443,0.005877
0.006992,0.000268,0.029556,0.010044,0.011223,0.000540,0.025337,0.006559
0.014230,0.000667,0.062375,0.026565,0.023062,0.001347,0.056324,0.018209
0.018366,0.002358,0.073037,0.088687,0.023252,0.004049,0.056192,0.055770
