vet-ins,vet-fnd,avl-ins,avl-fnd,hst-ins,hst-fnd,htr-ins,htr-fnd
0.002103,0.000072,0.005886,0.002074,0.003114,0.000146,0.004280,0.001195
0.004753,0.000319,0.012477,0.008734,0.005793,0.000542,0.011365,0.005522
0.006178,0.000275,0.027013,0.010083,0.010209,0.000536,0.021971,0.006462
0.013534,0.000656,0.060847,0.026571,0.020043,0.001338,0.054294,0.018909
0.017402,0.002351,0.065265,0.078803,0.018931,0.004037,0.050051,0.056099
