vet-ins,vet-fnd,avl-ins,avl-fnd,hst-ins,hst-fnd,htr-ins,htr-fnd
0.002187,0.000067,0.005780,0.001855,0.003315,0.000152,0.004453,0.001081
0.004871,0.000329,0.012681,0.008846,0.005905,0.000539,0.010382,0.005436
0.006417,0.000269,0.026224,0.009148,0.011248,0.000538,0.022849,0.006063
0.015604,0.000794,0.072685,0.031369,0.025896,0.001609,0.063294,0.027532
0.019814,0.002489,0.072189,0.093202,0.024771,0.004906,0.062975,0.064355
