vet-ins,vet-fnd,avl-ins,avl-fnd,hst-ins,hst-fnd,htr-ins,htr-fnd
0.000529,0.000020,0.001897,0.000693,0.000876,0.004546,0.002223,0.000732
0.002332,0.000206,0.012436,0.008255,0.003650,0.187711,0.013626,0.008742
0.004215,0.000249,0.026616,0.009248,0.007284,0.222680,0.027425,0.008883
0.008092,0.000495,0.058646,0.024319,0.013248,0.571990,0.067700,0.027012
0.008105,0.001462,0.068541,0.084677,0.014223,1.683930,0.062549,0.073567
