vet-ins,vet-fnd,avl-ins,avl-fnd,hst-ins,hst-fnd,htr-ins,htr-fnd
0.001314,0.000046,0.003640,0.001312,0.001962,0.000094,0.002529,0.000759
0.005575,0.000388,0.017332,0.008951,0.005552,0.000544,0.010073,0.005449
0.006175,0.000263,0.025725,0.009695,0.010192,0.000543,0.022004,0.006592
0.012998,0.000655,0.059191,0.026826,0.019706,0.001364,0.053936,0.018463
0.016435,0.001965,0.061498,0.079949,0.018632,0.004342,0.052064,0.055191
