vet-ins,vet-fnd,avl-ins,avl-fnd,hst-ins,hst-fnd,htr-ins,htr-fnd
0.000884,0.000032,0.003493,0.001124,0.002173,0.000095,0.002750,0.000771
0.006146,0.000469,0.017969,0.008671,0.005910,0.000540,0.010784,0.005744
0.006809,0.000268,0.027208,0.009656,0.012339,0.000631,0.023780,0.006490
0.013924,0.000760,0.059270,0.029564,0.024727,0.001365,0.055237,0.018176
0.016650,0.002085,0.061634,0.083733,0.020768,0.004093,0.058014,0.055384
