vet-ins,vet-fnd,avl-ins,avl-fnd,hst-ins,hst-fnd,htr-ins,htr-fnd
0.002069,0.000065,0.005321,0.001804,0.003033,0.000131,0.004184,0.001059
0.005826,0.000268,0.014031,0.009494,0.006247,0.000632,0.012314,0.007527
0.008172,0.000319,0.033051,0.011418,0.012889,0.000594,0.025495,0.006998
0.015424,0.000669,0.065099,0.028354,0.024167,0.001531,0.057840,0.019895
0.018533,0.002123,0.065488,0.085308,0.021989,0.004359,0.058157,0.059133
