vet-ins,vet-fnd,avl-ins,avl-fnd,hst-ins,hst-fnd,htr-ins,htr-fnd
0.000524,0.000019,0.001851,0.000664,0.000767,0.004215,0.002110,0.000708
0.002400,0.000197,0.011481,0.007986,0.003728,0.190095,0.013226,0.008430
0.004132,0.000206,0.026103,0.008789,0.006810,0.222580,0.026490,0.008505
0.008348,0.000507,0.058226,0.024201,0.013911,0.548378,0.060296,0.024460
0.007626,0.001473,0.058609,0.073637,0.013137,2.167357,0.062003,0.074668
