vet-ins,vet-fnd,avl-ins,avl-fnd,hst-ins,hst-fnd,htr-ins,htr-fnd
0.001136,0.000046,0.003706,0.001317,0.001778,0.000094,0.002623,0.000755
0.005674,0.000464,0.016990,0.008702,0.005386,0.000535,0.010129,0.005379
0.006268,0.000263,0.025944,0.009267,0.010266,0.000536,0.022148,0.005962
0.013805,0.000656,0.059845,0.025887,0.019642,0.001340,0.053162,0.017626
0.016126,0.001973,0.059148,0.078430,0.019147,0.004627,0.054591,0.052535
