vet-ins,vet-fnd,avl-ins,avl-fnd,hst-ins,hst-fnd,htr-ins,htr-fnd
0.002104,0.000073,0.005869,0.002046,0.003003,0.000129,0.003806,0.001062
0.006282,0.000329,0.012314,0.009160,0.005394,0.000535,0.010024,0.005427
0.006458,0.000273,0.025691,0.009275,0.010517,0.000536,0.021893,0.006247
0.012761,0.000656,0.063576,0.026663,0.019947,0.001565,0.051125,0.017769
0.016435,0.002003,0.061416,0.078751,0.018961,0.004526,0.051852,0.053007
