vet-ins,vet-fnd,avl-ins,avl-fnd,hst-ins,hst-fnd,htr-ins,htr-fnd
0.000554,0.000020,0.001921,0.000685,0.000778,0.004336,0.002162,0.000722
0.002390,0.000194,0.011982,0.008275,0.003763,0.191995,0.013612,0.008542
0.004057,0.000230,0.026584,0.008905,0.007016,0.291361,0.028475,0.009124
0.008859,0.000542,0.067641,0.027738,0.013836,0.756821,0.068893,0.028818
0.007575,0.001427,0.058057,0.085334,0.014413,1.702707,0.068633,0.083121
