vet-ins,vet-fnd,avl-ins,avl-fnd,hst-ins,hst-fnd,htr-ins,htr-fnd
0.000821,0.000027,0.002539,0.000891,0.001303,0.000066,0.001751,0.000435
0.003887,0.000307,0.013328,0.008699,0.005380,0.000541,0.010107,0.005412
0.006170,0.000263,0.025916,0.009229,0.010163,0.000540,0.022028,0.006001
0.012985,0.000661,0.064422,0.026678,0.020009,0.001350,0.054014,0.018262
0.019152,0.002323,0.062841,0.079497,0.019009,0.004078,0.051787,0.053993
