vet-ins,vet-fnd,avl-ins,avl-fnd,hst-ins,hst-fnd,htr-ins,htr-fnd
0.000525,0.000019,0.001902,0.000659,0.000761,0.004196,0.002161,0.000727
0.002302,0.000188,0.012055,0.008013,0.003399,0.184618,0.013111,0.008362
0.004067,0.000201,0.025842,0.008851,0.006462,0.286221,0.028388,0.009165
0.008107,0.000496,0.057903,0.024167,0.013304,0.729306,0.061428,0.025398
0.007617,0.001441,0.058782,0.073332,0.013351,1.658111,0.058756,0.071233
