vet-ins,vet-fnd,avl-ins,avl-fnd,hst-ins,hst-fnd,htr-ins,htr-fnd
0.001901,0.000063,0.005318,0.001817,0.002788,0.000130,0.003876,0.001043
0.006178,0.000365,0.012746,0.009032,0.005343,0.000537,0.010136,0.005395
0.006712,0.000263,0.027001,0.009801,0.010885,0.000564,0.025846,0.006311
0.012773,0.000657,0.059273,0.026063,0.019622,0.001346,0.053853,0.019082
0.016767,0.002005,0.065734,0.081951,0.018872,0.004092,0.051080,0.053979
