vet-ins,vet-fnd,avl-ins,avl-fnd,hst-ins,hst-fnd,htr-ins,htr-fnd
0.001738,0.000064,0.005580,0.001826,0.002784,0.000130,0.003830,0.001046
0.005219,0.000262,0.012304,0.009028,0.005400,0.000536,0.010028,0.005389
0.006389,0.000270,0.026124,0.009627,0.010229,0.000539,0.022303,0.006031
0.014335,0.000656,0.060853,0.031064,0.019693,0.001337,0.051436,0.017905
0.017388,0.002113,0.059639,0.079842,0.019078,0.004014,0.055454,0.060761
