vet-ins,vet-fnd,avl-ins,avl-fnd,hst-ins,hst-fnd,htr-ins,htr-fnd
0.000560,0.000020,0.001951,0.000662,0.000811,0.003192,0.002031,0.000700
0.002381,0.000187,0.011597,0.008033,0.003776,0.141433,0.012146,0.007943
0.004001,0.000199,0.025691,0.008783,0.006740,0.226100,0.026397,0.008431
0.008456,0.000511,0.059151,0.024320,0.013634,0.564379,0.065094,0.026492
0.007510,0.001535,0.058675,0.074820,0.013408,1.677099,0.061349,0.071302
