vet-ins,vet-fnd,avl-ins,avl-fnd,hst-ins,hst-fnd,htr-ins,htr-fnd
0.000529,0.000020,0.001908,0.000666,0.000764,0.004262,0.002141,0.000702
0.002349,0.000196,0.011443,0.007928,0.003607,0.188249,0.013000,0.008368
0.004086,0.000200,0.025665,0.008745,0.007255,0.223445,0.026731,0.008643
0.008230,0.000494,0.058283,0.024379,0.013697,0.547001,0.060042,0.024523
0.007603,0.001470,0.058536,0.073622,0.012630,2.177447,0.063105,0.076942
