vet-ins,vet-fnd,avl-ins,avl-fnd,hst-ins,hst-fnd,htr-ins,htr-fnd
0.002080,0.000065,0.003727,0.000882,0.001519,0.000054,0.001677,0.000517
0.004234,0.000326,0.014246,0.009448,0.006192,0.000616,0.011079,0.005463
0.006920,0.000313,0.029458,0.009237,0.012084,0.000539,0.023005,0.006897
0.013496,0.000668,0.064367,0.027188,0.026599,0.001580,0.066979,0.019950
0.017340,0.002008,0.063506,0.082777,0.021153,0.004054,0.056270,0.056915
