vet-ins,vet-fnd,avl-ins,avl-fnd,hst-ins,hst-fnd,htr-ins,htr-fnd
0.001372,0.000040,0.003563,0.001181,0.002526,0.000093,0.002954,0.000477
0.005791,0.000383,0.015792,0.008588,0.006701,0.000533,0.010840,0.003415
0.006287,0.000263,0.025755,0.009082,0.012697,0.000535,0.023522,0.003785
0.013196,0.000655,0.058044,0.025291,0.025064,0.001332,0.053721,0.012424
0.011727,0.001963,0.058748,0.076712,0.023839,0.004023,0.053246,0.037698
