vet-ins,vet-fnd,avl-ins,avl-fnd,hst-ins,hst-fnd,htr-ins,htr-fnd
0.000964,0.000033,0.002371,0.000936,0.001210,0.000054,0.001799,0.000535
0.004998,0.000364,0.017158,0.010420,0.005660,0.000566,0.009983,0.005884
0.006518,0.000263,0.026331,0.009321,0.010166,0.000535,0.021760,0.005995
0.012654,0.000656,0.065138,0.030407,0.022844,0.001593,0.059729,0.020655
0.019108,0.001974,0.059182,0.079692,0.018583,0.004376,0.058542,0.060810
