vet-ins,vet-fnd,avl-ins,avl-fnd,hst-ins,hst-fnd,htr-ins,htr-fnd
0.002116,0.000079,0.005603,0.002105,0.003297,0.000135,0.004123,0.001196
0.005272,0.000267,0.012824,0.009047,0.006215,0.000592,0.010572,0.005461
0.006660,0.000268,0.025884,0.009202,0.011200,0.000539,0.022710,0.006077
0.013129,0.000673,0.058404,0.025703,0.021751,0.001361,0.052447,0.019586
0.016897,0.002012,0.062139,0.079366,0.023858,0.004767,0.059085,0.053806
