vet-ins,vet-fnd,avl-ins,avl-fnd,hst-ins,hst-fnd,htr-ins,htr-fnd
0.000550,0.000019,0.001952,0.000681,0.000768,0.004691,0.002152,0.000738
0.002476,0.000191,0.012041,0.008137,0.003585,0.187566,0.013153,0.008814
0.004152,0.000215,0.027012,0.009309,0.007362,0.343404,0.035684,0.011041
0.011013,0.000639,0.085951,0.031468,0.018824,0.635494,0.085238,0.030312
0.010308,0.001873,0.082176,0.095758,0.016811,2.442320,0.063011,0.083568
