vet-ins,vet-fnd,avl-ins,avl-fnd,hst-ins,hst-fnd,htr-ins,htr-fnd
0.002121,0.000072,0.005899,0.002039,0.003135,0.000147,0.004309,0.001182
0.004182,0.000262,0.012336,0.008715,0.005385,0.000543,0.010364,0.005698
0.006182,0.000263,0.026182,0.009613,0.010497,0.000540,0.021924,0.005973
0.013326,0.000655,0.059277,0.025897,0.019627,0.001351,0.054440,0.017917
0.016169,0.001966,0.059085,0.080411,0.020983,0.004183,0.051965,0.053562
