vet-ins,vet-fnd,avl-ins,avl-fnd,hst-ins,hst-fnd,htr-ins,htr-fnd
0.002170,0.000067,0.005983,0.001895,0.003274,0.000158,0.004229,0.001160
0.004886,0.000317,0.014007,0.009364,0.006192,0.000549,0.010963,0.005793
0.006938,0.000314,0.028831,0.010044,0.011848,0.000559,0.024429,0.006484
0.015113,0.000668,0.065549,0.027322,0.023090,0.001355,0.057011,0.019961
0.020128,0.002180,0.069690,0.084459,0.022130,0.004526,0.057218,0.057422
