vet-ins,vet-fnd,avl-ins,avl-fnd,hst-ins,hst-fnd,htr-ins,htr-fnd
0.002231,0.000079,0.006062,0.001988,0.003340,0.000135,0.004316,0.001100
0.005125,0.000281,0.012847,0.008697,0.006290,0.000539,0.011012,0.005744
0.006513,0.000268,0.027720,0.010433,0.013040,0.000539,0.025589,0.006256
0.013609,0.000669,0.060072,0.026660,0.022204,0.001346,0.063162,0.019947
0.017593,0.002010,0.063144,0.080079,0.021157,0.004186,0.054508,0.054432
