vet-ins,vet-fnd,avl-ins,avl-fnd,hst-ins,hst-fnd,htr-ins,htr-fnd
0.002193,0.000077,0.005854,0.002030,0.003399,0.000152,0.004345,0.001179
0.004657,0.000287,0.013036,0.008659,0.005890,0.000539,0.011477,0.006068
0.006853,0.000268,0.026611,0.010972,0.011586,0.000538,0.023764,0.006023
0.015345,0.000783,0.061316,0.025922,0.021849,0.001345,0.053752,0.018480
0.016909,0.002114,0.060153,0.079460,0.021130,0.004429,0.055001,0.053614
