vet-ins,vet-fnd,avl-ins,avl-fnd,hst-ins,hst-fnd,htr-ins,htr-fnd
0.002149,0.000066,0.005690,0.001971,0.003094,0.000136,0.004153,0.001227
0.003967,0.000262,0.012885,0.009969,0.006151,0.000631,0.011566,0.005614
0.007186,0.000263,0.029192,0.011007,0.010624,0.000538,0.022593,0.006416
0.012643,0.000656,0.063745,0.027040,0.020062,0.001356,0.051758,0.018566
0.016368,0.001972,0.061249,0.085503,0.019191,0.004090,0.053218,0.057367
