vet-ins,vet-fnd,avl-ins,avl-fnd,hst-ins,hst-fnd,htr-ins,htr-fnd
0.001945,0.000077,0.005898,0.002118,0.003025,0.000158,0.004307,0.001271
0.004571,0.000308,0.013864,0.009222,0.005385,0.000540,0.010505,0.005464
0.006275,0.000264,0.025977,0.009225,0.010169,0.000540,0.022428,0.006012
0.012571,0.000655,0.062766,0.026459,0.019672,0.001349,0.051725,0.018431
0.018363,0.002198,0.062441,0.082632,0.018594,0.004070,0.051290,0.055352
