vet-ins,vet-fnd,avl-ins,avl-fnd,hst-ins,hst-fnd,htr-ins,htr-fnd
0.002079,0.000067,0.005952,0.002031,0.003342,0.000158,0.004120,0.001075
0.004162,0.000267,0.012659,0.008990,0.006078,0.000539,0.011463,0.005831
0.006934,0.000273,0.026858,0.009585,0.011741,0.000539,0.025039,0.006059
0.013518,0.000675,0.060876,0.027951,0.022725,0.001541,0.057565,0.018828
0.018055,0.002424,0.065350,0.092219,0.024053,0.004835,0.057517,0.053317
