vet-ins,vet-fnd,avl-ins,avl-fnd,hst-ins,hst-fnd,htr-ins,htr-fnd
0.000831,0.000027,0.002165,0.000747,0.001265,0.000053,0.001605,0.000440
0.004084,0.000314,0.013938,0.009205,0.005929,0.000541,0.010223,0.005448
0.006820,0.000336,0.026009,0.009213,0.011329,0.000537,0.022405,0.006064
0.014680,0.000785,0.060859,0.025674,0.021747,0.001348,0.052502,0.018194
0.018500,0.002245,0.061351,0.081998,0.021396,0.004133,0.053243,0.056274
