vet-ins,vet-fnd,avl-ins,avl-fnd,hst-ins,hst-fnd,htr-ins,htr-fnd
0.000569,0.000019,0.001861,0.000661,0.000794,0.003159,0.002046,0.000661
0.002317,0.000191,0.011403,0.007873,0.003559,0.140041,0.012639,0.007954
0.004117,0.000199,0.025728,0.008617,0.007007,0.219606,0.026829,0.008597
0.008059,0.000488,0.058757,0.024257,0.013890,0.547720,0.060534,0.025393
0.007613,0.001463,0.066014,0.084695,0.013371,2.243183,0.068340,0.086319
