vet-ins,vet-fnd,avl-ins,avl-fnd,hst-ins,hst-fnd,htr-ins,htr-fnd
0.000816,0.000027,0.002183,0.000752,0.001380,0.000063,0.001810,0.000438
0.004171,0.000323,0.014080,0.008703,0.006748,0.000568,0.011595,0.006029
0.007114,0.000272,0.026805,0.009252,0.011277,0.000538,0.022896,0.006526
0.013103,0.000671,0.059699,0.026590,0.022400,0.001343,0.054431,0.018156
0.017125,0.002178,0.060356,0.083224,0.023105,0.004076,0.053361,0.054074
