vet-ins,vet-fnd,avl-ins,avl-fnd,hst-ins,hst-fnd,htr-ins,htr-fnd
0.000550,0.000019,0.002286,0.000698,0.000825,0.003201,0.002066,0.000671
0.002607,0.000192,0.011548,0.008395,0.003714,0.147910,0.016355,0.010708
0.004070,0.000205,0.031852,0.010686,0.007035,0.234144,0.029221,0.008978
0.008228,0.000508,0.061999,0.025592,0.013796,0.547585,0.060455,0.024458
0.007506,0.001444,0.059094,0.073598,0.013155,1.651706,0.059978,0.071468
