vet-ins,vet-fnd,avl-ins,avl-fnd,hst-ins,hst-fnd,htr-ins,htr-fnd
0.000584,0.000021,0.001926,0.000701,0.000806,0.003214,0.002061,0.000673
0.002381,0.000187,0.011756,0.008109,0.003649,0.146587,0.013315,0.008337
0.004062,0.000205,0.026800,0.008966,0.007009,0.225350,0.028354,0.009373
0.008494,0.000498,0.064238,0.026071,0.014150,0.553592,0.065809,0.027038
0.007764,0.001433,0.063282,0.079160,0.013496,1.701478,0.073600,0.072974
