vet-ins,vet-fnd,avl-ins,avl-fnd,hst-ins,hst-fnd,htr-ins,htr-fnd
0.000520,0.000019,0.001910,0.000667,0.000764,0.004187,0.002133,0.000707
0.002118,0.000190,0.011471,0.007912,0.003623,0.186787,0.012953,0.008569
0.004243,0.000203,0.025900,0.008828,0.007039,0.286767,0.028496,0.009098
0.008218,0.000502,0.058765,0.024750,0.012933,0.725178,0.065132,0.026560
0.007642,0.001430,0.062761,0.078093,0.013611,1.695272,0.072306,0.077487
