vet-ins,vet-fnd,avl-ins,avl-fnd,hst-ins,hst-fnd,htr-ins,htr-fnd
0.001399,0.000047,0.003682,0.001313,0.002099,0.000094,0.002828,0.000760
0.005691,0.000401,0.016170,0.008641,0.006259,0.000539,0.011008,0.005790
0.006651,0.000282,0.026249,0.009188,0.011219,0.000538,0.023108,0.006064
0.013131,0.000673,0.058866,0.025864,0.024572,0.001501,0.055558,0.018637
0.016611,0.002013,0.059385,0.090283,0.021201,0.004043,0.053544,0.054638
