vet-ins,vet-fnd,avl-ins,avl-fnd,hst-ins,hst-fnd,htr-ins,htr-fnd
0.002097,0.000072,0.005877,0.002069,0.003122,0.000147,0.004295,0.001182
0.005623,0.000263,0.013475,0.009718,0.005563,0.000676,0.010063,0.005425
0.006635,0.000262,0.025703,0.009254,0.010180,0.000540,0.021921,0.006011
0.012620,0.000655,0.062515,0.026425,0.020603,0.001386,0.053365,0.018069
0.016415,0.001969,0.060422,0.081907,0.018568,0.004153,0.050562,0.054198
