vet-ins,vet-fnd,avl-ins,avl-fnd,hst-ins,hst-fnd,htr-ins,htr-fnd
0.001355,0.000050,0.003739,0.001172,0.001967,0.000094,0.002648,0.000775
0.005900,0.000432,0.016238,0.008942,0.005406,0.000596,0.011548,0.006150
0.006554,0.000262,0.026372,0.009243,0.010171,0.000536,0.022735,0.006020
0.012693,0.000656,0.058621,0.027938,0.020377,0.001341,0.051469,0.017788
0.016162,0.001968,0.059664,0.079579,0.019811,0.004396,0.055399,0.053614
