vet-ins,vet-fnd,avl-ins,avl-fnd,hst-ins,hst-fnd,htr-ins,htr-fnd
0.002161,0.000067,0.005744,0.001922,0.003273,0.000135,0.004227,0.001210
0.004783,0.000313,0.014643,0.009348,0.005959,0.000634,0.011744,0.005800
0.007128,0.000267,0.026071,0.009166,0.011222,0.000538,0.025706,0.006303
0.013146,0.000677,0.060925,0.026177,0.021797,0.001354,0.053320,0.018122
0.016432,0.002015,0.059479,0.080210,0.021075,0.004048,0.052377,0.055899
