vet-ins,vet-fnd,avl-ins,avl-fnd,hst-ins,hst-fnd,htr-ins,htr-fnd
0.001367,0.000039,0.003724,0.001311,0.001883,0.000080,0.002754,0.000670
0.005907,0.000513,0.016293,0.009312,0.005398,0.000540,0.010527,0.005480
0.006276,0.000262,0.028394,0.010331,0.010492,0.000540,0.022982,0.006056
0.012748,0.000661,0.058546,0.028076,0.022169,0.001450,0.054698,0.017880
0.019138,0.002303,0.071623,0.093854,0.021794,0.004750,0.061212,0.064682
