vet-ins,vet-fnd,avl-ins,avl-fnd,hst-ins,hst-fnd,htr-ins,htr-fnd
0.000919,0.000030,0.003136,0.001050,0.001604,0.000075,0.002228,0.000604
0.004852,0.000363,0.017155,0.008909,0.005386,0.000541,0.010393,0.005891
0.006805,0.000263,0.030227,0.010223,0.011162,0.000540,0.023944,0.006013
0.012686,0.000655,0.060406,0.026376,0.019908,0.001373,0.050880,0.017789
0.016423,0.001973,0.063107,0.092101,0.020856,0.004501,0.057277,0.057155
