vet-ins,vet-fnd,avl-ins,avl-fnd,hst-ins,hst-fnd,htr-ins,htr-fnd
0.002058,0.000067,0.005928,0.001942,0.003248,0.000158,0.004423,0.001081
0.004386,0.000267,0.012508,0.008623,0.005881,0.000540,0.010515,0.005439
0.006417,0.000282,0.026297,0.009198,0.011179,0.000538,0.023109,0.006103
0.013217,0.000668,0.063850,0.026505,0.021962,0.001525,0.057402,0.018630
0.016635,0.002012,0.070756,0.078499,0.021340,0.004087,0.053217,0.053770
