vet-ins,vet-fnd,avl-ins,avl-fnd,hst-ins,hst-fnd,htr-ins,htr-fnd
0.002310,0.000075,0.005641,0.002054,0.003248,0.000135,0.004226,0.001227
0.004595,0.000313,0.013477,0.008826,0.006256,0.000543,0.010313,0.006163
0.006407,0.000268,0.026538,0.009551,0.011624,0.000539,0.023076,0.006103
0.016014,0.000806,0.063541,0.026462,0.023339,0.001619,0.054820,0.018913
0.016979,0.002011,0.059856,0.078782,0.021186,0.004490,0.053876,0.056548
