vet-ins,vet-fnd,avl-ins,avl-fnd,hst-ins,hst-fnd,htr-ins,htr-fnd
0.000581,0.000021,0.002004,0.000703,0.000866,0.003251,0.002119,0.000705
0.002470,0.000189,0.011909,0.008264,0.003880,0.145560,0.012441,0.008035
0.004014,0.000199,0.025629,0.008745,0.006980,0.224933,0.026596,0.008816
0.008163,0.000495,0.061872,0.025311,0.014028,0.556609,0.063488,0.026174
0.007649,0.001508,0.062838,0.077315,0.013471,1.650806,0.058341,0.071230
