vet-ins,vet-fnd,avl-ins,avl-fnd,hst-ins,hst-fnd,htr-ins,htr-fnd
0.002046,0.000066,0.005772,0.001888,0.002975,0.000135,0.004192,0.001220
0.005436,0.000315,0.013550,0.008742,0.005693,0.000540,0.010509,0.005393
0.006274,0.000265,0.025905,0.009218,0.010336,0.000540,0.022141,0.006016
0.012984,0.000655,0.059603,0.026210,0.020307,0.001350,0.057582,0.018452
0.016707,0.001967,0.068962,0.077840,0.018896,0.004073,0.050690,0.052431
