vet-ins,vet-fnd,avl-ins,avl-fnd,hst-ins,hst-fnd,htr-ins,htr-fnd
0.002199,0.000073,0.006039,0.002039,0.003410,0.000147,0.004466,0.001187
0.004255,0.000273,0.012984,0.008668,0.005889,0.000538,0.010728,0.008286
0.007418,0.000313,0.028731,0.010475,0.011873,0.000635,0.025334,0.006461
0.014356,0.000668,0.070165,0.031602,0.025483,0.001583,0.066231,0.025034
0.019061,0.002402,0.071865,0.093017,0.024339,0.004813,0.063442,0.063767
