vet-ins,vet-fnd,avl-ins,avl-fnd,hst-ins,hst-fnd,htr-ins,htr-fnd
0.000533,0.000020,0.001905,0.000666,0.000796,0.003175,0.002050,0.000695
0.002220,0.000192,0.012432,0.008209,0.003704,0.144519,0.012737,0.008435
0.004040,0.000205,0.025989,0.008883,0.006684,0.293298,0.028794,0.009276
0.008144,0.000491,0.061195,0.026468,0.013159,0.722540,0.062520,0.025246
0.007938,0.001524,0.059522,0.074005,0.013316,1.668024,0.057348,0.070991
