vet-ins,vet-fnd,avl-ins,avl-fnd,hst-ins,hst-fnd,htr-ins,htr-fnd
0.000832,0.000027,0.002529,0.000742,0.001493,0.000067,0.001937,0.000514
0.004213,0.000276,0.013913,0.009366,0.005883,0.000538,0.010887,0.005445
0.006519,0.000282,0.026256,0.009163,0.011221,0.000538,0.032459,0.009400
0.013251,0.000668,0.059615,0.025691,0.021751,0.001345,0.053728,0.017947
0.016607,0.002006,0.060844,0.078691,0.020679,0.004075,0.052532,0.053451
