vet-ins,vet-fnd,avl-ins,avl-fnd,hst-ins,hst-fnd,htr-ins,htr-fnd
0.000842,0.000028,0.002217,0.000749,0.001399,0.000064,0.001935,0.000440
0.003702,0.000272,0.012516,0.008663,0.006356,0.000546,0.011866,0.006209
0.008273,0.000438,0.031052,0.010495,0.012519,0.000546,0.023665,0.006616
0.013893,0.000680,0.060265,0.025863,0.022350,0.001364,0.053985,0.019795
0.017062,0.002041,0.060290,0.078031,0.020956,0.004194,0.053355,0.053329
