vet-ins,vet-fnd,avl-ins,avl-fnd,hst-ins,hst-fnd,htr-ins,htr-fnd
0.002185,0.000073,0.006000,0.002041,0.003394,0.000146,0.004439,0.001192
0.004310,0.000314,0.014136,0.010034,0.006648,0.000539,0.011652,0.005782
0.007195,0.000314,0.031156,0.011099,0.013248,0.000635,0.027295,0.007342
0.015122,0.000828,0.070631,0.029249,0.022635,0.001570,0.055266,0.019017
0.018102,0.002417,0.066518,0.080826,0.023043,0.004610,0.054819,0.065401
