vet-ins,vet-fnd,avl-ins,avl-fnd,hst-ins,hst-fnd,htr-ins,htr-fnd
0.000563,0.000019,0.001864,0.000661,0.000762,0.004281,0.002549,0.000724
0.002391,0.000216,0.011803,0.008064,0.003753,0.192056,0.013586,0.008754
0.004176,0.000196,0.026695,0.009121,0.007034,0.292552,0.028281,0.009130
0.008572,0.000490,0.060426,0.025348,0.013072,0.742294,0.064765,0.026282
0.008024,0.001509,0.058077,0.072123,0.014156,1.678197,0.060510,0.073756
