vet-ins,vet-fnd,avl-ins,avl-fnd,hst-ins,hst-fnd,htr-ins,htr-fnd
0.000588,0.000019,0.001904,0.000667,0.000810,0.003140,0.002064,0.000665
0.002186,0.000187,0.011407,0.007942,0.003758,0.142774,0.012811,0.008012
0.004114,0.000208,0.025789,0.008711,0.007020,0.224163,0.026917,0.008576
0.008120,0.000491,0.058382,0.024390,0.013622,0.536585,0.060301,0.024694
0.007599,0.001438,0.058908,0.074055,0.013164,1.664583,0.065848,0.073331
