vet-ins,vet-fnd,avl-ins,avl-fnd,hst-ins,hst-fnd,htr-ins,htr-fnd
0.000581,0.000021,0.002031,0.000712,0.000853,0.003299,0.002127,0.000730
0.002434,0.000187,0.011487,0.007933,0.003569,0.141566,0.012557,0.008134
0.004092,0.000200,0.025635,0.008838,0.007064,0.220833,0.026478,0.008675
0.008177,0.000507,0.058455,0.024328,0.012605,0.722436,0.061496,0.028521
0.007684,0.001459,0.058853,0.072940,0.013435,1.664516,0.060377,0.071934
