vet-ins,vet-fnd,avl-ins,avl-fnd,hst-ins,hst-fnd,htr-ins,htr-fnd
0.002132,0.000066,0.005907,0.002142,0.003074,0.000134,0.004212,0.001122
0.004805,0.000309,0.014083,0.010320,0.006261,0.000655,0.011446,0.006232
0.006855,0.000263,0.027232,0.009856,0.010636,0.000535,0.023133,0.006285
0.012982,0.000657,0.059885,0.026053,0.019611,0.001337,0.058717,0.020275
0.018960,0.002299,0.062971,0.078980,0.018545,0.004034,0.051562,0.058002
