vet-ins,vet-fnd,avl-ins,avl-fnd,hst-ins,hst-fnd,htr-ins,htr-fnd
0.002176,0.000073,0.005893,0.002041,0.003389,0.000147,0.004335,0.001192
0.004186,0.000298,0.013118,0.009179,0.005906,0.000537,0.010779,0.005548
0.006506,0.000269,0.025895,0.009227,0.012034,0.000629,0.033727,0.007882
0.013316,0.000674,0.058796,0.025885,0.021897,0.001360,0.054050,0.018487
0.016827,0.002029,0.059466,0.080142,0.020824,0.004025,0.052359,0.054173
