vet-ins,vet-fnd,avl-ins,avl-fnd,hst-ins,hst-fnd,htr-ins,htr-fnd
0.000853,0.000031,0.002960,0.001048,0.001610,0.000075,0.002216,0.000603
0.004859,0.000364,0.017111,0.009183,0.005395,0.000536,0.010049,0.005781
0.006528,0.000350,0.027715,0.009491,0.010192,0.000542,0.022346,0.005990
0.012752,0.000660,0.058628,0.026109,0.019636,0.001337,0.055001,0.020141
0.016261,0.001995,0.059155,0.080235,0.019612,0.004027,0.052443,0.058399
