vet-ins,vet-fnd,avl-ins,avl-fnd,hst-ins,hst-fnd,htr-ins,htr-fnd
0.002113,0.000072,0.005972,0.002061,0.003107,0.000154,0.004317,0.001178
0.004500,0.000268,0.012410,0.009793,0.006038,0.000615,0.010811,0.005398
0.006668,0.000329,0.029025,0.010514,0.011576,0.000557,0.023147,0.006310
0.012646,0.000655,0.059476,0.025758,0.020047,0.001363,0.056716,0.019614
0.016581,0.002189,0.062870,0.081895,0.019374,0.004087,0.053889,0.053026
