vet-ins,vet-fnd,avl-ins,avl-fnd,hst-ins,hst-fnd,htr-ins,htr-fnd
0.002200,0.000073,0.005863,0.002025,0.003404,0.000147,0.004330,0.001180
0.003679,0.000272,0.012302,0.008627,0.006238,0.000540,0.010237,0.005445
0.006547,0.000267,0.026588,0.009470,0.011316,0.000548,0.022473,0.006029
0.013159,0.000680,0.058253,0.026007,0.021774,0.001351,0.052427,0.017787
0.018318,0.002334,0.061221,0.079287,0.020744,0.004058,0.060864,0.057537
