vet-ins,vet-fnd,avl-ins,avl-fnd,hst-ins,hst-fnd,htr-ins,htr-fnd
0.001896,0.000064,0.005287,0.001822,0.002786,0.000129,0.003889,0.001051
0.005591,0.000327,0.012420,0.008692,0.005374,0.000535,0.010217,0.005395
0.006287,0.000270,0.025961,0.009976,0.010444,0.000553,0.022150,0.007016
0.012711,0.000665,0.061678,0.026525,0.020116,0.001344,0.052472,0.018997
0.016497,0.001972,0.062872,0.080011,0.018656,0.004016,0.058551,0.053902
