vet-ins,vet-fnd,avl-ins,avl-fnd,hst-ins,hst-fnd,htr-ins,htr-fnd
0.000527,0.000019,0.002421,0.000792,0.000873,0.003480,0.002101,0.000667
0.002502,0.000321,0.013493,0.008773,0.003799,0.154261,0.013112,0.009996
0.004152,0.000202,0.026555,0.008712,0.006821,0.294551,0.029666,0.009928
0.008385,0.000497,0.060544,0.024649,0.013146,0.727587,0.061532,0.025068
0.007558,0.001434,0.059194,0.073039,0.013679,1.668435,0.065052,0.074139
