vet-ins,vet-fnd,avl-ins,avl-fnd,hst-ins,hst-fnd,htr-ins,htr-fnd
0.000554,0.000020,0.001961,0.000697,0.000840,0.003334,0.002134,0.000700
0.002347,0.000187,0.011412,0.007855,0.003660,0.143821,0.013496,0.009597
0.004063,0.000202,0.028141,0.009766,0.007592,0.227173,0.026840,0.010046
0.008223,0.000493,0.062766,0.024717,0.013485,0.550248,0.060585,0.024924
0.007617,0.001421,0.060104,0.074361,0.013445,1.668414,0.060328,0.075447
