vet-ins,vet-fnd,avl-ins,avl-fnd,hst-ins,hst-fnd,htr-ins,htr-fnd
0.001920,0.000068,0.005644,0.001884,0.002923,0.000158,0.004053,0.001076
0.004918,0.000262,0.012957,0.008782,0.005794,0.000541,0.010076,0.005410
0.006542,0.000263,0.026093,0.009270,0.010181,0.000541,0.022013,0.005963
0.012868,0.000655,0.059492,0.026176,0.021139,0.001358,0.051630,0.017420
0.016217,0.001971,0.059195,0.080386,0.020730,0.004550,0.051261,0.052129
