vet-ins,vet-fnd,avl-ins,avl-fnd,hst-ins,hst-fnd,htr-ins,htr-fnd
0.000529,0.000020,0.001977,0.000663,0.000794,0.003212,0.002188,0.000693
0.002346,0.000189,0.011393,0.007847,0.003639,0.142105,0.012474,0.008048
0.004068,0.000200,0.026114,0.008766,0.007184,0.224322,0.027010,0.008674
0.008234,0.000491,0.058244,0.024393,0.013397,0.550381,0.059756,0.024046
0.007573,0.001447,0.059020,0.072973,0.012606,2.198561,0.065690,0.078178
