vet-ins,vet-fnd,avl-ins,avl-fnd,hst-ins,hst-fnd,htr-ins,htr-fnd
0.002062,0.000066,0.005871,0.001983,0.002983,0.000134,0.004194,0.001267
0.005071,0.000263,0.012412,0.008730,0.005632,0.000540,0.010094,0.005412
0.006227,0.000263,0.028896,0.010350,0.011384,0.000650,0.023273,0.005998
0.013701,0.000656,0.060532,0.025862,0.020032,0.001368,0.054691,0.018246
0.016384,0.001980,0.060847,0.081493,0.018647,0.004060,0.052678,0.053710
