vet-ins,vet-fnd,avl-ins,avl-fnd,hst-ins,hst-fnd,htr-ins,htr-fnd
0.000520,0.000019,0.001872,0.000731,0.000790,0.003201,0.002056,0.000668
0.002340,0.000188,0.011541,0.009157,0.003681,0.145172,0.012651,0.008608
0.004139,0.000203,0.027498,0.009211,0.007632,0.241532,0.028851,0.009576
0.008339,0.000497,0.062847,0.026300,0.013617,0.556795,0.059885,0.024498
0.007863,0.001479,0.076309,0.092074,0.014166,1.704702,0.064767,0.082158
