vet-ins,vet-fnd,avl-ins,avl-fnd,hst-ins,hst-fnd,htr-ins,htr-fnd
0.000791,0.000027,0.002161,0.000753,0.001217,0.000063,0.001893,0.000435
0.003637,0.000263,0.012236,0.009134,0.005739,0.000539,0.010420,0.005408
0.006263,0.000264,0.026073,0.009282,0.010195,0.000539,0.021936,0.005997
0.014554,0.000823,0.062279,0.026790,0.019955,0.001338,0.051289,0.017715
0.016156,0.001971,0.060494,0.081920,0.021180,0.004627,0.054315,0.053678
