vet-ins,vet-fnd,avl-ins,avl-fnd,hst-ins,hst-fnd,htr-ins,htr-fnd
0.000602,0.000019,0.001852,0.000660,0.000851,0.004266,0.002106,0.000699
0.002662,0.000237,0.013386,0.008849,0.004157,0.199587,0.013820,0.010399
0.004219,0.000216,0.031966,0.012704,0.008590,0.233017,0.030633,0.011160
0.009103,0.000503,0.068015,0.028771,0.014121,0.578719,0.072313,0.028918
0.008419,0.001547,0.068483,0.085572,0.013902,1.728933,0.067759,0.083241
