vet-ins,vet-fnd,avl-ins,avl-fnd,hst-ins,hst-fnd,htr-ins,htr-fnd
0.000521,0.000019,0.001871,0.000662,0.000795,0.004211,0.002103,0.000706
0.002345,0.000187,0.011483,0.007868,0.003557,0.186479,0.012764,0.008286
0.003969,0.000201,0.025798,0.008607,0.006999,0.287850,0.028103,0.009038
0.008058,0.000495,0.058414,0.024274,0.012791,0.723392,0.060945,0.024910
0.008017,0.001530,0.058338,0.072014,0.013547,1.642745,0.059819,0.072063
