vet-ins,vet-fnd,avl-ins,avl-fnd,hst-ins,hst-fnd,htr-ins,htr-fnd
0.000550,0.000020,0.001961,0.000693,0.000804,0.004364,0.002171,0.000724
0.002304,0.000187,0.011348,0.007808,0.003552,0.196933,0.014039,0.008969
0.004107,0.000203,0.026036,0.008700,0.006989,0.292534,0.028434,0.009160
0.008340,0.000508,0.058808,0.024984,0.013089,0.737876,0.060809,0.024868
0.007943,0.001534,0.058688,0.073060,0.012917,2.192940,0.061779,0.076026
