vet-ins,vet-fnd,avl-ins,avl-fnd,hst-ins,hst-fnd,htr-ins,htr-fnd
0.000792,0.000026,0.002182,0.000753,0.001158,0.000054,0.001711,0.000539
0.003980,0.000263,0.013882,0.009196,0.005414,0.000541,0.010099,0.005389
0.006969,0.000288,0.027990,0.009740,0.010212,0.000549,0.022501,0.006001
0.015092,0.000688,0.075403,0.030750,0.022683,0.001358,0.055326,0.020378
0.018940,0.002401,0.071145,0.093315,0.022445,0.004833,0.060167,0.061920
