vet-ins,vet-fnd,avl-ins,avl-fnd,hst-ins,hst-fnd,htr-ins,htr-fnd
0.002197,0.000073,0.005962,0.002040,0.003390,0.000148,0.004395,0.001194
0.004168,0.000281,0.012483,0.009027,0.005887,0.000646,0.011101,0.006620
0.008207,0.000314,0.029651,0.009993,0.011565,0.000541,0.023883,0.006465
0.013129,0.000672,0.059494,0.026041,0.023282,0.001474,0.063859,0.018443
0.021051,0.002320,0.065848,0.080794,0.021475,0.004123,0.053886,0.056957
