vet-ins,vet-fnd,avl-ins,avl-fnd,hst-ins,hst-fnd,htr-ins,htr-fnd
0.002005,0.000079,0.005873,0.002012,0.003301,0.000158,0.004299,0.001130
0.004641,0.000313,0.014374,0.009712,0.006511,0.000642,0.011290,0.005871
0.006418,0.000268,0.029144,0.009774,0.011186,0.000539,0.023497,0.006078
0.013262,0.000668,0.075310,0.026298,0.022109,0.001347,0.054179,0.017883
0.017085,0.002004,0.060286,0.082028,0.022994,0.004560,0.053945,0.053222
