vet-ins,vet-fnd,avl-ins,avl-fnd,hst-ins,hst-fnd,htr-ins,htr-fnd
0.002077,0.000065,0.005430,0.001907,0.003292,0.000142,0.004343,0.001095
0.004926,0.000319,0.014808,0.010208,0.007057,0.000631,0.011789,0.006855
0.007463,0.000274,0.033867,0.012495,0.013429,0.000637,0.029832,0.008422
0.015246,0.000783,0.078172,0.033440,0.025767,0.001591,0.068246,0.023222
0.021498,0.002366,0.082732,0.112246,0.025633,0.004771,0.069101,0.069942
