vet-ins,vet-fnd,avl-ins,avl-fnd,hst-ins,hst-fnd,htr-ins,htr-fnd
0.000556,0.000019,0.001854,0.000661,0.000761,0.004537,0.002114,0.000701
0.002361,0.000196,0.011404,0.007882,0.003551,0.187458,0.013058,0.008304
0.003987,0.000203,0.025617,0.008771,0.007093,0.222113,0.027082,0.008607
0.008139,0.000494,0.058218,0.024220,0.013302,0.542514,0.059733,0.024130
0.007680,0.001449,0.058742,0.073183,0.013001,1.668098,0.059128,0.071242
