vet-ins,vet-fnd,avl-ins,avl-fnd,hst-ins,hst-fnd,htr-ins,htr-fnd
0.000587,0.000019,0.001986,0.000663,0.000813,0.004336,0.002260,0.000703
0.002478,0.000195,0.012477,0.008629,0.003753,0.195973,0.013781,0.008847
0.004390,0.000201,0.027784,0.009338,0.007497,0.294824,0.029327,0.009253
0.008211,0.000492,0.062357,0.026289,0.013239,0.732109,0.069726,0.029642
0.007858,0.001686,0.067383,0.082627,0.013186,2.218203,0.067494,0.083155
