vet-ins,vet-fnd,avl-ins,avl-fnd,hst-ins,hst-fnd,htr-ins,htr-fnd
0.001521,0.000072,0.005588,0.001827,0.002786,0.000130,0.003925,0.001065
0.007656,0.000365,0.013302,0.008743,0.005371,0.000539,0.010222,0.005428
0.006230,0.000262,0.026070,0.010134,0.011597,0.000539,0.022763,0.006075
0.012798,0.000656,0.059207,0.026130,0.019589,0.001338,0.053018,0.018610
0.016533,0.002001,0.059950,0.079321,0.018533,0.004054,0.052377,0.052962
