vet-ins,vet-fnd,avl-ins,avl-fnd,hst-ins,hst-fnd,htr-ins,htr-fnd
0.000528,0.000019,0.001961,0.000677,0.000771,0.004191,0.002163,0.000705
0.002460,0.000198,0.012053,0.012115,0.003995,0.199097,0.014970,0.010268
0.004142,0.000220,0.028737,0.009757,0.007143,0.319118,0.033593,0.012284
0.009330,0.000511,0.068044,0.029930,0.013921,0.758905,0.070701,0.028389
0.007766,0.001834,0.064021,0.079125,0.013315,1.732868,0.072006,0.080915
