vet-ins,vet-fnd,avl-ins,avl-fnd,hst-ins,hst-fnd,htr-ins,htr-fnd
0.002200,0.000073,0.006045,0.002034,0.003385,0.000147,0.004487,0.001185
0.004437,0.000272,0.013615,0.009010,0.005892,0.000539,0.010600,0.005481
0.006648,0.000268,0.027017,0.009219,0.011196,0.000539,0.023228,0.006068
0.013238,0.000705,0.062384,0.028614,0.021861,0.001346,0.056610,0.018275
0.016661,0.002353,0.070553,0.085965,0.022926,0.004077,0.057416,0.056267
