vet-ins,vet-fnd,avl-ins,avl-fnd,hst-ins,hst-fnd,htr-ins,htr-fnd
0.000528,0.000020,0.001859,0.000662,0.000820,0.003144,0.002048,0.000670
0.002349,0.000192,0.011388,0.007899,0.003658,0.145569,0.012734,0.008326
0.004117,0.000202,0.026206,0.008740,0.007146,0.225502,0.026739,0.008609
0.008164,0.000489,0.058358,0.024866,0.014177,0.554169,0.060364,0.024559
0.007662,0.001470,0.058997,0.073476,0.012694,1.633913,0.059175,0.072237
