vet-ins,vet-fnd,avl-ins,avl-fnd,hst-ins,hst-fnd,htr-ins,htr-fnd
0.000975,0.000032,0.002676,0.000954,0.001546,0.000064,0.002027,0.000524
0.004495,0.000332,0.015105,0.010501,0.007083,0.000636,0.012626,0.006610
0.007818,0.000319,0.031997,0.011157,0.013157,0.000649,0.025237,0.006671
0.015768,0.000794,0.071087,0.030694,0.026106,0.001647,0.064534,0.021477
0.020941,0.002359,0.061955,0.078491,0.020744,0.004317,0.056753,0.053813
