vet-ins,vet-fnd,avl-ins,avl-fnd,hst-ins,hst-fnd,htr-ins,htr-fnd
0.002122,0.000072,0.005904,0.002034,0.003107,0.000131,0.003844,0.001047
0.005584,0.000327,0.012928,0.008879,0.005409,0.000539,0.010112,0.005386
0.006992,0.000307,0.026513,0.009530,0.010202,0.000537,0.022136,0.005957
0.013032,0.000659,0.059458,0.026226,0.020000,0.001353,0.051709,0.017771
0.016411,0.001971,0.059385,0.080658,0.019117,0.004062,0.051116,0.052847
