vet-ins,vet-fnd,avl-ins,avl-fnd,hst-ins,hst-fnd,htr-ins,htr-fnd
0.000525,0.000020,0.001896,0.000663,0.000794,0.003105,0.002024,0.000851
0.002392,0.000223,0.012828,0.008515,0.004400,0.149412,0.013587,0.009386
0.004012,0.000245,0.029059,0.010296,0.007615,0.229882,0.027354,0.008669
0.008397,0.000492,0.061325,0.026432,0.014582,0.564226,0.066935,0.027300
0.008312,0.001491,0.065777,0.078512,0.013801,1.676566,0.069137,0.077102
