vet-ins,vet-fnd,avl-ins,avl-fnd,hst-ins,hst-fnd,htr-ins,htr-fnd
0.001910,0.000064,0.005232,0.001820,0.002780,0.000131,0.003843,0.001053
0.005729,0.000262,0.013253,0.009342,0.005927,0.000540,0.010406,0.005413
0.006387,0.000262,0.026079,0.009232,0.010227,0.000540,0.025578,0.006575
0.012684,0.000657,0.059019,0.026045,0.019719,0.001352,0.051535,0.018295
0.016892,0.001972,0.060105,0.078600,0.018566,0.004047,0.054208,0.054162
