vet-ins,vet-fnd,avl-ins,avl-fnd,hst-ins,hst-fnd,htr-ins,htr-fnd
0.002050,0.000080,0.005456,0.001871,0.003105,0.000134,0.004303,0.001090
0.004622,0.000268,0.012350,0.008673,0.006439,0.000540,0.010515,0.005618
0.006616,0.000268,0.025885,0.009291,0.011627,0.000539,0.022678,0.006044
0.015112,0.000838,0.063207,0.026209,0.022196,0.001347,0.053112,0.018419
0.017398,0.002010,0.060361,0.082658,0.021598,0.004054,0.055854,0.053232
