vet-ins,vet-fnd,avl-ins,avl-fnd,hst-ins,hst-fnd,htr-ins,htr-fnd
0.001882,0.000064,0.005281,0.001836,0.002776,0.000131,0.003875,0.001053
0.007130,0.000364,0.012664,0.008706,0.005411,0.000541,0.010159,0.005423
0.006286,0.000263,0.025938,0.009576,0.010218,0.000541,0.022636,0.006322
0.012923,0.000660,0.060233,0.027424,0.020439,0.001365,0.054023,0.018993
0.017499,0.002169,0.066606,0.084895,0.019207,0.004488,0.051287,0.058153
