vet-ins,vet-fnd,avl-ins,avl-fnd,hst-ins,hst-fnd,htr-ins,htr-fnd
0.000821,0.000027,0.002174,0.000749,0.001261,0.000054,0.001824,0.000516
0.004099,0.000332,0.012838,0.008669,0.005920,0.000539,0.010890,0.005452
0.006473,0.000268,0.027645,0.010236,0.012175,0.000566,0.023856,0.007038
0.013595,0.000668,0.060342,0.026144,0.021854,0.001345,0.054185,0.019948
0.018565,0.002363,0.071606,0.089997,0.024454,0.004809,0.055584,0.055369
