vet-ins,vet-fnd,avl-ins,avl-fnd,hst-ins,hst-fnd,htr-ins,htr-fnd
0.002241,0.000077,0.006289,0.002213,0.003321,0.000157,0.004590,0.001270
0.004218,0.000307,0.014383,0.010251,0.006255,0.000628,0.011725,0.006339
0.007367,0.000307,0.030081,0.010837,0.011954,0.000644,0.024868,0.005999
0.014229,0.000778,0.059917,0.026933,0.020363,0.001339,0.052409,0.018369
0.018793,0.002063,0.060677,0.088181,0.021759,0.004788,0.057872,0.061247
