vet-ins,vet-fnd,avl-ins,avl-fnd,hst-ins,hst-fnd,htr-ins,htr-fnd
0.000823,0.000027,0.002181,0.000755,0.001258,0.000054,0.001671,0.000513
0.004090,0.000282,0.012407,0.008670,0.005912,0.000538,0.011431,0.006139
0.006457,0.000268,0.028305,0.010368,0.011884,0.000542,0.022851,0.006111
0.014608,0.000674,0.065923,0.027423,0.023738,0.001347,0.055915,0.019099
0.018103,0.002418,0.063629,0.079687,0.022642,0.006038,0.056092,0.055577
