vet-ins,vet-fnd,avl-ins,avl-fnd,hst-ins,hst-fnd,htr-ins,htr-fnd
0.000562,0.000020,0.001971,0.000715,0.000821,0.003358,0.002134,0.000679
0.002491,0.000191,0.011958,0.008331,0.003746,0.144975,0.013298,0.008328
0.004095,0.000200,0.026759,0.009269,0.006987,0.228940,0.026759,0.009241
0.008220,0.000485,0.059901,0.024801,0.014262,0.549194,0.060297,0.024444
0.007564,0.001428,0.058888,0.073750,0.013217,1.721373,0.066480,0.081483
