vet-ins,vet-fnd,avl-ins,avl-fnd,hst-ins,hst-fnd,htr-ins,htr-fnd
0.000795,0.000027,0.002810,0.001128,0.001894,0.000094,0.002709,0.000756
0.005567,0.000393,0.017041,0.009097,0.005413,0.000544,0.010147,0.005389
0.006710,0.000262,0.026668,0.009508,0.010228,0.000540,0.022224,0.006014
0.012715,0.000656,0.062436,0.029693,0.022493,0.001406,0.057686,0.018932
0.016905,0.001971,0.061727,0.079701,0.018606,0.004088,0.051292,0.053175
