vet-ins,vet-fnd,avl-ins,avl-fnd,hst-ins,hst-fnd,htr-ins,htr-fnd
0.001052,0.000032,0.003291,0.001088,0.001852,0.000079,0.002589,0.000667
0.005942,0.000398,0.017650,0.009507,0.006439,0.000633,0.011599,0.005841
0.007456,0.000335,0.030309,0.010414,0.012610,0.000657,0.024093,0.006402
0.013210,0.000798,0.061420,0.028143,0.024543,0.001547,0.058021,0.017988
0.017474,0.002375,0.061252,0.082173,0.022455,0.004145,0.054148,0.054096
