vet-ins,vet-fnd,avl-ins,avl-fnd,hst-ins,hst-fnd,htr-ins,htr-fnd
0.000973,0.000033,0.002395,0.000911,0.001310,0.000054,0.001850,0.000535
0.005386,0.000412,0.019052,0.009539,0.005942,0.000541,0.010708,0.005517
0.006718,0.000273,0.027109,0.009216,0.011948,0.000539,0.022944,0.006059
0.013231,0.000668,0.059896,0.025901,0.021890,0.001351,0.054121,0.018079
0.018067,0.002331,0.064689,0.081162,0.022119,0.004048,0.063074,0.055181
