vet-ins,vet-fnd,avl-ins,avl-fnd,hst-ins,hst-fnd,htr-ins,htr-fnd
0.000573,0.000020,0.001999,0.000673,0.000805,0.004445,0.002157,0.000714
0.002148,0.000192,0.012023,0.008446,0.003596,0.192769,0.013840,0.008691
0.004310,0.000197,0.026417,0.009414,0.006839,0.296094,0.029144,0.009780
0.008543,0.000497,0.062533,0.025843,0.013205,0.737337,0.064718,0.026861
0.007997,0.001559,0.061903,0.078245,0.014028,1.704431,0.066982,0.079580
