vet-ins,vet-fnd,avl-ins,avl-fnd,hst-ins,hst-fnd,htr-ins,htr-fnd
0.000531,0.000020,0.001968,0.000735,0.000810,0.003204,0.002084,0.000680
0.002599,0.000196,0.011885,0.008345,0.003865,0.145111,0.012898,0.008179
0.004008,0.000206,0.026477,0.009068,0.007505,0.229815,0.027466,0.009170
0.009181,0.000597,0.068229,0.026293,0.013694,0.747957,0.061147,0.024994
0.007942,0.001472,0.065638,0.076319,0.013326,2.205469,0.070601,0.081158
