vet-ins,vet-fnd,avl-ins,avl-fnd,hst-ins,hst-fnd,htr-ins,htr-fnd
0.001092,0.000037,0.003009,0.001049,0.001603,0.000075,0.002192,0.000605
0.004828,0.000364,0.016866,0.008761,0.005337,0.000543,0.009982,0.005393
0.007154,0.000263,0.027875,0.009449,0.010501,0.000539,0.022088,0.006015
0.012694,0.000655,0.059429,0.026877,0.019643,0.001358,0.052072,0.017880
0.016504,0.001972,0.059498,0.083180,0.018632,0.004109,0.050613,0.054020
