vet-ins,vet-fnd,avl-ins,avl-fnd,hst-ins,hst-fnd,htr-ins,htr-fnd
0.000938,0.000033,0.002605,0.000883,0.001382,0.000063,0.001894,0.000511
0.004217,0.000308,0.015114,0.010530,0.006321,0.000628,0.011792,0.006231
0.007258,0.000308,0.028603,0.009309,0.010887,0.000540,0.022736,0.008544
0.014173,0.000659,0.067233,0.030160,0.020931,0.001349,0.051705,0.018071
0.017133,0.002297,0.060259,0.079589,0.018633,0.004015,0.059268,0.059971
