vet-ins,vet-fnd,avl-ins,avl-fnd,hst-ins,hst-fnd,htr-ins,htr-fnd
0.002060,0.000065,0.005333,0.001800,0.003040,0.000131,0.003946,0.001067
0.006371,0.000325,0.014509,0.009391,0.006844,0.000540,0.011133,0.005781
0.007427,0.000336,0.026993,0.009571,0.011925,0.000540,0.028206,0.008215
0.013459,0.000675,0.067364,0.030743,0.023152,0.001523,0.055539,0.022104
0.017194,0.002004,0.071052,0.088851,0.022305,0.004704,0.067415,0.059798
