vet-ins,vet-fnd,avl-ins,avl-fnd,hst-ins,hst-fnd,htr-ins,htr-fnd
0.000590,0.000020,0.001877,0.000668,0.000773,0.004600,0.002186,0.000728
0.002521,0.000200,0.012271,0.008589,0.003744,0.189348,0.015217,0.009834
0.004168,0.000207,0.026405,0.008827,0.007029,0.293000,0.028406,0.009129
0.008158,0.000492,0.058532,0.024933,0.013433,0.744718,0.063991,0.026445
0.007888,0.001551,0.060949,0.076837,0.014023,1.718175,0.074064,0.073612
