vet-ins,vet-fnd,avl-ins,avl-fnd,hst-ins,hst-fnd,htr-ins,htr-fnd
0.000602,0.000040,0.001999,0.000660,0.000797,0.003205,0.002167,0.000664
0.002418,0.000194,0.011729,0.008157,0.003609,0.141256,0.012861,0.008089
0.004029,0.000206,0.026699,0.008900,0.007463,0.227082,0.027499,0.008911
0.008017,0.000492,0.059308,0.024336,0.013164,0.557440,0.062918,0.025049
0.007772,0.001460,0.062031,0.077310,0.013015,2.260420,0.065032,0.082406
