vet-ins,vet-fnd,avl-ins,avl-fnd,hst-ins,hst-fnd,htr-ins,htr-fnd
0.000540,0.000019,0.001873,0.000668,0.000807,0.004196,0.002097,0.000702
0.002437,0.000188,0.011433,0.007927,0.003667,0.189183,0.013299,0.008534
0.004050,0.000204,0.025593,0.008633,0.007092,0.222690,0.026835,0.008577
0.008111,0.000505,0.059715,0.024316,0.013722,0.555856,0.064712,0.024983
0.007628,0.001453,0.059133,0.072889,0.012857,1.665120,0.059589,0.072042
