vet-ins,vet-fnd,avl-ins,avl-fnd,hst-ins,hst-fnd,htr-ins,htr-fnd
0.002058,0.000065,0.005363,0.001802,0.003052,0.000130,0.003962,0.001058
0.004498,0.000334,0.017074,0.011670,0.007070,0.000631,0.012647,0.006363
0.007455,0.000313,0.031320,0.010883,0.013273,0.000631,0.027252,0.007319
0.015321,0.000782,0.070930,0.032758,0.025580,0.001586,0.062898,0.021422
0.018287,0.002010,0.064442,0.087781,0.021020,0.004346,0.053282,0.059606
