vet-ins,vet-fnd,avl-ins,avl-fnd,hst-ins,hst-fnd,htr-ins,htr-fnd
0.000553,0.000020,0.001885,0.000688,0.000785,0.004317,0.002118,0.000737
0.002356,0.000189,0.012261,0.008080,0.003899,0.189196,0.013737,0.008778
0.004439,0.000213,0.026055,0.008817,0.006981,0.290548,0.029361,0.010086
0.008570,0.000512,0.063243,0.026476,0.013481,0.747943,0.061112,0.025152
0.007550,0.001432,0.059475,0.077455,0.013432,2.216714,0.070548,0.080666
