vet-ins,vet-fnd,avl-ins,avl-fnd,hst-ins,hst-fnd,htr-ins,htr-fnd
0.002349,0.000079,0.006514,0.002184,0.003644,0.000157,0.004744,0.001282
0.004294,0.000313,0.014704,0.010236,0.006920,0.000634,0.012289,0.006446
0.007597,0.000313,0.030666,0.010742,0.013189,0.000631,0.026912,0.007094
0.015300,0.000793,0.071774,0.033866,0.025139,0.001425,0.060516,0.021020
0.019269,0.002358,0.069428,0.087058,0.023530,0.004488,0.057331,0.057155
