vet-ins,vet-fnd,avl-ins,avl-fnd,hst-ins,hst-fnd,htr-ins,htr-fnd
0.002170,0.000066,0.005839,0.001899,0.003096,0.000138,0.004298,0.001167
0.004305,0.000262,0.012461,0.008722,0.005390,0.000535,0.010119,0.005745
0.006536,0.000308,0.028387,0.009264,0.010514,0.000545,0.022066,0.006000
0.012769,0.000665,0.058919,0.025984,0.019581,0.001328,0.051583,0.017635
0.016719,0.001967,0.060440,0.083743,0.018624,0.003988,0.051098,0.053160
