vet-ins,vet-fnd,avl-ins,avl-fnd,hst-ins,hst-fnd,htr-ins,htr-fnd
0.000531,0.000019,0.001860,0.000665,0.000759,0.004257,0.002149,0.000706
0.002368,0.000194,0.011388,0.007855,0.003565,0.188010,0.013265,0.008518
0.003911,0.000200,0.025600,0.008771,0.006613,0.289219,0.028216,0.009181
0.008053,0.000488,0.058004,0.024418,0.013156,0.724537,0.061724,0.025380
0.007652,0.001433,0.058225,0.072907,0.013287,1.686564,0.069265,0.083124
