vet-ins,vet-fnd,avl-ins,avl-fnd,hst-ins,hst-fnd,htr-ins,htr-fnd
0.000566,0.000019,0.001884,0.000662,0.000812,0.003145,0.002085,0.000671
0.002352,0.000187,0.011434,0.007892,0.003746,0.142155,0.012527,0.008013
0.004055,0.000203,0.025752,0.008705,0.007144,0.224203,0.026852,0.008614
0.008351,0.000501,0.059065,0.024317,0.013449,0.547940,0.059975,0.024145
0.007805,0.001449,0.061733,0.077020,0.013296,1.675516,0.061374,0.075563
