vet-ins,vet-fnd,avl-ins,avl-fnd,hst-ins,hst-fnd,htr-ins,htr-fnd
0.000543,0.000019,0.001866,0.000663,0.000848,0.003208,0.002054,0.000668
0.002362,0.000187,0.011544,0.008026,0.003780,0.142947,0.012798,0.008035
0.003909,0.000211,0.026078,0.008651,0.007089,0.226073,0.030026,0.010581
0.008813,0.000540,0.067465,0.027523,0.014831,0.562744,0.064660,0.026342
0.007769,0.001451,0.062998,0.074864,0.013156,1.688947,0.069408,0.080740
