vet-ins,vet-fnd,avl-ins,avl-fnd,hst-ins,hst-fnd,htr-ins,htr-fnd
0.000562,0.000019,0.001867,0.000665,0.000788,0.003603,0.002260,0.000787
0.002438,0.000197,0.011596,0.008729,0.003768,0.146071,0.013390,0.008237
0.003939,0.000202,0.025740,0.008653,0.007044,0.248110,0.032660,0.010405
0.010786,0.000631,0.075297,0.028788,0.018035,0.576978,0.059938,0.024292
0.007860,0.001444,0.059346,0.077642,0.013472,1.663478,0.063278,0.077114
