vet-ins,vet-fnd,avl-ins,avl-fnd,hst-ins,hst-fnd,htr-ins,htr-fnd
0.002078,0.000066,0.005781,0.001978,0.003337,0.000157,0.004599,0.001102
0.004693,0.000307,0.013641,0.008991,0.005401,0.000535,0.010115,0.005386
0.006282,0.000264,0.025989,0.009196,0.010823,0.000627,0.023207,0.005943
0.013090,0.000656,0.061071,0.026098,0.019625,0.001345,0.053598,0.018633
0.016157,0.001975,0.059462,0.079625,0.018628,0.004108,0.055623,0.053182
