vet-ins,vet-fnd,avl-ins,avl-fnd,hst-ins,hst-fnd,htr-ins,htr-fnd
0.001168,0.000037,0.003007,0.001044,0.001597,0.000075,0.002200,0.000599
0.004844,0.000365,0.016777,0.008713,0.005391,0.000540,0.010405,0.005377
0.006263,0.000263,0.026737,0.010326,0.010878,0.000622,0.023745,0.007389
0.014636,0.000798,0.066411,0.026134,0.019572,0.001348,0.051439,0.021230
0.018403,0.002302,0.060773,0.078458,0.019963,0.004598,0.055589,0.053127
