vet-ins,vet-fnd,avl-ins,avl-fnd,hst-ins,hst-fnd,htr-ins,htr-fnd
0.000527,0.000019,0.001922,0.000677,0.000795,0.003155,0.002056,0.000662
0.002340,0.000189,0.011393,0.007858,0.003660,0.142268,0.012977,0.008288
0.004051,0.000203,0.026620,0.009288,0.007466,0.225221,0.028631,0.010066
0.009006,0.000516,0.066812,0.026786,0.013840,0.749942,0.061799,0.025516
0.007471,0.001450,0.059022,0.078070,0.014162,1.680510,0.065027,0.077911
