vet-ins,vet-fnd,avl-ins,avl-fnd,hst-ins,hst-fnd,htr-ins,htr-fnd
0.002088,0.000067,0.005932,0.001899,0.003386,0.000158,0.004319,0.001082
0.004942,0.000275,0.012297,0.008987,0.006186,0.000540,0.010766,0.005441
0.006492,0.000275,0.026628,0.009611,0.011672,0.000537,0.023972,0.006378
0.013373,0.000793,0.062091,0.026417,0.022873,0.001343,0.054110,0.018633
0.018115,0.002481,0.062494,0.083625,0.023199,0.004481,0.058598,0.057135
