vet-ins,vet-fnd,avl-ins,avl-fnd,hst-ins,hst-fnd,htr-ins,htr-fnd
0.000789,0.000026,0.002519,0.000814,0.001307,0.000063,0.001801,0.000437
0.003879,0.000308,0.014143,0.009697,0.005595,0.000545,0.010452,0.005734
0.006234,0.000262,0.027636,0.010100,0.010843,0.000671,0.022377,0.006150
0.013169,0.000655,0.060561,0.026142,0.020030,0.001363,0.054853,0.018024
0.017701,0.001971,0.065811,0.084853,0.018680,0.004061,0.052530,0.054554
