vet-ins,vet-fnd,avl-ins,avl-fnd,hst-ins,hst-fnd,htr-ins,htr-fnd
0.002217,0.000077,0.004897,0.001771,0.003418,0.000168,0.004695,0.001308
0.004644,0.000313,0.014855,0.010559,0.006458,0.000627,0.012251,0.006539
0.007442,0.000314,0.032923,0.011810,0.012073,0.000627,0.027925,0.007888
0.014112,0.000776,0.067319,0.030252,0.021700,0.001585,0.058799,0.019829
0.016745,0.001976,0.059783,0.081811,0.018659,0.004085,0.063981,0.055503
