vet-ins,vet-fnd,avl-ins,avl-fnd,hst-ins,hst-fnd,htr-ins,htr-fnd
0.000554,0.000020,0.001964,0.000694,0.000841,0.003347,0.002157,0.000706
0.002318,0.000227,0.011455,0.007987,0.003707,0.145198,0.013000,0.008039
0.003987,0.000203,0.025910,0.008565,0.007017,0.223449,0.026929,0.008646
0.008085,0.000496,0.058602,0.024231,0.013282,0.543558,0.060222,0.024166
0.007524,0.001447,0.058350,0.072588,0.012337,2.183442,0.063407,0.079937
