vet-ins,vet-fnd,avl-ins,avl-fnd,hst-ins,hst-fnd,htr-ins,htr-fnd
0.000547,0.000020,0.001878,0.000708,0.000857,0.003311,0.002097,0.000675
0.002383,0.000187,0.012245,0.008351,0.003859,0.146206,0.014746,0.009913
0.004116,0.000205,0.029118,0.009720,0.008346,0.235498,0.030217,0.009379
0.008434,0.000501,0.059106,0.024572,0.014258,0.561233,0.060749,0.024461
0.007663,0.001507,0.061205,0.077220,0.013462,1.682353,0.067968,0.076909
