vet-ins,vet-fnd,avl-ins,avl-fnd,hst-ins,hst-fnd,htr-ins,htr-fnd
0.002111,0.000067,0.005833,0.001934,0.003338,0.000158,0.004189,0.001085
0.004717,0.000268,0.012406,0.008667,0.005897,0.000539,0.010389,0.006907
0.007306,0.000313,0.030082,0.010262,0.011980,0.000545,0.022755,0.006038
0.013806,0.000678,0.060633,0.026277,0.021894,0.001362,0.053646,0.018047
0.016909,0.002111,0.059521,0.080287,0.021189,0.004093,0.052579,0.054035
