vet-ins,vet-fnd,avl-ins,avl-fnd,hst-ins,hst-fnd,htr-ins,htr-fnd
0.000976,0.000031,0.002589,0.000876,0.001481,0.000064,0.001910,0.000517
0.004312,0.000313,0.014778,0.010277,0.006925,0.000632,0.012288,0.006520
0.007602,0.000334,0.030777,0.011112,0.012770,0.000538,0.029750,0.007992
0.015555,0.000785,0.067845,0.027432,0.024674,0.001622,0.060468,0.019135
0.020058,0.002464,0.078273,0.101031,0.024857,0.004967,0.068420,0.070366
