vet-ins,vet-fnd,avl-ins,avl-fnd,hst-ins,hst-fnd,htr-ins,htr-fnd
0.002615,0.000113,0.006694,0.002147,0.003218,0.000157,0.004220,0.001083
0.004663,0.000272,0.012370,0.008674,0.005883,0.000536,0.010405,0.005461
0.006889,0.000268,0.025935,0.009216,0.013763,0.000631,0.026184,0.007294
0.013117,0.000669,0.059768,0.025967,0.022112,0.001349,0.054181,0.018421
0.016582,0.002015,0.059690,0.080894,0.022731,0.004032,0.053068,0.054139
