vet-ins,vet-fnd,avl-ins,avl-fnd,hst-ins,hst-fnd,htr-ins,htr-fnd
0.001226,0.000046,0.003601,0.001319,0.001869,0.000095,0.002700,0.000752
0.005742,0.000466,0.016579,0.008872,0.005348,0.000537,0.010458,0.005390
0.006538,0.000265,0.026489,0.009279,0.011740,0.000619,0.022978,0.005976
0.013332,0.000814,0.061489,0.025862,0.019515,0.001340,0.052944,0.019563
0.016183,0.001966,0.059478,0.079777,0.018543,0.004095,0.050165,0.057190
