vet-ins,vet-fnd,avl-ins,avl-fnd,hst-ins,hst-fnd,htr-ins,htr-fnd
0.001916,0.000069,0.005727,0.002056,0.002999,0.000156,0.004095,0.001080
0.004480,0.000263,0.012487,0.008745,0.005390,0.000541,0.010177,0.005389
0.006806,0.000263,0.027767,0.009690,0.010567,0.000536,0.022258,0.005988
0.012782,0.000657,0.059868,0.026093,0.019927,0.001365,0.052213,0.017620
0.016269,0.001967,0.059244,0.082369,0.018688,0.004321,0.050851,0.052096
