vet-ins,vet-fnd,avl-ins,avl-fnd,hst-ins,hst-fnd,htr-ins,htr-fnd
0.002131,0.000071,0.005905,0.002040,0.003130,0.000146,0.004304,0.001176
0.004468,0.000262,0.012345,0.009123,0.005388,0.000536,0.010248,0.005356
0.006506,0.000328,0.026224,0.009289,0.010455,0.000536,0.023565,0.006072
0.013347,0.000665,0.058475,0.025814,0.021587,0.001346,0.052026,0.017837
0.016431,0.001976,0.059198,0.084574,0.019264,0.004017,0.052861,0.052290
