vet-ins,vet-fnd,avl-ins,avl-fnd,hst-ins,hst-fnd,htr-ins,htr-fnd
0.001143,0.000044,0.003015,0.001045,0.001604,0.000075,0.002182,0.000619
0.004864,0.000364,0.016841,0.008781,0.005615,0.000549,0.010005,0.005801
0.006293,0.000263,0.026416,0.009542,0.010088,0.000539,0.021757,0.006000
0.012792,0.000656,0.058937,0.026251,0.019519,0.001341,0.050783,0.017671
0.016305,0.002000,0.058984,0.085726,0.020337,0.004402,0.050330,0.053289
