vet-ins,vet-fnd,avl-ins,avl-fnd,hst-ins,hst-fnd,htr-ins,htr-fnd
0.002093,0.000078,0.005651,0.002117,0.003298,0.000135,0.004177,0.001173
0.004413,0.000272,0.012843,0.008661,0.006737,0.000582,0.011577,0.006422
0.007784,0.000313,0.031254,0.010424,0.012525,0.000633,0.026491,0.007079
0.013774,0.000669,0.062616,0.032654,0.026279,0.001600,0.061514,0.018175
0.021271,0.002324,0.065269,0.086532,0.021617,0.004258,0.052985,0.060529
