vet-ins,vet-fnd,avl-ins,avl-fnd,hst-ins,hst-fnd,htr-ins,htr-fnd
0.000540,0.000019,0.001912,0.000744,0.000758,0.004488,0.002141,0.000702
0.002371,0.000195,0.011517,0.008383,0.003830,0.187873,0.013220,0.008359
0.004069,0.000203,0.028929,0.010105,0.007561,0.291243,0.029317,0.009362
0.008216,0.000509,0.058311,0.024236,0.013144,0.763123,0.074818,0.029219
0.007870,0.001585,0.065597,0.082378,0.013299,2.240605,0.074263,0.087636
