vet-ins,vet-fnd,avl-ins,avl-fnd,hst-ins,hst-fnd,htr-ins,htr-fnd
0.000883,0.000026,0.002461,0.000813,0.001187,0.000063,0.001922,0.000499
0.003859,0.000265,0.013976,0.009398,0.005366,0.000537,0.010498,0.005434
0.006250,0.000262,0.026787,0.009265,0.010165,0.000545,0.025424,0.006539
0.012940,0.000656,0.061225,0.030099,0.020239,0.001338,0.051755,0.017570
0.016117,0.001965,0.060004,0.084105,0.018949,0.004020,0.051131,0.053365
