vet-ins,vet-fnd,avl-ins,avl-fnd,hst-ins,hst-fnd,htr-ins,htr-fnd
0.000819,0.000028,0.002201,0.000746,0.001381,0.000063,0.001892,0.000436
0.003998,0.000274,0.012956,0.009041,0.005918,0.000538,0.010439,0.005470
0.007001,0.000314,0.030422,0.010296,0.012737,0.000630,0.024335,0.006512
0.013536,0.000671,0.060014,0.025847,0.021849,0.001349,0.064627,0.018514
0.017454,0.002336,0.064735,0.083591,0.020732,0.004133,0.052207,0.054030
