vet-ins,vet-fnd,avl-ins,avl-fnd,hst-ins,hst-fnd,htr-ins,htr-fnd
0.000900,0.000026,0.003116,0.001050,0.001607,0.000075,0.002241,0.000603
0.004863,0.000365,0.017302,0.009225,0.005747,0.000542,0.010862,0.005732
0.006931,0.000263,0.029211,0.009800,0.010888,0.000544,0.023046,0.006026
0.012690,0.000655,0.060462,0.026536,0.020759,0.001377,0.052022,0.018042
0.016767,0.001966,0.060797,0.079195,0.018659,0.004106,0.053274,0.058840
