vet-ins,vet-fnd,avl-ins,avl-fnd,hst-ins,hst-fnd,htr-ins,htr-fnd
0.001969,0.000065,0.005247,0.001806,0.003030,0.000130,0.003912,0.001055
0.005984,0.000335,0.013786,0.008963,0.005919,0.000539,0.010772,0.005456
0.006509,0.000268,0.026092,0.009640,0.011276,0.000538,0.022908,0.006079
0.013221,0.000673,0.060198,0.026008,0.022017,0.001432,0.055005,0.018128
0.016852,0.002010,0.064971,0.086494,0.021202,0.004315,0.056339,0.057376
