vet-ins,vet-fnd,avl-ins,avl-fnd,hst-ins,hst-fnd,htr-ins,htr-fnd
0.000523,0.000019,0.001885,0.000659,0.000756,0.004422,0.002157,0.000701
0.002384,0.000191,0.011827,0.008137,0.003688,0.189247,0.013397,0.008512
0.004117,0.000204,0.026674,0.009102,0.007019,0.298081,0.029663,0.009353
0.008268,0.000533,0.062422,0.025538,0.013386,0.739328,0.065181,0.026781
0.007768,0.001492,0.062301,0.083046,0.013835,2.217253,0.067320,0.078131
