vet-ins,vet-fnd,avl-ins,avl-fnd,hst-ins,hst-fnd,htr-ins,htr-fnd
0.000543,0.000020,0.001944,0.000689,0.000892,0.003237,0.002133,0.000687
0.002298,0.000196,0.011897,0.008150,0.003884,0.145194,0.012714,0.008334
0.004145,0.000208,0.025727,0.008731,0.007227,0.223215,0.027867,0.009127
0.008205,0.000509,0.062200,0.025716,0.013215,0.546658,0.060012,0.024046
0.007564,0.001449,0.058724,0.078160,0.013407,2.228091,0.068498,0.081344
