vet-ins,vet-fnd,avl-ins,avl-fnd,hst-ins,hst-fnd,htr-ins,htr-fnd
0.002123,0.000072,0.005922,0.002065,0.003115,0.000145,0.004281,0.001186
0.004387,0.000308,0.013181,0.008776,0.005916,0.000600,0.011538,0.006054
0.006585,0.000264,0.026236,0.009239,0.010168,0.000546,0.023354,0.007020
0.014318,0.000822,0.069229,0.031463,0.022504,0.001410,0.056325,0.020622
0.020620,0.002343,0.068982,0.090469,0.019755,0.004020,0.052454,0.054808
