vet-ins,vet-fnd,avl-ins,avl-fnd,hst-ins,hst-fnd,htr-ins,htr-fnd
0.001310,0.000047,0.003964,0.001283,0.001851,0.000094,0.002964,0.000870
0.006644,0.000417,0.015402,0.009047,0.005388,0.000544,0.010896,0.005593
0.007214,0.000263,0.029621,0.009521,0.010177,0.000536,0.023971,0.006318
0.013630,0.000659,0.059893,0.026031,0.020349,0.001588,0.056074,0.017977
0.017135,0.001980,0.060392,0.079564,0.018635,0.004175,0.061445,0.054077
