vet-ins,vet-fnd,avl-ins,avl-fnd,hst-ins,hst-fnd,htr-ins,htr-fnd
0.002207,0.000074,0.005959,0.002028,0.003391,0.000147,0.004443,0.001185
0.004084,0.000268,0.012508,0.008644,0.005889,0.000546,0.010511,0.005456
0.006898,0.000268,0.026424,0.009206,0.011174,0.000540,0.022983,0.006060
0.013193,0.000668,0.063847,0.027561,0.021793,0.001349,0.053117,0.018027
0.016915,0.002009,0.059793,0.080786,0.023827,0.004600,0.053516,0.056606
