vet-ins,vet-fnd,avl-ins,avl-fnd,hst-ins,hst-fnd,htr-ins,htr-fnd
0.000526,0.000020,0.001905,0.000661,0.000764,0.004206,0.002151,0.000709
0.002333,0.000195,0.011543,0.007948,0.003618,0.190941,0.013356,0.008492
0.003997,0.000203,0.026175,0.008799,0.007013,0.290165,0.028225,0.010868
0.008158,0.000493,0.060638,0.024706,0.013205,0.740632,0.067541,0.026965
0.007658,0.001447,0.061089,0.080016,0.014224,1.697863,0.064683,0.075697
