vet-ins,vet-fnd,avl-ins,avl-fnd,hst-ins,hst-fnd,htr-ins,htr-fnd
0.001255,0.000039,0.003718,0.001282,0.001830,0.000094,0.002701,0.000761
0.005814,0.000479,0.016735,0.009412,0.005421,0.000536,0.010150,0.005424
0.006359,0.000270,0.026400,0.012153,0.010597,0.000535,0.022139,0.006407
0.012883,0.000666,0.058477,0.026034,0.019650,0.001412,0.052715,0.019122
0.017496,0.002340,0.072075,0.095709,0.022044,0.004732,0.061728,0.065563
