vet-ins,vet-fnd,avl-ins,avl-fnd,hst-ins,hst-fnd,htr-ins,htr-fnd
0.001993,0.000065,0.005313,0.001822,0.003032,0.000131,0.003935,0.001062
0.005993,0.000267,0.012395,0.008644,0.005919,0.000539,0.010419,0.005453
0.006509,0.000267,0.026454,0.009560,0.011295,0.000540,0.022845,0.006080
0.013144,0.000669,0.060491,0.026491,0.021858,0.001348,0.053281,0.018878
0.017276,0.002004,0.059862,0.086208,0.021098,0.004050,0.052931,0.057323
