vet-ins,vet-fnd,avl-ins,avl-fnd,hst-ins,hst-fnd,htr-ins,htr-fnd
0.000559,0.000020,0.001978,0.000700,0.000840,0.003276,0.002144,0.000698
0.002413,0.000192,0.011393,0.007965,0.003651,0.142150,0.012224,0.007909
0.004145,0.000203,0.025743,0.009083,0.007293,0.226744,0.028117,0.008833
0.008399,0.000498,0.059096,0.024484,0.013361,0.564279,0.070725,0.029217
0.008461,0.001472,0.066470,0.079623,0.012654,2.256862,0.068536,0.090582
