vet-ins,vet-fnd,avl-ins,avl-fnd,hst-ins,hst-fnd,htr-ins,htr-fnd
0.001108,0.000036,0.003040,0.001046,0.001610,0.000074,0.002224,0.000601
0.004860,0.000364,0.017303,0.009928,0.005412,0.000536,0.010175,0.005818
0.006282,0.000263,0.026013,0.009246,0.010258,0.000543,0.022312,0.006048
0.013269,0.000840,0.060769,0.026210,0.019625,0.001338,0.051622,0.017996
0.016879,0.001970,0.059492,0.086098,0.018631,0.004048,0.059459,0.057029
