vet-ins,vet-fnd,avl-ins,avl-fnd,hst-ins,hst-fnd,htr-ins,htr-fnd
0.000522,0.000019,0.002010,0.000706,0.001074,0.004519,0.002168,0.000726
0.003006,0.000198,0.012345,0.009611,0.003624,0.196877,0.014440,0.008999
0.004103,0.000198,0.025988,0.009010,0.007071,0.293447,0.028623,0.009582
0.008837,0.000486,0.061860,0.025768,0.013860,0.556221,0.062932,0.025482
0.007793,0.001510,0.061848,0.077308,0.013545,1.678419,0.068882,0.082957
