vet-ins,vet-fnd,avl-ins,avl-fnd,hst-ins,hst-fnd,htr-ins,htr-fnd
0.000845,0.000031,0.002416,0.000759,0.001160,0.000054,0.001592,0.000440
0.003931,0.000307,0.013321,0.009413,0.005392,0.000540,0.010090,0.005400
0.006254,0.000273,0.025764,0.009229,0.010265,0.000631,0.022058,0.006004
0.013185,0.000825,0.062627,0.025895,0.020927,0.001366,0.050838,0.017884
0.018132,0.002038,0.060757,0.078447,0.018564,0.004058,0.050356,0.053311
