vet-ins,vet-fnd,avl-ins,avl-fnd,hst-ins,hst-fnd,htr-ins,htr-fnd
0.002039,0.000077,0.005772,0.002047,0.002859,0.000136,0.003930,0.001078
0.004526,0.000262,0.012817,0.008693,0.005359,0.000548,0.010478,0.005643
0.006959,0.000262,0.028198,0.009704,0.010412,0.000541,0.021918,0.007824
0.014414,0.000770,0.067854,0.031280,0.022840,0.001582,0.056369,0.018018
0.016458,0.001972,0.059879,0.090783,0.021752,0.004851,0.058194,0.060663
