vet-ins,vet-fnd,avl-ins,avl-fnd,hst-ins,hst-fnd,htr-ins,htr-fnd
0.001898,0.000064,0.005219,0.001815,0.002796,0.000132,0.003799,0.001055
0.005910,0.000320,0.012626,0.008781,0.005409,0.000541,0.010061,0.005760
0.006366,0.000271,0.025847,0.009280,0.010244,0.000540,0.021944,0.006009
0.012855,0.000664,0.064832,0.027481,0.020056,0.001355,0.050506,0.017581
0.016674,0.002354,0.061712,0.085996,0.018992,0.004052,0.051487,0.056002
