vet-ins,vet-fnd,avl-ins,avl-fnd,hst-ins,hst-fnd,htr-ins,htr-fnd
0.001961,0.000077,0.005722,0.002031,0.003060,0.000158,0.004163,0.001080
0.004237,0.000263,0.012264,0.008762,0.005426,0.000543,0.010102,0.005441
0.006365,0.000263,0.025805,0.009252,0.010277,0.000552,0.023998,0.006559
0.014290,0.000655,0.063744,0.026743,0.019735,0.001353,0.051250,0.017837
0.020268,0.002342,0.068437,0.082379,0.018920,0.004117,0.054637,0.063787
