vet-ins,vet-fnd,avl-ins,avl-fnd,hst-ins,hst-fnd,htr-ins,htr-fnd
0.002334,0.000079,0.005760,0.002006,0.003378,0.000135,0.004208,0.001277
0.004654,0.000334,0.013646,0.009619,0.006246,0.000670,0.010458,0.005474
0.006522,0.000268,0.026380,0.009230,0.011234,0.000538,0.024028,0.006194
0.013504,0.000669,0.063618,0.025714,0.021754,0.001348,0.053028,0.018217
0.019309,0.002008,0.060831,0.078878,0.022970,0.004044,0.055104,0.055037
