vet-ins,vet-fnd,avl-ins,avl-fnd,hst-ins,hst-fnd,htr-ins,htr-fnd
0.000935,0.000027,0.002311,0.000880,0.001324,0.000053,0.001841,0.000544
0.003888,0.000263,0.014336,0.009771,0.005884,0.000627,0.010350,0.005486
0.006292,0.000263,0.026302,0.009254,0.010190,0.000535,0.021886,0.006008
0.012758,0.000656,0.063938,0.026554,0.019625,0.001347,0.051428,0.017897
0.016458,0.001971,0.060113,0.080911,0.018939,0.004016,0.050797,0.054854
