vet-ins,vet-fnd,avl-ins,avl-fnd,hst-ins,hst-fnd,htr-ins,htr-fnd
0.001547,0.000051,0.004161,0.001239,0.001860,0.000079,0.002405,0.000643
0.005733,0.000436,0.017034,0.009553,0.005903,0.000548,0.010802,0.005479
0.006447,0.000269,0.026279,0.009235,0.011279,0.000541,0.023319,0.006102
0.013546,0.000677,0.059233,0.026257,0.022272,0.001351,0.054264,0.018339
0.016871,0.002033,0.059890,0.078682,0.020944,0.004055,0.056135,0.059449
