vet-ins,vet-fnd,avl-ins,avl-fnd,hst-ins,hst-fnd,htr-ins,htr-fnd
0.001960,0.000065,0.005210,0.001808,0.003037,0.000131,0.003887,0.001045
0.006366,0.000371,0.012632,0.008643,0.005921,0.000539,0.010372,0.005425
0.006653,0.000268,0.026923,0.009315,0.013007,0.000636,0.024265,0.006213
0.013683,0.000680,0.061057,0.025668,0.024393,0.001431,0.063595,0.020242
0.016600,0.002010,0.058842,0.082353,0.021864,0.004048,0.052560,0.053329
