vet-ins,vet-fnd,avl-ins,avl-fnd,hst-ins,hst-fnd,htr-ins,htr-fnd
0.000535,0.000020,0.001947,0.000671,0.000814,0.003137,0.002085,0.000677
0.002342,0.000189,0.011490,0.007855,0.003649,0.144963,0.013511,0.009270
0.004124,0.000239,0.027573,0.009135,0.007777,0.226383,0.027813,0.009111
0.008132,0.000491,0.062428,0.024301,0.013026,0.730609,0.061227,0.025474
0.007895,0.001520,0.063131,0.079004,0.014182,1.693504,0.059165,0.076266
