vet-ins,vet-fnd,avl-ins,avl-fnd,hst-ins,hst-fnd,htr-ins,htr-fnd
0.002199,0.000073,0.005911,0.002034,0.003392,0.000146,0.004389,0.001212
0.004264,0.000267,0.013995,0.010162,0.006528,0.000697,0.011868,0.006144
0.007174,0.000268,0.029801,0.010009,0.012570,0.000640,0.025982,0.006478
0.014710,0.000783,0.065096,0.028688,0.024851,0.001641,0.065948,0.021091
0.018657,0.002176,0.067672,0.089752,0.024757,0.004906,0.062716,0.064514
