vet-ins,vet-fnd,avl-ins,avl-fnd,hst-ins,hst-fnd,htr-ins,htr-fnd
0.000520,0.000019,0.001894,0.000666,0.000756,0.004512,0.002608,0.000763
0.002358,0.000195,0.012700,0.008732,0.004030,0.191906,0.013803,0.008624
0.004021,0.000199,0.025821,0.008833,0.006620,0.306805,0.030635,0.009939
0.008742,0.000587,0.069079,0.028281,0.014083,0.755262,0.069046,0.028962
0.007828,0.001459,0.059967,0.073982,0.012484,2.251550,0.060570,0.076406
