vet-ins,vet-fnd,avl-ins,avl-fnd,hst-ins,hst-fnd,htr-ins,htr-fnd
0.000529,0.000020,0.001862,0.000699,0.000799,0.003209,0.002051,0.000669
0.002361,0.000188,0.011741,0.008171,0.003699,0.143911,0.012532,0.008019
0.004108,0.000205,0.025973,0.009016,0.007173,0.225676,0.027068,0.008659
0.008363,0.000497,0.061136,0.025896,0.013741,0.556660,0.059720,0.024121
0.007980,0.001525,0.062373,0.075502,0.013147,1.676948,0.059912,0.072697
