vet-ins,vet-fnd,avl-ins,avl-fnd,hst-ins,hst-fnd,htr-ins,htr-fnd
0.002142,0.000065,0.005655,0.001915,0.003063,0.000135,0.004094,0.001216
0.004740,0.000262,0.012689,0.009091,0.005403,0.000551,0.010486,0.005421
0.006338,0.000263,0.028390,0.009621,0.010606,0.000544,0.025449,0.007075
0.014674,0.000769,0.068357,0.030336,0.023013,0.001586,0.059925,0.020654
0.018810,0.002377,0.067976,0.096024,0.021879,0.004754,0.057908,0.057643
