vet-ins,vet-fnd,avl-ins,avl-fnd,hst-ins,hst-fnd,htr-ins,htr-fnd
0.000520,0.000020,0.001905,0.000667,0.000826,0.004176,0.002140,0.000708
0.002398,0.000192,0.011518,0.008076,0.003628,0.192622,0.013416,0.008664
0.004127,0.000201,0.026012,0.008922,0.007695,0.302470,0.036169,0.010555
0.008842,0.000537,0.073026,0.028114,0.012982,0.742682,0.064696,0.026061
0.007875,0.001429,0.062043,0.076331,0.013413,2.184326,0.066206,0.081192
