vet-ins,vet-fnd,avl-ins,avl-fnd,hst-ins,hst-fnd,htr-ins,htr-fnd
0.000544,0.000019,0.001915,0.000667,0.000771,0.004278,0.002137,0.000700
0.002361,0.000211,0.011420,0.007994,0.003641,0.188084,0.012871,0.008308
0.004101,0.000207,0.025665,0.008758,0.007110,0.297388,0.028532,0.009658
0.008377,0.000507,0.061198,0.025617,0.013099,0.748862,0.079029,0.031195
0.007843,0.001544,0.062707,0.079923,0.014000,1.673047,0.064061,0.072831
