vet-ins,vet-fnd,avl-ins,avl-fnd,hst-ins,hst-fnd,htr-ins,htr-fnd
0.000563,0.000019,0.001902,0.000958,0.000823,0.005053,0.002182,0.000701
0.002573,0.000263,0.012719,0.009417,0.003629,0.194863,0.013468,0.008512
0.003960,0.000201,0.026373,0.008910,0.006996,0.300518,0.032395,0.009903
0.008257,0.000493,0.067523,0.028357,0.013666,0.749807,0.061154,0.024970
0.007968,0.001510,0.059443,0.074048,0.013210,2.235915,0.065076,0.080227
