vet-ins,vet-fnd,avl-ins,avl-fnd,hst-ins,hst-fnd,htr-ins,htr-fnd
0.001115,0.000045,0.003113,0.001035,0.001756,0.000075,0.002270,0.000612
0.005030,0.000372,0.017283,0.009401,0.006144,0.000540,0.010447,0.005461
0.006615,0.000269,0.026263,0.009173,0.011471,0.000543,0.023551,0.006074
0.013063,0.000670,0.065655,0.026351,0.021779,0.001447,0.055532,0.018332
0.017002,0.002011,0.070446,0.080416,0.021198,0.004078,0.053487,0.057434
