vet-ins,vet-fnd,avl-ins,avl-fnd,hst-ins,hst-fnd,htr-ins,htr-fnd
0.000859,0.000031,0.003143,0.001053,0.001610,0.000075,0.002266,0.000621
0.004871,0.000372,0.016567,0.009423,0.005645,0.000540,0.010438,0.005780
0.006784,0.000263,0.026372,0.009620,0.010205,0.000540,0.022101,0.006131
0.013073,0.000660,0.064565,0.026718,0.019664,0.001360,0.052775,0.018610
0.018987,0.002350,0.063077,0.081790,0.018694,0.004117,0.051949,0.056601
