vet-ins,vet-fnd,avl-ins,avl-fnd,hst-ins,hst-fnd,htr-ins,htr-fnd
0.000563,0.000019,0.002057,0.000665,0.000800,0.003116,0.002150,0.000664
0.002148,0.000193,0.011747,0.008270,0.003734,0.143863,0.013132,0.008216
0.004165,0.000203,0.027280,0.009445,0.006324,0.294300,0.029169,0.009605
0.008365,0.000487,0.064646,0.025378,0.013437,0.742936,0.066911,0.028097
0.007922,0.001446,0.066741,0.079698,0.013990,1.769264,0.067104,0.077380
