vet-ins,vet-fnd,avl-ins,avl-fnd,hst-ins,hst-fnd,htr-ins,htr-fnd
0.000546,0.000020,0.001908,0.000667,0.000778,0.004279,0.002317,0.000711
0.002408,0.000190,0.011618,0.009093,0.004098,0.196167,0.014986,0.010479
0.004203,0.000197,0.030344,0.010432,0.007217,0.307810,0.031241,0.010498
0.008743,0.000496,0.066536,0.025955,0.013389,0.754712,0.065643,0.027989
0.007985,0.001503,0.061380,0.073901,0.012890,2.239723,0.092182,0.102756
