vet-ins,vet-fnd,avl-ins,avl-fnd,hst-ins,hst-fnd,htr-ins,htr-fnd
0.001093,0.000037,0.003034,0.001046,0.001606,0.000076,0.002226,0.000602
0.004854,0.000364,0.016643,0.009006,0.005527,0.000691,0.011748,0.005741
0.006605,0.000262,0.027188,0.009326,0.010181,0.000540,0.022018,0.005987
0.012967,0.000656,0.059834,0.025828,0.019643,0.001353,0.051094,0.018483
0.016318,0.002316,0.064359,0.081378,0.019446,0.004669,0.053485,0.057262
