vet-ins,vet-fnd,avl-ins,avl-fnd,hst-ins,hst-fnd,htr-ins,htr-fnd
0.000570,0.000020,0.001858,0.000669,0.000795,0.003169,0.002048,0.000668
0.002303,0.000188,0.011357,0.007916,0.003684,0.142294,0.012515,0.008151
0.003979,0.000201,0.025505,0.008692,0.007103,0.225564,0.027180,0.009229
0.008182,0.000488,0.062379,0.025011,0.013813,0.550713,0.060296,0.024483
0.007499,0.001443,0.058406,0.079454,0.012471,2.208773,0.063217,0.076636
