vet-ins,vet-fnd,avl-ins,avl-fnd,hst-ins,hst-fnd,htr-ins,htr-fnd
0.001870,0.000070,0.005226,0.001835,0.002775,0.000129,0.003971,0.001049
0.005344,0.000328,0.013555,0.009581,0.006400,0.000627,0.012500,0.006473
0.006972,0.000263,0.028538,0.010152,0.011026,0.000536,0.023904,0.006186
0.012799,0.000656,0.058507,0.026384,0.020914,0.001439,0.056397,0.017986
0.016011,0.002044,0.064582,0.085583,0.018985,0.004082,0.051563,0.052392
