vet-ins,vet-fnd,avl-ins,avl-fnd,hst-ins,hst-fnd,htr-ins,htr-fnd
0.000553,0.000020,0.001962,0.000700,0.000836,0.003281,0.002157,0.000699
0.002307,0.000186,0.011419,0.007854,0.003624,0.142486,0.012215,0.007903
0.004086,0.000201,0.025845,0.008755,0.007192,0.225940,0.026813,0.008653
0.008229,0.000495,0.058306,0.024334,0.013414,0.546489,0.059097,0.024053
0.007942,0.001522,0.059963,0.073755,0.012542,2.174684,0.061484,0.075841
