vet-ins,vet-fnd,avl-ins,avl-fnd,hst-ins,hst-fnd,htr-ins,htr-fnd
0.000559,0.000019,0.001863,0.000668,0.000761,0.004283,0.002105,0.000716
0.002366,0.000188,0.011339,0.007870,0.003601,0.187265,0.012981,0.008498
0.003968,0.000203,0.025973,0.008679,0.006998,0.289039,0.028199,0.009179
0.008062,0.000495,0.058916,0.024228,0.012800,0.720886,0.060729,0.025265
0.007994,0.001521,0.059563,0.072836,0.013278,1.669119,0.060520,0.074199
