vet-ins,vet-fnd,avl-ins,avl-fnd,hst-ins,hst-fnd,htr-ins,htr-fnd
0.001011,0.000027,0.002442,0.000888,0.001333,0.000064,0.002067,0.000549
0.008698,0.000647,0.016320,0.008614,0.006508,0.000587,0.011702,0.006041
0.006841,0.000269,0.026846,0.009303,0.011236,0.000537,0.023301,0.006051
0.013521,0.000670,0.060632,0.025862,0.021787,0.001344,0.055922,0.019680
0.017222,0.002097,0.064963,0.085071,0.021107,0.004053,0.053080,0.056299
