vet-ins,vet-fnd,avl-ins,avl-fnd,hst-ins,hst-fnd,htr-ins,htr-fnd
0.002104,0.000071,0.005884,0.002069,0.003126,0.000146,0.004319,0.001191
0.004350,0.000324,0.014536,0.010320,0.006303,0.000627,0.011892,0.006384
0.007467,0.000307,0.030572,0.010780,0.012027,0.000628,0.025582,0.006032
0.012696,0.000655,0.061264,0.027333,0.021323,0.001491,0.059443,0.021107
0.018812,0.002303,0.069412,0.091161,0.021423,0.004441,0.058026,0.057628
