vet-ins,vet-fnd,avl-ins,avl-fnd,hst-ins,hst-fnd,htr-ins,htr-fnd
0.002039,0.000060,0.005402,0.001875,0.003075,0.000142,0.004193,0.001138
0.005995,0.000268,0.013670,0.009400,0.006015,0.000539,0.010484,0.005449
0.006622,0.000267,0.026229,0.009190,0.011278,0.000540,0.023271,0.006071
0.015164,0.000668,0.062613,0.029938,0.022596,0.001348,0.055758,0.018030
0.018831,0.002376,0.060511,0.089548,0.024283,0.004673,0.068179,0.057833
