vet-ins,vet-fnd,avl-ins,avl-fnd,hst-ins,hst-fnd,htr-ins,htr-fnd
0.000519,0.000019,0.001849,0.000701,0.000814,0.003198,0.002024,0.000666
0.002344,0.000188,0.011425,0.008015,0.003464,0.140586,0.012691,0.008222
0.004106,0.000204,0.025561,0.008637,0.007212,0.224502,0.027040,0.008746
0.008047,0.000491,0.058499,0.024662,0.013524,0.554921,0.059737,0.024403
0.007922,0.001520,0.058874,0.073347,0.013109,1.659093,0.059738,0.072154
