vet-ins,vet-fnd,avl-ins,avl-fnd,hst-ins,hst-fnd,htr-ins,htr-fnd
0.000977,0.000044,0.003295,0.001041,0.001613,0.000075,0.002220,0.000606
0.004889,0.000364,0.017229,0.008763,0.005419,0.000540,0.011867,0.006078
0.006208,0.000263,0.027085,0.009289,0.010215,0.000540,0.022042,0.006022
0.012724,0.000655,0.060179,0.026471,0.020774,0.001351,0.054946,0.019690
0.016393,0.001971,0.065529,0.083986,0.022058,0.004553,0.051661,0.055223
