vet-ins,vet-fnd,avl-ins,avl-fnd,hst-ins,hst-fnd,htr-ins,htr-fnd
0.000827,0.000027,0.002204,0.000746,0.001439,0.000067,0.001758,0.000446
0.003688,0.000269,0.012511,0.008609,0.006239,0.000542,0.010455,0.005456
0.006854,0.000270,0.026283,0.009131,0.011295,0.000541,0.022986,0.006058
0.014053,0.000670,0.059796,0.025754,0.022124,0.001360,0.054240,0.019337
0.016739,0.002354,0.060503,0.079622,0.023294,0.004843,0.057479,0.055341
