vet-ins,vet-fnd,avl-ins,avl-fnd,hst-ins,hst-fnd,htr-ins,htr-fnd
0.001906,0.000065,0.005645,0.001835,0.002835,0.000131,0.004294,0.001051
0.005025,0.000308,0.016437,0.009837,0.005783,0.000609,0.012291,0.006197
0.006365,0.000263,0.029901,0.009255,0.011052,0.000639,0.023873,0.006426
0.013514,0.000664,0.066828,0.030006,0.021786,0.001487,0.060171,0.018298
0.016421,0.001969,0.067323,0.088535,0.019709,0.004048,0.054572,0.055675
