vet-ins,vet-fnd,avl-ins,avl-fnd,hst-ins,hst-fnd,htr-ins,htr-fnd
0.000556,0.000020,0.001913,0.000683,0.000844,0.003275,0.002117,0.000683
0.002483,0.000190,0.011573,0.008021,0.003749,0.141894,0.012672,0.008033
0.003966,0.000203,0.025693,0.008689,0.007185,0.225368,0.027502,0.009084
0.008257,0.000500,0.060970,0.025229,0.013446,0.550472,0.068752,0.028484
0.008642,0.001477,0.067224,0.076881,0.013621,1.710701,0.068967,0.082465
