vet-ins,vet-fnd,avl-ins,avl-fnd,hst-ins,hst-fnd,htr-ins,htr-fnd
0.001977,0.000066,0.005379,0.001828,0.003048,0.000131,0.004283,0.001052
0.005384,0.000269,0.014896,0.010320,0.007051,0.000636,0.012277,0.006279
0.007507,0.000268,0.029740,0.009489,0.011909,0.000540,0.023702,0.006390
0.015318,0.000794,0.079486,0.032975,0.026118,0.001582,0.067915,0.022178
0.020221,0.002329,0.079643,0.099142,0.024595,0.004905,0.060862,0.057887
