vet-ins,vet-fnd,avl-ins,avl-fnd,hst-ins,hst-fnd,htr-ins,htr-fnd
0.001897,0.000064,0.005251,0.001823,0.002792,0.000131,0.003810,0.001058
0.005905,0.000354,0.013153,0.008725,0.005415,0.000540,0.010343,0.005403
0.006289,0.000272,0.025916,0.009253,0.010215,0.000540,0.024002,0.008038
0.013351,0.000656,0.059728,0.026673,0.019947,0.001361,0.051715,0.020602
0.016361,0.001965,0.060787,0.081876,0.021665,0.004661,0.052751,0.054936
