vet-ins,vet-fnd,avl-ins,avl-fnd,hst-ins,hst-fnd,htr-ins,htr-fnd
0.000585,0.000020,0.001960,0.000693,0.000783,0.004250,0.002124,0.000733
0.002700,0.000205,0.013416,0.008837,0.004349,0.197022,0.014724,0.009904
0.003942,0.000201,0.028610,0.009715,0.007247,0.303768,0.030530,0.009781
0.008630,0.000665,0.065404,0.027472,0.013724,0.744939,0.062456,0.025154
0.007591,0.001449,0.063043,0.085114,0.014429,1.695747,0.063135,0.072141
