vet-ins,vet-fnd,avl-ins,avl-fnd,hst-ins,hst-fnd,htr-ins,htr-fnd
0.001132,0.000048,0.003611,0.001305,0.002027,0.000095,0.002739,0.000759
0.006027,0.000457,0.016719,0.008641,0.005922,0.000540,0.010787,0.005476
0.006890,0.000269,0.026254,0.009191,0.011839,0.000667,0.024903,0.006094
0.013112,0.000671,0.060761,0.027294,0.022220,0.001349,0.055832,0.020010
0.017795,0.002059,0.059550,0.079444,0.022616,0.004413,0.054485,0.054165
