vet-ins,vet-fnd,avl-ins,avl-fnd,hst-ins,hst-fnd,htr-ins,htr-fnd
0.002201,0.000074,0.005930,0.002044,0.003395,0.000151,0.004414,0.001181
0.004349,0.000347,0.013558,0.009231,0.006774,0.000560,0.011182,0.005484
0.006882,0.000268,0.026728,0.009364,0.011185,0.000564,0.023561,0.006165
0.013439,0.000701,0.064613,0.029168,0.022994,0.001349,0.056223,0.018978
0.016665,0.002014,0.068821,0.090842,0.023203,0.004786,0.060045,0.060722
