vet-ins,vet-fnd,avl-ins,avl-fnd,hst-ins,hst-fnd,htr-ins,htr-fnd
0.000562,0.000020,0.001867,0.000660,0.000770,0.004228,0.002131,0.000704
0.002376,0.000194,0.011499,0.007928,0.003644,0.190254,0.013387,0.008459
0.004147,0.000200,0.025640,0.008628,0.007080,0.291502,0.028130,0.009103
0.008373,0.000509,0.058947,0.024312,0.012952,0.734404,0.060854,0.025027
0.007996,0.001519,0.057810,0.071627,0.013099,2.402873,0.066023,0.076468
