vet-ins,vet-fnd,avl-ins,avl-fnd,hst-ins,hst-fnd,htr-ins,htr-fnd
0.000790,0.000027,0.002218,0.000880,0.001398,0.000070,0.001748,0.000514
0.003840,0.000262,0.012756,0.009130,0.005389,0.000536,0.010145,0.005396
0.006281,0.000268,0.026038,0.009286,0.010186,0.000546,0.024687,0.006842
0.013206,0.000656,0.059691,0.026164,0.019651,0.001338,0.051726,0.018027
0.018048,0.002125,0.060615,0.079704,0.020310,0.004050,0.051347,0.053348
