vet-ins,vet-fnd,avl-ins,avl-fnd,hst-ins,hst-fnd,htr-ins,htr-fnd
0.000949,0.000027,0.002178,0.000752,0.001160,0.000054,0.001603,0.000435
0.003752,0.000262,0.012360,0.008975,0.006212,0.000547,0.010858,0.006238
0.007082,0.000263,0.027410,0.009864,0.010155,0.000536,0.022303,0.005996
0.013066,0.000656,0.059037,0.027998,0.020743,0.001344,0.051926,0.018047
0.016375,0.001979,0.060016,0.091428,0.020708,0.004069,0.053028,0.056776
