vet-ins,vet-fnd,avl-ins,avl-fnd,hst-ins,hst-fnd,htr-ins,htr-fnd
0.000822,0.000027,0.002208,0.000744,0.001265,0.000058,0.001637,0.000436
0.004043,0.000267,0.015102,0.009597,0.006543,0.000649,0.011260,0.006354
0.006513,0.000269,0.026336,0.009171,0.011273,0.000541,0.022964,0.007620
0.014232,0.000703,0.067508,0.031549,0.023598,0.001349,0.055904,0.021227
0.016836,0.002007,0.064305,0.085152,0.021626,0.004764,0.062893,0.055716
