vet-ins,vet-fnd,avl-ins,avl-fnd,hst-ins,hst-fnd,htr-ins,htr-fnd
0.002816,0.000088,0.008116,0.001998,0.003433,0.000135,0.004385,0.001209
0.003811,0.000267,0.013529,0.010689,0.007098,0.000640,0.013112,0.006873
0.007724,0.000313,0.033132,0.012846,0.013296,0.000631,0.029295,0.007873
0.015361,0.000789,0.079365,0.034103,0.026217,0.001587,0.070203,0.023802
0.020211,0.002287,0.080231,0.091358,0.024575,0.004784,0.070489,0.066348
