vet-ins,vet-fnd,avl-ins,avl-fnd,hst-ins,hst-fnd,htr-ins,htr-fnd
0.001907,0.000064,0.005245,0.001825,0.002803,0.000130,0.003851,0.001057
0.006306,0.000328,0.014237,0.010139,0.006183,0.000540,0.010773,0.005409
0.006276,0.000263,0.026255,0.009711,0.010176,0.000541,0.022090,0.006010
0.013506,0.000656,0.061315,0.027000,0.020225,0.001353,0.051115,0.018092
0.016224,0.001973,0.062714,0.089263,0.021860,0.004642,0.059569,0.062366
