vet-ins,vet-fnd,avl-ins,avl-fnd,hst-ins,hst-fnd,htr-ins,htr-fnd
0.001896,0.000048,0.002522,0.000760,0.001161,0.000054,0.001742,0.000512
0.003556,0.000262,0.012323,0.008707,0.005399,0.000541,0.010068,0.005422
0.006289,0.000264,0.025811,0.009230,0.010182,0.000540,0.022992,0.006564
0.012577,0.000663,0.060515,0.028287,0.021241,0.001370,0.056461,0.020372
0.017651,0.002372,0.067856,0.082414,0.019347,0.004064,0.051471,0.054201
