vet-ins,vet-fnd,avl-ins,avl-fnd,hst-ins,hst-fnd,htr-ins,htr-fnd
0.002121,0.000067,0.005644,0.002008,0.003228,0.000135,0.004219,0.001240
0.005284,0.000268,0.012715,0.009020,0.005878,0.000547,0.010371,0.005473
0.006430,0.000268,0.025991,0.009228,0.011179,0.000539,0.022925,0.006288
0.014651,0.000679,0.062347,0.026425,0.022163,0.001352,0.053073,0.017935
0.017524,0.002151,0.059949,0.078428,0.020755,0.004486,0.055970,0.053377
