vet-ins,vet-fnd,avl-ins,avl-fnd,hst-ins,hst-fnd,htr-ins,htr-fnd
0.002326,0.000077,0.006453,0.002263,0.003483,0.000158,0.004701,0.001285
0.004144,0.000308,0.014769,0.010487,0.006057,0.000636,0.012089,0.006653
0.007133,0.000300,0.028752,0.009550,0.010556,0.000540,0.025886,0.007206
0.012677,0.000655,0.067959,0.028799,0.020441,0.001596,0.059407,0.020971
0.018391,0.002140,0.063408,0.082949,0.022124,0.004610,0.062463,0.065494
