vet-ins,vet-fnd,avl-ins,avl-fnd,hst-ins,hst-fnd,htr-ins,htr-fnd
0.002188,0.000073,0.005969,0.002033,0.003390,0.000146,0.004411,0.001186
0.004510,0.000267,0.012465,0.009327,0.005886,0.000539,0.012246,0.006399
0.007109,0.000313,0.028048,0.009232,0.011534,0.000542,0.023089,0.007174
0.013262,0.000668,0.065879,0.028537,0.024832,0.001615,0.060538,0.022358
0.016950,0.002111,0.065597,0.084463,0.021513,0.004164,0.053717,0.054937
