vet-ins,vet-fnd,avl-ins,avl-fnd,hst-ins,hst-fnd,htr-ins,htr-fnd
0.002199,0.000073,0.005888,0.002046,0.003385,0.000148,0.004324,0.001185
0.004408,0.000268,0.012396,0.008702,0.005889,0.000537,0.010596,0.005597
0.007244,0.000268,0.027374,0.009215,0.011496,0.000539,0.022433,0.006098
0.015331,0.000784,0.064371,0.026093,0.022128,0.001348,0.052951,0.018953
0.017043,0.002111,0.060875,0.078843,0.021124,0.004083,0.052021,0.063839
