vet-ins,vet-fnd,avl-ins,avl-fnd,hst-ins,hst-fnd,htr-ins,htr-fnd
0.000942,0.000033,0.002321,0.000885,0.001405,0.000064,0.001708,0.000509
0.004033,0.000262,0.014059,0.009390,0.006280,0.000639,0.012010,0.006042
0.006596,0.000324,0.025787,0.009254,0.010218,0.000536,0.022431,0.006017
0.012861,0.000656,0.058586,0.028578,0.021862,0.001564,0.053931,0.017974
0.016363,0.001973,0.059525,0.082301,0.019503,0.004330,0.055175,0.053338
