vet-ins,vet-fnd,avl-ins,avl-fnd,hst-ins,hst-fnd,htr-ins,htr-fnd
0.001898,0.000070,0.005230,0.001826,0.002773,0.000137,0.003853,0.001043
0.005483,0.000328,0.012829,0.008928,0.005470,0.000536,0.010101,0.005415
0.006269,0.000263,0.025794,0.009277,0.010241,0.000644,0.022166,0.006185
0.013101,0.000658,0.059144,0.026255,0.019604,0.001359,0.055489,0.019166
0.016615,0.001972,0.060536,0.084372,0.018652,0.004574,0.051402,0.058242
