vet-ins,vet-fnd,avl-ins,avl-fnd,hst-ins,hst-fnd,htr-ins,htr-fnd
0.000521,0.000019,0.001901,0.000691,0.000780,0.004273,0.002167,0.000747
0.002427,0.000194,0.011512,0.008154,0.003644,0.188500,0.012992,0.008422
0.004034,0.000198,0.025461,0.008766,0.007080,0.291718,0.028274,0.009231
0.008308,0.000493,0.058314,0.024459,0.013656,0.548228,0.059408,0.024248
0.007521,0.001438,0.057803,0.073011,0.012297,2.214925,0.062072,0.075947
