vet-ins,vet-fnd,avl-ins,avl-fnd,hst-ins,hst-fnd,htr-ins,htr-fnd
0.000524,0.000019,0.001907,0.000679,0.000883,0.004373,0.002186,0.000723
0.002696,0.000219,0.013321,0.011553,0.004880,0.201561,0.013815,0.009422
0.004202,0.000202,0.029256,0.009643,0.008517,0.316001,0.029896,0.009529
0.008467,0.000490,0.062221,0.026476,0.013439,0.766672,0.063651,0.025949
0.007609,0.001426,0.063148,0.078097,0.013983,1.747012,0.067026,0.085514
