vet-ins,vet-fnd,avl-ins,avl-fnd,hst-ins,hst-fnd,htr-ins,htr-fnd
0.000967,0.000032,0.002576,0.000875,0.001494,0.000054,0.001784,0.000539
0.003862,0.000267,0.013510,0.009053,0.006599,0.000538,0.011450,0.006135
0.006769,0.000269,0.026772,0.009174,0.011284,0.000630,0.025737,0.006431
0.013804,0.000768,0.062898,0.026086,0.022226,0.001363,0.054811,0.018456
0.016842,0.002016,0.059944,0.080004,0.020768,0.004717,0.053636,0.057619
