vet-ins,vet-fnd,avl-ins,avl-fnd,hst-ins,hst-fnd,htr-ins,htr-fnd
0.002108,0.000067,0.005844,0.001892,0.003259,0.000158,0.004586,0.001079
0.004391,0.000268,0.012387,0.008696,0.005889,0.000549,0.011184,0.005440
0.006456,0.000273,0.025911,0.009168,0.011206,0.000546,0.023130,0.006037
0.013151,0.000687,0.061115,0.025654,0.022683,0.001587,0.056452,0.017831
0.016438,0.002009,0.063929,0.091190,0.021417,0.004051,0.052905,0.067160
