vet-ins,vet-fnd,avl-ins,avl-fnd,hst-ins,hst-fnd,htr-ins,htr-fnd
0.002102,0.000071,0.005986,0.002044,0.003126,0.000146,0.004395,0.001184
0.004431,0.000262,0.012513,0.008763,0.006192,0.000644,0.010961,0.005375
0.007135,0.000316,0.027283,0.009289,0.010221,0.000636,0.023349,0.006018
0.013545,0.000658,0.062757,0.026870,0.019513,0.001348,0.054962,0.017874
0.016951,0.001970,0.065340,0.079778,0.018600,0.004024,0.052123,0.054434
