vet-ins,vet-fnd,avl-ins,avl-fnd,hst-ins,hst-fnd,htr-ins,htr-fnd
0.000572,0.000020,0.001991,0.000699,0.000849,0.003263,0.002144,0.000704
0.002322,0.000188,0.012046,0.008311,0.003681,0.145589,0.013075,0.008319
0.004116,0.000296,0.026529,0.009159,0.006950,0.295029,0.028635,0.009701
0.008378,0.000487,0.061640,0.025677,0.013173,0.747725,0.063896,0.026946
0.007589,0.001481,0.060745,0.076314,0.013185,2.208715,0.068912,0.079280
