vet-ins,vet-fnd,avl-ins,avl-fnd,hst-ins,hst-fnd,htr-ins,htr-fnd
0.002116,0.000084,0.003271,0.000822,0.001372,0.000067,0.001719,0.000507
0.003704,0.000328,0.012978,0.009321,0.005385,0.000541,0.010046,0.005391
0.006299,0.000270,0.026941,0.009229,0.010179,0.000543,0.023774,0.006633
0.012693,0.000661,0.059495,0.027042,0.019613,0.001361,0.051072,0.017840
0.016169,0.001965,0.064592,0.083786,0.021079,0.004705,0.050439,0.053754
