vet-ins,vet-fnd,avl-ins,avl-fnd,hst-ins,hst-fnd,htr-ins,htr-fnd
0.000538,0.000019,0.001925,0.000663,0.000946,0.003182,0.002051,0.000668
0.002387,0.000188,0.011905,0.008230,0.003759,0.142949,0.012844,0.008233
0.003993,0.000206,0.026072,0.008695,0.007230,0.223723,0.026853,0.008667
0.008252,0.000488,0.060571,0.024564,0.013427,0.551730,0.067267,0.026962
0.008305,0.001453,0.068759,0.084927,0.014052,1.703902,0.066483,0.075141
