vet-ins,vet-fnd,avl-ins,avl-fnd,hst-ins,hst-fnd,htr-ins,htr-fnd
0.000532,0.000020,0.001884,0.000668,0.000800,0.003228,0.002022,0.000669
0.002363,0.000191,0.011490,0.007933,0.003674,0.143784,0.012819,0.008300
0.004363,0.000201,0.026694,0.009167,0.007015,0.224483,0.026614,0.008569
0.008193,0.000496,0.058573,0.024486,0.013133,0.733788,0.068276,0.025920
0.007723,0.001453,0.058154,0.072690,0.013415,1.687144,0.061051,0.073526
