vet-ins,vet-fnd,avl-ins,avl-fnd,hst-ins,hst-fnd,htr-ins,htr-fnd
0.002184,0.000073,0.005902,0.002032,0.003384,0.000147,0.004354,0.001187
0.004966,0.000334,0.012758,0.009287,0.006136,0.000577,0.012107,0.006138
0.007619,0.000313,0.027981,0.009537,0.011682,0.000539,0.023100,0.006544
0.014983,0.000673,0.061048,0.029294,0.023651,0.001515,0.056164,0.020297
0.016994,0.002136,0.063001,0.079600,0.021076,0.004051,0.053076,0.055031
