vet-ins,vet-fnd,avl-ins,avl-fnd,hst-ins,hst-fnd,htr-ins,htr-fnd
0.001252,0.000040,0.003174,0.001095,0.001826,0.000079,0.002345,0.000636
0.005872,0.000391,0.018461,0.010433,0.006902,0.000652,0.011846,0.006341
0.007290,0.000334,0.029118,0.010747,0.013434,0.000539,0.025236,0.006416
0.014704,0.000803,0.064258,0.026969,0.022860,0.001352,0.053826,0.017985
0.019031,0.002404,0.061837,0.081847,0.020812,0.004052,0.058674,0.058424
