vet-ins,vet-fnd,avl-ins,avl-fnd,hst-ins,hst-fnd,htr-ins,htr-fnd
0.000790,0.000027,0.002176,0.000753,0.001161,0.000055,0.001598,0.000435
0.003783,0.000328,0.012418,0.008719,0.005382,0.000535,0.011603,0.005468
0.006279,0.000265,0.026816,0.009539,0.010825,0.000535,0.022700,0.006022
0.012611,0.000656,0.058387,0.025926,0.021298,0.001587,0.055923,0.018397
0.016132,0.001972,0.059238,0.083924,0.020238,0.004719,0.050365,0.052785
