vet-ins,vet-fnd,avl-ins,avl-fnd,hst-ins,hst-fnd,htr-ins,htr-fnd
0.000541,0.000020,0.001939,0.000659,0.000763,0.004581,0.002155,0.000706
0.002419,0.000191,0.011890,0.008276,0.003603,0.191621,0.013575,0.008729
0.004118,0.000202,0.026452,0.009049,0.007152,0.295524,0.028349,0.009077
0.008154,0.000494,0.060924,0.024828,0.013061,0.741736,0.069422,0.026321
0.007620,0.001442,0.057625,0.076538,0.013049,2.216344,0.067349,0.077040
