vet-ins,vet-fnd,avl-ins,avl-fnd,hst-ins,hst-fnd,htr-ins,htr-fnd
0.001408,0.000047,0.003360,0.001252,0.002048,0.000094,0.002639,0.000761
0.005615,0.000372,0.015977,0.008678,0.006362,0.000538,0.010370,0.006458
0.006953,0.000268,0.027194,0.009617,0.012042,0.000537,0.024248,0.006806
0.013386,0.000675,0.059169,0.025814,0.022159,0.001342,0.053477,0.017845
0.016579,0.002012,0.059675,0.085731,0.021755,0.004142,0.052294,0.053886
