vet-ins,vet-fnd,avl-ins,avl-fnd,hst-ins,hst-fnd,htr-ins,htr-fnd
0.002264,0.000077,0.006346,0.002217,0.003366,0.000159,0.004595,0.001276
0.004423,0.000308,0.014620,0.010453,0.005872,0.000670,0.010471,0.006248
0.006222,0.000263,0.025877,0.009309,0.010207,0.000541,0.023220,0.006379
0.012721,0.000655,0.066369,0.029187,0.019636,0.001351,0.053861,0.018475
0.017952,0.002124,0.063522,0.085817,0.019652,0.004424,0.051518,0.052732
