vet-ins,vet-fnd,avl-ins,avl-fnd,hst-ins,hst-fnd,htr-ins,htr-fnd
0.000545,0.000019,0.001871,0.000662,0.000799,0.004268,0.002097,0.000699
0.002390,0.000188,0.011831,0.008052,0.003465,0.187905,0.013655,0.009175
0.004113,0.000208,0.027307,0.009165,0.006848,0.292328,0.029401,0.009769
0.008014,0.000491,0.060764,0.024349,0.012993,0.764093,0.072725,0.027181
0.007920,0.001452,0.061729,0.076684,0.012613,2.201880,0.060828,0.075275
