vet-ins,vet-fnd,avl-ins,avl-fnd,hst-ins,hst-fnd,htr-ins,htr-fnd
0.000550,0.000021,0.001952,0.000669,0.000792,0.003265,0.002110,0.000667
0.002323,0.000193,0.011388,0.008005,0.003730,0.142771,0.012501,0.008081
0.003938,0.000208,0.026371,0.008802,0.007030,0.222002,0.026959,0.008622
0.008075,0.000495,0.059031,0.024713,0.013659,0.544559,0.061379,0.025933
0.007702,0.001475,0.060524,0.074341,0.013168,1.641025,0.060866,0.072560
