vet-ins,vet-fnd,avl-ins,avl-fnd,hst-ins,hst-fnd,htr-ins,htr-fnd
0.000752,0.000019,0.001935,0.000672,0.000763,0.004810,0.002251,0.000731
0.002521,0.000278,0.012474,0.009562,0.003439,0.188407,0.014188,0.009023
0.004262,0.000210,0.026014,0.008921,0.007323,0.221616,0.027447,0.008822
0.008119,0.000493,0.058265,0.024535,0.014271,0.553275,0.063425,0.025533
0.007617,0.001562,0.063549,0.077512,0.013238,1.704483,0.059930,0.076635
