vet-ins,vet-fnd,avl-ins,avl-fnd,hst-ins,hst-fnd,htr-ins,htr-fnd
0.000563,0.000020,0.001997,0.000700,0.000848,0.003229,0.002070,0.000671
0.002351,0.000187,0.011403,0.007970,0.003721,0.142117,0.012279,0.008073
0.004057,0.000203,0.025890,0.008690,0.007046,0.224782,0.026616,0.008700
0.008122,0.000499,0.058894,0.024398,0.013293,0.557819,0.062790,0.025819
0.008012,0.001486,0.062056,0.076343,0.013133,1.688753,0.066727,0.075557
