vet-ins,vet-fnd,avl-ins,avl-fnd,hst-ins,hst-fnd,htr-ins,htr-fnd
0.001187,0.000047,0.003573,0.001311,0.002065,0.000095,0.002749,0.000760
0.006087,0.000448,0.016354,0.008677,0.007425,0.000703,0.013224,0.007452
0.006640,0.000268,0.026856,0.009244,0.011280,0.000541,0.023140,0.006073
0.013088,0.000669,0.070517,0.025977,0.021849,0.001345,0.053778,0.018461
0.017279,0.002006,0.060732,0.080208,0.021429,0.004114,0.052697,0.053515
