vet-ins,vet-fnd,avl-ins,avl-fnd,hst-ins,hst-fnd,htr-ins,htr-fnd
0.002037,0.000082,0.005669,0.002040,0.003236,0.000135,0.004412,0.001137
0.004702,0.000268,0.013663,0.010083,0.005893,0.000538,0.010537,0.005805
0.006489,0.000268,0.025965,0.009239,0.011238,0.000538,0.022795,0.006091
0.013112,0.000670,0.061540,0.027779,0.021875,0.001344,0.053497,0.018545
0.016820,0.002112,0.064256,0.079930,0.020872,0.004037,0.052455,0.053617
