vet-ins,vet-fnd,avl-ins,avl-fnd,hst-ins,hst-fnd,htr-ins,htr-fnd
0.000982,0.000031,0.002550,0.000881,0.001487,0.000063,0.001916,0.000508
0.004961,0.000323,0.016545,0.011230,0.006948,0.000674,0.012070,0.006357
0.007608,0.000313,0.030000,0.011237,0.013307,0.000539,0.026496,0.007166
0.017242,0.000872,0.086709,0.036761,0.028275,0.001587,0.074395,0.023610
0.022635,0.002382,0.082322,0.099160,0.022153,0.004380,0.056806,0.056512
