vet-ins,vet-fnd,avl-ins,avl-fnd,hst-ins,hst-fnd,htr-ins,htr-fnd
0.000562,0.000020,0.001968,0.000704,0.000820,0.004444,0.002246,0.000735
0.002359,0.000187,0.011418,0.007879,0.003553,0.139384,0.012428,0.007890
0.004110,0.000205,0.025506,0.008659,0.006958,0.219645,0.027665,0.008839
0.008206,0.000501,0.059270,0.024796,0.013449,0.548609,0.061131,0.023871
0.007657,0.001456,0.061456,0.077774,0.012909,2.222071,0.063463,0.075430
