vet-ins,vet-fnd,avl-ins,avl-fnd,hst-ins,hst-fnd,htr-ins,htr-fnd
0.002116,0.000072,0.005922,0.002040,0.003123,0.000146,0.004339,0.001206
0.003812,0.000262,0.012391,0.009115,0.005372,0.000536,0.010173,0.005402
0.006390,0.000263,0.026375,0.009288,0.010160,0.000587,0.023759,0.005982
0.012718,0.000655,0.058918,0.025867,0.019615,0.001348,0.051187,0.017623
0.017474,0.002348,0.070046,0.086789,0.019910,0.004502,0.057074,0.056425
