vet-ins,vet-fnd,avl-ins,avl-fnd,hst-ins,hst-fnd,htr-ins,htr-fnd
0.001267,0.000044,0.003055,0.001044,0.001611,0.000074,0.002227,0.000608
0.004866,0.000365,0.017062,0.009298,0.005447,0.000530,0.011133,0.007717
0.006482,0.000263,0.026005,0.009974,0.010388,0.000621,0.023935,0.006229
0.013976,0.000663,0.059927,0.027808,0.020847,0.001326,0.053059,0.018589
0.017068,0.002297,0.068121,0.081562,0.018671,0.003998,0.050961,0.055716
