vet-ins,vet-fnd,avl-ins,avl-fnd,hst-ins,hst-fnd,htr-ins,htr-fnd
0.000561,0.000020,0.001863,0.000667,0.000764,0.004303,0.002162,0.000705
0.002362,0.000195,0.011401,0.007926,0.003591,0.187830,0.013031,0.008335
0.004148,0.000204,0.025861,0.008860,0.006934,0.289968,0.028179,0.009107
0.008148,0.000498,0.058150,0.024417,0.012847,0.726707,0.060936,0.025236
0.008020,0.001529,0.057856,0.072824,0.012985,2.165825,0.061765,0.076526
