vet-ins,vet-fnd,avl-ins,avl-fnd,hst-ins,hst-fnd,htr-ins,htr-fnd
0.000969,0.000033,0.002460,0.000911,0.001312,0.000054,0.001965,0.000435
0.004309,0.000334,0.014890,0.009677,0.006410,0.000536,0.011506,0.005461
0.006491,0.000269,0.026177,0.009167,0.011276,0.000537,0.023513,0.006032
0.014507,0.000702,0.065477,0.026236,0.023408,0.001512,0.058543,0.018435
0.018175,0.002480,0.062958,0.079967,0.020799,0.004151,0.053474,0.056177
