vet-ins,vet-fnd,avl-ins,avl-fnd,hst-ins,hst-fnd,htr-ins,htr-fnd
0.002190,0.000073,0.006024,0.002030,0.003530,0.000147,0.004484,0.001187
0.004822,0.000313,0.014760,0.009758,0.006908,0.000633,0.012849,0.006254
0.008313,0.000314,0.029961,0.010195,0.012613,0.000606,0.026203,0.006098
0.013896,0.000668,0.067779,0.030074,0.026661,0.001647,0.060863,0.020242
0.018958,0.002430,0.068407,0.085322,0.024108,0.004231,0.067544,0.067329
