vet-ins,vet-fnd,avl-ins,avl-fnd,hst-ins,hst-fnd,htr-ins,htr-fnd
0.000846,0.000026,0.002172,0.000751,0.001158,0.000054,0.001648,0.000508
0.003885,0.000262,0.012634,0.009721,0.005410,0.000535,0.010033,0.005404
0.006582,0.000262,0.026244,0.009774,0.010587,0.000535,0.022841,0.006012
0.012986,0.000667,0.060949,0.026422,0.019842,0.001402,0.051704,0.017855
0.016364,0.001970,0.061807,0.079350,0.018933,0.004019,0.057028,0.055738
