vet-ins,vet-fnd,avl-ins,avl-fnd,hst-ins,hst-fnd,htr-ins,htr-fnd
0.001954,0.000065,0.005359,0.001821,0.003022,0.000132,0.003935,0.001054
0.006871,0.000371,0.012901,0.008648,0.006324,0.000539,0.010422,0.005935
0.006509,0.000268,0.026770,0.009169,0.011615,0.000538,0.022796,0.006503
0.013105,0.000668,0.060418,0.026070,0.021745,0.001353,0.053398,0.020218
0.016825,0.002081,0.059837,0.078373,0.021026,0.004867,0.054617,0.053802
