vet-ins,vet-fnd,avl-ins,avl-fnd,hst-ins,hst-fnd,htr-ins,htr-fnd
0.000820,0.000027,0.002537,0.000777,0.001402,0.000064,0.001908,0.000574
0.004414,0.000325,0.025144,0.010372,0.006483,0.000632,0.011683,0.005762
0.007459,0.000314,0.030326,0.011124,0.012963,0.000650,0.026369,0.007066
0.015140,0.000788,0.068032,0.026462,0.022325,0.001355,0.058082,0.021214
0.017443,0.002195,0.061583,0.082717,0.021716,0.004414,0.054430,0.062161
