vet-ins,vet-fnd,avl-ins,avl-fnd,hst-ins,hst-fnd,htr-ins,htr-fnd
0.001977,0.000077,0.005823,0.002018,0.003036,0.000157,0.004173,0.001084
0.003980,0.000307,0.013011,0.009498,0.005418,0.000594,0.011049,0.005680
0.006533,0.000267,0.026424,0.009326,0.010502,0.000541,0.023481,0.006593
0.013337,0.000656,0.062662,0.029919,0.020343,0.001341,0.052165,0.017829
0.016134,0.001967,0.067822,0.082268,0.018568,0.004086,0.050498,0.053133
