vet-ins,vet-fnd,avl-ins,avl-fnd,hst-ins,hst-fnd,htr-ins,htr-fnd
0.000955,0.000031,0.002573,0.000883,0.001377,0.000069,0.001886,0.000505
0.004244,0.000310,0.014845,0.013128,0.006457,0.000639,0.012215,0.006543
0.007450,0.000309,0.032018,0.011769,0.012193,0.000637,0.028046,0.007853
0.014876,0.000778,0.077731,0.033153,0.023412,0.001591,0.061439,0.022581
0.020685,0.002313,0.077548,0.087213,0.020749,0.004491,0.057905,0.058441
