vet-ins,vet-fnd,avl-ins,avl-fnd,hst-ins,hst-fnd,htr-ins,htr-fnd
0.001962,0.000065,0.005252,0.001818,0.003026,0.000130,0.003914,0.001058
0.005653,0.000335,0.012461,0.008667,0.005913,0.000538,0.010425,0.005455
0.006431,0.000269,0.026539,0.009220,0.011235,0.000538,0.023185,0.006065
0.013189,0.000702,0.059534,0.026245,0.023511,0.001632,0.057551,0.017862
0.016615,0.002011,0.065330,0.093835,0.024388,0.004612,0.062664,0.058693
