vet-ins,vet-fnd,avl-ins,avl-fnd,hst-ins,hst-fnd,htr-ins,htr-fnd
0.002025,0.000065,0.005674,0.001974,0.003015,0.000159,0.004142,0.001076
0.004883,0.000262,0.012674,0.008731,0.005341,0.000543,0.009957,0.005391
0.006328,0.000263,0.026228,0.009467,0.010192,0.000540,0.021716,0.005961
0.013266,0.000804,0.059853,0.025980,0.019601,0.001352,0.055053,0.017727
0.016105,0.002368,0.059624,0.079415,0.019555,0.004879,0.052945,0.053135
