vet-ins,vet-fnd,avl-ins,avl-fnd,hst-ins,hst-fnd,htr-ins,htr-fnd
0.001888,0.000063,0.005288,0.001818,0.002794,0.000130,0.003876,0.001053
0.005790,0.000321,0.014859,0.010542,0.006373,0.000633,0.012029,0.006583
0.007688,0.000364,0.032618,0.011941,0.012635,0.000633,0.027368,0.007121
0.013301,0.000655,0.060067,0.026253,0.020856,0.001615,0.056033,0.022610
0.017406,0.002146,0.066297,0.092322,0.020662,0.004367,0.059138,0.057755
