vet-ins,vet-fnd,avl-ins,avl-fnd,hst-ins,hst-fnd,htr-ins,htr-fnd
0.000609,0.000019,0.001977,0.000703,0.000819,0.003205,0.002116,0.000669
0.002452,0.000192,0.011721,0.008172,0.003644,0.143086,0.012916,0.008419
0.004227,0.000211,0.026897,0.009094,0.007199,0.223324,0.027223,0.008687
0.008070,0.000493,0.058497,0.024595,0.013636,0.551985,0.060450,0.024848
0.007558,0.001434,0.059324,0.074317,0.013155,1.680030,0.060867,0.073268
