vet-ins,vet-fnd,avl-ins,avl-fnd,hst-ins,hst-fnd,htr-ins,htr-fnd
0.002187,0.000074,0.005971,0.002046,0.003397,0.000147,0.004439,0.001189
0.004197,0.000267,0.012860,0.009349,0.006547,0.000539,0.010965,0.005831
0.006635,0.000313,0.027762,0.009595,0.012087,0.000633,0.026715,0.006894
0.015040,0.000791,0.065102,0.029184,0.024024,0.001595,0.057996,0.019992
0.018459,0.002172,0.067453,0.084444,0.023190,0.004466,0.057333,0.056556
