vet-ins,vet-fnd,avl-ins,avl-fnd,hst-ins,hst-fnd,htr-ins,htr-fnd
0.000635,0.000020,0.001855,0.000688,0.000827,0.004262,0.002117,0.000704
0.002225,0.000206,0.011674,0.008112,0.003603,0.195526,0.013623,0.008657
0.004061,0.000200,0.026389,0.009179,0.007149,0.294683,0.028267,0.009047
0.008080,0.000498,0.061097,0.026382,0.012983,0.736641,0.062632,0.025331
0.007600,0.001441,0.064400,0.087844,0.013766,2.240594,0.061718,0.084526
