vet-ins,vet-fnd,avl-ins,avl-fnd,hst-ins,hst-fnd,htr-ins,htr-fnd
0.000514,0.000020,0.001882,0.000667,0.000806,0.003159,0.002025,0.000691
0.002349,0.000188,0.011379,0.007901,0.003719,0.144116,0.012771,0.008160
0.004085,0.000207,0.026370,0.008731,0.006973,0.225591,0.029350,0.009153
0.008033,0.000493,0.058618,0.024164,0.013211,0.555329,0.065946,0.027230
0.007547,0.001438,0.059167,0.078731,0.013167,1.698560,0.063427,0.078494
