vet-ins,vet-fnd,avl-ins,avl-fnd,hst-ins,hst-fnd,htr-ins,htr-fnd
0.000623,0.000020,0.001927,0.000673,0.000834,0.003215,0.002059,0.000672
0.002184,0.000204,0.011867,0.008148,0.003734,0.144130,0.012655,0.008152
0.004168,0.000200,0.028943,0.010367,0.006964,0.232848,0.029365,0.009256
0.008018,0.000491,0.058750,0.024150,0.013669,0.552430,0.060295,0.025021
0.007583,0.001486,0.059031,0.073490,0.012536,2.211945,0.060719,0.074923
