vet-ins,vet-fnd,avl-ins,avl-fnd,hst-ins,hst-fnd,htr-ins,htr-fnd
0.000555,0.000020,0.001989,0.000699,0.000797,0.004261,0.002112,0.000703
0.002350,0.000189,0.011370,0.007885,0.003541,0.186863,0.012810,0.008339
0.003911,0.000213,0.025717,0.008663,0.007332,0.294654,0.028078,0.009072
0.008178,0.000492,0.059304,0.024589,0.013693,0.551930,0.060791,0.024641
0.008012,0.001518,0.059611,0.073719,0.012904,1.664671,0.059850,0.074462
