vet-ins,vet-fnd,avl-ins,avl-fnd,hst-ins,hst-fnd,htr-ins,htr-fnd
0.000565,0.000019,0.002105,0.000746,0.000861,0.004472,0.002329,0.000710
0.002826,0.000215,0.015763,0.009826,0.003822,0.193960,0.013757,0.008905
0.003871,0.000203,0.026586,0.009203,0.006952,0.307971,0.032262,0.010781
0.009234,0.000496,0.064919,0.026432,0.013425,0.747006,0.068854,0.027454
0.007817,0.001453,0.063259,0.079530,0.013211,1.708409,0.065392,0.080260
