vet-ins,vet-fnd,avl-ins,avl-fnd,hst-ins,hst-fnd,htr-ins,htr-fnd
0.000542,0.000020,0.001998,0.000683,0.000799,0.003284,0.002142,0.000667
0.002172,0.000192,0.013834,0.008875,0.004852,0.158630,0.014781,0.009004
0.004053,0.000197,0.026607,0.008783,0.006658,0.293542,0.027689,0.009173
0.008044,0.000485,0.059997,0.026142,0.014451,0.756560,0.069601,0.028891
0.009309,0.001502,0.072880,0.088586,0.014702,1.694649,0.064601,0.071590
