vet-ins,vet-fnd,avl-ins,avl-fnd,hst-ins,hst-fnd,htr-ins,htr-fnd
0.000931,0.000031,0.002409,0.000880,0.001365,0.000054,0.001714,0.000538
0.003932,0.000328,0.013921,0.009466,0.005386,0.000545,0.010024,0.005894
0.006876,0.000263,0.025871,0.009230,0.010154,0.000535,0.025071,0.007274
0.012808,0.000811,0.058147,0.028582,0.020158,0.001551,0.052188,0.019605
0.015942,0.001968,0.058719,0.084714,0.018968,0.004108,0.050512,0.053730
