vet-ins,vet-fnd,avl-ins,avl-fnd,hst-ins,hst-fnd,htr-ins,htr-fnd
0.002291,0.000072,0.005579,0.001880,0.002920,0.000146,0.004160,0.001095
0.005075,0.000336,0.013317,0.009175,0.005544,0.000585,0.010527,0.005892
0.006863,0.000287,0.026027,0.009712,0.010504,0.000584,0.025573,0.006661
0.013734,0.000717,0.059676,0.026265,0.020810,0.001465,0.052665,0.018044
0.017500,0.002200,0.059994,0.079985,0.019895,0.004439,0.054205,0.054884
