vet-ins,vet-fnd,avl-ins,avl-fnd,hst-ins,hst-fnd,htr-ins,htr-fnd
0.002118,0.000071,0.005878,0.002059,0.002913,0.000132,0.003840,0.001048
0.004610,0.000262,0.012719,0.009120,0.005407,0.000543,0.010120,0.005432
0.006407,0.000263,0.026551,0.009489,0.012058,0.000633,0.025409,0.007219
0.014681,0.000804,0.068119,0.030123,0.023019,0.001618,0.060300,0.019285
0.016433,0.001971,0.059087,0.078855,0.018984,0.004081,0.052814,0.054528
