vet-ins,vet-fnd,avl-ins,avl-fnd,hst-ins,hst-fnd,htr-ins,htr-fnd
0.000555,0.000021,0.001959,0.000703,0.000836,0.003299,0.002119,0.000708
0.002341,0.000198,0.011434,0.007952,0.003661,0.141228,0.012205,0.008056
0.003977,0.000204,0.025528,0.008609,0.007043,0.222198,0.026778,0.008640
0.008290,0.000502,0.059328,0.024955,0.014023,0.547321,0.063301,0.024678
0.007554,0.001467,0.058491,0.073325,0.013084,1.634256,0.059699,0.072574
