vet-ins,vet-fnd,avl-ins,avl-fnd,hst-ins,hst-fnd,htr-ins,htr-fnd
0.000537,0.000019,0.002000,0.000767,0.000815,0.003145,0.002044,0.000700
0.002573,0.000195,0.011731,0.008462,0.003698,0.145950,0.013335,0.008555
0.004223,0.000197,0.027314,0.009148,0.007405,0.228612,0.027926,0.009077
0.008462,0.000510,0.062527,0.026098,0.013789,0.564438,0.069373,0.026382
0.008092,0.001438,0.063947,0.079476,0.013166,2.240828,0.065616,0.080664
