vet-ins,vet-fnd,avl-ins,avl-fnd,hst-ins,hst-fnd,htr-ins,htr-fnd
0.002084,0.000067,0.005954,0.001939,0.003254,0.000158,0.004444,0.001077
0.004869,0.000268,0.012583,0.010258,0.006783,0.000621,0.011111,0.005434
0.006497,0.000281,0.026182,0.009148,0.011234,0.000537,0.022989,0.006055
0.013650,0.000670,0.064889,0.029422,0.025441,0.001344,0.058582,0.018134
0.017095,0.002011,0.061584,0.077979,0.020777,0.004045,0.055759,0.053886
