vet-ins,vet-fnd,avl-ins,avl-fnd,hst-ins,hst-fnd,htr-ins,htr-fnd
0.001297,0.000043,0.003059,0.001038,0.001746,0.000075,0.002297,0.000606
0.005055,0.000371,0.017164,0.008671,0.006223,0.000540,0.010817,0.005535
0.006586,0.000268,0.026643,0.009191,0.011589,0.000538,0.025714,0.006470
0.013088,0.000673,0.061071,0.027828,0.023641,0.001356,0.055202,0.018093
0.017345,0.002012,0.060803,0.084949,0.021060,0.004104,0.054164,0.055030
