vet-ins,vet-fnd,avl-ins,avl-fnd,hst-ins,hst-fnd,htr-ins,htr-fnd
0.000532,0.000019,0.001884,0.000662,0.000763,0.004241,0.002164,0.000706
0.002314,0.000187,0.011865,0.008027,0.003556,0.188264,0.013665,0.008603
0.004021,0.000197,0.026445,0.008767,0.007057,0.293321,0.028431,0.009136
0.008204,0.000508,0.059024,0.024334,0.013470,0.550152,0.061091,0.024186
0.007596,0.001423,0.061065,0.072378,0.013262,1.676579,0.062397,0.075650
