vet-ins,vet-fnd,avl-ins,avl-fnd,hst-ins,hst-fnd,htr-ins,htr-fnd
0.000817,0.000027,0.002527,0.000745,0.001459,0.000067,0.001724,0.000511
0.003632,0.000313,0.013076,0.009438,0.006520,0.000582,0.011070,0.005583
0.006634,0.000314,0.026763,0.009170,0.011547,0.000540,0.022742,0.006471
0.013155,0.000669,0.060011,0.026791,0.022210,0.001347,0.053037,0.017767
0.018477,0.002358,0.064487,0.077895,0.021114,0.004052,0.052736,0.056311
