vet-ins,vet-fnd,avl-ins,avl-fnd,hst-ins,hst-fnd,htr-ins,htr-fnd
0.002122,0.000072,0.005917,0.002050,0.003135,0.000146,0.004339,0.001192
0.004469,0.000322,0.013795,0.009074,0.006076,0.000538,0.011179,0.005566
0.006656,0.000307,0.028624,0.009731,0.010863,0.000536,0.023376,0.006781
0.013579,0.000678,0.059549,0.025738,0.020046,0.001341,0.051331,0.017660
0.016432,0.002261,0.065334,0.095413,0.021232,0.004529,0.053715,0.054639
