vet-ins,vet-fnd,avl-ins,avl-fnd,hst-ins,hst-fnd,htr-ins,htr-fnd
0.002011,0.000079,0.005848,0.001995,0.003287,0.000158,0.004256,0.001098
0.004675,0.000331,0.014948,0.010269,0.006980,0.000637,0.012436,0.006509
0.007514,0.000320,0.031221,0.009705,0.012220,0.000543,0.023696,0.006041
0.013186,0.000669,0.070687,0.031228,0.025547,0.001591,0.064664,0.023084
0.020101,0.002367,0.075844,0.095947,0.021157,0.004044,0.053621,0.056328
