vet-ins,vet-fnd,avl-ins,avl-fnd,hst-ins,hst-fnd,htr-ins,htr-fnd
0.000529,0.000019,0.001857,0.000662,0.000785,0.004271,0.002162,0.000704
0.002395,0.000195,0.011394,0.007925,0.003604,0.188713,0.013320,0.008341
0.006075,0.000256,0.033097,0.009193,0.007111,0.290338,0.028320,0.009062
0.008076,0.000493,0.058236,0.024241,0.012935,0.729061,0.062092,0.026072
0.007607,0.001430,0.057401,0.072449,0.013820,1.652123,0.059698,0.072367
