vet-ins,vet-fnd,avl-ins,avl-fnd,hst-ins,hst-fnd,htr-ins,htr-fnd
0.000517,0.000019,0.001904,0.000663,0.000790,0.003147,0.002056,0.000690
0.002337,0.000187,0.011386,0.007858,0.003498,0.139640,0.012691,0.007979
0.004067,0.000202,0.025699,0.008657,0.006671,0.220195,0.027190,0.008510
0.008115,0.000489,0.059500,0.024453,0.013268,0.734215,0.061144,0.025754
0.007742,0.001460,0.057461,0.071844,0.013511,1.661878,0.060494,0.073896
