vet-ins,vet-fnd,avl-ins,avl-fnd,hst-ins,hst-fnd,htr-ins,htr-fnd
0.001967,0.000077,0.005811,0.002044,0.003027,0.000158,0.004174,0.001083
0.004716,0.000263,0.013213,0.009321,0.006068,0.000572,0.010634,0.007239
0.007184,0.000308,0.030324,0.010946,0.011530,0.000658,0.024737,0.007158
0.015219,0.000768,0.077949,0.034493,0.023218,0.001593,0.069855,0.023707
0.019019,0.002082,0.074080,0.110299,0.022000,0.004871,0.060897,0.055969
