vet-ins,vet-fnd,avl-ins,avl-fnd,hst-ins,hst-fnd,htr-ins,htr-fnd
0.002189,0.000068,0.005767,0.001970,0.003303,0.000136,0.004296,0.001098
0.005105,0.000268,0.012831,0.008614,0.006295,0.000545,0.010456,0.005441
0.006766,0.000269,0.026992,0.009157,0.012980,0.000595,0.024328,0.006074
0.014245,0.000683,0.063150,0.027320,0.025377,0.001633,0.056753,0.018085
0.016601,0.002013,0.059907,0.078298,0.021031,0.004546,0.052974,0.053377
