vet-ins,vet-fnd,avl-ins,avl-fnd,hst-ins,hst-fnd,htr-ins,htr-fnd
0.001206,0.000044,0.003136,0.001046,0.001610,0.000076,0.002214,0.000611
0.004835,0.000364,0.017382,0.008918,0.005626,0.000547,0.011177,0.006019
0.007342,0.000262,0.028663,0.009826,0.010734,0.000647,0.023124,0.006755
0.013557,0.000656,0.061397,0.027989,0.023243,0.001582,0.063913,0.021835
0.019118,0.002387,0.076030,0.097348,0.021775,0.004767,0.059234,0.061999
