vet-ins,vet-fnd,avl-ins,avl-fnd,hst-ins,hst-fnd,htr-ins,htr-fnd
0.002188,0.000073,0.005915,0.002035,0.003395,0.000147,0.004419,0.001182
0.004382,0.000313,0.013737,0.008705,0.005868,0.000543,0.010427,0.005463
0.006847,0.000308,0.026796,0.009658,0.011460,0.000539,0.023140,0.006072
0.013171,0.000669,0.059925,0.025841,0.023574,0.001374,0.058388,0.017958
0.017192,0.002040,0.059902,0.088032,0.022930,0.004607,0.054453,0.059760
