vet-ins,vet-fnd,avl-ins,avl-fnd,hst-ins,hst-fnd,htr-ins,htr-fnd
0.001222,0.000036,0.003042,0.001058,0.001598,0.000075,0.002245,0.000606
0.004857,0.000364,0.016848,0.009167,0.005395,0.000535,0.010229,0.005409
0.006286,0.000263,0.026462,0.009279,0.010220,0.000545,0.022343,0.006009
0.012598,0.000661,0.065083,0.027559,0.019776,0.001349,0.056714,0.020814
0.016528,0.001967,0.059779,0.078426,0.020932,0.004528,0.053244,0.052585
