vet-ins,vet-fnd,avl-ins,avl-fnd,hst-ins,hst-fnd,htr-ins,htr-fnd
0.000989,0.000034,0.002444,0.000888,0.001576,0.000064,0.001939,0.000437
0.004119,0.000308,0.014165,0.009850,0.006565,0.000657,0.011284,0.005787
0.006910,0.000268,0.026433,0.009225,0.011270,0.000539,0.023101,0.006077
0.013215,0.000668,0.059673,0.025839,0.021831,0.001352,0.056441,0.018041
0.016873,0.002040,0.059643,0.085836,0.021050,0.004059,0.053470,0.054551
