vet-ins,vet-fnd,avl-ins,avl-fnd,hst-ins,hst-fnd,htr-ins,htr-fnd
0.000570,0.000021,0.001963,0.000705,0.000802,0.004409,0.002237,0.000749
0.002410,0.000196,0.011654,0.008054,0.003587,0.189447,0.012862,0.008398
0.003918,0.000197,0.025832,0.008777,0.006927,0.289189,0.028199,0.009171
0.008022,0.000497,0.058086,0.024386,0.013068,0.726448,0.063491,0.025232
0.007650,0.001453,0.058334,0.073425,0.012919,2.179356,0.061825,0.076823
