vet-ins,vet-fnd,avl-ins,avl-fnd,hst-ins,hst-fnd,htr-ins,htr-fnd
0.000863,0.000032,0.002554,0.000958,0.001485,0.000063,0.001890,0.000588
0.004174,0.000334,0.013985,0.009563,0.006277,0.000538,0.011174,0.005859
0.007464,0.000268,0.028753,0.009236,0.011245,0.000539,0.022522,0.006069
0.013598,0.000670,0.059354,0.026989,0.021883,0.001352,0.053350,0.018093
0.016810,0.002011,0.061862,0.081229,0.020730,0.004090,0.051766,0.053603
