vet-ins,vet-fnd,avl-ins,avl-fnd,hst-ins,hst-fnd,htr-ins,htr-fnd
0.000818,0.000027,0.002471,0.000747,0.001427,0.000063,0.001828,0.000465
0.006017,0.000467,0.019536,0.008725,0.005898,0.000539,0.010430,0.005469
0.006613,0.000269,0.025983,0.009346,0.011812,0.000543,0.025838,0.008351
0.015151,0.000873,0.063741,0.026271,0.025321,0.001648,0.059331,0.018194
0.018937,0.002346,0.063184,0.080431,0.021229,0.004061,0.051858,0.058135
