vet-ins,vet-fnd,avl-ins,avl-fnd,hst-ins,hst-fnd,htr-ins,htr-fnd
0.000549,0.000020,0.001973,0.000700,0.000831,0.003296,0.002150,0.000700
0.002429,0.000198,0.011592,0.007929,0.003660,0.142732,0.013325,0.008219
0.003905,0.000202,0.025716,0.008898,0.007070,0.221286,0.026839,0.008672
0.008624,0.000557,0.065495,0.026417,0.012428,0.731882,0.062406,0.028912
0.007571,0.001418,0.065901,0.075246,0.013555,1.671916,0.058439,0.070700
