vet-ins,vet-fnd,avl-ins,avl-fnd,hst-ins,hst-fnd,htr-ins,htr-fnd
0.000521,0.000019,0.001868,0.000659,0.000940,0.003495,0.002139,0.000688
0.002424,0.000225,0.012442,0.008727,0.003763,0.146975,0.013077,0.008704
0.004039,0.000226,0.027659,0.009403,0.006777,0.230754,0.026387,0.008551
0.008163,0.000492,0.058391,0.024115,0.013708,0.568165,0.076843,0.030946
0.007730,0.001465,0.066153,0.082841,0.013826,1.658759,0.059299,0.073724
