vet-ins,vet-fnd,avl-ins,avl-fnd,hst-ins,hst-fnd,htr-ins,htr-fnd
0.001178,0.000046,0.003410,0.001215,0.001923,0.000078,0.002571,0.000756
0.004041,0.000322,0.014060,0.009915,0.006451,0.000535,0.011583,0.006055
0.006870,0.000267,0.027851,0.010462,0.011442,0.000545,0.024235,0.006852
0.013880,0.000655,0.064283,0.028236,0.021498,0.001341,0.055669,0.019360
0.017019,0.002040,0.061951,0.081921,0.018972,0.004073,0.051861,0.054749
