vet-ins,vet-fnd,avl-ins,avl-fnd,hst-ins,hst-fnd,htr-ins,htr-fnd
0.000824,0.000027,0.002217,0.000749,0.001389,0.000064,0.001931,0.000437
0.003875,0.000273,0.012930,0.008947,0.005906,0.000540,0.010531,0.005795
0.006536,0.000295,0.026165,0.009174,0.011301,0.000631,0.024938,0.006091
0.013427,0.000680,0.059856,0.029142,0.023479,0.001350,0.056285,0.018071
0.016901,0.002005,0.060113,0.078894,0.020780,0.004090,0.054097,0.053739
