vet-ins,vet-fnd,avl-ins,avl-fnd,hst-ins,hst-fnd,htr-ins,htr-fnd
0.002118,0.000071,0.005934,0.002038,0.003156,0.000146,0.004346,0.001181
0.004175,0.000363,0.014434,0.009982,0.005726,0.000640,0.010545,0.005412
0.006404,0.000308,0.026438,0.009698,0.010090,0.000535,0.022423,0.006052
0.012702,0.000661,0.062138,0.027335,0.019683,0.001341,0.051250,0.017771
0.016103,0.002215,0.059766,0.078690,0.018857,0.004022,0.053716,0.057714
