vet-ins,vet-fnd,avl-ins,avl-fnd,hst-ins,hst-fnd,htr-ins,htr-fnd
0.000536,0.000020,0.001901,0.000676,0.000773,0.004304,0.002161,0.000722
0.002532,0.000206,0.012706,0.008243,0.003922,0.189521,0.013334,0.008471
0.004176,0.000209,0.026109,0.008942,0.007254,0.295114,0.028145,0.009097
0.008200,0.000518,0.057967,0.024598,0.013141,0.733625,0.066223,0.025212
0.007532,0.001428,0.058473,0.073775,0.013711,1.652943,0.062318,0.071994
