vet-ins,vet-fnd,avl-ins,avl-fnd,hst-ins,hst-fnd,htr-ins,htr-fnd
0.001898,0.000064,0.005279,0.001813,0.002184,0.000064,0.001719,0.000440
0.006104,0.000634,0.016615,0.009967,0.006331,0.000638,0.011827,0.006385
0.007283,0.000292,0.028000,0.009265,0.010686,0.000544,0.023192,0.006717
0.012694,0.000661,0.063421,0.029597,0.020299,0.001366,0.052506,0.019899
0.016778,0.001966,0.066212,0.082678,0.022719,0.005014,0.064210,0.066693
