vet-ins,vet-fnd,avl-ins,avl-fnd,hst-ins,hst-fnd,htr-ins,htr-fnd
0.001200,0.000037,0.003109,0.001328,0.001880,0.000094,0.002736,0.000634
0.005239,0.000364,0.017460,0.010145,0.005774,0.000535,0.011327,0.005621
0.006762,0.000262,0.030888,0.009912,0.010915,0.000543,0.022087,0.006618
0.013120,0.000656,0.066533,0.028047,0.020488,0.001339,0.054471,0.017815
0.017226,0.002312,0.065258,0.082462,0.019093,0.004155,0.060478,0.060937
