vet-ins,vet-fnd,avl-ins,avl-fnd,hst-ins,hst-fnd,htr-ins,htr-fnd
0.000818,0.000027,0.002443,0.000743,0.001421,0.000063,0.001815,0.000454
0.004067,0.000318,0.013769,0.008808,0.005895,0.000540,0.010353,0.005450
0.006526,0.000268,0.026307,0.009154,0.011243,0.000539,0.022676,0.006029
0.013096,0.000668,0.062727,0.025822,0.021837,0.001352,0.056563,0.018521
0.017802,0.002406,0.061981,0.078059,0.020805,0.004112,0.052737,0.054330
