vet-ins,vet-fnd,avl-ins,avl-fnd,hst-ins,hst-fnd,htr-ins,htr-fnd
0.000556,0.000020,0.001980,0.000704,0.000838,0.003325,0.002131,0.000700
0.002319,0.000188,0.011390,0.007876,0.003499,0.140157,0.012812,0.007994
0.004060,0.000200,0.025661,0.008739,0.007015,0.223643,0.028414,0.008913
0.008047,0.000488,0.058188,0.024482,0.013922,0.551668,0.060300,0.024353
0.007534,0.001500,0.060068,0.073940,0.012949,1.668845,0.059663,0.071655
