vet-ins,vet-fnd,avl-ins,avl-fnd,hst-ins,hst-fnd,htr-ins,htr-fnd
0.000550,0.000020,0.001867,0.000690,0.000780,0.004241,0.002128,0.000729
0.002398,0.000201,0.011471,0.007877,0.003625,0.190343,0.013415,0.008660
0.004106,0.000209,0.025767,0.008606,0.006730,0.292380,0.028299,0.009147
0.008182,0.000488,0.058499,0.024994,0.013246,0.729010,0.061249,0.025190
0.007551,0.001441,0.058381,0.072662,0.012774,2.186206,0.061709,0.075609
