vet-ins,vet-fnd,avl-ins,avl-fnd,hst-ins,hst-fnd,htr-ins,htr-fnd
0.002115,0.000072,0.005910,0.002042,0.003123,0.000146,0.004326,0.001179
0.004401,0.000276,0.013649,0.009785,0.005648,0.000547,0.011391,0.006427
0.007274,0.000312,0.030315,0.010845,0.011908,0.000636,0.026077,0.007050
0.014941,0.000767,0.070433,0.031153,0.023574,0.001512,0.058077,0.019490
0.018511,0.002378,0.069102,0.090377,0.019900,0.004794,0.057549,0.062935
