vet-ins,vet-fnd,avl-ins,avl-fnd,hst-ins,hst-fnd,htr-ins,htr-fnd
0.000537,0.000019,0.001870,0.000666,0.000758,0.004189,0.002126,0.000702
0.002320,0.000189,0.011367,0.007852,0.003588,0.189249,0.013565,0.008474
0.004022,0.000200,0.025480,0.008661,0.007262,0.232152,0.027316,0.008825
0.008511,0.000537,0.062980,0.028611,0.014384,0.559080,0.062113,0.025167
0.007530,0.001437,0.058448,0.075565,0.012633,2.245822,0.066948,0.084568
