vet-ins,vet-fnd,avl-ins,avl-fnd,hst-ins,hst-fnd,htr-ins,htr-fnd
0.000926,0.000031,0.003276,0.001034,0.001753,0.000075,0.002292,0.000606
0.004892,0.000371,0.017347,0.009472,0.005913,0.000544,0.010565,0.005453
0.006412,0.000268,0.026120,0.009159,0.011247,0.000540,0.023077,0.006074
0.014010,0.000668,0.062164,0.027085,0.022921,0.001349,0.060647,0.018713
0.017719,0.002004,0.060751,0.087209,0.021935,0.004634,0.055032,0.057524
