vet-ins,vet-fnd,avl-ins,avl-fnd,hst-ins,hst-fnd,htr-ins,htr-fnd
0.002128,0.000068,0.005891,0.001990,0.003248,0.000135,0.004280,0.001257
0.005163,0.000267,0.012501,0.008665,0.005909,0.000542,0.010470,0.005465
0.007690,0.000314,0.028364,0.010026,0.012410,0.000663,0.024513,0.006860
0.013474,0.000668,0.063173,0.027940,0.021967,0.001473,0.056203,0.018105
0.016829,0.002004,0.060220,0.078861,0.021445,0.004692,0.057347,0.056009
