vet-ins,vet-fnd,avl-ins,avl-fnd,hst-ins,hst-fnd,htr-ins,htr-fnd
0.000825,0.000027,0.002590,0.000757,0.001261,0.000054,0.001745,0.000513
0.003992,0.000268,0.014991,0.009114,0.005916,0.000537,0.010337,0.005466
0.006520,0.000270,0.030807,0.009316,0.011691,0.000537,0.025679,0.006740
0.013543,0.000729,0.068721,0.026098,0.021872,0.001342,0.056066,0.018279
0.016830,0.002019,0.073972,0.081380,0.020797,0.004329,0.053088,0.054130
