vet-ins,vet-fnd,avl-ins,avl-fnd,hst-ins,hst-fnd,htr-ins,htr-fnd
0.001159,0.000038,0.003546,0.001313,0.001794,0.000075,0.002348,0.000608
0.003865,0.000289,0.014177,0.010459,0.005920,0.000633,0.010602,0.005421
0.006631,0.000329,0.025936,0.009266,0.010244,0.000540,0.022032,0.006008
0.012722,0.000655,0.059211,0.026091,0.019712,0.001351,0.052286,0.018088
0.016405,0.001968,0.067530,0.100274,0.022378,0.004812,0.069726,0.070445
