vet-ins,vet-fnd,avl-ins,avl-fnd,hst-ins,hst-fnd,htr-ins,htr-fnd
0.000873,0.000044,0.003146,0.001041,0.001749,0.000076,0.002290,0.000611
0.003677,0.000267,0.013289,0.008921,0.006074,0.000547,0.010314,0.005456
0.006463,0.000267,0.026410,0.009261,0.011223,0.000550,0.022613,0.006070
0.013534,0.000674,0.060421,0.026449,0.021957,0.001649,0.055218,0.017853
0.016882,0.002005,0.060212,0.078933,0.020808,0.004110,0.052545,0.055224
