vet-ins,vet-fnd,avl-ins,avl-fnd,hst-ins,hst-fnd,htr-ins,htr-fnd
0.002123,0.000067,0.005880,0.001915,0.003244,0.000134,0.004431,0.001179
0.004692,0.000267,0.012566,0.009060,0.005894,0.000570,0.010907,0.005458
0.006768,0.000341,0.026253,0.009208,0.011249,0.000540,0.023328,0.006330
0.014551,0.000669,0.060662,0.026122,0.021760,0.001348,0.056513,0.020019
0.016607,0.002004,0.059774,0.077888,0.022236,0.004053,0.055645,0.054152
