vet-ins,vet-fnd,avl-ins,avl-fnd,hst-ins,hst-fnd,htr-ins,htr-fnd
0.000845,0.000032,0.002466,0.000766,0.001501,0.000054,0.001605,0.000498
0.004012,0.000268,0.013282,0.008980,0.005875,0.000540,0.010292,0.006093
0.006508,0.000268,0.026453,0.009217,0.011231,0.000546,0.022585,0.006061
0.013510,0.000714,0.059685,0.026123,0.021797,0.001348,0.056816,0.018530
0.018563,0.002190,0.063835,0.079844,0.020792,0.004046,0.052408,0.054464
