vet-ins,vet-fnd,avl-ins,avl-fnd,hst-ins,hst-fnd,htr-ins,htr-fnd
0.002056,0.000079,0.005807,0.002139,0.003277,0.000135,0.004211,0.001173
0.004348,0.000267,0.012608,0.009808,0.006600,0.000560,0.011872,0.005629
0.006500,0.000275,0.026378,0.009219,0.011226,0.000540,0.022989,0.006655
0.013073,0.000671,0.059552,0.025564,0.021677,0.001348,0.054684,0.017911
0.016596,0.002007,0.060259,0.084597,0.020736,0.004054,0.053135,0.055742
