vet-ins,vet-fnd,avl-ins,avl-fnd,hst-ins,hst-fnd,htr-ins,htr-fnd
0.000526,0.000020,0.001899,0.000662,0.000793,0.003063,0.002066,0.000672
0.002320,0.000189,0.011352,0.007941,0.003518,0.139541,0.012824,0.008121
0.004071,0.000203,0.025556,0.008656,0.006982,0.222435,0.027223,0.008813
0.008147,0.000499,0.065577,0.027817,0.014079,0.550400,0.059270,0.024162
0.007570,0.001437,0.058683,0.073665,0.012602,2.197638,0.068521,0.077793
