vet-ins,vet-fnd,avl-ins,avl-fnd,hst-ins,hst-fnd,htr-ins,htr-fnd
0.000556,0.000021,0.001967,0.000697,0.000804,0.004482,0.002233,0.000739
0.002174,0.000194,0.011642,0.007869,0.003629,0.142125,0.012469,0.007977
0.004108,0.000204,0.025662,0.008656,0.006949,0.220051,0.027641,0.008968
0.008053,0.000490,0.058555,0.024283,0.013656,0.539993,0.060259,0.024227
0.007568,0.001449,0.059063,0.073299,0.012845,1.670324,0.059633,0.071979
