vet-ins,vet-fnd,avl-ins,avl-fnd,hst-ins,hst-fnd,htr-ins,htr-fnd
0.002183,0.000073,0.005934,0.002031,0.003413,0.000147,0.004414,0.001178
0.004476,0.000267,0.012840,0.008664,0.005883,0.000539,0.010431,0.005454
0.006529,0.000268,0.026491,0.009360,0.011840,0.000640,0.023293,0.006047
0.013191,0.000668,0.065201,0.028990,0.022563,0.001359,0.053788,0.018242
0.016956,0.002014,0.062844,0.080615,0.021047,0.004154,0.058786,0.054741
