vet-ins,vet-fnd,avl-ins,avl-fnd,hst-ins,hst-fnd,htr-ins,htr-fnd
0.000822,0.000027,0.002198,0.000755,0.001259,0.000054,0.001620,0.000513
0.003913,0.000268,0.012524,0.008711,0.005887,0.000538,0.010392,0.005667
0.006643,0.000269,0.026417,0.009278,0.011430,0.000667,0.022927,0.006103
0.013622,0.000670,0.060470,0.026414,0.021861,0.001339,0.053957,0.018105
0.018301,0.002382,0.062397,0.079502,0.020817,0.004105,0.054794,0.058121
