vet-ins,vet-fnd,avl-ins,avl-fnd,hst-ins,hst-fnd,htr-ins,htr-fnd
0.000545,0.000020,0.001914,0.000677,0.000818,0.003128,0.002050,0.000666
0.002327,0.000190,0.012347,0.008126,0.003686,0.144773,0.012706,0.008399
0.004064,0.000206,0.026370,0.009241,0.007512,0.228159,0.027404,0.009201
0.008143,0.000494,0.061402,0.025397,0.013576,0.558817,0.067607,0.026842
0.007630,0.001431,0.062005,0.073253,0.013117,1.687730,0.063351,0.077628
