vet-ins,vet-fnd,avl-ins,avl-fnd,hst-ins,hst-fnd,htr-ins,htr-fnd
0.001916,0.000064,0.005278,0.001823,0.002796,0.000130,0.003868,0.001055
0.006558,0.000341,0.012969,0.008692,0.005888,0.000547,0.010159,0.005413
0.006414,0.000264,0.027013,0.009457,0.011028,0.000628,0.022658,0.006641
0.014301,0.000793,0.075537,0.033136,0.022935,0.001343,0.066192,0.019775
0.018928,0.002363,0.073900,0.084309,0.020890,0.004686,0.059645,0.060331
