vet-ins,vet-fnd,avl-ins,avl-fnd,hst-ins,hst-fnd,htr-ins,htr-fnd
0.000520,0.000019,0.001923,0.000686,0.000758,0.004173,0.002102,0.000739
0.002300,0.000190,0.011454,0.008354,0.003937,0.191234,0.014177,0.009232
0.004038,0.000205,0.026627,0.009390,0.007206,0.227969,0.027918,0.009101
0.008150,0.000492,0.062148,0.025799,0.013753,0.560824,0.066987,0.025700
0.007558,0.001454,0.063282,0.079183,0.013452,1.658765,0.063783,0.072762
