vet-ins,vet-fnd,avl-ins,avl-fnd,hst-ins,hst-fnd,htr-ins,htr-fnd
0.000561,0.000019,0.001871,0.000668,0.000795,0.003183,0.002078,0.000669
0.002316,0.000187,0.011379,0.007895,0.003650,0.142017,0.012562,0.007979
0.004013,0.000202,0.025656,0.008736,0.007156,0.224797,0.026795,0.008679
0.008212,0.000525,0.059251,0.024500,0.013411,0.548539,0.059976,0.024418
0.007559,0.001430,0.059003,0.073306,0.013217,1.685420,0.062475,0.074567
