vet-ins,vet-fnd,avl-ins,avl-fnd,hst-ins,hst-fnd,htr-ins,htr-fnd
0.000522,0.000019,0.001873,0.000664,0.000794,0.003148,0.002033,0.000674
0.002151,0.000189,0.011485,0.007905,0.003672,0.142258,0.012315,0.009471
0.004176,0.000205,0.027534,0.011191,0.007895,0.222054,0.027460,0.008885
0.008205,0.000490,0.059239,0.025115,0.013737,0.567079,0.061787,0.024469
0.008099,0.001509,0.061725,0.081320,0.014216,1.680397,0.065558,0.072603
