vet-ins,vet-fnd,avl-ins,avl-fnd,hst-ins,hst-fnd,htr-ins,htr-fnd
0.000563,0.000019,0.001864,0.000666,0.000756,0.004227,0.002139,0.000703
0.002318,0.000213,0.011300,0.007909,0.003567,0.187778,0.013117,0.008396
0.004063,0.000201,0.025651,0.008798,0.007008,0.295123,0.028328,0.009175
0.008202,0.000509,0.063180,0.024553,0.013290,0.741311,0.065626,0.028319
0.007844,0.001467,0.059514,0.074159,0.016149,1.680021,0.060495,0.072233
