vet-ins,vet-fnd,avl-ins,avl-fnd,hst-ins,hst-fnd,htr-ins,htr-fnd
0.001797,0.000038,0.002602,0.000833,0.001410,0.000063,0.001883,0.000511
0.004001,0.000328,0.013987,0.009409,0.005396,0.000535,0.010836,0.005968
0.006698,0.000309,0.026667,0.011349,0.011085,0.000627,0.025088,0.006382
0.013739,0.000656,0.066722,0.029218,0.022527,0.001656,0.059732,0.026515
0.020382,0.002364,0.081648,0.105976,0.022097,0.004745,0.066632,0.073954
