vet-ins,vet-fnd,avl-ins,avl-fnd,hst-ins,hst-fnd,htr-ins,htr-fnd
0.000529,0.000019,0.001945,0.000799,0.001148,0.003535,0.002080,0.000667
0.002400,0.000199,0.012722,0.008245,0.003732,0.145155,0.015022,0.009053
0.004137,0.000202,0.027439,0.009225,0.007068,0.228413,0.027138,0.008641
0.008118,0.000494,0.067204,0.024851,0.013218,0.550559,0.065105,0.025002
0.007540,0.001457,0.059412,0.073486,0.012627,2.200055,0.067136,0.075947
