vet-ins,vet-fnd,avl-ins,avl-fnd,hst-ins,hst-fnd,htr-ins,htr-fnd
0.000863,0.000028,0.002211,0.000744,0.001343,0.000063,0.001857,0.000436
0.003700,0.000268,0.012555,0.008636,0.005918,0.000544,0.010475,0.005464
0.006684,0.000277,0.029210,0.010315,0.011855,0.000538,0.024212,0.006069
0.013136,0.000669,0.059765,0.027726,0.022698,0.001343,0.057239,0.018925
0.016924,0.002013,0.066646,0.079976,0.021192,0.004090,0.056371,0.053522
