vet-ins,vet-fnd,avl-ins,avl-fnd,hst-ins,hst-fnd,htr-ins,htr-fnd
0.000556,0.000019,0.001862,0.000667,0.000762,0.004236,0.002114,0.000711
0.002465,0.000192,0.011365,0.007897,0.003474,0.185145,0.013532,0.008713
0.004098,0.000225,0.025750,0.008656,0.007094,0.287233,0.028557,0.009266
0.008024,0.000492,0.059156,0.024304,0.013092,0.734220,0.061288,0.025411
0.007533,0.001424,0.058281,0.072925,0.012975,2.162743,0.064876,0.078302
