vet-ins,vet-fnd,avl-ins,avl-fnd,hst-ins,hst-fnd,htr-ins,htr-fnd
0.001057,0.000044,0.003091,0.001051,0.001613,0.000075,0.002264,0.000601
0.004911,0.000364,0.016228,0.009416,0.005810,0.000540,0.010957,0.006289
0.006502,0.000262,0.027400,0.010258,0.010580,0.000544,0.023128,0.007717
0.013800,0.000656,0.066844,0.033114,0.024258,0.001591,0.072907,0.022796
0.019298,0.002152,0.073181,0.093749,0.022329,0.004904,0.060646,0.060615
