vet-ins,vet-fnd,avl-ins,avl-fnd,hst-ins,hst-fnd,htr-ins,htr-fnd
0.002008,0.000066,0.005775,0.002023,0.003072,0.000160,0.004284,0.001079
0.004361,0.000263,0.013411,0.008701,0.005466,0.000634,0.011083,0.005419
0.006954,0.000263,0.029201,0.010371,0.011328,0.000540,0.022747,0.006006
0.012652,0.000656,0.059396,0.026086,0.021980,0.001647,0.052372,0.017794
0.017091,0.002088,0.062081,0.090758,0.021811,0.004810,0.060473,0.062794
