vet-ins,vet-fnd,avl-ins,avl-fnd,hst-ins,hst-fnd,htr-ins,htr-fnd
0.000536,0.000019,0.001897,0.000663,0.000795,0.003115,0.002037,0.000668
0.002422,0.000197,0.011325,0.007883,0.003719,0.141829,0.012946,0.008342
0.004036,0.000203,0.025939,0.008708,0.006715,0.221767,0.027017,0.008845
0.008392,0.000492,0.058565,0.024193,0.013770,0.543436,0.059691,0.024532
0.007913,0.001457,0.058488,0.073401,0.012524,2.184232,0.060230,0.077134
