vet-ins,vet-fnd,avl-ins,avl-fnd,hst-ins,hst-fnd,htr-ins,htr-fnd
0.000521,0.000019,0.001960,0.000659,0.000813,0.003078,0.002114,0.000665
0.002377,0.000192,0.011990,0.007753,0.003693,0.146539,0.013878,0.009055
0.004147,0.000198,0.026114,0.008584,0.007180,0.227980,0.027930,0.009046
0.008353,0.000505,0.059904,0.024970,0.013609,0.551329,0.059556,0.023864
0.007982,0.001515,0.059947,0.073993,0.012835,2.210319,0.062929,0.076909
