vet-ins,vet-fnd,avl-ins,avl-fnd,hst-ins,hst-fnd,htr-ins,htr-fnd
0.001169,0.000040,0.003287,0.001180,0.001899,0.000095,0.002541,0.000649
0.005568,0.000394,0.017119,0.008718,0.005400,0.000549,0.010652,0.005427
0.007156,0.000321,0.029456,0.010667,0.011113,0.000540,0.022329,0.006013
0.013053,0.000806,0.062281,0.027032,0.022125,0.001643,0.057056,0.017768
0.016773,0.001972,0.061876,0.078902,0.018609,0.004059,0.051479,0.053202
