vet-ins,vet-fnd,avl-ins,avl-fnd,hst-ins,hst-fnd,htr-ins,htr-fnd
0.002064,0.000071,0.005720,0.002021,0.003338,0.000158,0.004288,0.001086
0.004495,0.000274,0.012345,0.009451,0.005903,0.000537,0.010314,0.005753
0.006725,0.000269,0.027416,0.009381,0.011985,0.000653,0.023235,0.006128
0.013166,0.000706,0.062183,0.026301,0.022177,0.001343,0.054160,0.018261
0.016848,0.002019,0.061505,0.081321,0.021332,0.004077,0.052415,0.053902
