vet-ins,vet-fnd,avl-ins,avl-fnd,hst-ins,hst-fnd,htr-ins,htr-fnd
0.001898,0.000064,0.005241,0.001828,0.002803,0.000131,0.004048,0.001145
0.005020,0.000273,0.014032,0.010350,0.006112,0.000569,0.011491,0.005976
0.006883,0.000313,0.028514,0.010522,0.011108,0.000664,0.026954,0.007704
0.015035,0.000780,0.080899,0.035748,0.023780,0.001613,0.059994,0.020311
0.018575,0.002373,0.068681,0.099390,0.022711,0.004861,0.066556,0.069428
