vet-ins,vet-fnd,avl-ins,avl-fnd,hst-ins,hst-fnd,htr-ins,htr-fnd
0.000527,0.000019,0.002102,0.000662,0.000758,0.004160,0.002154,0.000709
0.002375,0.000195,0.012092,0.008668,0.003619,0.194920,0.014321,0.008684
0.004454,0.000204,0.027862,0.009847,0.007350,0.303862,0.030446,0.010142
0.008993,0.000496,0.065731,0.026661,0.015077,0.566901,0.080275,0.027507
0.007518,0.001499,0.062202,0.077734,0.012951,1.704921,0.059426,0.072167
