vet-ins,vet-fnd,avl-ins,avl-fnd,hst-ins,hst-fnd,htr-ins,htr-fnd
0.002058,0.000065,0.005332,0.001799,0.003038,0.000130,0.003970,0.001064
0.006211,0.000344,0.013214,0.009661,0.006479,0.000536,0.011163,0.005463
0.006599,0.000269,0.026658,0.009157,0.011282,0.000541,0.022908,0.006053
0.013114,0.000670,0.064123,0.028688,0.022074,0.001343,0.057353,0.017837
0.016595,0.002016,0.063084,0.079917,0.021182,0.004041,0.059397,0.059459
