vet-ins,vet-fnd,avl-ins,avl-fnd,hst-ins,hst-fnd,htr-ins,htr-fnd
0.002096,0.000077,0.005731,0.002004,0.003127,0.000135,0.004129,0.001227
0.004974,0.000263,0.013571,0.008768,0.005694,0.000541,0.010135,0.006039
0.007425,0.000308,0.031982,0.014442,0.012972,0.000633,0.025752,0.007050
0.014709,0.000767,0.074004,0.030916,0.022744,0.001517,0.059244,0.022174
0.017528,0.002198,0.065186,0.090139,0.020959,0.004488,0.057154,0.057365
