vet-ins,vet-fnd,avl-ins,avl-fnd,hst-ins,hst-fnd,htr-ins,htr-fnd
0.000900,0.000031,0.002416,0.000879,0.001459,0.000054,0.001709,0.000514
0.004424,0.000292,0.014514,0.010032,0.006579,0.000598,0.011830,0.006460
0.006816,0.000268,0.027271,0.009774,0.011769,0.000541,0.023787,0.006934
0.014200,0.000668,0.058988,0.026102,0.021757,0.001494,0.055397,0.018824
0.018289,0.002284,0.060821,0.078522,0.020741,0.004578,0.057422,0.053505
