vet-ins,vet-fnd,avl-ins,avl-fnd,hst-ins,hst-fnd,htr-ins,htr-fnd
0.000530,0.000019,0.001867,0.000663,0.000792,0.003116,0.002032,0.000662
0.002414,0.000188,0.011317,0.007815,0.003662,0.143999,0.013099,0.008054
0.003912,0.000203,0.025705,0.008609,0.006719,0.223897,0.027082,0.008656
0.008272,0.000490,0.058564,0.024278,0.013703,0.542188,0.059995,0.024285
0.007862,0.001465,0.059042,0.072722,0.013153,1.642927,0.058532,0.072221
