vet-ins,vet-fnd,avl-ins,avl-fnd,hst-ins,hst-fnd,htr-ins,htr-fnd
0.000534,0.000019,0.001903,0.000669,0.000811,0.003203,0.002427,0.000791
0.002403,0.000190,0.012404,0.008390,0.003977,0.146759,0.012762,0.009023
0.003919,0.000200,0.027940,0.009157,0.007715,0.231282,0.026832,0.008689
0.008716,0.000493,0.068479,0.027009,0.014271,0.566269,0.068477,0.028104
0.008359,0.001490,0.078775,0.089369,0.013626,1.832935,0.066201,0.080416
