vet-ins,vet-fnd,avl-ins,avl-fnd,hst-ins,hst-fnd,htr-ins,htr-fnd
0.000527,0.000020,0.001866,0.000693,0.000762,0.004280,0.002112,0.000741
0.002370,0.000197,0.011534,0.008164,0.003590,0.191210,0.013820,0.008639
0.004027,0.000200,0.025540,0.008704,0.007210,0.225824,0.026920,0.008794
0.008286,0.000661,0.058830,0.027791,0.014266,0.551783,0.060541,0.025494
0.008162,0.001429,0.059380,0.073819,0.012553,2.195121,0.061673,0.075640
