vet-ins,vet-fnd,avl-ins,avl-fnd,hst-ins,hst-fnd,htr-ins,htr-fnd
0.000852,0.000031,0.003429,0.001131,0.002157,0.000095,0.002766,0.000769
0.005326,0.000418,0.018797,0.008948,0.005911,0.000539,0.010390,0.005448
0.006636,0.000268,0.028796,0.009860,0.011567,0.000629,0.023790,0.006566
0.013425,0.000668,0.062925,0.028823,0.022524,0.001349,0.054386,0.018134
0.017396,0.002019,0.064965,0.080304,0.020805,0.004076,0.056447,0.055055
