vet-ins,vet-fnd,avl-ins,avl-fnd,hst-ins,hst-fnd,htr-ins,htr-fnd
0.001965,0.000066,0.005228,0.001813,0.003023,0.000131,0.003882,0.001057
0.005783,0.000270,0.012690,0.008666,0.006366,0.000541,0.011110,0.005755
0.006856,0.000313,0.026566,0.009403,0.011375,0.000539,0.022585,0.006519
0.013122,0.000672,0.060000,0.025665,0.022242,0.001632,0.056511,0.018010
0.016557,0.002008,0.059838,0.080557,0.021048,0.004062,0.052077,0.054101
