vet-ins,vet-fnd,avl-ins,avl-fnd,hst-ins,hst-fnd,htr-ins,htr-fnd
0.000529,0.000020,0.001887,0.000668,0.000766,0.004263,0.002147,0.000704
0.002356,0.000197,0.011425,0.007954,0.003625,0.191316,0.013198,0.008387
0.004097,0.000206,0.026337,0.008804,0.007024,0.291426,0.028615,0.009139
0.008139,0.000493,0.058341,0.024288,0.012800,0.730747,0.060898,0.024930
0.008011,0.001437,0.064676,0.073489,0.012921,2.193127,0.062087,0.075719
