vet-ins,vet-fnd,avl-ins,avl-fnd,hst-ins,hst-fnd,htr-ins,htr-fnd
0.002076,0.000066,0.005638,0.002040,0.003004,0.000134,0.004155,0.001157
0.005309,0.000263,0.012346,0.008763,0.005418,0.000535,0.010403,0.005415
0.006279,0.000264,0.025889,0.009261,0.010227,0.000536,0.022085,0.006037
0.013030,0.000655,0.059665,0.026463,0.020340,0.001342,0.058113,0.018716
0.016426,0.001974,0.060046,0.085448,0.019118,0.004024,0.051525,0.053580
