vet-ins,vet-fnd,avl-ins,avl-fnd,hst-ins,hst-fnd,htr-ins,htr-fnd
0.000866,0.000030,0.003159,0.001049,0.001605,0.000076,0.002207,0.000604
0.004859,0.000364,0.017073,0.010046,0.005500,0.000535,0.010842,0.005452
0.006639,0.000266,0.026457,0.009869,0.010681,0.000536,0.022367,0.006111
0.014650,0.000792,0.060066,0.026570,0.020574,0.001337,0.056141,0.020799
0.018928,0.002320,0.070052,0.089878,0.019949,0.004415,0.057325,0.058375
