vet-ins,vet-fnd,avl-ins,avl-fnd,hst-ins,hst-fnd,htr-ins,htr-fnd
0.001145,0.000037,0.003088,0.001031,0.001751,0.000075,0.002369,0.000604
0.005064,0.000376,0.017456,0.008834,0.006245,0.000539,0.010789,0.005472
0.007093,0.000320,0.026715,0.011981,0.011889,0.000542,0.024963,0.006290
0.013111,0.000668,0.062987,0.028400,0.022230,0.001347,0.055868,0.018188
0.017185,0.002010,0.060485,0.080204,0.021179,0.004200,0.054883,0.054788
