vet-ins,vet-fnd,avl-ins,avl-fnd,hst-ins,hst-fnd,htr-ins,htr-fnd
0.000528,0.000020,0.001862,0.000696,0.000799,0.003199,0.002047,0.000667
0.002375,0.000195,0.011452,0.007965,0.003710,0.142720,0.012489,0.007966
0.003978,0.000203,0.025489,0.008812,0.007182,0.223634,0.026891,0.008581
0.008206,0.000504,0.058575,0.024477,0.013340,0.545891,0.059553,0.024165
0.007594,0.001453,0.057845,0.073513,0.012301,2.184176,0.059670,0.073997
