vet-ins,vet-fnd,avl-ins,avl-fnd,hst-ins,hst-fnd,htr-ins,htr-fnd
0.002332,0.000079,0.006386,0.002140,0.003599,0.000159,0.004739,0.001290
0.004364,0.000341,0.015104,0.011077,0.007079,0.000636,0.012601,0.006959
0.007523,0.000341,0.030857,0.011006,0.012494,0.000631,0.024395,0.006319
0.013879,0.000819,0.067609,0.032266,0.025427,0.001622,0.067714,0.023322
0.019767,0.002359,0.079369,0.101829,0.024547,0.004757,0.073131,0.074572
