vet-ins,vet-fnd,avl-ins,avl-fnd,hst-ins,hst-fnd,htr-ins,htr-fnd
0.000587,0.000019,0.001873,0.000659,0.000767,0.004198,0.002126,0.000702
0.002186,0.000188,0.011436,0.008404,0.003609,0.189785,0.013384,0.008498
0.004782,0.000201,0.027591,0.008909,0.006563,0.291057,0.030760,0.010187
0.008052,0.000490,0.058535,0.024243,0.013801,0.541896,0.062351,0.028779
0.007548,0.001425,0.058563,0.072918,0.013095,1.659329,0.060252,0.075718
