vet-ins,vet-fnd,avl-ins,avl-fnd,hst-ins,hst-fnd,htr-ins,htr-fnd
0.000532,0.000020,0.001879,0.000664,0.000796,0.003141,0.002167,0.000905
0.002299,0.000212,0.011912,0.008190,0.003721,0.142103,0.012701,0.007999
0.004165,0.000203,0.025702,0.008710,0.007012,0.219526,0.026951,0.008658
0.008098,0.000495,0.061946,0.024898,0.013601,0.539765,0.060141,0.024492
0.007606,0.001466,0.058813,0.074243,0.012209,2.165012,0.061017,0.074985
