vet-ins,vet-fnd,avl-ins,avl-fnd,hst-ins,hst-fnd,htr-ins,htr-fnd
0.000524,0.000019,0.001868,0.000670,0.000808,0.003112,0.002091,0.000666
0.002323,0.000187,0.011398,0.007895,0.003481,0.139646,0.012804,0.007955
0.004085,0.000199,0.025748,0.009143,0.007096,0.225865,0.026819,0.008962
0.008974,0.000507,0.063093,0.024951,0.013215,0.733284,0.063288,0.025387
0.008221,0.001654,0.060522,0.073832,0.013099,2.212055,0.067511,0.083853
