vet-ins,vet-fnd,avl-ins,avl-fnd,hst-ins,hst-fnd,htr-ins,htr-fnd
0.001898,0.000064,0.005470,0.001819,0.002797,0.000129,0.003849,0.001060
0.006227,0.000307,0.014855,0.010443,0.006213,0.000644,0.011899,0.006234
0.007262,0.000308,0.030403,0.011241,0.011999,0.000658,0.026589,0.007235
0.014467,0.000779,0.066336,0.031850,0.023168,0.001585,0.064312,0.023051
0.020176,0.002331,0.077067,0.099709,0.022151,0.004718,0.063956,0.064336
