vet-ins,vet-fnd,avl-ins,avl-fnd,hst-ins,hst-fnd,htr-ins,htr-fnd
0.000830,0.000032,0.002633,0.000922,0.001514,0.000068,0.001680,0.000510
0.003698,0.000282,0.013569,0.008907,0.005906,0.000542,0.010384,0.005449
0.006532,0.000268,0.026123,0.009472,0.011487,0.000657,0.024294,0.006050
0.013146,0.000806,0.061039,0.025825,0.021782,0.001360,0.053776,0.017788
0.016431,0.002011,0.059609,0.078299,0.020724,0.004070,0.052033,0.056754
