vet-ins,vet-fnd,avl-ins,avl-fnd,hst-ins,hst-fnd,htr-ins,htr-fnd
0.000520,0.000020,0.001858,0.000697,0.000753,0.004329,0.002095,0.000745
0.002374,0.000197,0.011493,0.007965,0.003623,0.189381,0.013661,0.008690
0.004131,0.000205,0.025807,0.008666,0.007059,0.294725,0.028258,0.009233
0.008132,0.000504,0.063112,0.024858,0.013872,0.554250,0.059739,0.024472
0.008171,0.001498,0.059785,0.075542,0.012939,1.679069,0.059789,0.077139
