vet-ins,vet-fnd,avl-ins,avl-fnd,hst-ins,hst-fnd,htr-ins,htr-fnd
0.002124,0.000067,0.005663,0.001983,0.003407,0.000135,0.004262,0.001236
0.005070,0.000272,0.012932,0.008883,0.005884,0.000540,0.012128,0.006126
0.007005,0.000275,0.026544,0.009249,0.011275,0.000539,0.023279,0.006719
0.013646,0.000668,0.059599,0.025972,0.021807,0.001351,0.054311,0.019115
0.017083,0.002010,0.060015,0.083323,0.021098,0.004048,0.053383,0.056013
