vet-ins,vet-fnd,avl-ins,avl-fnd,hst-ins,hst-fnd,htr-ins,htr-fnd
0.001332,0.000040,0.003652,0.001251,0.001908,0.000079,0.002774,0.000697
0.005713,0.000459,0.017682,0.009276,0.005487,0.000540,0.010118,0.005795
0.006299,0.000263,0.026225,0.009633,0.010194,0.000542,0.022408,0.006403
0.012653,0.000655,0.060015,0.028061,0.020693,0.001350,0.052598,0.019744
0.017442,0.002362,0.064709,0.088388,0.019488,0.004067,0.052172,0.052978
