vet-ins,vet-fnd,avl-ins,avl-fnd,hst-ins,hst-fnd,htr-ins,htr-fnd
0.000957,0.000032,0.002426,0.000783,0.001534,0.000054,0.001625,0.000513
0.004211,0.000336,0.013989,0.009809,0.006919,0.000538,0.011999,0.006396
0.007372,0.000346,0.027186,0.010780,0.012640,0.000630,0.024466,0.006422
0.014280,0.000671,0.064799,0.029941,0.025182,0.001484,0.062192,0.021123
0.019241,0.002353,0.068536,0.091574,0.024687,0.004901,0.060798,0.062252
