vet-ins,vet-fnd,avl-ins,avl-fnd,hst-ins,hst-fnd,htr-ins,htr-fnd
0.002230,0.000067,0.005798,0.001852,0.003348,0.000135,0.004356,0.001090
0.005151,0.000282,0.012927,0.008621,0.005895,0.000546,0.010457,0.005455
0.006474,0.000276,0.026156,0.009178,0.011191,0.000542,0.022918,0.006045
0.013240,0.000671,0.059381,0.025587,0.021681,0.001352,0.054820,0.020009
0.016901,0.002052,0.060824,0.082223,0.020996,0.004231,0.053466,0.053743
