vet-ins,vet-fnd,avl-ins,avl-fnd,hst-ins,hst-fnd,htr-ins,htr-fnd
0.002008,0.000067,0.005879,0.001999,0.003280,0.000135,0.003981,0.001081
0.004815,0.000267,0.012925,0.008640,0.006292,0.000666,0.011803,0.006129
0.007115,0.000313,0.026982,0.009171,0.011197,0.000539,0.022632,0.006042
0.013598,0.000681,0.061445,0.028450,0.022638,0.001348,0.053326,0.018315
0.017585,0.002119,0.061212,0.078621,0.020750,0.004050,0.052499,0.053499
