vet-ins,vet-fnd,avl-ins,avl-fnd,hst-ins,hst-fnd,htr-ins,htr-fnd
0.000550,0.000020,0.001959,0.000721,0.000833,0.003279,0.002115,0.000704
0.002351,0.000187,0.011353,0.007840,0.003664,0.143061,0.012988,0.009550
0.004014,0.000206,0.026931,0.008777,0.007127,0.225250,0.026642,0.008623
0.008140,0.000497,0.058498,0.024322,0.012694,0.733452,0.060233,0.024868
0.007892,0.001535,0.062312,0.078322,0.013142,1.804770,0.057957,0.070736
