vet-ins,vet-fnd,avl-ins,avl-fnd,hst-ins,hst-fnd,htr-ins,htr-fnd
0.000554,0.000020,0.001916,0.000680,0.000779,0.004272,0.002165,0.000725
0.002420,0.000194,0.012574,0.008263,0.003614,0.193465,0.013905,0.008974
0.004146,0.000208,0.027097,0.008948,0.007491,0.299566,0.029765,0.009761
0.008288,0.000498,0.062550,0.026010,0.013394,0.748834,0.067858,0.026863
0.007770,0.001435,0.061032,0.077169,0.013856,1.696297,0.067365,0.077351
