vet-ins,vet-fnd,avl-ins,avl-fnd,hst-ins,hst-fnd,htr-ins,htr-fnd
0.000535,0.000019,0.001939,0.000679,0.000774,0.004295,0.002200,0.000726
0.002363,0.000192,0.011639,0.008083,0.003680,0.189784,0.013464,0.008861
0.004366,0.000215,0.026392,0.009212,0.007190,0.294141,0.029210,0.009647
0.008861,0.000593,0.062686,0.026142,0.013149,0.739830,0.064545,0.025969
0.008518,0.001543,0.065248,0.081065,0.013029,2.184896,0.062813,0.076231
