vet-ins,vet-fnd,avl-ins,avl-fnd,hst-ins,hst-fnd,htr-ins,htr-fnd
0.002084,0.000066,0.005695,0.001932,0.003051,0.000158,0.004199,0.001074
0.004661,0.000262,0.012548,0.009406,0.005388,0.000540,0.009993,0.005409
0.006692,0.000308,0.026891,0.009662,0.010595,0.000543,0.022791,0.005996
0.013082,0.000767,0.059593,0.030918,0.021989,0.001590,0.053134,0.018587
0.019011,0.002293,0.062136,0.084096,0.021373,0.004664,0.052001,0.054402
