vet-ins,vet-fnd,avl-ins,avl-fnd,hst-ins,hst-fnd,htr-ins,htr-fnd
0.000529,0.000019,0.001887,0.000662,0.000834,0.003598,0.002196,0.000869
0.002369,0.000197,0.011758,0.008563,0.003791,0.143970,0.013141,0.008316
0.004019,0.000201,0.025684,0.008991,0.006568,0.293808,0.027773,0.009008
0.008132,0.000508,0.059009,0.024497,0.013182,0.734331,0.068853,0.026970
0.007697,0.001495,0.065471,0.075479,0.012764,2.220115,0.061219,0.074880
