vet-ins,vet-fnd,avl-ins,avl-fnd,hst-ins,hst-fnd,htr-ins,htr-fnd
0.000677,0.000020,0.001949,0.000679,0.000918,0.003191,0.002056,0.000685
0.002879,0.000189,0.011502,0.007960,0.004227,0.142034,0.012505,0.007931
0.005136,0.000203,0.025586,0.008780,0.008248,0.223333,0.027017,0.008662
0.010169,0.000492,0.059096,0.024524,0.015882,0.548355,0.059146,0.024091
0.009751,0.001452,0.059665,0.074883,0.014781,2.245688,0.082129,0.094873
