vet-ins,vet-fnd,avl-ins,avl-fnd,hst-ins,hst-fnd,htr-ins,htr-fnd
0.000866,0.000032,0.002625,0.000880,0.001477,0.000054,0.001709,0.000511
0.004126,0.000268,0.014078,0.008915,0.006159,0.000644,0.010973,0.005789
0.006824,0.000268,0.027646,0.010457,0.012377,0.000628,0.023900,0.006034
0.014144,0.000702,0.060893,0.025707,0.022182,0.001340,0.053532,0.017661
0.018609,0.002330,0.065321,0.078948,0.020740,0.004064,0.052796,0.056515
