vet-ins,vet-fnd,avl-ins,avl-fnd,hst-ins,hst-fnd,htr-ins,htr-fnd
0.000954,0.000037,0.002668,0.000889,0.001545,0.000064,0.002073,0.000514
0.004590,0.000322,0.015413,0.010774,0.007148,0.000632,0.012695,0.007418
0.007941,0.000314,0.033669,0.011328,0.012646,0.000657,0.025983,0.006745
0.013119,0.000668,0.059763,0.026011,0.023123,0.001571,0.059101,0.020388
0.019491,0.002307,0.069734,0.083014,0.020794,0.004049,0.054024,0.053988
