vet-ins,vet-fnd,avl-ins,avl-fnd,hst-ins,hst-fnd,htr-ins,htr-fnd
0.000548,0.000020,0.001964,0.000686,0.000777,0.004341,0.002161,0.000740
0.002357,0.000193,0.011372,0.007973,0.003577,0.188809,0.013273,0.008359
0.004110,0.000204,0.025392,0.008612,0.006952,0.289981,0.028166,0.009193
0.008226,0.000503,0.058464,0.024294,0.013860,0.548474,0.059606,0.024250
0.007734,0.001492,0.059007,0.073233,0.012969,1.666675,0.058887,0.071735
