vet-ins,vet-fnd,avl-ins,avl-fnd,hst-ins,hst-fnd,htr-ins,htr-fnd
0.002259,0.000077,0.006384,0.002193,0.003370,0.000159,0.004638,0.001269
0.004366,0.000318,0.014787,0.009321,0.005975,0.000541,0.010124,0.005406
0.006276,0.000262,0.026018,0.009222,0.010204,0.000541,0.022486,0.006005
0.012672,0.000660,0.060511,0.025953,0.019660,0.001350,0.052312,0.017920
0.016388,0.001980,0.060833,0.079847,0.018657,0.004064,0.056197,0.053485
