vet-ins,vet-fnd,avl-ins,avl-fnd,hst-ins,hst-fnd,htr-ins,htr-fnd
0.002009,0.000065,0.005807,0.001926,0.002977,0.000160,0.004234,0.001145
0.004674,0.000284,0.014711,0.009401,0.005579,0.000552,0.010729,0.005413
0.006222,0.000265,0.026384,0.009203,0.010224,0.000535,0.022180,0.006017
0.012796,0.000657,0.060442,0.026141,0.019770,0.001345,0.052758,0.018010
0.017719,0.001973,0.059840,0.078565,0.019591,0.004860,0.052200,0.053556
