vet-ins,vet-fnd,avl-ins,avl-fnd,hst-ins,hst-fnd,htr-ins,htr-fnd
0.000890,0.000026,0.003040,0.001127,0.001808,0.000082,0.002398,0.000650
0.005873,0.000408,0.017336,0.008812,0.005624,0.000541,0.010145,0.005428
0.007182,0.000262,0.027019,0.009331,0.010601,0.000540,0.022209,0.006033
0.014905,0.000656,0.059161,0.026132,0.020512,0.001357,0.051874,0.017688
0.017958,0.001970,0.059024,0.079411,0.021563,0.004835,0.053002,0.052932
