vet-ins,vet-fnd,avl-ins,avl-fnd,hst-ins,hst-fnd,htr-ins,htr-fnd
0.000945,0.000032,0.002264,0.000878,0.001398,0.000054,0.001677,0.000511
0.003931,0.000263,0.014049,0.010536,0.006135,0.000636,0.011361,0.005808
0.006842,0.000263,0.028759,0.010453,0.010180,0.000540,0.022553,0.006441
0.012797,0.000655,0.061155,0.029865,0.023333,0.001597,0.061786,0.021184
0.017930,0.001965,0.062119,0.087258,0.020918,0.004890,0.052230,0.056205
