vet-ins,vet-fnd,avl-ins,avl-fnd,hst-ins,hst-fnd,htr-ins,htr-fnd
0.000528,0.000020,0.001911,0.000664,0.000793,0.003190,0.002068,0.000665
0.002301,0.000189,0.011421,0.007803,0.003480,0.141200,0.013450,0.008633
0.004181,0.000208,0.026419,0.008688,0.007003,0.220500,0.027208,0.008683
0.008064,0.000485,0.058237,0.024182,0.013876,0.549479,0.060104,0.024363
0.007560,0.001446,0.059174,0.073866,0.012898,1.664795,0.060578,0.071673
