vet-ins,vet-fnd,avl-ins,avl-fnd,hst-ins,hst-fnd,htr-ins,htr-fnd
0.002188,0.000067,0.005769,0.001913,0.003177,0.000160,0.004323,0.001081
0.004604,0.000267,0.012387,0.008653,0.005878,0.000545,0.010372,0.005457
0.006431,0.000268,0.026384,0.009304,0.011149,0.000611,0.026867,0.006483
0.013243,0.000681,0.059184,0.027980,0.023620,0.001370,0.056326,0.020076
0.016643,0.002005,0.059956,0.078975,0.020717,0.004518,0.054979,0.053067
