vet-ins,vet-fnd,avl-ins,avl-fnd,hst-ins,hst-fnd,htr-ins,htr-fnd
0.000831,0.000027,0.002550,0.000823,0.001430,0.000063,0.001873,0.000447
0.004144,0.000314,0.014987,0.010098,0.006843,0.000633,0.012589,0.006438
0.007647,0.000268,0.029875,0.010532,0.011610,0.000602,0.024804,0.007152
0.014891,0.000748,0.064934,0.025872,0.021751,0.001357,0.059636,0.023323
0.018285,0.002004,0.063029,0.079957,0.020772,0.004046,0.053626,0.056722
