vet-ins,vet-fnd,avl-ins,avl-fnd,hst-ins,hst-fnd,htr-ins,htr-fnd
0.000936,0.000031,0.002570,0.000891,0.001360,0.000064,0.001890,0.000512
0.004160,0.000308,0.014709,0.010514,0.006363,0.000635,0.012026,0.006427
0.007314,0.000311,0.031489,0.011365,0.012121,0.000634,0.027161,0.007576
0.012990,0.000739,0.067448,0.031851,0.023133,0.001585,0.065021,0.021873
0.018650,0.002308,0.069553,0.092129,0.021801,0.004755,0.061100,0.057861
