vet-ins,vet-fnd,avl-ins,avl-fnd,hst-ins,hst-fnd,htr-ins,htr-fnd
0.000984,0.000034,0.002311,0.000872,0.001497,0.000054,0.001797,0.000537
0.003945,0.000268,0.013869,0.009214,0.005882,0.000539,0.010352,0.005479
0.006892,0.000269,0.028262,0.009732,0.011169,0.000537,0.023379,0.006061
0.013186,0.000675,0.062313,0.026516,0.022661,0.001343,0.054768,0.018119
0.016606,0.002017,0.063549,0.077770,0.020767,0.004129,0.052892,0.052967
