vet-ins,vet-fnd,avl-ins,avl-fnd,hst-ins,hst-fnd,htr-ins,htr-fnd
0.000520,0.000019,0.001910,0.000678,0.000800,0.003164,0.002033,0.000666
0.002367,0.000188,0.011369,0.007923,0.003546,0.140875,0.012898,0.008393
0.004075,0.000222,0.025474,0.010844,0.007397,0.225637,0.030924,0.009476
0.008441,0.000494,0.068045,0.025712,0.014044,0.539727,0.060365,0.024480
0.007525,0.001446,0.058386,0.073521,0.012593,2.186149,0.061423,0.076884
