vet-ins,vet-fnd,avl-ins,avl-fnd,hst-ins,hst-fnd,htr-ins,htr-fnd
0.000819,0.000027,0.002531,0.000816,0.001392,0.000063,0.001910,0.000442
0.004023,0.000313,0.014253,0.009030,0.005922,0.000546,0.010458,0.005445
0.006507,0.000268,0.026726,0.009154,0.011685,0.000539,0.023462,0.006093
0.013091,0.000669,0.060132,0.026192,0.022423,0.001347,0.054042,0.018019
0.018399,0.002004,0.066163,0.078803,0.020723,0.004053,0.053463,0.055443
