vet-ins,vet-fnd,avl-ins,avl-fnd,hst-ins,hst-fnd,htr-ins,htr-fnd
0.000792,0.000026,0.003138,0.001258,0.001820,0.000095,0.002443,0.000720
0.005343,0.000393,0.017656,0.009132,0.005765,0.000546,0.010578,0.006147
0.006172,0.000263,0.028573,0.010072,0.010559,0.000632,0.023200,0.006312
0.014911,0.000793,0.065016,0.029685,0.022350,0.001451,0.058983,0.020077
0.016649,0.001974,0.061061,0.089515,0.019327,0.004060,0.055012,0.055972
