vet-ins,vet-fnd,avl-ins,avl-fnd,hst-ins,hst-fnd,htr-ins,htr-fnd
0.000547,0.000020,0.001939,0.000661,0.000764,0.004257,0.002146,0.000705
0.002389,0.000190,0.011361,0.007898,0.003605,0.188058,0.013346,0.008580
0.004476,0.000233,0.027247,0.009009,0.007165,0.298431,0.028188,0.009123
0.008154,0.000620,0.064503,0.024316,0.012832,0.731119,0.060629,0.025115
0.007643,0.001433,0.057269,0.072228,0.013021,2.210023,0.062217,0.082809
