vet-ins,vet-fnd,avl-ins,avl-fnd,hst-ins,hst-fnd,htr-ins,htr-fnd
0.000535,0.000019,0.001857,0.000779,0.000759,0.004255,0.002111,0.000706
0.002359,0.000191,0.011567,0.007987,0.003662,0.142625,0.012426,0.007945
0.003937,0.000203,0.025797,0.008667,0.007122,0.222093,0.026977,0.008721
0.008037,0.000504,0.058409,0.024270,0.013345,0.548100,0.059275,0.024149
0.007548,0.001451,0.058561,0.075179,0.013073,2.212580,0.064281,0.076306
