vet-ins,vet-fnd,avl-ins,avl-fnd,hst-ins,hst-fnd,htr-ins,htr-fnd
0.001973,0.000067,0.005915,0.002004,0.003222,0.000135,0.004035,0.001083
0.004654,0.000268,0.012809,0.008669,0.006208,0.000537,0.010441,0.005459
0.006503,0.000268,0.027824,0.011498,0.013656,0.000536,0.027631,0.007090
0.014115,0.000821,0.059437,0.025635,0.022109,0.001343,0.057055,0.018278
0.016644,0.002011,0.066218,0.079744,0.020800,0.004071,0.053066,0.053548
