vet-ins,vet-fnd,avl-ins,avl-fnd,hst-ins,hst-fnd,htr-ins,htr-fnd
0.001331,0.000039,0.003605,0.001206,0.001871,0.000099,0.002562,0.000768
0.005614,0.000419,0.017448,0.010435,0.006319,0.000633,0.011865,0.006344
0.007324,0.000308,0.030209,0.010860,0.011937,0.000633,0.025935,0.007031
0.014763,0.000769,0.068128,0.030321,0.022990,0.001582,0.061056,0.020885
0.017988,0.001967,0.061682,0.086659,0.020331,0.004876,0.058697,0.060961
