vet-ins,vet-fnd,avl-ins,avl-fnd,hst-ins,hst-fnd,htr-ins,htr-fnd
0.002399,0.000085,0.006369,0.002197,0.003396,0.000171,0.004700,0.001282
0.004511,0.000336,0.014860,0.010546,0.006569,0.000686,0.012209,0.006544
0.008028,0.000393,0.030366,0.011279,0.012147,0.000685,0.025529,0.007075
0.014240,0.000718,0.060754,0.026367,0.020252,0.001458,0.054055,0.022429
0.019817,0.002466,0.060435,0.079895,0.019344,0.004377,0.056968,0.055575
