vet-ins,vet-fnd,avl-ins,avl-fnd,hst-ins,hst-fnd,htr-ins,htr-fnd
0.001983,0.000065,0.005320,0.001812,0.003051,0.000131,0.003931,0.001053
0.005206,0.000267,0.012526,0.008653,0.005941,0.000543,0.010793,0.005784
0.006444,0.000268,0.026417,0.009272,0.011265,0.000545,0.023393,0.006149
0.013639,0.000669,0.059965,0.025953,0.021909,0.001350,0.055173,0.018647
0.016931,0.002012,0.060046,0.085621,0.023232,0.004517,0.055412,0.054459
