vet-ins,vet-fnd,avl-ins,avl-fnd,hst-ins,hst-fnd,htr-ins,htr-fnd
0.000541,0.000019,0.001870,0.000688,0.000809,0.003171,0.002043,0.000667
0.002339,0.000187,0.011486,0.007860,0.003850,0.142166,0.012690,0.008070
0.004093,0.000199,0.025782,0.008631,0.007141,0.224613,0.027020,0.008806
0.008195,0.000495,0.059520,0.025421,0.013668,0.551150,0.060717,0.024340
0.007541,0.001430,0.058853,0.073021,0.013239,1.664014,0.060585,0.072042
