vet-ins,vet-fnd,avl-ins,avl-fnd,hst-ins,hst-fnd,htr-ins,htr-fnd
0.002201,0.000073,0.006217,0.002252,0.004305,0.000147,0.004449,0.001183
0.004248,0.000334,0.013320,0.008698,0.005893,0.000539,0.010569,0.005463
0.006848,0.000268,0.026849,0.009217,0.011276,0.000538,0.023050,0.006098
0.013073,0.000669,0.060063,0.025655,0.022010,0.001346,0.053881,0.017715
0.016673,0.002450,0.060782,0.084742,0.020747,0.004053,0.053596,0.057759
