vet-ins,vet-fnd,avl-ins,avl-fnd,hst-ins,hst-fnd,htr-ins,htr-fnd
0.002106,0.000066,0.005819,0.001908,0.003008,0.000135,0.004218,0.001227
0.004782,0.000267,0.014498,0.010795,0.006020,0.000676,0.011446,0.006187
0.007161,0.000307,0.029178,0.011467,0.011679,0.000691,0.025339,0.006494
0.013966,0.000755,0.065388,0.031020,0.027570,0.001965,0.078558,0.023068
0.018639,0.002285,0.068199,0.095105,0.021114,0.004908,0.059014,0.062488
