vet-ins,vet-fnd,avl-ins,avl-fnd,hst-ins,hst-fnd,htr-ins,htr-fnd
0.000945,0.000032,0.002372,0.000931,0.001389,0.000079,0.001877,0.000509
0.003784,0.000263,0.014125,0.010454,0.005914,0.000633,0.010949,0.005721
0.006427,0.000263,0.025665,0.009717,0.010208,0.000543,0.022216,0.006115
0.012705,0.000657,0.064835,0.026772,0.019717,0.001353,0.051926,0.018046
0.016406,0.002271,0.059401,0.081956,0.018646,0.004068,0.051225,0.054142
