vet-ins,vet-fnd,avl-ins,avl-fnd,hst-ins,hst-fnd,htr-ins,htr-fnd
0.002190,0.000072,0.006077,0.002079,0.003404,0.000159,0.004445,0.001278
0.004320,0.000307,0.015151,0.011305,0.006469,0.000641,0.012099,0.007103
0.007724,0.000312,0.032943,0.012020,0.012402,0.000748,0.030196,0.009603
0.014970,0.000726,0.071484,0.032207,0.023005,0.001589,0.059960,0.020058
0.019460,0.002316,0.065680,0.087076,0.020448,0.004513,0.054276,0.056492
