vet-ins,vet-fnd,avl-ins,avl-fnd,hst-ins,hst-fnd,htr-ins,htr-fnd
0.000560,0.000018,0.001859,0.000656,0.000789,0.003262,0.002068,0.000733
0.002311,0.000188,0.011463,0.007923,0.003512,0.140493,0.012339,0.007963
0.004147,0.000201,0.025720,0.008682,0.006998,0.221156,0.026872,0.008645
0.008064,0.000494,0.058079,0.024398,0.012919,0.723185,0.061287,0.025136
0.007803,0.001501,0.058872,0.073154,0.012903,2.190859,0.061206,0.075835
