vet-ins,vet-fnd,avl-ins,avl-fnd,hst-ins,hst-fnd,htr-ins,htr-fnd
0.000577,0.000020,0.001891,0.000667,0.000788,0.003145,0.002033,0.000669
0.002328,0.000190,0.011223,0.007912,0.003808,0.145135,0.012842,0.008296
0.003996,0.000217,0.028618,0.009462,0.007266,0.229185,0.027622,0.009162
0.008216,0.000508,0.061071,0.026371,0.013559,0.549037,0.059565,0.023824
0.007511,0.001455,0.058988,0.074047,0.012635,2.225092,0.067815,0.077101
