vet-ins,vet-fnd,avl-ins,avl-fnd,hst-ins,hst-fnd,htr-ins,htr-fnd
0.000529,0.000020,0.001898,0.000662,0.000794,0.003173,0.002444,0.000714
0.002410,0.000198,0.011525,0.007901,0.003705,0.147054,0.012660,0.008159
0.003998,0.000200,0.025614,0.008621,0.007203,0.223999,0.026643,0.008634
0.008214,0.000491,0.058797,0.024321,0.013776,0.549655,0.060882,0.024280
0.007623,0.001448,0.058884,0.072760,0.012608,2.211193,0.070507,0.085323
