vet-ins,vet-fnd,avl-ins,avl-fnd,hst-ins,hst-fnd,htr-ins,htr-fnd
0.001087,0.000037,0.002992,0.001048,0.001600,0.000076,0.002220,0.000608
0.004775,0.000365,0.016924,0.010180,0.006252,0.000638,0.011680,0.006337
0.007200,0.000307,0.030061,0.010796,0.011811,0.000639,0.025462,0.007018
0.014333,0.000800,0.058869,0.026338,0.019606,0.001612,0.050888,0.018532
0.016934,0.001967,0.059990,0.079370,0.019682,0.004548,0.055059,0.053781
