vet-ins,vet-fnd,avl-ins,avl-fnd,hst-ins,hst-fnd,htr-ins,htr-fnd
0.002113,0.000072,0.005930,0.002054,0.003125,0.000146,0.004333,0.001187
0.003958,0.000266,0.012383,0.008724,0.005390,0.000539,0.010113,0.005405
0.006192,0.000264,0.029429,0.009635,0.010245,0.000536,0.022703,0.005996
0.012836,0.000666,0.066244,0.029596,0.019653,0.001340,0.052383,0.017735
0.016186,0.001967,0.064579,0.084172,0.021828,0.004794,0.059874,0.061847
