vet-ins,vet-fnd,avl-ins,avl-fnd,hst-ins,hst-fnd,htr-ins,htr-fnd
0.001096,0.000037,0.003162,0.001058,0.001601,0.000075,0.002251,0.000605
0.004859,0.000364,0.017845,0.008984,0.005727,0.000659,0.010778,0.006201
0.006461,0.000263,0.028301,0.010413,0.010575,0.000540,0.022848,0.006109
0.014094,0.000791,0.074164,0.030555,0.022780,0.001604,0.065497,0.021876
0.016147,0.001974,0.065594,0.090567,0.021294,0.004608,0.061850,0.066820
