vet-ins,vet-fnd,avl-ins,avl-fnd,hst-ins,hst-fnd,htr-ins,htr-fnd
0.002251,0.000077,0.006174,0.002234,0.003180,0.000158,0.004282,0.001251
0.004334,0.000308,0.015206,0.010477,0.006065,0.000572,0.011877,0.005989
0.006957,0.000308,0.029153,0.009859,0.010994,0.000541,0.023853,0.006867
0.013547,0.000656,0.064797,0.028419,0.021717,0.001604,0.053507,0.021005
0.018777,0.002312,0.069512,0.096247,0.021372,0.004846,0.057465,0.055650
