vet-ins,vet-fnd,avl-ins,avl-fnd,hst-ins,hst-fnd,htr-ins,htr-fnd
0.000802,0.000026,0.002169,0.000754,0.001159,0.000054,0.001870,0.000519
0.003570,0.000262,0.012955,0.009060,0.005987,0.000540,0.010019,0.005809
0.006621,0.000263,0.026682,0.011246,0.011099,0.000543,0.022924,0.006022
0.013622,0.000660,0.063856,0.027635,0.020828,0.001368,0.058462,0.021074
0.018607,0.002249,0.067632,0.086097,0.020488,0.004820,0.060820,0.064711
