vet-ins,vet-fnd,avl-ins,avl-fnd,hst-ins,hst-fnd,htr-ins,htr-fnd
0.001915,0.000067,0.005763,0.002024,0.002935,0.000156,0.004492,0.001083
0.004178,0.000266,0.012572,0.008729,0.005409,0.000535,0.010503,0.005421
0.006594,0.000308,0.029358,0.009911,0.011830,0.000545,0.023845,0.006149
0.013403,0.000818,0.060561,0.026639,0.021841,0.001635,0.060472,0.018386
0.016813,0.002017,0.060818,0.089178,0.021254,0.004761,0.061648,0.064318
