vet-ins,vet-fnd,avl-ins,avl-fnd,hst-ins,hst-fnd,htr-ins,htr-fnd
0.000540,0.000020,0.002024,0.000701,0.000796,0.003162,0.002059,0.000670
0.002369,0.000194,0.011852,0.008019,0.003793,0.146359,0.012664,0.008071
0.004099,0.000218,0.026813,0.009080,0.007328,0.224188,0.027134,0.008758
0.008212,0.000505,0.059370,0.024855,0.013731,0.548165,0.060814,0.025145
0.008121,0.001505,0.060431,0.074734,0.012725,2.227382,0.062248,0.074907
