vet-ins,vet-fnd,avl-ins,avl-fnd,hst-ins,hst-fnd,htr-ins,htr-fnd
0.000557,0.000019,0.001909,0.000666,0.000758,0.004206,0.002151,0.000700
0.002333,0.000188,0.012397,0.008332,0.003728,0.192921,0.014009,0.008750
0.004484,0.000201,0.027384,0.009832,0.007125,0.302124,0.029673,0.010437
0.008510,0.000486,0.064113,0.028367,0.014018,0.750305,0.069132,0.028903
0.007706,0.001470,0.068307,0.101120,0.014726,2.208947,0.062749,0.082832
