vet-ins,vet-fnd,avl-ins,avl-fnd,hst-ins,hst-fnd,htr-ins,htr-fnd
0.001095,0.000036,0.003129,0.001078,0.001924,0.000094,0.002693,0.000632
0.005314,0.000364,0.017805,0.010829,0.006226,0.000648,0.012168,0.006612
0.007049,0.000313,0.033604,0.011169,0.011870,0.000627,0.027439,0.007081
0.014003,0.000823,0.073516,0.035574,0.023348,0.001624,0.068955,0.024203
0.020351,0.002362,0.075393,0.101633,0.022146,0.004834,0.065540,0.074618
