vet-ins,vet-fnd,avl-ins,avl-fnd,hst-ins,hst-fnd,htr-ins,htr-fnd
0.000797,0.000026,0.002188,0.000752,0.001165,0.000053,0.001603,0.000434
0.009266,0.000721,0.021513,0.009613,0.005764,0.000536,0.010074,0.005402
0.006357,0.000263,0.025946,0.009876,0.011678,0.000575,0.024723,0.006450
0.012648,0.000655,0.062719,0.028440,0.019623,0.001337,0.053340,0.020996
0.018054,0.002136,0.061863,0.080560,0.019238,0.004476,0.054790,0.053311
