vet-ins,vet-fnd,avl-ins,avl-fnd,hst-ins,hst-fnd,htr-ins,htr-fnd
0.001585,0.000041,0.003100,0.001167,0.001644,0.000076,0.002364,0.000758
0.004244,0.000307,0.014445,0.009954,0.006383,0.000627,0.010503,0.006575
0.007431,0.000307,0.031672,0.012192,0.012120,0.000546,0.029127,0.007062
0.014728,0.000720,0.076215,0.032112,0.023277,0.001598,0.064398,0.021698
0.019876,0.002324,0.069872,0.086581,0.019727,0.004259,0.055343,0.057810
