vet-ins,vet-fnd,avl-ins,avl-fnd,hst-ins,hst-fnd,htr-ins,htr-fnd
0.001902,0.000064,0.005257,0.001833,0.002799,0.000131,0.003868,0.001048
0.005334,0.000300,0.012458,0.009036,0.005431,0.000541,0.010169,0.005398
0.006744,0.000331,0.026689,0.009539,0.010229,0.000541,0.022623,0.005990
0.012749,0.000657,0.058996,0.026015,0.019759,0.001349,0.052765,0.017928
0.016688,0.001966,0.060334,0.083164,0.020697,0.004531,0.056165,0.053695
