vet-ins,vet-fnd,avl-ins,avl-fnd,hst-ins,hst-fnd,htr-ins,htr-fnd
0.000823,0.000031,0.002520,0.000763,0.001377,0.000068,0.001673,0.000503
0.003811,0.000262,0.012333,0.008710,0.005409,0.000540,0.010400,0.005861
0.007046,0.000263,0.029365,0.009262,0.010563,0.000609,0.022385,0.006085
0.012727,0.000655,0.059465,0.027502,0.021465,0.001616,0.053463,0.018044
0.016420,0.001965,0.060201,0.080196,0.018639,0.004095,0.051737,0.053325
