vet-ins,vet-fnd,avl-ins,avl-fnd,hst-ins,hst-fnd,htr-ins,htr-fnd
0.000578,0.000020,0.001980,0.000700,0.000834,0.003252,0.002176,0.000685
0.002308,0.000187,0.011366,0.007907,0.003654,0.141558,0.012593,0.008075
0.004002,0.000198,0.025489,0.008635,0.007279,0.224670,0.027682,0.008777
0.008076,0.000489,0.060846,0.025654,0.012896,0.739541,0.061097,0.028517
0.007568,0.001449,0.063919,0.075688,0.012998,2.185251,0.061251,0.075112
