vet-ins,vet-fnd,avl-ins,avl-fnd,hst-ins,hst-fnd,htr-ins,htr-fnd
0.000542,0.000020,0.001876,0.000662,0.000828,0.003126,0.002060,0.000664
0.002309,0.000187,0.011313,0.007830,0.003761,0.142379,0.012676,0.008003
0.003977,0.000202,0.026207,0.008668,0.007116,0.225208,0.026804,0.008610
0.008161,0.000491,0.061689,0.024370,0.013208,0.559743,0.060696,0.023715
0.007581,0.001430,0.060047,0.077133,0.013284,1.685338,0.061769,0.081919
