vet-ins,vet-fnd,avl-ins,avl-fnd,hst-ins,hst-fnd,htr-ins,htr-fnd
0.000526,0.000019,0.001867,0.000671,0.000793,0.004158,0.002117,0.000702
0.002159,0.000189,0.011622,0.007935,0.003582,0.187961,0.013157,0.008422
0.004186,0.000218,0.025623,0.008810,0.006475,0.287721,0.028558,0.009133
0.008050,0.000490,0.059517,0.024958,0.013386,0.728363,0.061372,0.025244
0.007586,0.001462,0.059119,0.074375,0.013272,1.663021,0.061665,0.071771
