vet-ins,vet-fnd,avl-ins,avl-fnd,hst-ins,hst-fnd,htr-ins,htr-fnd
0.000543,0.000019,0.001885,0.000666,0.000790,0.004253,0.002123,0.000706
0.002169,0.000192,0.011648,0.008016,0.003638,0.187749,0.012797,0.008294
0.004123,0.000206,0.025692,0.008651,0.006940,0.287484,0.028412,0.009067
0.008040,0.000500,0.058406,0.024339,0.013085,0.718761,0.061322,0.025165
0.007597,0.001427,0.058682,0.073385,0.013625,1.663444,0.060055,0.072189
