vet-ins,vet-fnd,avl-ins,avl-fnd,hst-ins,hst-fnd,htr-ins,htr-fnd
0.002262,0.000077,0.005883,0.001940,0.003046,0.000135,0.004619,0.001156
0.004606,0.000266,0.014033,0.010259,0.006194,0.000685,0.012019,0.006545
0.007543,0.000307,0.031554,0.011387,0.012064,0.000633,0.026999,0.007473
0.014788,0.000767,0.078591,0.033450,0.023472,0.001586,0.066219,0.022415
0.019983,0.002311,0.074162,0.083375,0.021306,0.004207,0.056809,0.060808
