vet-ins,vet-fnd,avl-ins,avl-fnd,hst-ins,hst-fnd,htr-ins,htr-fnd
0.000562,0.000019,0.001874,0.000661,0.000758,0.004204,0.002120,0.000705
0.002343,0.000190,0.011740,0.008005,0.003444,0.187326,0.013323,0.008469
0.004083,0.000208,0.025749,0.008615,0.006893,0.291233,0.028087,0.009139
0.007991,0.000492,0.058468,0.025637,0.012998,0.723368,0.062526,0.025648
0.007576,0.001503,0.059175,0.072704,0.012628,2.199597,0.063857,0.078104
