vet-ins,vet-fnd,avl-ins,avl-fnd,hst-ins,hst-fnd,htr-ins,htr-fnd
0.001895,0.000073,0.005225,0.001833,0.002785,0.000134,0.003829,0.001057
0.005143,0.000309,0.014103,0.009859,0.006322,0.000648,0.011521,0.006114
0.006976,0.000265,0.030307,0.010780,0.011870,0.000579,0.028998,0.008649
0.015273,0.000773,0.072098,0.030756,0.022789,0.001600,0.061289,0.020851
0.017652,0.002249,0.069410,0.091693,0.022090,0.004759,0.069392,0.068195
