vet-ins,vet-fnd,avl-ins,avl-fnd,hst-ins,hst-fnd,htr-ins,htr-fnd
0.000559,0.000020,0.001967,0.000697,0.000803,0.004438,0.002242,0.000745
0.002464,0.000204,0.011808,0.008042,0.003452,0.190266,0.014512,0.008886
0.004118,0.000205,0.027315,0.008876,0.007169,0.298860,0.029595,0.009628
0.008143,0.000490,0.061402,0.024621,0.013530,0.743766,0.069654,0.026236
0.009764,0.001733,0.063984,0.073563,0.013589,2.196951,0.063790,0.077029
