vet-ins,vet-fnd,avl-ins,avl-fnd,hst-ins,hst-fnd,htr-ins,htr-fnd
0.001949,0.000066,0.005389,0.001806,0.003019,0.000131,0.003847,0.001050
0.005798,0.000272,0.012473,0.008837,0.005897,0.000541,0.010313,0.005450
0.006536,0.000272,0.030192,0.010225,0.012300,0.000632,0.023587,0.006071
0.014438,0.000824,0.059898,0.025663,0.021701,0.001354,0.053032,0.017706
0.017091,0.002083,0.059005,0.082535,0.022798,0.004551,0.052955,0.053743
