vet-ins,vet-fnd,avl-ins,avl-fnd,hst-ins,hst-fnd,htr-ins,htr-fnd
0.002187,0.000073,0.006138,0.002121,0.003399,0.000147,0.004453,0.001197
0.004151,0.000268,0.013647,0.009986,0.006422,0.000539,0.010791,0.005641
0.007030,0.000267,0.027704,0.009565,0.011207,0.000539,0.023012,0.006187
0.013948,0.000674,0.063785,0.026730,0.023452,0.001387,0.059616,0.019290
0.016549,0.002004,0.064261,0.085515,0.020698,0.004052,0.053014,0.054079
