vet-ins,vet-fnd,avl-ins,avl-fnd,hst-ins,hst-fnd,htr-ins,htr-fnd
0.000553,0.000020,0.001983,0.000705,0.000788,0.004231,0.002140,0.000704
0.002402,0.000189,0.011493,0.008421,0.003612,0.187406,0.013295,0.008448
0.003911,0.000203,0.025700,0.008700,0.007003,0.290459,0.028445,0.009074
0.008003,0.000497,0.067499,0.025832,0.012929,0.745627,0.064100,0.025144
0.007671,0.001462,0.057951,0.079638,0.013394,2.214550,0.064395,0.078847
