vet-ins,vet-fnd,avl-ins,avl-fnd,hst-ins,hst-fnd,htr-ins,htr-fnd
0.002189,0.000074,0.005848,0.002033,0.003395,0.000146,0.004314,0.001178
0.004432,0.000313,0.013626,0.008950,0.005913,0.000544,0.010965,0.005680
0.006416,0.000269,0.026172,0.009169,0.011197,0.000541,0.022482,0.006049
0.013298,0.000680,0.062067,0.026364,0.022165,0.001347,0.053388,0.018189
0.019486,0.002005,0.060783,0.082272,0.020776,0.004063,0.055449,0.057570
