vet-ins,vet-fnd,avl-ins,avl-fnd,hst-ins,hst-fnd,htr-ins,htr-fnd
0.000940,0.000031,0.003420,0.001118,0.001990,0.000109,0.002672,0.000742
0.005821,0.000418,0.018175,0.010130,0.005799,0.000634,0.011836,0.006635
0.007318,0.000304,0.031490,0.011175,0.011079,0.000637,0.023870,0.006149
0.013078,0.000788,0.061287,0.028299,0.019955,0.001354,0.056195,0.018079
0.017269,0.002284,0.060827,0.084169,0.018936,0.004078,0.054060,0.058957
