vet-ins,vet-fnd,avl-ins,avl-fnd,hst-ins,hst-fnd,htr-ins,htr-fnd
0.001175,0.000047,0.003660,0.001299,0.002098,0.000094,0.002805,0.000753
0.005803,0.000447,0.016908,0.008634,0.005913,0.000537,0.010501,0.005498
0.007393,0.000281,0.026191,0.009152,0.011220,0.000537,0.023083,0.006079
0.013148,0.000669,0.060091,0.026919,0.023427,0.001409,0.055009,0.018079
0.016871,0.002016,0.060173,0.083992,0.020768,0.004031,0.052648,0.053149
