vet-ins,vet-fnd,avl-ins,avl-fnd,hst-ins,hst-fnd,htr-ins,htr-fnd
0.001360,0.000046,0.003684,0.001237,0.001869,0.000095,0.002623,0.000757
0.005661,0.000462,0.016388,0.008772,0.005349,0.000537,0.010851,0.005944
0.006384,0.000263,0.028165,0.010738,0.010657,0.000537,0.022724,0.006200
0.012705,0.000665,0.061541,0.027259,0.020499,0.001348,0.058530,0.019382
0.016400,0.001971,0.061287,0.084191,0.018616,0.004032,0.051709,0.056762
