vet-ins,vet-fnd,avl-ins,avl-fnd,hst-ins,hst-fnd,htr-ins,htr-fnd
0.000949,0.000032,0.003278,0.001131,0.001721,0.000079,0.002367,0.000657
0.005258,0.000388,0.018004,0.010731,0.006404,0.000634,0.012078,0.006628
0.007546,0.000310,0.032509,0.011980,0.012115,0.000627,0.026640,0.006943
0.013502,0.000779,0.063600,0.027966,0.020563,0.001589,0.066865,0.022925
0.020150,0.002333,0.075332,0.099493,0.021933,0.004709,0.065095,0.068693
