vet-ins,vet-fnd,avl-ins,avl-fnd,hst-ins,hst-fnd,htr-ins,htr-fnd
0.000872,0.000026,0.002158,0.000746,0.001267,0.000054,0.001615,0.000434
0.003693,0.000267,0.012332,0.008619,0.005911,0.000545,0.010330,0.005417
0.006527,0.000268,0.029507,0.010474,0.011894,0.000539,0.024007,0.006041
0.013120,0.000669,0.063009,0.025990,0.022133,0.001352,0.053564,0.018644
0.017063,0.002347,0.061058,0.081219,0.021510,0.004067,0.058109,0.056145
