vet-ins,vet-fnd,avl-ins,avl-fnd,hst-ins,hst-fnd,htr-ins,htr-fnd
0.002115,0.000071,0.005927,0.002035,0.003126,0.000146,0.004338,0.001179
0.004111,0.000262,0.012673,0.008696,0.005398,0.000535,0.010126,0.005403
0.006588,0.000262,0.026397,0.009209,0.010200,0.000545,0.025019,0.006785
0.012992,0.000656,0.059306,0.025785,0.019961,0.001338,0.053038,0.021699
0.016137,0.001971,0.059472,0.079925,0.019358,0.004029,0.050612,0.052694
