vet-ins,vet-fnd,avl-ins,avl-fnd,hst-ins,hst-fnd,htr-ins,htr-fnd
0.002248,0.000078,0.006334,0.002220,0.003338,0.000159,0.004618,0.001276
0.004373,0.000308,0.014525,0.010311,0.006337,0.000634,0.011887,0.006395
0.007253,0.000309,0.031589,0.011319,0.011897,0.000633,0.026338,0.007186
0.014902,0.000768,0.069913,0.031648,0.023246,0.001644,0.061717,0.021721
0.020366,0.002220,0.083719,0.093531,0.020172,0.004541,0.054952,0.063845
