vet-ins,vet-fnd,avl-ins,avl-fnd,hst-ins,hst-fnd,htr-ins,htr-fnd
0.000529,0.000019,0.001899,0.000662,0.000791,0.003178,0.002043,0.000701
0.002341,0.000189,0.012121,0.008018,0.003681,0.141366,0.012465,0.007966
0.004035,0.000200,0.025552,0.008648,0.007116,0.231742,0.026978,0.008658
0.008153,0.000496,0.058239,0.024310,0.012906,0.761179,0.080668,0.026526
0.007607,0.001459,0.058361,0.073469,0.013479,1.682662,0.058906,0.070736
