vet-ins,vet-fnd,avl-ins,avl-fnd,hst-ins,hst-fnd,htr-ins,htr-fnd
0.002127,0.000074,0.005770,0.002058,0.003237,0.000159,0.004199,0.001272
0.004984,0.000328,0.012367,0.009559,0.005387,0.000540,0.009995,0.005805
0.006572,0.000264,0.026278,0.009650,0.010180,0.000542,0.022355,0.006450
0.013903,0.000767,0.062047,0.027452,0.020046,0.001355,0.056128,0.021976
0.016543,0.002274,0.060482,0.085899,0.019949,0.004112,0.051930,0.054568
