vet-ins,vet-fnd,avl-ins,avl-fnd,hst-ins,hst-fnd,htr-ins,htr-fnd
0.001369,0.000046,0.003574,0.001241,0.002012,0.000094,0.002560,0.000779
0.005865,0.000401,0.016777,0.008717,0.005419,0.000535,0.011833,0.005426
0.006645,0.000263,0.026440,0.009262,0.010207,0.000535,0.022146,0.006068
0.012995,0.000660,0.061249,0.026366,0.020030,0.001361,0.052197,0.020689
0.016685,0.001970,0.060071,0.079337,0.021331,0.004773,0.060868,0.054208
