vet-ins,vet-fnd,avl-ins,avl-fnd,hst-ins,hst-fnd,htr-ins,htr-fnd
0.000945,0.000032,0.002647,0.000874,0.001427,0.000053,0.001823,0.000542
0.003804,0.000267,0.012851,0.009055,0.006176,0.000543,0.011716,0.006253
0.006640,0.000268,0.027941,0.010188,0.012009,0.000539,0.024410,0.006398
0.013516,0.000669,0.064785,0.027792,0.022656,0.001358,0.054094,0.017755
0.017491,0.002336,0.061542,0.079704,0.023297,0.004053,0.053815,0.056371
