vet-ins,vet-fnd,avl-ins,avl-fnd,hst-ins,hst-fnd,htr-ins,htr-fnd
0.002108,0.000071,0.005885,0.002063,0.003327,0.000167,0.004521,0.001249
0.004473,0.000308,0.014658,0.011404,0.006554,0.000629,0.011294,0.006304
0.006280,0.000266,0.026511,0.009401,0.010246,0.000536,0.021955,0.006012
0.012996,0.000660,0.058863,0.026425,0.019720,0.001341,0.053718,0.017995
0.016394,0.001973,0.059056,0.083637,0.018957,0.004057,0.051019,0.056581
