vet-ins,vet-fnd,avl-ins,avl-fnd,hst-ins,hst-fnd,htr-ins,htr-fnd
0.002107,0.000065,0.005236,0.001800,0.003050,0.000130,0.003952,0.001128
0.006490,0.000314,0.013237,0.009472,0.006102,0.000638,0.011797,0.006646
0.007910,0.000315,0.032384,0.011883,0.013353,0.000630,0.028446,0.008420
0.015266,0.000813,0.072137,0.032477,0.024659,0.001836,0.068481,0.023448
0.020697,0.002128,0.075143,0.096269,0.022370,0.004594,0.059748,0.061845
