vet-ins,vet-fnd,avl-ins,avl-fnd,hst-ins,hst-fnd,htr-ins,htr-fnd
0.002216,0.000067,0.005641,0.001986,0.003428,0.000135,0.004199,0.001160
0.005100,0.000303,0.013792,0.009002,0.005912,0.000542,0.010655,0.005993
0.006448,0.000268,0.026420,0.009253,0.011723,0.000538,0.023378,0.006064
0.013888,0.000740,0.063238,0.026390,0.022832,0.001409,0.056675,0.020193
0.017372,0.002014,0.060291,0.079598,0.021080,0.004100,0.053066,0.054492
