vet-ins,vet-fnd,avl-ins,avl-fnd,hst-ins,hst-fnd,htr-ins,htr-fnd
0.001365,0.000046,0.003722,0.001210,0.001973,0.000096,0.002612,0.000760
0.005791,0.000438,0.016866,0.009665,0.006398,0.000633,0.010994,0.006035
0.006597,0.000262,0.027684,0.009270,0.010171,0.000544,0.022725,0.006013
0.013153,0.000656,0.066869,0.027337,0.020171,0.001359,0.055633,0.018626
0.017045,0.001975,0.061230,0.084792,0.022317,0.004756,0.057823,0.055291
