vet-ins,vet-fnd,avl-ins,avl-fnd,hst-ins,hst-fnd,htr-ins,htr-fnd
0.002108,0.000072,0.005955,0.002057,0.003128,0.000149,0.004313,0.001184
0.004403,0.000266,0.013334,0.009130,0.005807,0.000626,0.010139,0.005416
0.006893,0.000264,0.026906,0.009254,0.010538,0.000535,0.022458,0.006317
0.012722,0.000661,0.063426,0.029304,0.021207,0.001337,0.052679,0.017803
0.018518,0.001980,0.062562,0.082388,0.021290,0.004666,0.053431,0.057642
