vet-ins,vet-fnd,avl-ins,avl-fnd,hst-ins,hst-fnd,htr-ins,htr-fnd
0.001285,0.000037,0.003050,0.001034,0.001763,0.000075,0.002268,0.000607
0.005051,0.000372,0.016967,0.008637,0.005899,0.000539,0.010429,0.005462
0.006939,0.000305,0.026916,0.009186,0.011713,0.000664,0.023100,0.006060
0.013077,0.000668,0.061201,0.025682,0.021695,0.001348,0.055960,0.020333
0.016689,0.002110,0.061122,0.078949,0.021461,0.004133,0.056255,0.055323
