vet-ins,vet-fnd,avl-ins,avl-fnd,hst-ins,hst-fnd,htr-ins,htr-fnd
0.000917,0.000028,0.002379,0.000848,0.001282,0.000063,0.001927,0.000499
0.003998,0.000326,0.013755,0.009306,0.005924,0.000537,0.010386,0.005439
0.007576,0.000281,0.028723,0.009174,0.011276,0.000537,0.022803,0.006033
0.013188,0.000670,0.058983,0.025862,0.022631,0.001343,0.057780,0.017751
0.016584,0.002014,0.059237,0.084855,0.023259,0.004897,0.054928,0.058344
