vet-ins,vet-fnd,avl-ins,avl-fnd,hst-ins,hst-fnd,htr-ins,htr-fnd
0.002082,0.000067,0.006176,0.001979,0.003266,0.000158,0.004293,0.001082
0.004761,0.000315,0.013192,0.009155,0.005912,0.000539,0.010923,0.005491
0.006898,0.000269,0.026140,0.009248,0.012438,0.000551,0.024218,0.006085
0.013076,0.000671,0.062963,0.026770,0.021893,0.001341,0.055281,0.020315
0.018666,0.002197,0.065139,0.079209,0.021151,0.004097,0.054658,0.053807
