vet-ins,vet-fnd,avl-ins,avl-fnd,hst-ins,hst-fnd,htr-ins,htr-fnd
0.002192,0.000073,0.005977,0.002037,0.003398,0.000147,0.004426,0.001194
0.004414,0.000268,0.012580,0.008629,0.005890,0.000544,0.010432,0.005493
0.006761,0.000275,0.026501,0.009210,0.011707,0.000631,0.025590,0.006334
0.013262,0.000668,0.059500,0.025562,0.021688,0.001350,0.053735,0.017891
0.018939,0.002350,0.066444,0.080316,0.021112,0.004074,0.053012,0.055337
