vet-ins,vet-fnd,avl-ins,avl-fnd,hst-ins,hst-fnd,htr-ins,htr-fnd
0.002041,0.000067,0.005888,0.001949,0.003220,0.000158,0.004350,0.001077
0.004782,0.000272,0.012486,0.008630,0.005887,0.000540,0.010419,0.005448
0.006583,0.000269,0.028721,0.010315,0.012450,0.000635,0.024323,0.006036
0.013457,0.000669,0.059749,0.025560,0.022149,0.001363,0.057823,0.019089
0.016787,0.002010,0.062841,0.079877,0.020810,0.004050,0.053129,0.054281
