vet-ins,vet-fnd,avl-ins,avl-fnd,hst-ins,hst-fnd,htr-ins,htr-fnd
0.000561,0.000020,0.001855,0.000667,0.000796,0.003183,0.002050,0.000665
0.002346,0.000195,0.011347,0.007848,0.003644,0.141969,0.012155,0.007950
0.004043,0.000204,0.025694,0.008881,0.007076,0.223140,0.026826,0.008572
0.008292,0.000502,0.062904,0.024468,0.013935,0.550418,0.060368,0.024256
0.007924,0.001509,0.060247,0.073058,0.013205,1.670385,0.060038,0.072575
