vet-ins,vet-fnd,avl-ins,avl-fnd,hst-ins,hst-fnd,htr-ins,htr-fnd
0.002415,0.000075,0.005998,0.002019,0.003407,0.000147,0.004470,0.001182
0.004466,0.000271,0.012791,0.009042,0.006229,0.000572,0.011795,0.006053
0.006548,0.000268,0.026620,0.009193,0.012218,0.000631,0.023480,0.006087
0.013386,0.000668,0.059775,0.025696,0.022273,0.001349,0.056650,0.018165
0.016928,0.002037,0.060847,0.082512,0.020786,0.004075,0.053763,0.057357
