vet-ins,vet-fnd,avl-ins,avl-fnd,hst-ins,hst-fnd,htr-ins,htr-fnd
0.000542,0.000019,0.001867,0.000685,0.000762,0.004315,0.002094,0.000708
0.002361,0.000193,0.011465,0.008186,0.003630,0.187878,0.012957,0.008420
0.004072,0.000201,0.026120,0.008902,0.007086,0.294647,0.030630,0.009951
0.008223,0.000572,0.060097,0.030460,0.014534,0.568702,0.071307,0.028098
0.007573,0.001733,0.064198,0.082106,0.013710,1.741042,0.075934,0.089939
