vet-ins,vet-fnd,avl-ins,avl-fnd,hst-ins,hst-fnd,htr-ins,htr-fnd
0.002199,0.000088,0.002694,0.000830,0.001413,0.000062,0.001912,0.000512
0.004284,0.000307,0.019310,0.010454,0.006255,0.000673,0.011995,0.006215
0.007213,0.000308,0.030881,0.011052,0.012015,0.000634,0.026750,0.007394
0.014861,0.000769,0.073140,0.032053,0.023134,0.001590,0.063072,0.022024
0.018155,0.002363,0.069163,0.102644,0.021976,0.004785,0.062177,0.068463
