vet-ins,vet-fnd,avl-ins,avl-fnd,hst-ins,hst-fnd,htr-ins,htr-fnd
0.000532,0.000020,0.001871,0.000671,0.000856,0.003402,0.002073,0.000670
0.002356,0.000188,0.011400,0.007942,0.003699,0.141678,0.012553,0.008015
0.004086,0.000204,0.026562,0.009256,0.007111,0.228834,0.028006,0.008997
0.008342,0.000498,0.059412,0.024672,0.013077,0.546822,0.058763,0.023728
0.007664,0.001428,0.059048,0.074908,0.013235,1.669095,0.060293,0.073636
