vet-ins,vet-fnd,avl-ins,avl-fnd,hst-ins,hst-fnd,htr-ins,htr-fnd
0.001964,0.000065,0.005296,0.001813,0.003030,0.000130,0.003929,0.001055
0.005510,0.000347,0.013317,0.008840,0.006900,0.000673,0.012036,0.006364
0.006936,0.000323,0.027097,0.009172,0.011598,0.000544,0.023523,0.006029
0.013184,0.000670,0.059499,0.029919,0.024181,0.001595,0.061369,0.020105
0.019027,0.002333,0.063737,0.083508,0.020794,0.004049,0.056712,0.058986
