vet-ins,vet-fnd,avl-ins,avl-fnd,hst-ins,hst-fnd,htr-ins,htr-fnd
0.002097,0.000071,0.005872,0.002038,0.003112,0.000146,0.004274,0.001183
0.004566,0.000314,0.014773,0.010721,0.006449,0.000689,0.011985,0.006485
0.007395,0.000308,0.030817,0.011102,0.012076,0.000649,0.026286,0.007159
0.013874,0.000665,0.068832,0.028110,0.020962,0.001339,0.053748,0.020576
0.018981,0.002385,0.072323,0.096181,0.022076,0.004517,0.053481,0.056201
