vet-ins,vet-fnd,avl-ins,avl-fnd,hst-ins,hst-fnd,htr-ins,htr-fnd
0.002110,0.000071,0.005893,0.002045,0.003140,0.000148,0.004323,0.001177
0.005237,0.000262,0.012651,0.009502,0.005442,0.000599,0.011054,0.005416
0.006944,0.000307,0.030060,0.010857,0.011742,0.000644,0.023939,0.006667
0.013304,0.000656,0.063241,0.027413,0.020111,0.001352,0.058542,0.020468
0.017517,0.002138,0.063704,0.086377,0.021403,0.004934,0.059223,0.061840
