vet-ins,vet-fnd,avl-ins,avl-fnd,hst-ins,hst-fnd,htr-ins,htr-fnd
0.002195,0.000077,0.005881,0.002034,0.003397,0.000146,0.004389,0.001188
0.004831,0.000268,0.012385,0.008676,0.006306,0.000540,0.010311,0.005455
0.006455,0.000268,0.026083,0.009239,0.011252,0.000539,0.024959,0.006772
0.014688,0.000831,0.060767,0.025926,0.021688,0.001349,0.052989,0.018127
0.016788,0.002107,0.059342,0.082863,0.021492,0.004049,0.053194,0.053550
