vet-ins,vet-fnd,avl-ins,avl-fnd,hst-ins,hst-fnd,htr-ins,htr-fnd
0.000552,0.000019,0.001889,0.000710,0.000780,0.004309,0.002136,0.000741
0.002352,0.000193,0.011511,0.007945,0.003576,0.187680,0.013299,0.008470
0.004118,0.000218,0.026086,0.008766,0.007179,0.293080,0.028245,0.009093
0.008190,0.000489,0.058539,0.024439,0.012870,0.736396,0.060500,0.025286
0.008049,0.001524,0.063998,0.073748,0.013311,1.680519,0.059351,0.072337
