vet-ins,vet-fnd,avl-ins,avl-fnd,hst-ins,hst-fnd,htr-ins,htr-fnd
0.002068,0.000103,0.006177,0.002094,0.003328,0.000135,0.004310,0.001232
0.005550,0.000267,0.013454,0.008628,0.005905,0.000540,0.010468,0.005438
0.006431,0.000277,0.026200,0.009193,0.011989,0.000639,0.024789,0.006067
0.013939,0.000668,0.060369,0.025554,0.021779,0.001349,0.053609,0.017749
0.016568,0.002010,0.059649,0.077256,0.020714,0.004049,0.052381,0.056623
