vet-ins,vet-fnd,avl-ins,avl-fnd,hst-ins,hst-fnd,htr-ins,htr-fnd
0.000521,0.000019,0.001909,0.000667,0.000790,0.003163,0.002038,0.000673
0.002311,0.000189,0.011361,0.007874,0.003654,0.143198,0.012899,0.010241
0.004033,0.000205,0.026089,0.008739,0.006954,0.299365,0.028011,0.009615
0.008093,0.000491,0.058116,0.024556,0.013183,0.724766,0.061592,0.025132
0.007816,0.001487,0.061023,0.079096,0.013753,1.664989,0.070009,0.075526
