vet-ins,vet-fnd,avl-ins,avl-fnd,hst-ins,hst-fnd,htr-ins,htr-fnd
0.000825,0.000027,0.002609,0.000752,0.001471,0.000068,0.001764,0.000437
0.003676,0.000267,0.012475,0.008690,0.005886,0.000542,0.010822,0.005484
0.006852,0.000273,0.029633,0.010323,0.012415,0.000539,0.024191,0.006108
0.013749,0.000697,0.061729,0.026456,0.021816,0.001512,0.056945,0.018176
0.017257,0.002009,0.064080,0.079197,0.020773,0.004054,0.053317,0.053582
