vet-ins,vet-fnd,avl-ins,avl-fnd,hst-ins,hst-fnd,htr-ins,htr-fnd
0.000983,0.000034,0.002424,0.000927,0.001266,0.000054,0.001670,0.000436
0.003526,0.000268,0.012597,0.008697,0.005898,0.000541,0.010603,0.005478
0.006637,0.000268,0.026321,0.009209,0.011532,0.000539,0.025769,0.006759
0.013223,0.000680,0.059738,0.025932,0.022247,0.001347,0.055295,0.019902
0.016832,0.002011,0.060737,0.082509,0.023302,0.004351,0.059067,0.055226
