vet-ins,vet-fnd,avl-ins,avl-fnd,hst-ins,hst-fnd,htr-ins,htr-fnd
0.000524,0.000019,0.001870,0.000666,0.000759,0.004206,0.002222,0.001374
0.002335,0.000189,0.011276,0.007912,0.003625,0.189080,0.014438,0.008779
0.004418,0.000204,0.025616,0.008687,0.006742,0.298440,0.029008,0.009453
0.008311,0.000644,0.059955,0.024533,0.013846,0.547062,0.061222,0.024955
0.007642,0.001447,0.059235,0.077703,0.012589,2.200803,0.064711,0.083176
