vet-ins,vet-fnd,avl-ins,avl-fnd,hst-ins,hst-fnd,htr-ins,htr-fnd
0.000814,0.000027,0.002389,0.000747,0.001254,0.000054,0.001933,0.000464
0.003926,0.000267,0.013638,0.008968,0.005905,0.000540,0.010736,0.005452
0.006499,0.000268,0.026260,0.009157,0.012191,0.000634,0.024444,0.006361
0.013079,0.000668,0.059415,0.028708,0.021743,0.001354,0.059369,0.019156
0.018283,0.002197,0.060919,0.078662,0.021394,0.004074,0.053249,0.053529
