vet-ins,vet-fnd,avl-ins,avl-fnd,hst-ins,hst-fnd,htr-ins,htr-fnd
0.000540,0.000019,0.001870,0.000661,0.000759,0.004251,0.002114,0.000707
0.002132,0.000190,0.011456,0.007843,0.003586,0.187509,0.013310,0.008636
0.004123,0.000201,0.025571,0.008632,0.006533,0.287857,0.028444,0.009105
0.008144,0.000493,0.058199,0.024607,0.013148,0.720888,0.061646,0.025372
0.007981,0.001442,0.059852,0.074423,0.012782,2.187669,0.061879,0.076800
