vet-ins,vet-fnd,avl-ins,avl-fnd,hst-ins,hst-fnd,htr-ins,htr-fnd
0.000533,0.000020,0.001884,0.000698,0.000775,0.004262,0.002107,0.000735
0.002407,0.000201,0.011592,0.007984,0.003590,0.187963,0.014265,0.010925
0.003882,0.000202,0.028612,0.009970,0.007039,0.302593,0.030543,0.010456
0.008257,0.000550,0.064700,0.027147,0.013435,0.793952,0.083301,0.033279
0.010982,0.001871,0.069046,0.080601,0.014290,1.762144,0.060727,0.072471
