vet-ins,vet-fnd,avl-ins,avl-fnd,hst-ins,hst-fnd,htr-ins,htr-fnd
0.002118,0.000072,0.005959,0.002075,0.003111,0.000150,0.004342,0.001187
0.004419,0.000267,0.012922,0.008889,0.005720,0.000535,0.010159,0.005830
0.006446,0.000319,0.028387,0.009772,0.011826,0.000628,0.027613,0.007415
0.014313,0.000746,0.069283,0.028187,0.020068,0.001341,0.053756,0.018208
0.018615,0.002290,0.061803,0.086123,0.022170,0.004994,0.064946,0.064196
