vet-ins,vet-fnd,avl-ins,avl-fnd,hst-ins,hst-fnd,htr-ins,htr-fnd
0.002051,0.000078,0.006221,0.001994,0.003462,0.000135,0.004186,0.001251
0.004478,0.000313,0.014643,0.010122,0.006740,0.000585,0.012208,0.006514
0.007840,0.000316,0.031045,0.010897,0.013066,0.000631,0.026243,0.006958
0.014955,0.000730,0.066608,0.029223,0.025211,0.001562,0.063249,0.021109
0.018199,0.002220,0.068184,0.086085,0.023183,0.004672,0.055045,0.058058
