vet-ins,vet-fnd,avl-ins,avl-fnd,hst-ins,hst-fnd,htr-ins,htr-fnd
0.001879,0.000064,0.005302,0.001833,0.002783,0.000130,0.003858,0.001048
0.006858,0.000364,0.012632,0.009087,0.005352,0.000539,0.010073,0.005406
0.006200,0.000264,0.025997,0.009223,0.010142,0.000536,0.023687,0.006898
0.013189,0.000656,0.060371,0.026258,0.019519,0.001338,0.051484,0.017619
0.016468,0.001967,0.060144,0.083995,0.019314,0.004023,0.051179,0.052632
