vet-ins,vet-fnd,avl-ins,avl-fnd,hst-ins,hst-fnd,htr-ins,htr-fnd
0.001114,0.000044,0.003203,0.001038,0.001639,0.000075,0.002240,0.000604
0.004885,0.000364,0.017087,0.009010,0.005822,0.000540,0.010610,0.005420
0.006826,0.000262,0.027911,0.010070,0.010937,0.000541,0.023090,0.006048
0.012676,0.000656,0.063148,0.027382,0.020625,0.001352,0.055979,0.021222
0.019983,0.002315,0.078191,0.095778,0.021527,0.004861,0.061557,0.062018
