vet-ins,vet-fnd,avl-ins,avl-fnd,hst-ins,hst-fnd,htr-ins,htr-fnd
0.000525,0.000019,0.001876,0.000663,0.000798,0.004755,0.002391,0.000766
0.002505,0.000195,0.012154,0.008146,0.003543,0.190016,0.013440,0.008564
0.004161,0.000204,0.025666,0.008701,0.007068,0.222740,0.026719,0.008842
0.008108,0.000493,0.058328,0.024817,0.013728,0.540631,0.059993,0.024356
0.008023,0.001528,0.062682,0.074011,0.012908,1.711818,0.064917,0.078575
