vet-ins,vet-fnd,avl-ins,avl-fnd,hst-ins,hst-fnd,htr-ins,htr-fnd
0.000822,0.000028,0.002170,0.000752,0.001258,0.000054,0.001808,0.000545
0.004049,0.000268,0.013262,0.010068,0.006592,0.000539,0.011459,0.006204
0.006902,0.000314,0.026725,0.009269,0.011642,0.000539,0.022368,0.006056
0.013105,0.000668,0.060478,0.027080,0.022014,0.001348,0.053334,0.018097
0.017648,0.002006,0.065802,0.079509,0.022507,0.005698,0.053394,0.056144
