vet-ins,vet-fnd,avl-ins,avl-fnd,hst-ins,hst-fnd,htr-ins,htr-fnd
0.002074,0.000066,0.005746,0.001921,0.003099,0.000135,0.004180,0.001219
0.004466,0.000263,0.012748,0.008737,0.006168,0.000625,0.010138,0.005402
0.006707,0.000273,0.026933,0.014236,0.011285,0.000550,0.023918,0.006747
0.012715,0.000656,0.060555,0.027142,0.020329,0.001367,0.054098,0.018360
0.018230,0.002263,0.065338,0.081072,0.018709,0.004014,0.052129,0.055949
