vet-ins,vet-fnd,avl-ins,avl-fnd,hst-ins,hst-fnd,htr-ins,htr-fnd
0.002200,0.000067,0.005657,0.001900,0.003308,0.000135,0.004205,0.001186
0.005049,0.000267,0.013305,0.008643,0.005900,0.000540,0.010770,0.005459
0.006499,0.000268,0.026807,0.009345,0.011289,0.000539,0.024648,0.008302
0.013843,0.000668,0.063957,0.025992,0.022152,0.001348,0.053998,0.018246
0.016793,0.002005,0.060029,0.082897,0.020729,0.004061,0.053960,0.056320
