vet-ins,vet-fnd,avl-ins,avl-fnd,hst-ins,hst-fnd,htr-ins,htr-fnd
0.001308,0.000047,0.003698,0.001311,0.002135,0.000095,0.002581,0.000760
0.005707,0.000473,0.016384,0.008681,0.006171,0.000629,0.011576,0.006279
0.006803,0.000267,0.026367,0.009297,0.011506,0.000539,0.022702,0.006072
0.013421,0.000673,0.059108,0.025890,0.021850,0.001351,0.053457,0.017824
0.017795,0.002220,0.062007,0.077878,0.020704,0.004048,0.053307,0.054761
