vet-ins,vet-fnd,avl-ins,avl-fnd,hst-ins,hst-fnd,htr-ins,htr-fnd
0.001952,0.000065,0.005250,0.001818,0.003029,0.000140,0.003963,0.001056
0.008605,0.000447,0.014913,0.009691,0.006924,0.000637,0.011316,0.006401
0.007688,0.000315,0.028419,0.009190,0.011672,0.000542,0.023132,0.006047
0.014831,0.000715,0.067749,0.028248,0.025500,0.001638,0.061625,0.021404
0.019151,0.002397,0.071027,0.087844,0.021048,0.004101,0.052944,0.055586
