vet-ins,vet-fnd,avl-ins,avl-fnd,hst-ins,hst-fnd,htr-ins,htr-fnd
0.000545,0.000019,0.001921,0.000663,0.000763,0.004273,0.002270,0.000754
0.002363,0.000197,0.013811,0.009503,0.003803,0.191931,0.013508,0.008830
0.004141,0.000198,0.027659,0.009398,0.007305,0.298855,0.029611,0.011528
0.007987,0.000491,0.059562,0.026795,0.013221,0.740370,0.060542,0.025155
0.007539,0.001443,0.060950,0.079134,0.013235,1.670869,0.066782,0.081232
