vet-ins,vet-fnd,avl-ins,avl-fnd,hst-ins,hst-fnd,htr-ins,htr-fnd
0.002097,0.000071,0.005871,0.002071,0.003114,0.000146,0.004327,0.001184
0.004606,0.000311,0.014468,0.010309,0.006303,0.000627,0.011966,0.006504
0.007303,0.000307,0.030581,0.011005,0.011905,0.000636,0.026104,0.007090
0.014673,0.000767,0.067872,0.030271,0.022796,0.001602,0.062337,0.020190
0.019083,0.002320,0.061623,0.086189,0.019725,0.004019,0.052847,0.059342
