vet-ins,vet-fnd,avl-ins,avl-fnd,hst-ins,hst-fnd,htr-ins,htr-fnd
0.002126,0.000072,0.006049,0.002058,0.003142,0.000148,0.004380,0.001184
0.004404,0.000307,0.014813,0.010618,0.006404,0.000639,0.012083,0.006408
0.007334,0.000354,0.030484,0.010634,0.010812,0.000540,0.023366,0.006055
0.012943,0.000665,0.060470,0.026190,0.020109,0.001349,0.052922,0.017955
0.016418,0.001966,0.060575,0.078707,0.018653,0.004087,0.051380,0.053412
