vet-ins,vet-fnd,avl-ins,avl-fnd,hst-ins,hst-fnd,htr-ins,htr-fnd
0.002051,0.000077,0.005919,0.002026,0.003098,0.000134,0.004135,0.001181
0.004580,0.000307,0.013724,0.010164,0.006115,0.000642,0.010851,0.005770
0.006991,0.000263,0.028350,0.009974,0.011645,0.000547,0.023463,0.006689
0.013224,0.000802,0.065471,0.030043,0.021402,0.001611,0.057428,0.020974
0.019120,0.002299,0.068578,0.091749,0.019651,0.004031,0.057476,0.063369
