vet-ins,vet-fnd,avl-ins,avl-fnd,hst-ins,hst-fnd,htr-ins,htr-fnd
0.002251,0.000077,0.006286,0.002190,0.003187,0.000158,0.004453,0.001266
0.004671,0.000307,0.014534,0.010505,0.006417,0.000632,0.012074,0.006537
0.007509,0.000364,0.030388,0.011184,0.011311,0.000634,0.023846,0.006341
0.013098,0.000657,0.063457,0.026617,0.020526,0.001370,0.055472,0.021216
0.017818,0.002333,0.064250,0.088743,0.019441,0.004103,0.052437,0.067984
