vet-ins,vet-fnd,avl-ins,avl-fnd,hst-ins,hst-fnd,htr-ins,htr-fnd
0.001963,0.000065,0.005339,0.001810,0.003037,0.000130,0.003979,0.001050
0.006920,0.000349,0.013704,0.008986,0.006531,0.000636,0.010986,0.005445
0.007000,0.000269,0.026336,0.009528,0.011274,0.000538,0.025033,0.006924
0.013741,0.000670,0.059724,0.025893,0.021804,0.001361,0.057980,0.019356
0.016523,0.002014,0.064187,0.082104,0.022633,0.004298,0.056156,0.058000
