vet-ins,vet-fnd,avl-ins,avl-fnd,hst-ins,hst-fnd,htr-ins,htr-fnd
0.002223,0.000067,0.005800,0.001868,0.003356,0.000158,0.004318,0.001086
0.004474,0.000267,0.013389,0.009253,0.006675,0.000557,0.011332,0.005890
0.006594,0.000334,0.026335,0.009210,0.011532,0.000542,0.023498,0.006071
0.013484,0.000670,0.065614,0.025821,0.021849,0.001350,0.053631,0.018546
0.018406,0.002470,0.069135,0.085574,0.022868,0.004034,0.056843,0.058360
