vet-ins,vet-fnd,avl-ins,avl-fnd,hst-ins,hst-fnd,htr-ins,htr-fnd
0.001968,0.000065,0.005427,0.001808,0.003037,0.000131,0.003927,0.001057
0.004585,0.000307,0.014120,0.009805,0.006470,0.000635,0.012245,0.006396
0.007502,0.000335,0.030589,0.010965,0.012990,0.000621,0.027242,0.007130
0.014226,0.000671,0.064743,0.028480,0.024949,0.001411,0.057638,0.018645
0.019229,0.002285,0.069696,0.083067,0.021705,0.004276,0.054806,0.064840
