vet-ins,vet-fnd,avl-ins,avl-fnd,hst-ins,hst-fnd,htr-ins,htr-fnd
0.000924,0.000031,0.002539,0.000884,0.001374,0.000063,0.001863,0.000515
0.004144,0.000307,0.014697,0.010487,0.006328,0.000631,0.011906,0.006369
0.007227,0.000312,0.030928,0.011252,0.012160,0.000702,0.026418,0.007235
0.014772,0.000779,0.069375,0.030784,0.022354,0.001569,0.055226,0.020383
0.017066,0.001972,0.065036,0.085273,0.019567,0.004113,0.055650,0.057565
