vet-ins,vet-fnd,avl-ins,avl-fnd,hst-ins,hst-fnd,htr-ins,htr-fnd
0.002196,0.000067,0.005775,0.001863,0.003331,0.000141,0.004361,0.001080
0.004814,0.000281,0.012966,0.009376,0.005921,0.000545,0.010518,0.005743
0.007088,0.000315,0.028210,0.009523,0.011805,0.000664,0.023505,0.006185
0.013225,0.000671,0.059169,0.025968,0.021854,0.001343,0.053882,0.017722
0.016599,0.002017,0.060267,0.077368,0.021610,0.004100,0.058417,0.056614
