vet-ins,vet-fnd,avl-ins,avl-fnd,hst-ins,hst-fnd,htr-ins,htr-fnd
0.000528,0.000019,0.001980,0.000667,0.000794,0.003126,0.002020,0.000694
0.002412,0.000197,0.012167,0.008868,0.003703,0.148801,0.013656,0.009027
0.004112,0.000202,0.027652,0.009682,0.007802,0.235895,0.028105,0.010057
0.009141,0.000494,0.065468,0.026900,0.014438,0.571181,0.066744,0.026933
0.008109,0.001483,0.074205,0.074589,0.013169,2.262771,0.060226,0.075969
