vet-ins,vet-fnd,avl-ins,avl-fnd,hst-ins,hst-fnd,htr-ins,htr-fnd
0.001966,0.000065,0.005322,0.001818,0.003037,0.000131,0.003906,0.001054
0.005290,0.000268,0.012821,0.008902,0.006341,0.000539,0.010468,0.005493
0.006614,0.000268,0.028588,0.009606,0.012166,0.000643,0.025777,0.006703
0.013786,0.000667,0.059250,0.026668,0.022909,0.001352,0.054760,0.017861
0.016620,0.002011,0.060391,0.082846,0.020777,0.004483,0.055729,0.056135
