vet-ins,vet-fnd,avl-ins,avl-fnd,hst-ins,hst-fnd,htr-ins,htr-fnd
0.000938,0.000031,0.002919,0.001048,0.001602,0.000074,0.002197,0.000602
0.004809,0.000369,0.016913,0.010378,0.006428,0.000635,0.011932,0.006478
0.007512,0.000309,0.030734,0.010764,0.012033,0.000535,0.025559,0.006942
0.014965,0.000768,0.070303,0.031072,0.023077,0.001661,0.062244,0.020598
0.018514,0.002301,0.071592,0.094252,0.022152,0.004783,0.066047,0.062723
