vet-ins,vet-fnd,avl-ins,avl-fnd,hst-ins,hst-fnd,htr-ins,htr-fnd
0.002020,0.000068,0.005980,0.002050,0.003293,0.000135,0.004161,0.001082
0.004830,0.000281,0.012514,0.008674,0.005909,0.000539,0.010403,0.005464
0.006558,0.000268,0.026181,0.009181,0.011254,0.000539,0.023051,0.006268
0.013066,0.000668,0.059544,0.025886,0.022634,0.001553,0.056180,0.018044
0.017255,0.002050,0.061215,0.081977,0.020779,0.004065,0.052963,0.058732
