vet-ins,vet-fnd,avl-ins,avl-fnd,hst-ins,hst-fnd,htr-ins,htr-fnd
0.000543,0.000020,0.002097,0.000668,0.000834,0.003150,0.002118,0.000660
0.002334,0.000187,0.011417,0.007953,0.003550,0.142624,0.013110,0.008274
0.004062,0.000199,0.025647,0.008751,0.006608,0.223150,0.027332,0.008713
0.008007,0.000497,0.058460,0.024284,0.013486,0.539885,0.067313,0.025280
0.007565,0.001474,0.066134,0.082293,0.012717,2.231394,0.065465,0.075396
