vet-ins,vet-fnd,avl-ins,avl-fnd,hst-ins,hst-fnd,htr-ins,htr-fnd
0.000557,0.000020,0.001867,0.000663,0.000816,0.004329,0.002120,0.000727
0.002196,0.000191,0.011572,0.007827,0.003590,0.189987,0.013372,0.008485
0.003866,0.000205,0.025442,0.008605,0.007106,0.220953,0.026847,0.008604
0.008254,0.000505,0.059162,0.024574,0.013629,0.542286,0.059483,0.024065
0.007528,0.001434,0.058509,0.073191,0.012606,2.186248,0.060953,0.075607
