vet-ins,vet-fnd,avl-ins,avl-fnd,hst-ins,hst-fnd,htr-ins,htr-fnd
0.000925,0.000031,0.003156,0.001044,0.001607,0.000075,0.002219,0.000607
0.004863,0.000369,0.018667,0.009081,0.006031,0.000647,0.010886,0.005399
0.006841,0.000264,0.028531,0.010090,0.011519,0.000539,0.026356,0.007283
0.013442,0.000656,0.066335,0.028656,0.022035,0.001545,0.062089,0.021996
0.020822,0.002334,0.079197,0.104435,0.022096,0.004759,0.061672,0.064386
