vet-ins,vet-fnd,avl-ins,avl-fnd,hst-ins,hst-fnd,htr-ins,htr-fnd
0.000521,0.000019,0.001857,0.000665,0.000760,0.004242,0.002125,0.000705
0.002344,0.000188,0.011359,0.007942,0.003584,0.187272,0.012926,0.008346
0.003965,0.000203,0.025831,0.008675,0.007012,0.290258,0.028328,0.009173
0.008073,0.000489,0.058504,0.024280,0.012579,0.723680,0.064194,0.025707
0.008081,0.001530,0.057930,0.072712,0.012693,2.184413,0.064830,0.078419
