vet-ins,vet-fnd,avl-ins,avl-fnd,hst-ins,hst-fnd,htr-ins,htr-fnd
0.002106,0.000072,0.005855,0.001815,0.002815,0.000130,0.003864,0.001064
0.005811,0.000329,0.012436,0.008689,0.005354,0.000536,0.010093,0.005805
0.006482,0.000263,0.026178,0.009215,0.010603,0.000535,0.022956,0.006038
0.013556,0.000665,0.059326,0.026109,0.019599,0.001348,0.055010,0.020141
0.016120,0.001971,0.059481,0.085966,0.018668,0.004014,0.056641,0.059224
