vet-ins,vet-fnd,avl-ins,avl-fnd,hst-ins,hst-fnd,htr-ins,htr-fnd
0.002248,0.000077,0.005984,0.002052,0.003014,0.000151,0.004174,0.001260
0.004398,0.000308,0.014170,0.009897,0.006078,0.000654,0.011793,0.005745
0.008486,0.000318,0.030524,0.011504,0.011770,0.000632,0.026298,0.007456
0.014963,0.000770,0.065108,0.027529,0.020490,0.001407,0.056057,0.018448
0.016995,0.002201,0.064130,0.081862,0.019008,0.004099,0.054423,0.057051
