vet-ins,vet-fnd,avl-ins,avl-fnd,hst-ins,hst-fnd,htr-ins,htr-fnd
0.000823,0.000027,0.002233,0.000746,0.001265,0.000057,0.002015,0.000513
0.003974,0.000268,0.013756,0.009200,0.006235,0.000539,0.010630,0.005474
0.006913,0.000268,0.026932,0.009210,0.011286,0.000541,0.025269,0.006089
0.013057,0.000672,0.061481,0.029026,0.023391,0.001566,0.055044,0.017876
0.016539,0.002006,0.062259,0.081356,0.020781,0.004096,0.057035,0.056947
