vet-ins,vet-fnd,avl-ins,avl-fnd,hst-ins,hst-fnd,htr-ins,htr-fnd
0.002113,0.000072,0.005872,0.002043,0.003121,0.000147,0.004286,0.001183
0.004026,0.000262,0.012337,0.008733,0.005380,0.000540,0.010050,0.005424
0.006147,0.000263,0.028344,0.009771,0.010453,0.000540,0.021924,0.005981
0.014541,0.000750,0.067768,0.026971,0.019983,0.001362,0.055607,0.019576
0.018316,0.002370,0.063867,0.078889,0.018587,0.004101,0.051614,0.052937
