vet-ins,vet-fnd,avl-ins,avl-fnd,hst-ins,hst-fnd,htr-ins,htr-fnd
0.000535,0.000019,0.001890,0.000665,0.000792,0.003175,0.002036,0.000666
0.002335,0.000188,0.011405,0.007832,0.003660,0.142783,0.012730,0.008219
0.004006,0.000209,0.026123,0.008661,0.007179,0.223353,0.026587,0.008573
0.008199,0.000510,0.058876,0.024416,0.013781,0.548378,0.061143,0.024719
0.007498,0.001468,0.058778,0.073001,0.012178,2.163553,0.062972,0.080298
