vet-ins,vet-fnd,avl-ins,avl-fnd,hst-ins,hst-fnd,htr-ins,htr-fnd
0.000527,0.000019,0.001919,0.000667,0.000789,0.003176,0.002055,0.000677
0.002332,0.000189,0.011527,0.007996,0.003682,0.142019,0.013314,0.008384
0.003833,0.000206,0.026888,0.008861,0.007077,0.223388,0.028439,0.009772
0.008097,0.000493,0.058869,0.024421,0.013772,0.543979,0.061893,0.024667
0.007616,0.001709,0.065862,0.076691,0.013070,1.677809,0.059607,0.072595
