vet-ins,vet-fnd,avl-ins,avl-fnd,hst-ins,hst-fnd,htr-ins,htr-fnd
0.001378,0.000046,0.003690,0.001249,0.001991,0.000095,0.002594,0.000761
0.005814,0.000400,0.016382,0.009181,0.005406,0.000540,0.010430,0.005379
0.007268,0.000262,0.030264,0.011235,0.012026,0.000633,0.025891,0.007221
0.014252,0.000777,0.067956,0.031711,0.023200,0.001620,0.057218,0.019194
0.018135,0.002310,0.067516,0.091245,0.021761,0.004799,0.059100,0.060832
