vet-ins,vet-fnd,avl-ins,avl-fnd,hst-ins,hst-fnd,htr-ins,htr-fnd
0.002120,0.000072,0.005947,0.002044,0.003164,0.000146,0.004331,0.001191
0.004413,0.000263,0.012731,0.009129,0.005909,0.000687,0.010633,0.005869
0.006238,0.000277,0.027497,0.010866,0.010779,0.000536,0.024077,0.006508
0.015285,0.000767,0.063163,0.032566,0.028926,0.001626,0.060791,0.020417
0.017878,0.002185,0.064982,0.095076,0.021011,0.004630,0.054425,0.057696
