vet-ins,vet-fnd,avl-ins,avl-fnd,hst-ins,hst-fnd,htr-ins,htr-fnd
0.000526,0.000020,0.001891,0.000662,0.000790,0.003126,0.002042,0.000666
0.002315,0.000188,0.011939,0.008109,0.003684,0.142250,0.012479,0.008020
0.003971,0.000204,0.025732,0.008698,0.007065,0.222287,0.026542,0.008698
0.008055,0.000485,0.059532,0.024752,0.013300,0.543659,0.059474,0.024239
0.007545,0.001461,0.058504,0.076195,0.012694,2.199385,0.061813,0.075440
