vet-ins,vet-fnd,avl-ins,avl-fnd,hst-ins,hst-fnd,htr-ins,htr-fnd
0.000967,0.000033,0.002367,0.000873,0.001535,0.000063,0.001907,0.000510
0.010987,0.000729,0.018499,0.009617,0.006442,0.000538,0.010744,0.005835
0.007869,0.000314,0.031312,0.011612,0.013402,0.000675,0.024764,0.006052
0.013504,0.000670,0.064100,0.026532,0.021808,0.001342,0.057982,0.020037
0.019512,0.002113,0.061386,0.077665,0.021433,0.004807,0.058012,0.054323
