vet-ins,vet-fnd,avl-ins,avl-fnd,hst-ins,hst-fnd,htr-ins,htr-fnd
0.000525,0.000019,0.001873,0.000665,0.000792,0.004284,0.002117,0.000707
0.002443,0.000237,0.011927,0.008011,0.003609,0.189220,0.013403,0.008502
0.004018,0.000203,0.025480,0.008592,0.006837,0.292426,0.028113,0.009259
0.008298,0.000490,0.059320,0.024392,0.014597,0.552545,0.060546,0.024538
0.007588,0.001425,0.058913,0.074158,0.013145,1.654998,0.069149,0.075828
