vet-ins,vet-fnd,avl-ins,avl-fnd,hst-ins,hst-fnd,htr-ins,htr-fnd
0.002116,0.000072,0.005888,0.002038,0.003127,0.000147,0.004294,0.001177
0.004626,0.000263,0.012257,0.009909,0.006080,0.000652,0.011115,0.006180
0.006723,0.000262,0.026150,0.009682,0.010135,0.000546,0.022180,0.005975
0.012741,0.000656,0.061421,0.030508,0.020221,0.001428,0.051796,0.017770
0.016899,0.001972,0.063159,0.079968,0.018778,0.004939,0.054305,0.059203
