vet-ins,vet-fnd,avl-ins,avl-fnd,hst-ins,hst-fnd,htr-ins,htr-fnd
0.000593,0.000020,0.001896,0.000669,0.000799,0.003228,0.002064,0.000668
0.002339,0.000194,0.011496,0.007929,0.003731,0.143394,0.012523,0.007963
0.004228,0.000199,0.026349,0.008947,0.006939,0.290752,0.027720,0.009500
0.008193,0.000587,0.059078,0.024361,0.012576,0.729644,0.060054,0.024702
0.007930,0.001524,0.058768,0.073294,0.013275,2.171604,0.062327,0.077238
