vet-ins,vet-fnd,avl-ins,avl-fnd,hst-ins,hst-fnd,htr-ins,htr-fnd
0.001966,0.000065,0.005357,0.000941,0.001508,0.000064,0.001848,0.000473
0.004171,0.000334,0.014348,0.008881,0.006161,0.000670,0.011336,0.005852
0.007339,0.000301,0.029941,0.011809,0.012676,0.000632,0.028443,0.008087
0.015711,0.000804,0.083030,0.036793,0.025918,0.001724,0.072152,0.022203
0.018174,0.002026,0.063536,0.085411,0.024955,0.004771,0.069773,0.074491
