vet-ins,vet-fnd,avl-ins,avl-fnd,hst-ins,hst-fnd,htr-ins,htr-fnd
0.000527,0.000020,0.001944,0.000672,0.000767,0.004239,0.002895,0.001378
0.002343,0.000187,0.011404,0.007941,0.003578,0.187232,0.012883,0.008297
0.004102,0.000203,0.025610,0.008621,0.007007,0.289805,0.028660,0.009518
0.008081,0.000495,0.058356,0.024410,0.012929,0.727450,0.062090,0.025115
0.007662,0.001427,0.057273,0.071967,0.013050,2.171612,0.062050,0.076748
