vet-ins,vet-fnd,avl-ins,avl-fnd,hst-ins,hst-fnd,htr-ins,htr-fnd
0.000903,0.000031,0.003593,0.001307,0.001890,0.000079,0.002533,0.000704
0.005045,0.000383,0.018235,0.009043,0.005372,0.000540,0.010488,0.005419
0.006555,0.000263,0.028234,0.009729,0.010165,0.000541,0.022898,0.006056
0.012838,0.000656,0.063395,0.027133,0.019994,0.001369,0.051664,0.018009
0.016567,0.001971,0.060365,0.083656,0.020820,0.004747,0.053768,0.053312
