vet-ins,vet-fnd,avl-ins,avl-fnd,hst-ins,hst-fnd,htr-ins,htr-fnd
0.000902,0.000027,0.002492,0.000794,0.001268,0.000054,0.001656,0.000436
0.003693,0.000268,0.012471,0.008667,0.006235,0.000544,0.011314,0.006733
0.006516,0.000269,0.026906,0.009175,0.012502,0.000663,0.024863,0.006660
0.013388,0.000669,0.062972,0.027059,0.021913,0.001650,0.054021,0.018092
0.017472,0.002009,0.060503,0.078372,0.021862,0.004726,0.058092,0.053876
