vet-ins,vet-fnd,avl-ins,avl-fnd,hst-ins,hst-fnd,htr-ins,htr-fnd
0.001021,0.000036,0.003021,0.001039,0.001608,0.000075,0.002210,0.000604
0.004842,0.000364,0.017186,0.008880,0.005416,0.000541,0.010079,0.005415
0.006380,0.000268,0.025937,0.010086,0.011962,0.000657,0.023035,0.006321
0.012678,0.000656,0.058501,0.026316,0.020152,0.001381,0.053096,0.018045
0.016120,0.001972,0.059123,0.078676,0.018571,0.004115,0.051433,0.063708
