vet-ins,vet-fnd,avl-ins,avl-fnd,hst-ins,hst-fnd,htr-ins,htr-fnd
0.001254,0.000037,0.003048,0.001060,0.001609,0.000075,0.002247,0.000606
0.004966,0.000364,0.017207,0.010588,0.006476,0.000642,0.012185,0.006742
0.009352,0.000388,0.033027,0.011526,0.012132,0.000651,0.025703,0.006855
0.012815,0.000661,0.061794,0.027615,0.020729,0.001695,0.063758,0.018175
0.019305,0.002177,0.065833,0.085541,0.019701,0.004023,0.059073,0.062048
