vet-ins,vet-fnd,avl-ins,avl-fnd,hst-ins,hst-fnd,htr-ins,htr-fnd
0.000871,0.000073,0.006001,0.002029,0.003391,0.000147,0.004367,0.001183
0.006277,0.000334,0.012581,0.008615,0.005898,0.000541,0.010732,0.005438
0.006808,0.000268,0.027955,0.009708,0.011530,0.000538,0.023371,0.006070
0.013087,0.000673,0.059626,0.025801,0.021791,0.001352,0.052794,0.018192
0.016928,0.002009,0.060479,0.083627,0.022114,0.004751,0.054730,0.053428
