vet-ins,vet-fnd,avl-ins,avl-fnd,hst-ins,hst-fnd,htr-ins,htr-fnd
0.002171,0.000073,0.005978,0.002032,0.003403,0.000147,0.004403,0.001193
0.004362,0.000313,0.013817,0.008636,0.005882,0.000540,0.010819,0.006060
0.007062,0.000268,0.026943,0.009759,0.011713,0.000540,0.023267,0.006102
0.013353,0.000868,0.063722,0.028329,0.023181,0.001346,0.056378,0.018461
0.016874,0.002010,0.064596,0.080872,0.022977,0.004053,0.052805,0.053811
