vet-ins,vet-fnd,avl-ins,avl-fnd,hst-ins,hst-fnd,htr-ins,htr-fnd
0.001142,0.000037,0.003005,0.001035,0.001751,0.000075,0.002337,0.000606
0.005131,0.000371,0.017849,0.010368,0.006894,0.000633,0.012174,0.006418
0.007580,0.000319,0.030822,0.011233,0.013228,0.000638,0.027749,0.007499
0.014716,0.000729,0.067081,0.028962,0.025242,0.001581,0.062785,0.020737
0.019107,0.002382,0.072534,0.097815,0.023857,0.004741,0.058256,0.057793
