vet-ins,vet-fnd,avl-ins,avl-fnd,hst-ins,hst-fnd,htr-ins,htr-fnd
0.000525,0.000020,0.001887,0.000664,0.000760,0.004277,0.002146,0.000709
0.002328,0.000194,0.011427,0.008006,0.003596,0.188315,0.012857,0.008485
0.003931,0.000204,0.025666,0.008722,0.006971,0.288372,0.028132,0.009132
0.008084,0.000492,0.058671,0.024311,0.013067,0.720607,0.060982,0.025179
0.007547,0.001441,0.058689,0.073665,0.012954,2.185910,0.061977,0.076956
