vet-ins,vet-fnd,avl-ins,avl-fnd,hst-ins,hst-fnd,htr-ins,htr-fnd
0.002195,0.000067,0.005529,0.001937,0.002631,0.000064,0.001753,0.000442
0.003678,0.000273,0.014255,0.010580,0.006648,0.000671,0.011566,0.005754
0.006780,0.000310,0.026498,0.009176,0.012039,0.000542,0.029430,0.007821
0.013895,0.000814,0.066434,0.027449,0.022588,0.001351,0.057611,0.018467
0.017227,0.002012,0.066040,0.085859,0.021192,0.004050,0.054423,0.055601
