vet-ins,vet-fnd,avl-ins,avl-fnd,hst-ins,hst-fnd,htr-ins,htr-fnd
0.000817,0.000031,0.002531,0.000757,0.001163,0.000055,0.001605,0.000457
0.003853,0.000308,0.014242,0.010089,0.006220,0.000656,0.010925,0.005690
0.006342,0.000263,0.025918,0.009217,0.010209,0.000536,0.022518,0.007324
0.013408,0.000656,0.063236,0.029457,0.023438,0.001601,0.060086,0.020397
0.019517,0.002308,0.074638,0.095804,0.021962,0.004714,0.062075,0.064648
