vet-ins,vet-fnd,avl-ins,avl-fnd,hst-ins,hst-fnd,htr-ins,htr-fnd
0.002084,0.000066,0.005954,0.002191,0.003232,0.000135,0.004067,0.001258
0.004912,0.000262,0.012704,0.009106,0.005390,0.000546,0.010031,0.005420
0.006266,0.000262,0.026273,0.009240,0.010176,0.000540,0.021949,0.006021
0.013273,0.000660,0.059424,0.025827,0.019626,0.001363,0.051405,0.017738
0.015942,0.001972,0.060771,0.079368,0.018621,0.004052,0.051252,0.053284
