vet-ins,vet-fnd,avl-ins,avl-fnd,hst-ins,hst-fnd,htr-ins,htr-fnd
0.001998,0.000079,0.005952,0.002040,0.003299,0.000145,0.004231,0.001086
0.004403,0.000268,0.013025,0.009482,0.006502,0.000580,0.011530,0.005432
0.006458,0.000269,0.027131,0.009221,0.011721,0.000540,0.023147,0.006052
0.015081,0.000673,0.059995,0.026624,0.021835,0.001347,0.055136,0.018998
0.018975,0.002451,0.063314,0.084075,0.022045,0.004440,0.054099,0.056245
