vet-ins,vet-fnd,avl-ins,avl-fnd,hst-ins,hst-fnd,htr-ins,htr-fnd
0.001982,0.000068,0.005252,0.001813,0.003059,0.000139,0.003894,0.001055
0.005703,0.000327,0.012339,0.008643,0.006290,0.000555,0.010768,0.005450
0.006605,0.000275,0.025890,0.009205,0.011705,0.000650,0.028407,0.007096
0.013695,0.000685,0.059757,0.026466,0.023066,0.001389,0.052898,0.020794
0.017570,0.002054,0.061810,0.082532,0.021369,0.004171,0.052882,0.054440
