vet-ins,vet-fnd,avl-ins,avl-fnd,hst-ins,hst-fnd,htr-ins,htr-fnd
0.000547,0.000029,0.002045,0.000665,0.000798,0.003113,0.002050,0.000665
0.002365,0.000199,0.011619,0.008680,0.003717,0.145061,0.013790,0.008501
0.004494,0.000284,0.027276,0.009624,0.006850,0.300438,0.029338,0.009939
0.008507,0.000491,0.065893,0.026753,0.013372,0.746650,0.067581,0.029591
0.007576,0.001434,0.058402,0.077696,0.013350,1.714423,0.062646,0.074383
