vet-ins,vet-fnd,avl-ins,avl-fnd,hst-ins,hst-fnd,htr-ins,htr-fnd
0.001212,0.000044,0.003145,0.001042,0.001608,0.000075,0.002219,0.000603
0.004859,0.000364,0.017025,0.009119,0.005403,0.000539,0.010128,0.005386
0.006304,0.000263,0.026251,0.009247,0.010218,0.000535,0.022127,0.005977
0.014799,0.000805,0.067334,0.030192,0.021401,0.001614,0.052586,0.018606
0.017060,0.001971,0.062591,0.089516,0.019056,0.004107,0.051907,0.053505
