vet-ins,vet-fnd,avl-ins,avl-fnd,hst-ins,hst-fnd,htr-ins,htr-fnd
0.000817,0.000027,0.002167,0.000745,0.001257,0.000053,0.001774,0.000541
0.003833,0.000267,0.012300,0.008638,0.005896,0.000539,0.010291,0.005900
0.007185,0.000313,0.029580,0.010348,0.012595,0.000640,0.025494,0.006774
0.013124,0.000669,0.059656,0.025908,0.021807,0.001353,0.056542,0.018685
0.017053,0.002005,0.062394,0.085020,0.020790,0.004042,0.053331,0.054495
