vet-ins,vet-fnd,avl-ins,avl-fnd,hst-ins,hst-fnd,htr-ins,htr-fnd
0.000897,0.000038,0.003641,0.001242,0.001963,0.000079,0.002739,0.000671
0.005606,0.000392,0.017392,0.008701,0.005409,0.000539,0.010185,0.005436
0.006180,0.000263,0.027948,0.010078,0.010952,0.000536,0.022838,0.007155
0.013032,0.000656,0.059571,0.027124,0.022179,0.001549,0.058053,0.019038
0.016577,0.001968,0.061586,0.083798,0.018768,0.004018,0.051425,0.054802
