vet-ins,vet-fnd,btr-ins,btr-fnd,hst-ins,hst-fnd,htr-ins,htr-fnd
0.002159,0.000073,0.006368,0.002005,0.003123,0.000148,0.004357,0.001191
0.004162,0.000272,0.013432,0.008481,0.005360,0.000544,0.010486,0.006256
0.006382,0.000268,0.032395,0.010134,0.010058,0.000614,0.023199,0.006062
0.012908,0.000782,0.063739,0.025513,0.019402,0.001501,0.051440,0.017729
0.016198,0.002013,0.064109,0.079432,0.018611,0.004085,0.056630,0.053114
