vet-ins,vet-fnd,avl-ins,avl-fnd,hst-ins,hst-fnd,htr-ins,htr-fnd
0.002190,0.000073,0.005864,0.002026,0.003398,0.000146,0.005391,0.001187
0.003918,0.000268,0.012365,0.009371,0.005892,0.000539,0.010333,0.005517
0.006481,0.000268,0.025916,0.009368,0.011249,0.000538,0.026490,0.006166
0.013613,0.000671,0.063089,0.025824,0.021841,0.001354,0.054484,0.025876
0.025313,0.002314,0.060478,0.078441,0.020824,0.004054,0.052830,0.058802
