vet-ins,vet-fnd,avl-ins,avl-fnd,hst-ins,hst-fnd,htr-ins,htr-fnd
0.002122,0.000072,0.005904,0.002064,0.003133,0.000148,0.004301,0.001184
0.004407,0.000307,0.014543,0.010289,0.006292,0.000636,0.011754,0.006325
0.007282,0.000307,0.030930,0.011032,0.012597,0.000654,0.026234,0.007174
0.014226,0.000656,0.066533,0.030594,0.022150,0.001388,0.056383,0.020195
0.017833,0.001970,0.063997,0.088163,0.018993,0.004078,0.052804,0.056999
