vet-ins,vet-fnd,avl-ins,avl-fnd,hst-ins,hst-fnd,htr-ins,htr-fnd
0.002191,0.000073,0.006096,0.002033,0.003401,0.000147,0.004471,0.001237
0.004608,0.000313,0.014755,0.010249,0.006922,0.000636,0.012470,0.006446
0.007568,0.000313,0.031141,0.010962,0.013306,0.000634,0.028546,0.007396
0.015306,0.000782,0.071525,0.031126,0.025675,0.001579,0.065276,0.021920
0.019974,0.002351,0.069547,0.090780,0.021822,0.004246,0.059243,0.064619
