vet-ins,vet-fnd,avl-ins,avl-fnd,hst-ins,hst-fnd,htr-ins,htr-fnd
0.000532,0.000020,0.001922,0.000820,0.000880,0.004255,0.002145,0.000700
0.003409,0.000233,0.012481,0.011524,0.005207,0.190756,0.013300,0.008497
0.004086,0.000208,0.025613,0.008732,0.007054,0.295586,0.029926,0.010353
0.008729,0.000501,0.061965,0.029285,0.013603,0.757419,0.068333,0.026644
0.008067,0.001471,0.061507,0.076085,0.013576,1.673625,0.066882,0.081335
