vet-ins,vet-fnd,avl-ins,avl-fnd,hst-ins,hst-fnd,htr-ins,htr-fnd
0.002010,0.000066,0.005644,0.001981,0.003011,0.000159,0.004201,0.001265
0.004604,0.000371,0.014063,0.009446,0.005775,0.000572,0.010050,0.005408
0.006221,0.000263,0.025854,0.009293,0.010492,0.000540,0.021965,0.006018
0.013177,0.000661,0.058883,0.026649,0.019743,0.001415,0.052459,0.018040
0.016595,0.002247,0.059441,0.087790,0.023017,0.004583,0.051791,0.053618
