vet-ins,vet-fnd,avl-ins,avl-fnd,hst-ins,hst-fnd,htr-ins,htr-fnd
0.000550,0.000020,0.001949,0.000661,0.000821,0.003227,0.002060,0.000657
0.002354,0.000186,0.011364,0.007914,0.003739,0.141891,0.012255,0.007900
0.003894,0.000202,0.025534,0.008603,0.007077,0.222138,0.026817,0.008658
0.008093,0.000503,0.057872,0.024345,0.013728,0.542960,0.059985,0.024366
0.007520,0.001450,0.058271,0.073150,0.012945,1.662417,0.059190,0.071692
