vet-ins,vet-fnd,avl-ins,avl-fnd,hst-ins,hst-fnd,htr-ins,htr-fnd
0.000800,0.000027,0.002192,0.000757,0.001159,0.000054,0.001615,0.000450
0.004094,0.000308,0.013083,0.009630,0.005671,0.000537,0.011050,0.006165
0.006685,0.000302,0.027770,0.009691,0.010262,0.000643,0.023023,0.006522
0.013224,0.000770,0.067671,0.030646,0.022733,0.001587,0.057666,0.022712
0.016823,0.001975,0.063997,0.085887,0.020592,0.004318,0.052278,0.053463
