vet-ins,vet-fnd,avl-ins,avl-fnd,hst-ins,hst-fnd,htr-ins,htr-fnd
0.000571,0.000019,0.001861,0.000666,0.000760,0.004348,0.002104,0.000705
0.002331,0.000188,0.011551,0.007900,0.003591,0.192463,0.013537,0.008653
0.004062,0.000211,0.025553,0.008664,0.007051,0.291913,0.028218,0.009041
0.008113,0.000492,0.060240,0.029273,0.014215,0.739825,0.060947,0.025597
0.007985,0.001506,0.061725,0.073149,0.013494,1.656064,0.063715,0.077643
