vet-ins,vet-fnd,avl-ins,avl-fnd,hst-ins,hst-fnd,htr-ins,htr-fnd
0.002153,0.000068,0.005947,0.001876,0.003258,0.000135,0.004319,0.001159
0.004900,0.000272,0.012287,0.008646,0.005887,0.000542,0.010247,0.005453
0.009110,0.000313,0.027958,0.009499,0.011213,0.000538,0.022444,0.006055
0.013127,0.000668,0.058888,0.026040,0.022424,0.001631,0.055197,0.017941
0.016649,0.002040,0.063872,0.083000,0.021837,0.004055,0.052572,0.053508
