vet-ins,vet-fnd,avl-ins,avl-fnd,hst-ins,hst-fnd,htr-ins,htr-fnd
0.000549,0.000020,0.001962,0.000698,0.000833,0.003224,0.002121,0.000709
0.002310,0.000188,0.011389,0.007850,0.003515,0.144253,0.012628,0.008227
0.004179,0.000204,0.025746,0.008726,0.006643,0.220865,0.026255,0.008526
0.008065,0.000498,0.064444,0.025378,0.013572,0.542288,0.070404,0.025630
0.007586,0.001449,0.058742,0.073651,0.013059,1.670651,0.058974,0.076426
