vet-ins,vet-fnd,avl-ins,avl-fnd,hst-ins,hst-fnd,htr-ins,htr-fnd
0.001046,0.000045,0.003090,0.001036,0.001745,0.000075,0.002226,0.000606
0.005012,0.000372,0.017187,0.009187,0.005885,0.000538,0.011665,0.006194
0.007016,0.000335,0.029026,0.010384,0.012673,0.000629,0.024182,0.006375
0.013404,0.000671,0.061613,0.026236,0.022564,0.001348,0.053156,0.018147
0.016734,0.002030,0.059425,0.079106,0.023449,0.004852,0.056639,0.053730
