vet-ins,vet-fnd,avl-ins,avl-fnd,hst-ins,hst-fnd,htr-ins,htr-fnd
0.000550,0.000020,0.001911,0.000667,0.000940,0.003179,0.002412,0.000668
0.002395,0.000187,0.011886,0.008050,0.003725,0.142804,0.012793,0.008033
0.003887,0.000201,0.026187,0.008659,0.006815,0.290610,0.028353,0.009245
0.008241,0.000493,0.059513,0.024488,0.013138,0.726614,0.066938,0.025392
0.007792,0.001468,0.061444,0.072999,0.015100,1.707535,0.068147,0.075376
