vet-ins,vet-fnd,avl-ins,avl-fnd,hst-ins,hst-fnd,htr-ins,htr-fnd
0.000539,0.000019,0.001893,0.000658,0.000792,0.003199,0.002045,0.000692
0.002352,0.000187,0.013667,0.008862,0.004149,0.140489,0.012717,0.007996
0.004106,0.000207,0.026853,0.009471,0.007440,0.224729,0.026827,0.008823
0.008014,0.000497,0.059686,0.027567,0.013638,0.554160,0.063577,0.025396
0.007582,0.001451,0.058834,0.079602,0.013959,1.693471,0.064570,0.073764
