vet-ins,vet-fnd,avl-ins,avl-fnd,hst-ins,hst-fnd,htr-ins,htr-fnd
0.001988,0.000066,0.005917,0.002014,0.003164,0.000157,0.004222,0.001077
0.004518,0.000307,0.013616,0.009454,0.005616,0.000539,0.010157,0.005414
0.006274,0.000264,0.029630,0.010414,0.012022,0.000535,0.025655,0.007267
0.013422,0.000664,0.063420,0.026858,0.020390,0.001640,0.055965,0.018482
0.016724,0.002007,0.063180,0.084399,0.019048,0.004066,0.053475,0.055867
