vet-ins,vet-fnd,avl-ins,avl-fnd,hst-ins,hst-fnd,htr-ins,htr-fnd
0.002094,0.000068,0.005852,0.001864,0.003220,0.000138,0.004439,0.001091
0.004445,0.000268,0.012576,0.008712,0.005915,0.000545,0.010934,0.005828
0.006624,0.000269,0.026773,0.009248,0.011451,0.000642,0.024643,0.007107
0.013083,0.000671,0.069318,0.034713,0.023550,0.001543,0.055034,0.017901
0.016560,0.002111,0.060069,0.078026,0.020811,0.004101,0.053475,0.053831
