vet-ins,vet-fnd,avl-ins,avl-fnd,hst-ins,hst-fnd,htr-ins,htr-fnd
0.002133,0.000067,0.005843,0.001951,0.003304,0.000158,0.004232,0.001085
0.004742,0.000272,0.012352,0.008664,0.005889,0.000540,0.010349,0.005472
0.006589,0.000268,0.026409,0.009197,0.011263,0.000539,0.022775,0.006106
0.013147,0.000669,0.063331,0.030347,0.023210,0.001358,0.054719,0.018098
0.017006,0.002015,0.062424,0.079414,0.020823,0.004067,0.056631,0.062438
