vet-ins,vet-fnd,avl-ins,avl-fnd,hst-ins,hst-fnd,htr-ins,htr-fnd
0.000542,0.000019,0.001869,0.000669,0.000790,0.003218,0.002034,0.000670
0.002320,0.000188,0.011353,0.007970,0.003664,0.142164,0.012252,0.007942
0.003871,0.000203,0.027541,0.009142,0.007111,0.222766,0.026694,0.008640
0.008095,0.000526,0.058247,0.026926,0.013795,0.553143,0.065704,0.024814
0.007572,0.001459,0.058568,0.073862,0.012212,2.186356,0.075173,0.078654
