vet-ins,vet-fnd,avl-ins,avl-fnd,hst-ins,hst-fnd,htr-ins,htr-fnd
0.000536,0.000020,0.001865,0.000663,0.000833,0.003208,0.002049,0.000669
0.002322,0.000204,0.011406,0.007871,0.003657,0.144131,0.012613,0.008156
0.004014,0.000201,0.025628,0.008679,0.007075,0.223987,0.027101,0.009024
0.008574,0.000493,0.058531,0.024505,0.013469,0.549833,0.059111,0.024236
0.007589,0.001453,0.058329,0.073427,0.013216,1.667478,0.060337,0.072701
