vet-ins,vet-fnd,avl-ins,avl-fnd,hst-ins,hst-fnd,htr-ins,htr-fnd
0.000530,0.000020,0.001918,0.000686,0.000779,0.004255,0.002188,0.000720
0.002349,0.000188,0.011393,0.008093,0.003591,0.190614,0.013388,0.008541
0.004148,0.000199,0.028849,0.009242,0.007153,0.304835,0.035889,0.011160
0.008634,0.000516,0.067187,0.026909,0.012908,0.733308,0.060723,0.025217
0.008059,0.001496,0.059002,0.073503,0.013439,1.703181,0.065536,0.080403
