vet-ins,vet-fnd,avl-ins,avl-fnd,hst-ins,hst-fnd,htr-ins,htr-fnd
0.001889,0.000064,0.005313,0.001815,0.002795,0.000130,0.003870,0.001061
0.004814,0.000263,0.014469,0.009673,0.005866,0.000562,0.010704,0.005386
0.006168,0.000263,0.025996,0.009266,0.010218,0.000540,0.022096,0.005980
0.013433,0.000656,0.060093,0.026243,0.019745,0.001352,0.052144,0.019754
0.016822,0.001966,0.059772,0.081810,0.019111,0.004069,0.052215,0.054280
