vet-ins,vet-fnd,avl-ins,avl-fnd,hst-ins,hst-fnd,htr-ins,htr-fnd
0.001172,0.000037,0.003037,0.001042,0.001611,0.000075,0.002228,0.000598
0.004868,0.000365,0.016646,0.008715,0.005436,0.000545,0.010137,0.005364
0.006376,0.000267,0.028942,0.009288,0.011162,0.000632,0.023459,0.006393
0.014919,0.000805,0.075169,0.030046,0.021937,0.001603,0.059786,0.018881
0.017466,0.001974,0.060551,0.081789,0.019087,0.004014,0.052881,0.055300
