vet-ins,vet-fnd,avl-ins,avl-fnd,hst-ins,hst-fnd,htr-ins,htr-fnd
0.000966,0.000031,0.002584,0.000977,0.001826,0.000076,0.002227,0.000603
0.004100,0.000328,0.014264,0.010191,0.006060,0.000536,0.011501,0.005877
0.007072,0.000263,0.028086,0.010784,0.011402,0.000614,0.025071,0.007242
0.013605,0.000803,0.065920,0.029081,0.019944,0.001577,0.055910,0.022184
0.022700,0.002330,0.080886,0.105261,0.022190,0.004746,0.064056,0.067581
