vet-ins,vet-fnd,avl-ins,avl-fnd,hst-ins,hst-fnd,htr-ins,htr-fnd
0.000526,0.000019,0.001917,0.000669,0.000789,0.003144,0.002075,0.000700
0.002345,0.000196,0.011758,0.007944,0.003829,0.143158,0.012867,0.008093
0.004091,0.000198,0.027045,0.008916,0.007151,0.223822,0.026710,0.008716
0.008106,0.000488,0.060839,0.024475,0.014478,0.548035,0.061175,0.024646
0.007513,0.001465,0.058807,0.074591,0.012588,2.207168,0.060037,0.074516
