vet-ins,vet-fnd,avl-ins,avl-fnd,hst-ins,hst-fnd,htr-ins,htr-fnd
0.000526,0.000019,0.002255,0.000765,0.000913,0.004207,0.002183,0.000724
0.002265,0.000198,0.011896,0.008228,0.003657,0.193347,0.013970,0.008580
0.003941,0.000206,0.025977,0.008643,0.006913,0.295722,0.029028,0.009342
0.008233,0.000520,0.059262,0.024400,0.012846,0.725614,0.061253,0.025146
0.007597,0.001431,0.058086,0.072652,0.013545,1.808421,0.060451,0.072640
