vet-ins,vet-fnd,avl-ins,avl-fnd,hst-ins,hst-fnd,htr-ins,htr-fnd
0.001331,0.000047,0.003678,0.001315,0.002118,0.000095,0.002587,0.000755
0.006054,0.000470,0.016434,0.008679,0.005907,0.000541,0.010383,0.005449
0.006520,0.000278,0.026826,0.009221,0.011226,0.000541,0.023013,0.006055
0.013257,0.000669,0.059679,0.030016,0.022209,0.001349,0.052782,0.017877
0.016622,0.002017,0.062571,0.090731,0.024252,0.004785,0.061453,0.059559
