vet-ins,vet-fnd,avl-ins,avl-fnd,hst-ins,hst-fnd,htr-ins,htr-fnd
0.001979,0.000068,0.005890,0.002004,0.003235,0.000157,0.004358,0.001084
0.004811,0.000280,0.012477,0.008632,0.005917,0.000539,0.010597,0.005458
0.006454,0.000269,0.026211,0.009197,0.011323,0.000539,0.023254,0.006078
0.015139,0.000703,0.063082,0.025676,0.021794,0.001345,0.053826,0.017824
0.017032,0.002019,0.060243,0.081031,0.021548,0.004118,0.054181,0.062887
