vet-ins,vet-fnd,avl-ins,avl-fnd,hst-ins,hst-fnd,htr-ins,htr-fnd
0.000828,0.000027,0.002529,0.000827,0.001404,0.000064,0.001818,0.000447
0.004087,0.000318,0.014009,0.008716,0.005892,0.000543,0.010442,0.005887
0.006430,0.000268,0.026015,0.009206,0.011259,0.000543,0.022813,0.006070
0.013274,0.000669,0.062521,0.028320,0.022137,0.001347,0.053637,0.018122
0.016978,0.002031,0.064273,0.081687,0.020902,0.004122,0.059102,0.055111
