vet-ins,vet-fnd,avl-ins,avl-fnd,hst-ins,hst-fnd,htr-ins,htr-fnd
0.001036,0.000044,0.003215,0.001045,0.001611,0.000075,0.002220,0.000602
0.004622,0.000364,0.016782,0.009626,0.006001,0.000541,0.010500,0.005418
0.006385,0.000262,0.025803,0.009624,0.010159,0.000542,0.021947,0.006025
0.014268,0.000764,0.061396,0.026647,0.020281,0.001612,0.054554,0.018293
0.016452,0.002200,0.061185,0.090529,0.021034,0.004660,0.053347,0.054689
