vet-ins,vet-fnd,avl-ins,avl-fnd,hst-ins,hst-fnd,htr-ins,htr-fnd
0.000525,0.000019,0.001866,0.000660,0.000793,0.003163,0.002049,0.000664
0.002332,0.000195,0.011421,0.007875,0.003554,0.141626,0.012259,0.007935
0.004042,0.000204,0.025543,0.008643,0.006655,0.220874,0.026282,0.008451
0.008022,0.000495,0.058139,0.024114,0.012990,0.722699,0.061082,0.025174
0.007494,0.001482,0.058436,0.071945,0.012742,2.193896,0.062571,0.075761
