vet-ins,vet-fnd,avl-ins,avl-fnd,hst-ins,hst-fnd,htr-ins,htr-fnd
0.000977,0.000031,0.002635,0.001578,0.003479,0.000135,0.004192,0.001086
0.007355,0.000361,0.013591,0.008620,0.005917,0.000546,0.010444,0.005434
0.006451,0.000267,0.027256,0.009157,0.011204,0.000539,0.022937,0.006040
0.013508,0.000669,0.059724,0.025519,0.021820,0.001347,0.054285,0.018712
0.016636,0.002044,0.059979,0.082964,0.021199,0.004070,0.053641,0.053662
