vet-ins,vet-fnd,avl-ins,avl-fnd,hst-ins,hst-fnd,htr-ins,htr-fnd
0.002066,0.000066,0.005853,0.001805,0.002790,0.000137,0.003833,0.001057
0.005957,0.000312,0.012313,0.008675,0.005402,0.000541,0.010104,0.005389
0.006274,0.000263,0.025786,0.009244,0.010214,0.000540,0.022019,0.005964
0.012694,0.000655,0.058892,0.026080,0.019747,0.001367,0.056860,0.018009
0.017464,0.002254,0.070612,0.078882,0.018609,0.004475,0.051114,0.058916
