vet-ins,vet-fnd,avl-ins,avl-fnd,hst-ins,hst-fnd,htr-ins,htr-fnd
0.000525,0.000020,0.001873,0.000686,0.000760,0.004270,0.002123,0.000701
0.002357,0.000197,0.011529,0.007910,0.003625,0.195045,0.013553,0.008932
0.004301,0.000200,0.028389,0.011115,0.007161,0.315938,0.030874,0.011150
0.009692,0.000493,0.068471,0.031975,0.014440,0.766752,0.062119,0.025014
0.007548,0.001430,0.061873,0.076953,0.014055,1.658876,0.059657,0.079862
