vet-ins,vet-fnd,avl-ins,avl-fnd,hst-ins,hst-fnd,htr-ins,htr-fnd
0.000821,0.000027,0.002207,0.000744,0.001279,0.000064,0.001956,0.000436
0.004204,0.000351,0.014183,0.008746,0.006187,0.000546,0.010840,0.005911
0.006561,0.000268,0.026272,0.010143,0.011621,0.000539,0.025645,0.007512
0.015380,0.000783,0.078491,0.033962,0.025723,0.001578,0.074301,0.023190
0.016877,0.002014,0.067148,0.078784,0.020753,0.004076,0.065637,0.071461
