vet-ins,vet-fnd,avl-ins,avl-fnd,hst-ins,hst-fnd,htr-ins,htr-fnd
0.000527,0.000019,0.001869,0.000660,0.000819,0.003158,0.002072,0.000665
0.002341,0.000223,0.011447,0.007871,0.003722,0.144065,0.012592,0.008114
0.004237,0.000201,0.026608,0.008761,0.007087,0.222290,0.026547,0.008594
0.008079,0.000492,0.058387,0.024164,0.013888,0.544565,0.062254,0.024368
0.007511,0.001448,0.059297,0.072853,0.012350,2.188944,0.060201,0.076583
