vet-ins,vet-fnd,avl-ins,avl-fnd,hst-ins,hst-fnd,htr-ins,htr-fnd
0.000524,0.000019,0.001863,0.000666,0.000795,0.003222,0.002078,0.000683
0.002356,0.000192,0.011320,0.007843,0.003634,0.142012,0.012511,0.007958
0.003886,0.000202,0.025947,0.008638,0.007107,0.221430,0.026611,0.008599
0.008117,0.000490,0.058460,0.024071,0.013611,0.548975,0.060564,0.024350
0.007643,0.001507,0.059054,0.072849,0.012653,2.174732,0.061361,0.075320
