vet-ins,vet-fnd,avl-ins,avl-fnd,hst-ins,hst-fnd,htr-ins,htr-fnd
0.002113,0.000072,0.005928,0.002058,0.003138,0.000148,0.004381,0.001194
0.004256,0.000308,0.014633,0.010378,0.006344,0.000639,0.012047,0.006457
0.007528,0.000308,0.032173,0.011878,0.011975,0.000627,0.027362,0.007667
0.014782,0.000783,0.074554,0.030132,0.020923,0.001593,0.055890,0.019492
0.017313,0.001973,0.062377,0.084994,0.021911,0.004785,0.064680,0.062736
