vet-ins,vet-fnd,avl-ins,avl-fnd,hst-ins,hst-fnd,htr-ins,htr-fnd
0.000794,0.000026,0.002542,0.000751,0.001315,0.000066,0.001752,0.000440
0.003890,0.000322,0.013842,0.009540,0.005435,0.000628,0.011366,0.005417
0.006721,0.000263,0.028510,0.009643,0.010664,0.000557,0.023911,0.006717
0.014037,0.000769,0.066447,0.030505,0.023238,0.001572,0.059710,0.020804
0.018467,0.002326,0.068712,0.087888,0.020775,0.004349,0.055858,0.061979
