vet-ins,vet-fnd,avl-ins,avl-fnd,hst-ins,hst-fnd,htr-ins,htr-fnd
0.000537,0.000020,0.001874,0.000677,0.000771,0.004222,0.002129,0.000709
0.002357,0.000188,0.011388,0.007839,0.003593,0.194615,0.014082,0.008658
0.004025,0.000202,0.025673,0.008739,0.007080,0.299202,0.028987,0.009161
0.008330,0.000490,0.068274,0.026454,0.013744,0.736107,0.063309,0.025317
0.007804,0.001421,0.060274,0.078281,0.013733,1.674703,0.060242,0.072420
