vet-ins,vet-fnd,avl-ins,avl-fnd,hst-ins,hst-fnd,htr-ins,htr-fnd
0.000530,0.000020,0.001869,0.000690,0.000798,0.003270,0.002035,0.000664
0.002358,0.000189,0.011330,0.007900,0.003673,0.142945,0.012756,0.008141
0.004227,0.000206,0.025641,0.008739,0.007286,0.224986,0.027446,0.008760
0.008033,0.000491,0.060234,0.025333,0.014223,0.549996,0.063887,0.023966
0.007572,0.001448,0.061716,0.079819,0.013134,1.690671,0.068068,0.081956
