vet-ins,vet-fnd,avl-ins,avl-fnd,hst-ins,hst-fnd,htr-ins,htr-fnd
0.000786,0.000025,0.002029,0.000686,0.000803,0.004979,0.002178,0.000737
0.002311,0.000188,0.013242,0.008555,0.003617,0.194516,0.013916,0.008843
0.003938,0.000203,0.025760,0.008655,0.007003,0.296537,0.031996,0.010931
0.008201,0.000631,0.064811,0.025363,0.012880,0.748576,0.062780,0.025202
0.007624,0.001435,0.057125,0.072606,0.012995,2.220005,0.065193,0.084814
