vet-ins,vet-fnd,avl-ins,avl-fnd,hst-ins,hst-fnd,htr-ins,htr-fnd
0.002305,0.000078,0.006427,0.002204,0.003370,0.000157,0.004746,0.001301
0.003985,0.000328,0.014326,0.010001,0.006111,0.000538,0.011323,0.006044
0.006833,0.000307,0.028222,0.010612,0.011906,0.000585,0.026283,0.007184
0.014497,0.000808,0.066261,0.027586,0.021260,0.001550,0.059140,0.025555
0.018656,0.002308,0.069257,0.092051,0.020507,0.004059,0.061860,0.057644
