vet-ins,vet-fnd,avl-ins,avl-fnd,hst-ins,hst-fnd,htr-ins,htr-fnd
0.001997,0.000068,0.005909,0.002009,0.003275,0.000159,0.004232,0.001081
0.004406,0.000268,0.012514,0.008663,0.005920,0.000539,0.010873,0.006332
0.007404,0.000317,0.027149,0.009439,0.011893,0.000540,0.022812,0.006068
0.014402,0.000674,0.059940,0.030214,0.023608,0.001351,0.055329,0.018513
0.018889,0.002010,0.064693,0.106905,0.024785,0.004991,0.057780,0.052950
