vet-ins,vet-fnd,avl-ins,avl-fnd,hst-ins,hst-fnd,htr-ins,htr-fnd
0.001948,0.000065,0.005272,0.001833,0.002805,0.000130,0.003879,0.001047
0.006326,0.000366,0.012711,0.009005,0.005444,0.000535,0.010225,0.005414
0.006544,0.000262,0.029801,0.010855,0.011669,0.000537,0.024513,0.006024
0.014002,0.000662,0.062823,0.030206,0.023555,0.001579,0.064317,0.021911
0.018713,0.002350,0.072124,0.093040,0.020693,0.004536,0.055035,0.055325
