vet-ins,vet-fnd,avl-ins,avl-fnd,hst-ins,hst-fnd,htr-ins,htr-fnd
0.002106,0.000072,0.005927,0.002051,0.003138,0.000146,0.004334,0.001177
0.004588,0.000312,0.014541,0.009895,0.006283,0.000635,0.011197,0.005999
0.007167,0.000369,0.028075,0.009733,0.010181,0.000536,0.022077,0.006227
0.013159,0.000665,0.062049,0.027530,0.022538,0.001504,0.063135,0.021547
0.019165,0.002340,0.074317,0.097680,0.022406,0.004711,0.062412,0.064899
