vet-ins,vet-fnd,avl-ins,avl-fnd,hst-ins,hst-fnd,htr-ins,htr-fnd
0.000846,0.000031,0.003121,0.001081,0.001683,0.000075,0.002223,0.000604
0.004858,0.000372,0.017211,0.008925,0.005407,0.000540,0.010145,0.005433
0.006277,0.000263,0.026004,0.009285,0.010237,0.000543,0.022687,0.006041
0.012635,0.000656,0.059428,0.026096,0.020406,0.001348,0.052234,0.018375
0.016393,0.001967,0.060181,0.082296,0.018985,0.004160,0.055398,0.060362
