vet-ins,vet-fnd,avl-ins,avl-fnd,hst-ins,hst-fnd,htr-ins,htr-fnd
0.000529,0.000019,0.001880,0.000675,0.000762,0.004383,0.002114,0.000700
0.002448,0.000192,0.011866,0.008239,0.003553,0.186793,0.013371,0.008603
0.004170,0.000198,0.025655,0.008676,0.007056,0.221695,0.026806,0.008635
0.008227,0.000504,0.058643,0.024481,0.013217,0.547196,0.060630,0.024457
0.007962,0.001511,0.059411,0.073194,0.012610,2.197353,0.066351,0.077359
