vet-ins,vet-fnd,avl-ins,avl-fnd,hst-ins,hst-fnd,htr-ins,htr-fnd
0.000523,0.000019,0.001870,0.000676,0.000757,0.004237,0.002101,0.000716
0.002309,0.000188,0.011350,0.007885,0.003545,0.188965,0.012943,0.008389
0.003946,0.000201,0.025595,0.008715,0.006612,0.288523,0.028101,0.009564
0.008161,0.000502,0.058612,0.024398,0.013166,0.722879,0.061244,0.025213
0.007967,0.001518,0.059188,0.073561,0.012697,2.187497,0.060498,0.075379
