vet-ins,vet-fnd,avl-ins,avl-fnd,hst-ins,hst-fnd,htr-ins,htr-fnd
0.000795,0.000026,0.002164,0.000872,0.001391,0.000067,0.001740,0.000509
0.003785,0.000263,0.012662,0.009089,0.005358,0.000542,0.010598,0.005646
0.006286,0.000264,0.025758,0.009602,0.010467,0.000547,0.022031,0.006056
0.012634,0.000655,0.064432,0.027342,0.019836,0.001372,0.052443,0.017717
0.016347,0.002136,0.063005,0.079175,0.021019,0.004818,0.054468,0.058004
