vet-ins,vet-fnd,avl-ins,avl-fnd,hst-ins,hst-fnd,htr-ins,htr-fnd
0.001920,0.000064,0.005234,0.001817,0.002783,0.000132,0.003839,0.001054
0.006219,0.000365,0.014080,0.010005,0.006106,0.000669,0.011660,0.005791
0.006599,0.000308,0.027045,0.010263,0.010516,0.000539,0.023093,0.006582
0.013034,0.000655,0.060391,0.027047,0.021295,0.001402,0.060433,0.020652
0.018409,0.002307,0.069414,0.091514,0.021951,0.004363,0.058170,0.062107
