vet-ins,vet-fnd,avl-ins,avl-fnd,hst-ins,hst-fnd,htr-ins,htr-fnd
0.002151,0.000066,0.005708,0.001878,0.003080,0.000134,0.004153,0.001200
0.005038,0.000262,0.013402,0.010265,0.005818,0.000536,0.010765,0.005707
0.006646,0.000293,0.028340,0.010520,0.010224,0.000536,0.023639,0.006221
0.014694,0.000768,0.066002,0.028939,0.022276,0.001514,0.061190,0.022485
0.018803,0.002380,0.069628,0.092474,0.021184,0.004645,0.058970,0.063196
