vet-ins,vet-fnd,avl-ins,avl-fnd,hst-ins,hst-fnd,htr-ins,htr-fnd
0.002228,0.000069,0.005613,0.001908,0.003333,0.000135,0.004170,0.001199
0.005391,0.000313,0.014150,0.009920,0.006265,0.000539,0.010324,0.005435
0.006509,0.000268,0.026227,0.009395,0.011403,0.000545,0.029410,0.012063
0.013174,0.000669,0.059255,0.030223,0.022585,0.001347,0.055258,0.018295
0.016963,0.002007,0.060001,0.077923,0.020734,0.004045,0.054456,0.054782
