vet-ins,vet-fnd,avl-ins,avl-fnd,hst-ins,hst-fnd,htr-ins,htr-fnd
0.000936,0.000044,0.003278,0.001041,0.001609,0.000075,0.002217,0.000601
0.004860,0.000364,0.017084,0.008793,0.005524,0.000659,0.010220,0.005413
0.006388,0.000264,0.028771,0.010664,0.010804,0.000536,0.025134,0.006070
0.012728,0.000665,0.059075,0.026232,0.019646,0.001337,0.056978,0.018831
0.016376,0.001973,0.059846,0.080878,0.019017,0.004137,0.051653,0.054267
