vet-ins,vet-fnd,avl-ins,avl-fnd,hst-ins,hst-fnd,htr-ins,htr-fnd
0.001892,0.000064,0.005420,0.001820,0.002798,0.000131,0.003850,0.001054
0.005470,0.000308,0.015070,0.010625,0.006388,0.000634,0.011907,0.006628
0.007367,0.000308,0.031619,0.011775,0.012015,0.000635,0.026804,0.008106
0.014650,0.000767,0.069884,0.031009,0.022878,0.001592,0.059804,0.019744
0.016749,0.002280,0.060520,0.081342,0.021832,0.004884,0.058942,0.062753
