vet-ins,vet-fnd,avl-ins,avl-fnd,hst-ins,hst-fnd,htr-ins,htr-fnd
0.002200,0.000076,0.005610,0.001810,0.003036,0.000131,0.003956,0.001055
0.004614,0.000268,0.014298,0.009652,0.006435,0.000670,0.011911,0.005768
0.006933,0.000269,0.028573,0.010621,0.012531,0.000634,0.023782,0.006113
0.013603,0.000674,0.061494,0.027602,0.024760,0.001573,0.057163,0.019051
0.016550,0.002011,0.060965,0.086440,0.021224,0.004094,0.052330,0.053177
