vet-ins,vet-fnd,avl-ins,avl-fnd,hst-ins,hst-fnd,htr-ins,htr-fnd
0.002206,0.000073,0.005968,0.002026,0.003389,0.000147,0.004406,0.001184
0.004616,0.000267,0.012534,0.008981,0.005908,0.000540,0.010762,0.006019
0.006486,0.000268,0.026927,0.009203,0.011253,0.000544,0.024517,0.006751
0.013062,0.000668,0.060350,0.025708,0.021764,0.001355,0.053357,0.017761
0.016556,0.002005,0.061166,0.078032,0.020744,0.004658,0.057147,0.059065
