vet-ins,vet-fnd,avl-ins,avl-fnd,hst-ins,hst-fnd,htr-ins,htr-fnd
0.000522,0.000019,0.001905,0.000708,0.000811,0.003187,0.002025,0.000666
0.002347,0.000192,0.011455,0.008996,0.003679,0.142558,0.012523,0.008147
0.003980,0.000207,0.025700,0.008656,0.007017,0.224949,0.026498,0.008666
0.008054,0.000492,0.057992,0.024451,0.013288,0.550706,0.059140,0.024213
0.007871,0.001450,0.068360,0.073959,0.013408,1.672082,0.069691,0.079033
