vet-ins,vet-fnd,avl-ins,avl-fnd,hst-ins,hst-fnd,htr-ins,htr-fnd
0.000559,0.000020,0.001959,0.000691,0.000788,0.004319,0.002200,0.000720
0.002336,0.000187,0.011566,0.007940,0.003563,0.189216,0.013054,0.008366
0.004070,0.000207,0.025587,0.008711,0.007006,0.297447,0.028717,0.009224
0.008199,0.000511,0.058448,0.024420,0.013136,0.738606,0.061733,0.025213
0.007601,0.001434,0.058672,0.073845,0.013074,2.210836,0.064167,0.076958
