vet-ins,vet-fnd,avl-ins,avl-fnd,hst-ins,hst-fnd,htr-ins,htr-fnd
0.000543,0.000019,0.001863,0.000666,0.000794,0.003206,0.002085,0.000662
0.002326,0.000187,0.011359,0.007888,0.003668,0.142779,0.013947,0.008480
0.004183,0.000201,0.026215,0.009115,0.007043,0.225389,0.029591,0.009343
0.008233,0.000492,0.066715,0.025269,0.014081,0.556228,0.060120,0.024461
0.007803,0.001479,0.059101,0.074815,0.013234,1.674177,0.060416,0.072827
