vet-ins,vet-fnd,avl-ins,avl-fnd,hst-ins,hst-fnd,htr-ins,htr-fnd
0.000896,0.000037,0.002534,0.000785,0.001616,0.000062,0.001665,0.000513
0.004014,0.000297,0.013066,0.008841,0.006667,0.000592,0.010595,0.005569
0.007115,0.000315,0.026651,0.009614,0.012056,0.000589,0.025521,0.006322
0.014449,0.000806,0.060454,0.026729,0.026423,0.001777,0.055159,0.022050
0.018418,0.002218,0.059799,0.085246,0.022294,0.004421,0.055248,0.058889
