vet-ins,vet-fnd,avl-ins,avl-fnd,hst-ins,hst-fnd,htr-ins,htr-fnd
0.000527,0.000019,0.001859,0.000671,0.000795,0.003092,0.002018,0.000669
0.002139,0.000198,0.011553,0.008049,0.003705,0.142396,0.012638,0.007928
0.004127,0.000204,0.026702,0.008967,0.006865,0.287434,0.027599,0.009093
0.008111,0.000486,0.058522,0.024486,0.012848,0.728446,0.061037,0.025494
0.007667,0.001442,0.058519,0.076259,0.013403,2.184722,0.061537,0.076038
