vet-ins,vet-fnd,avl-ins,avl-fnd,hst-ins,hst-fnd,htr-ins,htr-fnd
0.002337,0.000079,0.005918,0.001990,0.003596,0.000159,0.004280,0.001243
0.004702,0.000268,0.012917,0.009514,0.006454,0.000541,0.011138,0.005751
0.006432,0.000268,0.026830,0.009163,0.011275,0.000539,0.022679,0.006065
0.013339,0.000705,0.059513,0.025826,0.022159,0.001530,0.053450,0.018063
0.016912,0.002121,0.066100,0.083534,0.021226,0.004074,0.056579,0.058423
