vet-ins,vet-fnd,avl-ins,avl-fnd,hst-ins,hst-fnd,htr-ins,htr-fnd
0.000532,0.000020,0.001876,0.000663,0.000817,0.003162,0.002073,0.000661
0.002413,0.000221,0.011378,0.007942,0.003527,0.140874,0.012729,0.008235
0.004416,0.000230,0.026337,0.008834,0.007191,0.298835,0.028520,0.009253
0.008096,0.000491,0.061779,0.024441,0.013380,0.729785,0.063446,0.025580
0.007641,0.001449,0.060134,0.075895,0.012977,2.187968,0.061757,0.076978
