vet-ins,vet-fnd,avl-ins,avl-fnd,hst-ins,hst-fnd,htr-ins,htr-fnd
0.000532,0.000019,0.001863,0.000665,0.000757,0.004180,0.002116,0.000708
0.002337,0.000187,0.011333,0.007802,0.003556,0.186191,0.012978,0.008381
0.003938,0.000198,0.025492,0.008593,0.006945,0.287794,0.028225,0.009062
0.008056,0.000497,0.058597,0.024210,0.012769,0.720289,0.060820,0.025164
0.007560,0.001444,0.057518,0.072285,0.013467,1.640403,0.059907,0.072298
