vet-ins,vet-fnd,avl-ins,avl-fnd,hst-ins,hst-fnd,htr-ins,htr-fnd
0.002006,0.000076,0.005987,0.002129,0.003239,0.000135,0.004504,0.001164
0.004557,0.000319,0.014089,0.009499,0.006321,0.000540,0.010879,0.005780
0.006544,0.000268,0.026133,0.009154,0.011798,0.000556,0.023061,0.006075
0.013979,0.000668,0.061680,0.025822,0.021745,0.001349,0.056723,0.018106
0.016989,0.002007,0.069833,0.082267,0.020926,0.004045,0.054028,0.055374
