vet-ins,vet-fnd,avl-ins,avl-fnd,hst-ins,hst-fnd,htr-ins,htr-fnd
0.001892,0.000064,0.005306,0.001814,0.002802,0.000131,0.003859,0.001049
0.005434,0.000308,0.014212,0.009784,0.006205,0.000548,0.011617,0.005892
0.006295,0.000263,0.026278,0.009649,0.010187,0.000540,0.022135,0.005979
0.012759,0.000655,0.066950,0.030454,0.020476,0.001349,0.051756,0.017823
0.016794,0.001964,0.064035,0.079299,0.018615,0.004168,0.051862,0.059639
