vet-ins,vet-fnd,avl-ins,avl-fnd,hst-ins,hst-fnd,htr-ins,htr-fnd
0.001965,0.000065,0.005350,0.001825,0.003034,0.000131,0.003957,0.001054
0.006609,0.000371,0.012796,0.009133,0.006286,0.000540,0.011294,0.005801
0.007365,0.000322,0.027760,0.010108,0.011904,0.000538,0.023530,0.006304
0.013236,0.000668,0.061550,0.026482,0.023242,0.001545,0.063510,0.020395
0.016650,0.002004,0.060537,0.081069,0.022452,0.004478,0.054011,0.055477
