vet-ins,vet-fnd,avl-ins,avl-fnd,hst-ins,hst-fnd,htr-ins,htr-fnd
0.001276,0.000039,0.003126,0.000893,0.001395,0.000063,0.001936,0.000512
0.004061,0.000325,0.014760,0.009860,0.006154,0.000540,0.011459,0.005665
0.007053,0.000263,0.028264,0.009781,0.010471,0.000543,0.024441,0.006399
0.014923,0.000771,0.066515,0.029376,0.021474,0.001414,0.058342,0.022711
0.019231,0.002325,0.067681,0.085237,0.019948,0.004116,0.058463,0.068514
