vet-ins,vet-fnd,avl-ins,avl-fnd,hst-ins,hst-fnd,htr-ins,htr-fnd
0.002159,0.000068,0.005658,0.002172,0.003223,0.000135,0.004324,0.001280
0.005018,0.000332,0.013481,0.009003,0.006302,0.000541,0.011380,0.005996
0.006807,0.000269,0.028266,0.010349,0.012499,0.000661,0.024254,0.006638
0.014484,0.000668,0.062903,0.027424,0.022811,0.001351,0.056756,0.019084
0.018036,0.002051,0.063249,0.083830,0.021820,0.004797,0.061564,0.054871
