vet-ins,vet-fnd,avl-ins,avl-fnd,hst-ins,hst-fnd,htr-ins,htr-fnd
0.002040,0.000070,0.005870,0.001928,0.003214,0.000158,0.004363,0.001088
0.004490,0.000267,0.012460,0.008640,0.005886,0.000546,0.010502,0.005470
0.006559,0.000268,0.026172,0.009154,0.011557,0.000539,0.023199,0.006043
0.013710,0.000668,0.066024,0.025851,0.021740,0.001358,0.054203,0.018539
0.017584,0.002005,0.060622,0.079056,0.022015,0.004501,0.054996,0.055409
