vet-ins,vet-fnd,avl-ins,avl-fnd,hst-ins,hst-fnd,htr-ins,htr-fnd
0.002191,0.000073,0.005913,0.002036,0.003386,0.000147,0.004376,0.001185
0.004308,0.000286,0.013842,0.009730,0.006444,0.000632,0.011647,0.005633
0.006889,0.000334,0.027227,0.009510,0.011855,0.000539,0.023997,0.006084
0.013662,0.000822,0.060440,0.028933,0.022607,0.001346,0.058067,0.020037
0.017934,0.002011,0.064290,0.082893,0.023577,0.004700,0.055839,0.055744
