vet-ins,vet-fnd,avl-ins,avl-fnd,hst-ins,hst-fnd,htr-ins,htr-fnd
0.000871,0.000032,0.003132,0.001035,0.001749,0.000075,0.002385,0.000604
0.005029,0.000375,0.017392,0.009269,0.005900,0.000540,0.010580,0.005455
0.006461,0.000267,0.027255,0.009699,0.011275,0.000539,0.025350,0.006595
0.013201,0.000673,0.059078,0.025669,0.021676,0.001351,0.053907,0.017787
0.016579,0.002289,0.060154,0.084482,0.021394,0.004242,0.058443,0.053794
