vet-ins,vet-fnd,avl-ins,avl-fnd,hst-ins,hst-fnd,htr-ins,htr-fnd
0.000526,0.000019,0.001875,0.000675,0.000764,0.004213,0.002124,0.000743
0.002521,0.000201,0.012003,0.008104,0.003687,0.190344,0.013429,0.008571
0.004074,0.000198,0.026149,0.009013,0.007130,0.292434,0.028877,0.009212
0.008248,0.000488,0.058895,0.024571,0.013311,0.549116,0.058722,0.024286
0.007827,0.001523,0.058913,0.074631,0.013976,1.678380,0.068308,0.074254
