vet-ins,vet-fnd,avl-ins,avl-fnd,hst-ins,hst-fnd,htr-ins,htr-fnd
0.002187,0.000073,0.006035,0.002043,0.003516,0.000147,0.004465,0.001180
0.004301,0.000267,0.012856,0.008969,0.006114,0.000540,0.010524,0.005458
0.006596,0.000273,0.026737,0.009188,0.011685,0.000539,0.023314,0.006049
0.013537,0.000669,0.059616,0.025584,0.022593,0.001352,0.053347,0.018410
0.016586,0.002004,0.061159,0.078642,0.022718,0.004707,0.054287,0.053456
