vet-ins,vet-fnd,avl-ins,avl-fnd,hst-ins,hst-fnd,htr-ins,htr-fnd
0.002236,0.000073,0.006626,0.002250,0.003415,0.000146,0.004175,0.000601
0.004443,0.000314,0.015614,0.011318,0.006945,0.000651,0.012263,0.007211
0.007535,0.000339,0.034986,0.011733,0.012296,0.000538,0.025899,0.007122
0.014934,0.000785,0.064660,0.029640,0.023803,0.001345,0.059512,0.021754
0.018592,0.002133,0.071998,0.104043,0.027168,0.004807,0.068924,0.064025
