vet-ins,vet-fnd,avl-ins,avl-fnd,hst-ins,hst-fnd,htr-ins,htr-fnd
0.002093,0.000072,0.007142,0.002639,0.004255,0.000199,0.004665,0.001200
0.004450,0.000307,0.014635,0.010353,0.006423,0.000636,0.011961,0.006503
0.007277,0.000308,0.030392,0.010868,0.011905,0.000633,0.025901,0.007087
0.014580,0.000772,0.069150,0.030503,0.023017,0.001589,0.060734,0.021072
0.019079,0.002306,0.063452,0.084641,0.019444,0.004115,0.052264,0.054938
