vet-ins,vet-fnd,avl-ins,avl-fnd,hst-ins,hst-fnd,htr-ins,htr-fnd
0.000617,0.000019,0.002332,0.000769,0.001020,0.003478,0.002054,0.000663
0.002541,0.000197,0.011908,0.008094,0.003675,0.141656,0.012992,0.008383
0.004003,0.000204,0.027038,0.009142,0.007556,0.229198,0.027864,0.009225
0.008254,0.000490,0.062357,0.024416,0.013467,0.559390,0.060428,0.024064
0.007502,0.001447,0.059372,0.073316,0.012866,1.666556,0.060857,0.076949
