vet-ins,vet-fnd,avl-ins,avl-fnd,hst-ins,hst-fnd,htr-ins,htr-fnd
0.001898,0.000064,0.005244,0.001835,0.002781,0.000136,0.003868,0.001054
0.005440,0.000262,0.012361,0.008771,0.005423,0.000544,0.010760,0.006234
0.007052,0.000308,0.031152,0.011484,0.012061,0.000633,0.026773,0.007350
0.014968,0.000767,0.067706,0.026795,0.021038,0.001587,0.063996,0.023322
0.016105,0.001970,0.059507,0.086797,0.020516,0.004102,0.055273,0.055439
