vet-ins,vet-fnd,avl-ins,avl-fnd,hst-ins,hst-fnd,htr-ins,htr-fnd
0.002118,0.000072,0.005951,0.002048,0.003136,0.000146,0.004367,0.001183
0.004558,0.000314,0.012897,0.008786,0.005399,0.000535,0.010919,0.006320
0.007287,0.000267,0.028547,0.009814,0.010570,0.000628,0.022878,0.006107
0.014187,0.000656,0.063768,0.027539,0.021144,0.001425,0.058745,0.020012
0.016279,0.002089,0.060859,0.084485,0.020033,0.004115,0.054050,0.053267
