vet-ins,vet-fnd,avl-ins,avl-fnd,hst-ins,hst-fnd,htr-ins,htr-fnd
0.002191,0.000074,0.006050,0.002030,0.003401,0.000147,0.004483,0.001184
0.004491,0.000271,0.014249,0.009206,0.006226,0.000542,0.010511,0.005472
0.006544,0.000268,0.026442,0.009227,0.011240,0.000613,0.023852,0.006097
0.015504,0.000668,0.067455,0.028413,0.021781,0.001354,0.053363,0.017706
0.016582,0.002019,0.068157,0.085617,0.022163,0.005205,0.056021,0.066186
