vet-ins,vet-fnd,avl-ins,avl-fnd,hst-ins,hst-fnd,htr-ins,htr-fnd
0.000533,0.000019,0.001875,0.000661,0.000819,0.003097,0.002093,0.000665
0.002302,0.000188,0.011443,0.007839,0.003460,0.139714,0.012302,0.007947
0.004016,0.000202,0.025804,0.008645,0.006621,0.219421,0.026495,0.008585
0.007995,0.000496,0.058255,0.024268,0.013717,0.546821,0.062822,0.025490
0.007950,0.001519,0.060275,0.074798,0.012514,2.163870,0.062037,0.075227
