vet-ins,vet-fnd,avl-ins,avl-fnd,hst-ins,hst-fnd,htr-ins,htr-fnd
0.000528,0.000020,0.001867,0.000688,0.000764,0.004268,0.002089,0.000728
0.002343,0.000194,0.011414,0.007834,0.003391,0.183924,0.012799,0.008304
0.004200,0.000205,0.025636,0.008710,0.006820,0.284992,0.028033,0.009024
0.008516,0.000512,0.058331,0.024431,0.013292,0.729731,0.061069,0.025277
0.008358,0.001534,0.058930,0.073434,0.013015,2.185520,0.061310,0.075988
