vet-ins,vet-fnd,avl-ins,avl-fnd,hst-ins,hst-fnd,htr-ins,htr-fnd
0.001948,0.000066,0.005306,0.001817,0.002823,0.000133,0.003871,0.001066
0.005898,0.000341,0.013069,0.008763,0.005804,0.000551,0.010189,0.005465
0.006492,0.000304,0.027135,0.009429,0.010508,0.000550,0.023071,0.006457
0.015478,0.000797,0.066433,0.026221,0.020298,0.001379,0.053291,0.019626
0.016860,0.002043,0.063744,0.079414,0.018792,0.004138,0.051750,0.054021
