vet-ins,vet-fnd,avl-ins,avl-fnd,hst-ins,hst-fnd,htr-ins,htr-fnd
0.001341,0.000039,0.003548,0.001249,0.002459,0.000094,0.002980,0.000396
0.004959,0.000452,0.017188,0.008607,0.006646,0.000536,0.010841,0.003415
0.006358,0.000272,0.026060,0.010543,0.014720,0.000625,0.024590,0.004200
0.012643,0.000731,0.060672,0.025303,0.025106,0.001334,0.054392,0.012449
0.012882,0.001991,0.058394,0.076886,0.023947,0.004010,0.053193,0.037436
