vet-ins,vet-fnd,avl-ins,avl-fnd,hst-ins,hst-fnd,htr-ins,htr-fnd
0.002001,0.000066,0.005749,0.001925,0.003235,0.000159,0.004548,0.001077
0.004559,0.000262,0.013097,0.008725,0.005416,0.000541,0.010125,0.005416
0.006362,0.000264,0.025913,0.009422,0.010418,0.000541,0.022488,0.006287
0.014705,0.000768,0.074015,0.032108,0.023063,0.001609,0.062708,0.021686
0.018655,0.002245,0.070229,0.089162,0.021253,0.004944,0.064218,0.065871
