vet-ins,vet-fnd,avl-ins,avl-fnd,hst-ins,hst-fnd,htr-ins,htr-fnd
0.001976,0.000065,0.005256,0.001820,0.003031,0.000131,0.003920,0.001053
0.006575,0.000340,0.012422,0.009562,0.005923,0.000540,0.012038,0.006484
0.006876,0.000268,0.027948,0.009759,0.011275,0.000540,0.023247,0.006091
0.013831,0.000669,0.059001,0.028096,0.022113,0.001347,0.053615,0.017840
0.018499,0.002206,0.061396,0.078033,0.021816,0.004057,0.052352,0.053344
