vet-ins,vet-fnd,avl-ins,avl-fnd,hst-ins,hst-fnd,htr-ins,htr-fnd
0.000534,0.000019,0.001886,0.000663,0.000797,0.004371,0.002148,0.000704
0.002774,0.000200,0.011687,0.008208,0.003653,0.188150,0.012944,0.008423
0.003965,0.000204,0.025894,0.008785,0.006678,0.293589,0.028673,0.009567
0.008685,0.000503,0.059645,0.024385,0.013229,0.729505,0.061652,0.025531
0.007628,0.001443,0.060018,0.074078,0.013314,1.687747,0.063042,0.077198
