vet-ins,vet-fnd,avl-ins,avl-fnd,hst-ins,hst-fnd,htr-ins,htr-fnd
0.002222,0.000067,0.005729,0.001851,0.003374,0.000147,0.004410,0.001208
0.004627,0.000267,0.012427,0.008646,0.006240,0.000541,0.010378,0.005544
0.006514,0.000269,0.026085,0.009197,0.011271,0.000539,0.022882,0.006192
0.013168,0.000669,0.058909,0.025707,0.021797,0.001348,0.058761,0.019828
0.016596,0.002005,0.063743,0.080208,0.021596,0.004052,0.052609,0.052878
