vet-ins,vet-fnd,avl-ins,avl-fnd,hst-ins,hst-fnd,htr-ins,htr-fnd
0.000559,0.000020,0.001872,0.000668,0.000762,0.004283,0.002136,0.000715
0.002361,0.000193,0.011515,0.008025,0.003583,0.191416,0.012999,0.008391
0.004075,0.000203,0.025569,0.008736,0.006997,0.290976,0.028007,0.009152
0.008364,0.000507,0.058319,0.024793,0.012845,0.727731,0.061614,0.025214
0.007690,0.001615,0.057454,0.072694,0.013547,1.645791,0.059577,0.073018
