vet-ins,vet-fnd,avl-ins,avl-fnd,hst-ins,hst-fnd,htr-ins,htr-fnd
0.000541,0.000020,0.001882,0.000666,0.000784,0.004227,0.002120,0.000708
0.002360,0.000195,0.011374,0.007966,0.003811,0.191953,0.013493,0.008589
0.004039,0.000210,0.025522,0.009130,0.007219,0.293414,0.029015,0.009232
0.008977,0.000585,0.063557,0.024819,0.013567,0.566359,0.065933,0.025139
0.007595,0.001431,0.057822,0.080155,0.013277,1.672250,0.063111,0.073095
