vet-ins,vet-fnd,avl-ins,avl-fnd,hst-ins,hst-fnd,htr-ins,htr-fnd
0.000548,0.000020,0.001892,0.000666,0.000805,0.004210,0.002129,0.000705
0.002401,0.000189,0.012595,0.008549,0.003976,0.193876,0.014067,0.008989
0.004164,0.000216,0.026916,0.009806,0.007395,0.299843,0.029986,0.010346
0.008489,0.000495,0.062822,0.027262,0.013391,0.750226,0.068327,0.027685
0.007969,0.001472,0.062878,0.080468,0.013178,2.235456,0.063739,0.077168
