vet-ins,vet-fnd,avl-ins,avl-fnd,hst-ins,hst-fnd,htr-ins,htr-fnd
0.001958,0.000077,0.005802,0.002088,0.003369,0.000159,0.004639,0.001281
0.004189,0.000307,0.012763,0.009380,0.005399,0.000544,0.010218,0.005433
0.006235,0.000262,0.026169,0.009426,0.010389,0.000540,0.022602,0.006055
0.012888,0.000655,0.059949,0.025931,0.019639,0.001349,0.051911,0.017916
0.016169,0.001971,0.059637,0.080375,0.019017,0.004372,0.051765,0.059246
