vet-ins,vet-fnd,avl-ins,avl-fnd,hst-ins,hst-fnd,htr-ins,htr-fnd
0.000830,0.000027,0.003862,0.001940,0.003352,0.000135,0.004220,0.001218
0.008475,0.000402,0.013161,0.008654,0.005883,0.000543,0.010387,0.005450
0.006732,0.000268,0.029156,0.010479,0.011447,0.000538,0.022905,0.006079
0.013196,0.000669,0.059615,0.025618,0.022120,0.001375,0.062492,0.019724
0.016890,0.002029,0.067635,0.083212,0.020844,0.004051,0.053365,0.053901
