vet-ins,vet-fnd,avl-ins,avl-fnd,hst-ins,hst-fnd,htr-ins,htr-fnd
0.000550,0.000019,0.001936,0.000701,0.000836,0.003321,0.002126,0.000707
0.002235,0.000190,0.011544,0.007884,0.003687,0.141749,0.012370,0.008009
0.004184,0.000199,0.025654,0.008935,0.007058,0.221794,0.026877,0.008708
0.008134,0.000489,0.058595,0.024639,0.013306,0.540898,0.059136,0.024054
0.007597,0.001512,0.059128,0.076955,0.012592,2.189807,0.061144,0.076093
