vet-ins,vet-fnd,avl-ins,avl-fnd,hst-ins,hst-fnd,htr-ins,htr-fnd
0.002266,0.000067,0.005977,0.002188,0.003259,0.000158,0.004448,0.001104
0.004687,0.000313,0.014267,0.009691,0.006312,0.000539,0.011026,0.005711
0.006932,0.000313,0.027004,0.009177,0.011605,0.000550,0.024313,0.006761
0.013561,0.000807,0.062761,0.027349,0.022689,0.001355,0.058652,0.020062
0.018868,0.002168,0.065763,0.090179,0.024332,0.004873,0.061557,0.061374
