vet-ins,vet-fnd,avl-ins,avl-fnd,hst-ins,hst-fnd,htr-ins,htr-fnd
0.000526,0.000020,0.001924,0.000682,0.000795,0.003101,0.002058,0.000666
0.002377,0.000188,0.011282,0.007828,0.003660,0.142066,0.012284,0.007922
0.003972,0.000203,0.027001,0.009122,0.007010,0.290542,0.028074,0.009218
0.008157,0.000487,0.060165,0.024333,0.013249,0.734858,0.063217,0.025178
0.007744,0.001427,0.058867,0.076685,0.014017,2.203221,0.062284,0.077810
