vet-ins,vet-fnd,avl-ins,avl-fnd,hst-ins,hst-fnd,htr-ins,htr-fnd
0.002156,0.000067,0.005820,0.001921,0.003494,0.000159,0.004082,0.001081
0.004821,0.000267,0.013596,0.009675,0.006598,0.000545,0.011160,0.005453
0.006542,0.000267,0.026093,0.009180,0.011274,0.000539,0.022795,0.006090
0.013210,0.000668,0.059764,0.025818,0.021880,0.001347,0.057547,0.019282
0.016977,0.002007,0.060365,0.083843,0.020814,0.004064,0.055309,0.054368
