vet-ins,vet-fnd,avl-ins,avl-fnd,hst-ins,hst-fnd,htr-ins,htr-fnd
0.000920,0.000032,0.003577,0.001122,0.002181,0.000079,0.002749,0.000698
0.006034,0.000427,0.016559,0.009024,0.006934,0.000632,0.011055,0.005443
0.006752,0.000305,0.029789,0.009920,0.011698,0.000538,0.023050,0.006049
0.013888,0.000782,0.067298,0.026109,0.021867,0.001354,0.053534,0.018474
0.018371,0.002076,0.064006,0.078064,0.022202,0.004045,0.055654,0.054991
