vet-ins,vet-fnd,avl-ins,avl-fnd,hst-ins,hst-fnd,htr-ins,htr-fnd
0.001411,0.000048,0.003668,0.001129,0.002162,0.000094,0.002744,0.000650
0.006092,0.000391,0.018533,0.009793,0.006261,0.000539,0.010894,0.005929
0.006718,0.000275,0.027099,0.009164,0.011290,0.000540,0.023840,0.006762
0.013249,0.000668,0.060123,0.025971,0.022231,0.001346,0.054050,0.018955
0.016970,0.002008,0.060155,0.078051,0.020782,0.004064,0.059279,0.055368
