vet-ins,vet-fnd,avl-ins,avl-fnd,hst-ins,hst-fnd,htr-ins,htr-fnd
0.001125,0.000037,0.003146,0.001062,0.001731,0.000075,0.002249,0.000607
0.005020,0.000378,0.017947,0.009802,0.006789,0.000540,0.010813,0.006030
0.007078,0.000268,0.030900,0.010599,0.012661,0.000631,0.024527,0.006100
0.013538,0.000686,0.062283,0.026829,0.022194,0.001349,0.054643,0.018414
0.017427,0.002010,0.066789,0.085527,0.022869,0.004329,0.053265,0.053923
