vet-ins,vet-fnd,avl-ins,avl-fnd,hst-ins,hst-fnd,htr-ins,htr-fnd
0.000833,0.000031,0.003451,0.001137,0.002017,0.000095,0.002684,0.000739
0.005912,0.000384,0.016780,0.008726,0.005784,0.000663,0.010187,0.006032
0.007017,0.000308,0.027344,0.009678,0.010225,0.000540,0.022122,0.006014
0.013108,0.000655,0.059740,0.026293,0.021125,0.001403,0.059902,0.020000
0.016770,0.001970,0.059169,0.082835,0.018604,0.004108,0.050503,0.056074
