vet-ins,vet-fnd,avl-ins,avl-fnd,hst-ins,hst-fnd,htr-ins,htr-fnd
0.000522,0.000020,0.001887,0.000659,0.000801,0.003144,0.002031,0.000662
0.002311,0.000188,0.011324,0.007826,0.003675,0.141759,0.012558,0.007966
0.003871,0.000202,0.025724,0.008638,0.007158,0.223199,0.027243,0.008659
0.008083,0.000489,0.058596,0.024285,0.012775,0.724682,0.061517,0.025413
0.007503,0.001440,0.059256,0.072649,0.013607,1.645476,0.058495,0.071114
