vet-ins,vet-fnd,btr-ins,btr-fnd,hst-ins,hst-fnd,htr-ins,htr-fnd
0.002155,0.000073,0.006449,0.001994,0.003123,0.000149,0.004461,0.001198
0.004250,0.000267,0.013583,0.008481,0.005628,0.000630,0.010902,0.005400
0.006471,0.000268,0.028996,0.009012,0.010128,0.000545,0.022498,0.005977
0.012856,0.000680,0.064817,0.025521,0.019402,0.001363,0.056391,0.019224
0.016245,0.002011,0.064516,0.078347,0.018934,0.004087,0.051350,0.053884
