vet-ins,vet-fnd,avl-ins,avl-fnd,hst-ins,hst-fnd,htr-ins,htr-fnd
0.001964,0.000077,0.005865,0.002082,0.002981,0.000134,0.004162,0.001093
0.004182,0.000262,0.012579,0.008722,0.005402,0.000536,0.010048,0.005410
0.006983,0.000263,0.025765,0.009257,0.010510,0.000561,0.026729,0.006634
0.013560,0.000799,0.060190,0.028326,0.019985,0.001337,0.055170,0.019349
0.018534,0.002297,0.060702,0.080462,0.019274,0.004026,0.058978,0.058489
