vet-ins,vet-fnd,avl-ins,avl-fnd,hst-ins,hst-fnd,htr-ins,htr-fnd
0.000521,0.000019,0.001874,0.000660,0.000794,0.003136,0.002061,0.000664
0.002306,0.000187,0.011369,0.007850,0.003702,0.141767,0.012166,0.007899
0.003980,0.000199,0.025638,0.008659,0.007301,0.222599,0.026773,0.008566
0.008266,0.000487,0.058342,0.024143,0.013504,0.546518,0.059187,0.024204
0.007519,0.001418,0.059840,0.074710,0.012911,2.193954,0.061069,0.075279
