vet-ins,vet-fnd,avl-ins,avl-fnd,hst-ins,hst-fnd,htr-ins,htr-fnd
0.000802,0.000027,0.002180,0.000758,0.001162,0.000053,0.001603,0.000436
0.004192,0.000308,0.014636,0.010144,0.006339,0.000535,0.012164,0.006315
0.006282,0.000264,0.026019,0.009291,0.010215,0.000536,0.022221,0.006037
0.012925,0.000657,0.060441,0.026491,0.020328,0.001427,0.052486,0.018007
0.019197,0.002328,0.060831,0.083874,0.018657,0.004441,0.051607,0.057152
