vet-ins,vet-fnd,avl-ins,avl-fnd,hst-ins,hst-fnd,htr-ins,htr-fnd
0.000805,0.000027,0.002154,0.000850,0.001369,0.000067,0.001730,0.000513
0.003889,0.000263,0.012245,0.009028,0.005408,0.000545,0.010067,0.005423
0.006292,0.000263,0.029301,0.010595,0.011804,0.000627,0.023694,0.006253
0.012836,0.000657,0.059531,0.026131,0.019704,0.001341,0.057994,0.018193
0.016431,0.001972,0.059913,0.079199,0.018602,0.004048,0.051350,0.054290
