vet-ins,vet-fnd,avl-ins,avl-fnd,hst-ins,hst-fnd,htr-ins,htr-fnd
0.001901,0.000069,0.005273,0.001840,0.002781,0.000134,0.003851,0.001052
0.005560,0.000262,0.012782,0.008725,0.005412,0.000535,0.010554,0.005425
0.006587,0.000265,0.025948,0.009307,0.010252,0.000535,0.022235,0.006073
0.012727,0.000660,0.059428,0.026327,0.019761,0.001340,0.052294,0.018402
0.016726,0.001974,0.059814,0.091792,0.018902,0.004089,0.051306,0.054003
