vet-ins,vet-fnd,avl-ins,avl-fnd,hst-ins,hst-fnd,htr-ins,htr-fnd
0.000894,0.000027,0.002426,0.000806,0.001300,0.000063,0.001954,0.000464
0.003981,0.000284,0.013888,0.008979,0.005881,0.000540,0.010814,0.005479
0.006411,0.000268,0.026147,0.009490,0.012233,0.000539,0.024091,0.006599
0.013256,0.000669,0.058663,0.027894,0.022153,0.001349,0.054387,0.017845
0.016603,0.002010,0.060712,0.078740,0.021191,0.004055,0.052783,0.055349
