vet-ins,vet-fnd,avl-ins,avl-fnd,hst-ins,hst-fnd,htr-ins,htr-fnd
0.002267,0.000077,0.006339,0.002114,0.003364,0.000168,0.005409,0.001405
0.004156,0.000327,0.014700,0.009608,0.006359,0.000645,0.010618,0.006299
0.007203,0.000308,0.029311,0.010264,0.011116,0.000633,0.026072,0.007138
0.014663,0.000768,0.069005,0.030664,0.022852,0.001585,0.061422,0.022674
0.017492,0.001970,0.070321,0.096139,0.021783,0.004821,0.060578,0.066114
