vet-ins,vet-fnd,avl-ins,avl-fnd,hst-ins,hst-fnd,htr-ins,htr-fnd
0.000526,0.000020,0.001911,0.000664,0.000763,0.004246,0.002121,0.000704
0.002330,0.000195,0.011501,0.007921,0.003579,0.187045,0.012751,0.008454
0.004012,0.000203,0.026016,0.008739,0.007082,0.291570,0.028101,0.009122
0.008112,0.000486,0.058837,0.024823,0.012907,0.731939,0.069626,0.028052
0.008542,0.001835,0.065857,0.076414,0.013200,2.215281,0.064853,0.083048
