vet-ins,vet-fnd,avl-ins,avl-fnd,hst-ins,hst-fnd,htr-ins,htr-fnd
0.000531,0.000019,0.001908,0.000667,0.000762,0.004229,0.002141,0.000704
0.002316,0.000188,0.011290,0.007846,0.003585,0.187453,0.013020,0.008288
0.003932,0.000204,0.025837,0.008649,0.007576,0.290036,0.028292,0.009061
0.008075,0.000488,0.059598,0.024299,0.012909,0.727484,0.060967,0.024867
0.007580,0.001437,0.057968,0.072968,0.012818,2.210095,0.064178,0.076930
