vet-ins,vet-fnd,avl-ins,avl-fnd,hst-ins,hst-fnd,htr-ins,htr-fnd
0.000835,0.000032,0.003344,0.001198,0.002103,0.000094,0.002694,0.000763
0.006014,0.000454,0.016923,0.008628,0.005885,0.000541,0.010433,0.005430
0.006712,0.000334,0.028611,0.009215,0.011223,0.000538,0.022936,0.006547
0.013223,0.000705,0.064477,0.026418,0.021819,0.001345,0.053547,0.018071
0.017405,0.002355,0.061629,0.078105,0.022024,0.004512,0.055386,0.060204
