vet-ins,vet-fnd,avl-ins,avl-fnd,hst-ins,hst-fnd,htr-ins,htr-fnd
0.000928,0.000031,0.002552,0.000882,0.001404,0.000054,0.001778,0.000598
0.004007,0.000277,0.014211,0.009600,0.005426,0.000627,0.012217,0.006500
0.007240,0.000308,0.030550,0.010882,0.012093,0.000648,0.026855,0.007066
0.014913,0.000767,0.068000,0.029208,0.020484,0.001338,0.063948,0.018059
0.016419,0.002000,0.062558,0.081623,0.019021,0.004013,0.052387,0.054111
