vet-ins,vet-fnd,avl-ins,avl-fnd,hst-ins,hst-fnd,htr-ins,htr-fnd
0.002061,0.000064,0.005357,0.001843,0.002867,0.000130,0.003827,0.001050
0.005006,0.000267,0.013736,0.008757,0.005467,0.000535,0.010078,0.005414
0.006557,0.000269,0.026529,0.009305,0.010195,0.000546,0.022127,0.006035
0.012736,0.000657,0.061845,0.026236,0.019829,0.001337,0.052465,0.018067
0.016413,0.002001,0.062512,0.083482,0.019962,0.004035,0.051245,0.057257
