vet-ins,vet-fnd,avl-ins,avl-fnd,hst-ins,hst-fnd,htr-ins,htr-fnd
0.000865,0.000026,0.002337,0.000929,0.001204,0.000063,0.001888,0.000434
0.003957,0.000262,0.012271,0.009154,0.005387,0.000541,0.010635,0.005401
0.007237,0.000316,0.028223,0.011827,0.010201,0.000540,0.022331,0.006094
0.012873,0.000657,0.060914,0.031224,0.022097,0.001493,0.051280,0.018042
0.016177,0.001976,0.067489,0.080077,0.018677,0.004109,0.051671,0.055464
