vet-ins,vet-fnd,avl-ins,avl-fnd,hst-ins,hst-fnd,htr-ins,htr-fnd
0.000903,0.000032,0.003151,0.001039,0.001743,0.000074,0.002256,0.000606
0.005049,0.000375,0.017488,0.009908,0.006077,0.000540,0.010780,0.005477
0.007378,0.000267,0.030799,0.011027,0.013242,0.000645,0.027445,0.007367
0.015129,0.000783,0.074781,0.031531,0.025577,0.001583,0.067033,0.021509
0.020192,0.002400,0.072004,0.096679,0.024429,0.004759,0.064392,0.065107
