vet-ins,vet-fnd,avl-ins,avl-fnd,hst-ins,hst-fnd,htr-ins,htr-fnd
0.000528,0.000019,0.001927,0.000665,0.000803,0.003302,0.002144,0.000734
0.002390,0.000192,0.012398,0.008210,0.004023,0.145901,0.012862,0.008490
0.004005,0.000202,0.027751,0.009239,0.007172,0.294610,0.032689,0.011397
0.008869,0.000499,0.061193,0.024357,0.013198,0.743183,0.064279,0.025012
0.007543,0.001464,0.058489,0.072422,0.012772,2.178502,0.064032,0.077603
