vet-ins,vet-fnd,avl-ins,avl-fnd,hst-ins,hst-fnd,htr-ins,htr-fnd
0.000804,0.000026,0.003104,0.001046,0.001599,0.000075,0.002228,0.000605
0.004873,0.000371,0.016513,0.009596,0.006100,0.000540,0.011514,0.006340
0.007137,0.000307,0.027521,0.009323,0.010575,0.000543,0.022562,0.006014
0.013103,0.000769,0.058695,0.029307,0.021184,0.001356,0.052926,0.018077
0.016386,0.001968,0.060695,0.081393,0.018590,0.004101,0.052114,0.056248
