vet-ins,vet-fnd,avl-ins,avl-fnd,hst-ins,hst-fnd,htr-ins,htr-fnd
0.001970,0.000065,0.005210,0.001806,0.003041,0.000131,0.003915,0.001049
0.006703,0.000368,0.013285,0.008622,0.005916,0.000540,0.010347,0.005434
0.007133,0.000273,0.028960,0.011552,0.012840,0.000653,0.026730,0.007044
0.013196,0.000674,0.064096,0.026942,0.022103,0.001363,0.052925,0.018521
0.016599,0.002005,0.061922,0.080010,0.021785,0.004050,0.056873,0.060913
