vet-ins,vet-fnd,avl-ins,avl-fnd,hst-ins,hst-fnd,htr-ins,htr-fnd
0.002069,0.000066,0.005803,0.002176,0.003049,0.000134,0.004186,0.001240
0.004976,0.000267,0.013190,0.008720,0.005375,0.000544,0.010039,0.005391
0.006397,0.000266,0.026193,0.009220,0.011140,0.000640,0.022889,0.006032
0.012691,0.000656,0.060399,0.028783,0.021564,0.001342,0.052157,0.017961
0.017466,0.002267,0.067288,0.079043,0.018950,0.004027,0.050911,0.054739
