vet-ins,vet-fnd,avl-ins,avl-fnd,hst-ins,hst-fnd,htr-ins,htr-fnd
0.000527,0.000019,0.001924,0.000658,0.000790,0.003156,0.002019,0.000695
0.002335,0.000190,0.011292,0.007850,0.003518,0.141858,0.012670,0.008035
0.004062,0.000198,0.025504,0.008586,0.006732,0.287666,0.030860,0.009781
0.008267,0.000506,0.059139,0.028109,0.012815,0.723589,0.060944,0.024889
0.007560,0.001432,0.058356,0.073533,0.013586,1.694225,0.068477,0.079638
