vet-ins,vet-fnd,avl-ins,avl-fnd,hst-ins,hst-fnd,htr-ins,htr-fnd
0.000795,0.000026,0.002501,0.000885,0.001434,0.000063,0.001870,0.000530
0.003574,0.000266,0.012335,0.008729,0.005414,0.000536,0.010061,0.005378
0.006645,0.000264,0.025840,0.009271,0.010209,0.000535,0.022401,0.006001
0.012966,0.000657,0.060943,0.026909,0.019759,0.001338,0.056520,0.019554
0.018499,0.002309,0.059480,0.081925,0.018636,0.004052,0.052199,0.059304
