vet-ins,vet-fnd,avl-ins,avl-fnd,hst-ins,hst-fnd,htr-ins,htr-fnd
0.000845,0.000031,0.003326,0.001175,0.002120,0.000095,0.002670,0.000766
0.006052,0.000401,0.018447,0.010058,0.005890,0.000540,0.011192,0.006237
0.006978,0.000267,0.027501,0.010439,0.011576,0.000539,0.023864,0.006827
0.013812,0.000678,0.063950,0.028979,0.023369,0.001350,0.054851,0.019009
0.017768,0.002010,0.063603,0.091396,0.023575,0.004435,0.060761,0.064521
