vet-ins,vet-fnd,avl-ins,avl-fnd,hst-ins,hst-fnd,htr-ins,htr-fnd
0.000524,0.000020,0.001908,0.000664,0.000759,0.004301,0.002134,0.000705
0.002308,0.000190,0.011341,0.007979,0.003608,0.188267,0.013066,0.008431
0.004030,0.000205,0.025354,0.008676,0.007063,0.291250,0.028091,0.009161
0.008170,0.000493,0.058297,0.024232,0.012872,0.725418,0.060922,0.025154
0.007598,0.001435,0.057375,0.072758,0.012998,2.173984,0.061513,0.076703
