vet-ins,vet-fnd,avl-ins,avl-fnd,hst-ins,hst-fnd,htr-ins,htr-fnd
0.002110,0.000072,0.005875,0.002052,0.003124,0.000147,0.004262,0.001180
0.004313,0.000266,0.012333,0.008753,0.005381,0.000545,0.011134,0.006387
0.006599,0.000264,0.029191,0.010545,0.012536,0.000541,0.023178,0.006601
0.012565,0.000655,0.060678,0.026235,0.020647,0.001386,0.057826,0.018361
0.017337,0.001967,0.059824,0.079700,0.019365,0.004801,0.056718,0.057326
