vet-ins,vet-fnd,avl-ins,avl-fnd,hst-ins,hst-fnd,htr-ins,htr-fnd
0.000531,0.000019,0.001946,0.000678,0.000767,0.004196,0.002132,0.000705
0.002312,0.000199,0.012573,0.008262,0.004026,0.191510,0.013726,0.010885
0.004465,0.000200,0.026989,0.008839,0.007132,0.227252,0.028021,0.008829
0.008086,0.000507,0.059384,0.024510,0.014184,0.546928,0.062744,0.024683
0.007584,0.001442,0.063054,0.075537,0.013173,1.692987,0.059719,0.071921
