vet-ins,vet-fnd,avl-ins,avl-fnd,hst-ins,hst-fnd,htr-ins,htr-fnd
0.000937,0.000031,0.002407,0.000880,0.001441,0.000064,0.001884,0.000508
0.003522,0.000307,0.012717,0.009093,0.005813,0.000562,0.010126,0.005404
0.006433,0.000263,0.026225,0.009960,0.010211,0.000541,0.022106,0.006003
0.013971,0.000660,0.068302,0.027488,0.020821,0.001350,0.052995,0.017997
0.018655,0.002354,0.070155,0.089552,0.020633,0.004541,0.054818,0.062672
