vet-ins,vet-fnd,avl-ins,avl-fnd,hst-ins,hst-fnd,htr-ins,htr-fnd
0.000555,0.000021,0.001975,0.000696,0.000843,0.003341,0.002131,0.000704
0.002330,0.000188,0.011390,0.007861,0.003671,0.144355,0.013075,0.008307
0.004016,0.000217,0.028538,0.009363,0.007483,0.224900,0.027170,0.010918
0.008229,0.000505,0.059218,0.024553,0.013844,0.548779,0.064416,0.024876
0.007554,0.001452,0.059391,0.075108,0.012577,2.196715,0.060009,0.078524
