vet-ins,vet-fnd,avl-ins,avl-fnd,hst-ins,hst-fnd,htr-ins,htr-fnd
0.000824,0.000027,0.002461,0.000744,0.001264,0.000054,0.001622,0.000436
0.004201,0.000313,0.013788,0.009151,0.006576,0.000655,0.011024,0.005933
0.007235,0.000286,0.028972,0.010162,0.012357,0.000540,0.024951,0.006172
0.014259,0.000673,0.063372,0.027191,0.023579,0.001559,0.055926,0.019015
0.017918,0.002035,0.063058,0.082957,0.021797,0.004369,0.058798,0.057032
