vet-ins,vet-fnd,avl-ins,avl-fnd,hst-ins,hst-fnd,htr-ins,htr-fnd
0.000663,0.000019,0.001869,0.000657,0.000797,0.003172,0.002041,0.000666
0.002425,0.000193,0.011789,0.008133,0.003781,0.144721,0.013536,0.008278
0.004056,0.000201,0.026186,0.008923,0.007265,0.223348,0.026770,0.008622
0.008167,0.000502,0.063778,0.026291,0.013539,0.549592,0.060216,0.024152
0.007535,0.001439,0.058106,0.073199,0.012612,2.207437,0.061311,0.075889
