vet-ins,vet-fnd,avl-ins,avl-fnd,hst-ins,hst-fnd,htr-ins,htr-fnd
0.001986,0.000078,0.005751,0.002045,0.003048,0.000157,0.004424,0.001141
0.004214,0.000328,0.013827,0.009385,0.006028,0.000538,0.010136,0.005666
0.006699,0.000263,0.025629,0.009247,0.011208,0.000602,0.025108,0.006807
0.013072,0.000657,0.058930,0.026570,0.020058,0.001337,0.051478,0.021267
0.016147,0.001972,0.058598,0.082716,0.018562,0.004104,0.050141,0.054330
