vet-ins,vet-fnd,avl-ins,avl-fnd,hst-ins,hst-fnd,htr-ins,htr-fnd
0.000824,0.000027,0.002195,0.000877,0.001515,0.000061,0.001636,0.000439
0.003542,0.000267,0.012436,0.008663,0.005895,0.000538,0.010430,0.005478
0.006664,0.000268,0.026517,0.009227,0.011668,0.000538,0.023394,0.006072
0.013190,0.000762,0.061210,0.026221,0.022090,0.001351,0.059111,0.019204
0.016922,0.002012,0.060964,0.083464,0.021906,0.004080,0.056738,0.055125
