vet-ins,vet-fnd,avl-ins,avl-fnd,hst-ins,hst-fnd,htr-ins,htr-fnd
0.002183,0.000065,0.005247,0.001820,0.003031,0.000131,0.003916,0.001056
0.005241,0.000272,0.013149,0.009003,0.006247,0.000540,0.010432,0.005730
0.006751,0.000267,0.027166,0.009300,0.011276,0.000538,0.025519,0.008047
0.013132,0.000669,0.061319,0.029307,0.022266,0.001353,0.056192,0.023546
0.017419,0.002007,0.061741,0.082702,0.021420,0.004477,0.052565,0.055771
