vet-ins,vet-fnd,avl-ins,avl-fnd,hst-ins,hst-fnd,htr-ins,htr-fnd
0.000543,0.000019,0.001893,0.000660,0.000821,0.003122,0.002047,0.000678
0.002364,0.000205,0.011451,0.007894,0.003681,0.147577,0.013071,0.008478
0.004085,0.000202,0.025707,0.008724,0.007129,0.228126,0.027490,0.009178
0.009110,0.000488,0.061691,0.024968,0.013793,0.558256,0.064172,0.024692
0.008163,0.001448,0.066306,0.075788,0.012855,1.649087,0.060793,0.071388
