vet-ins,vet-fnd,avl-ins,avl-fnd,hst-ins,hst-fnd,htr-ins,htr-fnd
0.002113,0.000072,0.005922,0.002051,0.003112,0.000152,0.004350,0.001176
0.004535,0.000314,0.014261,0.009769,0.005952,0.000633,0.011448,0.005392
0.007263,0.000328,0.026683,0.009218,0.010168,0.000543,0.022136,0.005976
0.012652,0.000655,0.058881,0.028134,0.022868,0.001353,0.054437,0.017973
0.016517,0.001976,0.061602,0.093207,0.019315,0.004190,0.054613,0.066845
