vet-ins,vet-fnd,avl-ins,avl-fnd,hst-ins,hst-fnd,htr-ins,htr-fnd
0.000821,0.000027,0.002170,0.000749,0.001259,0.000054,0.001650,0.000513
0.003984,0.000267,0.012372,0.008639,0.006362,0.000640,0.011966,0.006072
0.006647,0.000268,0.028368,0.009172,0.011574,0.000539,0.023798,0.006076
0.013498,0.000668,0.064590,0.030000,0.025470,0.001584,0.061784,0.020855
0.018068,0.002011,0.059933,0.079417,0.021119,0.004437,0.061115,0.061873
