vet-ins,vet-fnd,avl-ins,avl-fnd,hst-ins,hst-fnd,htr-ins,htr-fnd
0.000903,0.000027,0.002171,0.000756,0.001257,0.000054,0.001625,0.000493
0.004273,0.000314,0.013868,0.010024,0.006598,0.000634,0.011793,0.005950
0.006555,0.000290,0.026490,0.009740,0.011542,0.000540,0.024335,0.007003
0.013126,0.000668,0.060497,0.026141,0.022177,0.001364,0.053190,0.017845
0.016607,0.002011,0.059022,0.078019,0.020690,0.004728,0.052451,0.057494
