vet-ins,vet-fnd,avl-ins,avl-fnd,hst-ins,hst-fnd,htr-ins,htr-fnd
0.001198,0.000040,0.003147,0.001040,0.001738,0.000075,0.002265,0.000607
0.005069,0.000371,0.017267,0.011234,0.006928,0.000707,0.012160,0.006298
0.007452,0.000268,0.030136,0.009902,0.011943,0.000541,0.024775,0.006482
0.015036,0.000833,0.067871,0.027269,0.021934,0.001356,0.053839,0.018181
0.016928,0.002014,0.059860,0.081171,0.021062,0.004760,0.059409,0.055295
