vet-ins,vet-fnd,avl-ins,avl-fnd,hst-ins,hst-fnd,htr-ins,htr-fnd
0.000556,0.000019,0.001863,0.000664,0.000758,0.004232,0.002117,0.000706
0.002355,0.000196,0.011352,0.007921,0.003629,0.189474,0.012976,0.008385
0.004020,0.000204,0.025452,0.008682,0.007459,0.291000,0.028152,0.009150
0.008200,0.000495,0.058151,0.024283,0.013588,0.546917,0.059266,0.024207
0.007752,0.001499,0.059037,0.074497,0.013530,1.655527,0.059349,0.072475
