vet-ins,vet-fnd,avl-ins,avl-fnd,hst-ins,hst-fnd,htr-ins,htr-fnd
0.002184,0.000073,0.005938,0.002046,0.003394,0.000147,0.004342,0.001189
0.004241,0.000268,0.012396,0.008679,0.005869,0.000541,0.010299,0.005462
0.006460,0.000268,0.026810,0.010079,0.011194,0.000539,0.022782,0.006058
0.013263,0.000668,0.059195,0.025839,0.021787,0.001349,0.052881,0.018518
0.017727,0.002009,0.064485,0.078016,0.020721,0.004043,0.052881,0.058570
