vet-ins,vet-fnd,avl-ins,avl-fnd,hst-ins,hst-fnd,htr-ins,htr-fnd
0.002111,0.000071,0.005935,0.002058,0.003118,0.000147,0.004333,0.001183
0.004138,0.000262,0.012426,0.008727,0.005387,0.000546,0.010154,0.005387
0.006259,0.000263,0.026188,0.009270,0.010213,0.000540,0.022089,0.005965
0.012570,0.000689,0.060173,0.026817,0.020694,0.001349,0.052053,0.017692
0.018027,0.002389,0.061831,0.079227,0.018569,0.004081,0.055512,0.055093
