vet-ins,vet-fnd,avl-ins,avl-fnd,hst-ins,hst-fnd,htr-ins,htr-fnd
0.002250,0.000085,0.005893,0.002045,0.003494,0.000159,0.004417,0.001195
0.004452,0.000360,0.014061,0.009643,0.006926,0.000687,0.011667,0.005497
0.006726,0.000293,0.026057,0.009197,0.011980,0.000584,0.022842,0.006069
0.013482,0.000730,0.059626,0.026120,0.022668,0.001473,0.052933,0.018249
0.018296,0.002490,0.061334,0.083615,0.021904,0.004394,0.052077,0.053965
