vet-ins,vet-fnd,avl-ins,avl-fnd,hst-ins,hst-fnd,htr-ins,htr-fnd
0.002319,0.000078,0.006011,0.001890,0.003381,0.000157,0.004314,0.001084
0.005077,0.000273,0.012779,0.008908,0.006451,0.000659,0.012073,0.006667
0.007444,0.000314,0.028851,0.009257,0.011633,0.000549,0.023119,0.006449
0.013039,0.000671,0.060822,0.031697,0.023568,0.001454,0.061106,0.019982
0.017572,0.002105,0.063069,0.082847,0.021195,0.004051,0.056326,0.054988
