vet-ins,vet-fnd,avl-ins,avl-fnd,hst-ins,hst-fnd,htr-ins,htr-fnd
0.002081,0.000079,0.005628,0.002105,0.003305,0.000135,0.004114,0.001140
0.004531,0.000268,0.012641,0.008663,0.005899,0.000539,0.010848,0.006170
0.007413,0.000313,0.027843,0.009415,0.011669,0.000542,0.022602,0.006057
0.013217,0.000668,0.059285,0.025722,0.022983,0.001621,0.053627,0.017851
0.017658,0.002451,0.063479,0.086216,0.020748,0.004115,0.056846,0.052984
