vet-ins,vet-fnd,avl-ins,avl-fnd,hst-ins,hst-fnd,htr-ins,htr-fnd
0.002297,0.000078,0.005667,0.001976,0.003330,0.000138,0.004298,0.001229
0.005426,0.000268,0.013921,0.009076,0.006265,0.000571,0.011152,0.005939
0.006980,0.000349,0.028145,0.010157,0.011841,0.000632,0.024381,0.007186
0.014151,0.000669,0.062916,0.026877,0.023763,0.001455,0.058651,0.020326
0.018020,0.002018,0.063157,0.085404,0.021056,0.004044,0.052961,0.056611
