vet-ins,vet-fnd,avl-ins,avl-fnd,hst-ins,hst-fnd,htr-ins,htr-fnd
0.002108,0.000071,0.005852,0.002044,0.003120,0.000148,0.004292,0.001196
0.003867,0.000320,0.013249,0.008810,0.005397,0.000545,0.010467,0.005436
0.006635,0.000263,0.025722,0.009281,0.010179,0.000540,0.021986,0.006015
0.012644,0.000655,0.058111,0.025944,0.019644,0.001365,0.051119,0.017855
0.018042,0.002302,0.060348,0.088870,0.019482,0.004127,0.050483,0.053733
