vet-ins,vet-fnd,avl-ins,avl-fnd,hst-ins,hst-fnd,htr-ins,htr-fnd
0.002138,0.000073,0.006004,0.002084,0.003168,0.000149,0.004373,0.001210
0.004558,0.000262,0.012311,0.008737,0.005384,0.000535,0.010096,0.005398
0.006268,0.000263,0.029646,0.011859,0.012190,0.000636,0.025735,0.006630
0.012651,0.000656,0.058165,0.026444,0.019658,0.001340,0.051646,0.017664
0.016065,0.002000,0.059254,0.082700,0.018561,0.004018,0.057359,0.057923
