vet-ins,vet-fnd,avl-ins,avl-fnd,hst-ins,hst-fnd,htr-ins,htr-fnd
0.001954,0.000065,0.005704,0.002025,0.003027,0.000159,0.003959,0.001081
0.005112,0.000407,0.015747,0.009959,0.006000,0.000541,0.011994,0.006364
0.006509,0.000263,0.026258,0.009216,0.010184,0.000544,0.021962,0.006034
0.012887,0.000767,0.063603,0.027235,0.020069,0.001366,0.051801,0.018058
0.017790,0.001970,0.061231,0.078846,0.018665,0.004147,0.051349,0.053436
