vet-ins,vet-fnd,avl-ins,avl-fnd,hst-ins,hst-fnd,htr-ins,htr-fnd
0.002212,0.000075,0.006070,0.002065,0.003459,0.000150,0.004470,0.001210
0.004074,0.000272,0.012457,0.008643,0.005914,0.000540,0.010365,0.005475
0.006504,0.000268,0.026936,0.009188,0.011267,0.000540,0.023216,0.006638
0.014464,0.000669,0.061705,0.025628,0.022179,0.001365,0.055084,0.020384
0.016990,0.002044,0.059456,0.078666,0.022485,0.004044,0.055683,0.053739
