vet-ins,vet-fnd,avl-ins,avl-fnd,hst-ins,hst-fnd,htr-ins,htr-fnd
0.002060,0.000079,0.005699,0.002072,0.003784,0.000199,0.004524,0.001253
0.004373,0.000314,0.014196,0.010077,0.006127,0.000543,0.011409,0.005725
0.007555,0.000268,0.028553,0.009860,0.011931,0.000537,0.023812,0.006573
0.013603,0.000784,0.069896,0.028612,0.023189,0.001358,0.057844,0.019054
0.017553,0.002017,0.065904,0.083532,0.021604,0.004144,0.059483,0.061185
