vet-ins,vet-fnd,avl-ins,avl-fnd,hst-ins,hst-fnd,htr-ins,htr-fnd
0.002237,0.000075,0.006024,0.002075,0.003457,0.000150,0.004455,0.001205
0.004417,0.000313,0.013674,0.008687,0.005915,0.000539,0.010346,0.005456
0.006591,0.000333,0.026281,0.011637,0.012835,0.000539,0.025811,0.006828
0.014033,0.000758,0.061861,0.027830,0.025060,0.001361,0.060574,0.020040
0.016832,0.002009,0.059495,0.084660,0.021259,0.004047,0.051515,0.055793
