vet-ins,vet-fnd,avl-ins,avl-fnd,hst-ins,hst-fnd,htr-ins,htr-fnd
0.002195,0.000073,0.006038,0.002030,0.003416,0.000147,0.004487,0.001188
0.004676,0.000315,0.015461,0.010384,0.007213,0.000645,0.012878,0.006669
0.007830,0.000337,0.032396,0.011285,0.013589,0.000685,0.028246,0.007488
0.015755,0.000792,0.073260,0.031863,0.026243,0.001641,0.061402,0.021754
0.019902,0.002438,0.072832,0.081340,0.020744,0.004045,0.052817,0.053257
