vet-ins,vet-fnd,avl-ins,avl-fnd,hst-ins,hst-fnd,htr-ins,htr-fnd
0.001925,0.000065,0.005700,0.002056,0.002903,0.000158,0.004028,0.001079
0.004492,0.000262,0.012217,0.008711,0.005394,0.000541,0.010033,0.005398
0.006275,0.000269,0.025634,0.009236,0.010202,0.000541,0.021924,0.005966
0.014061,0.000655,0.059428,0.025883,0.019606,0.001371,0.059853,0.020532
0.015960,0.001970,0.059111,0.083891,0.019200,0.004121,0.050314,0.052942
