vet-ins,vet-fnd,avl-ins,avl-fnd,hst-ins,hst-fnd,htr-ins,htr-fnd
0.002194,0.000074,0.006011,0.002042,0.003395,0.000146,0.004428,0.001194
0.004127,0.000314,0.013642,0.010223,0.006816,0.000637,0.012536,0.006360
0.007413,0.000276,0.026852,0.009251,0.011556,0.000539,0.023298,0.006488
0.013415,0.000668,0.059213,0.027783,0.022141,0.001472,0.055353,0.017804
0.018094,0.002328,0.060898,0.079140,0.020752,0.004046,0.052692,0.053528
