vet-ins,vet-fnd,avl-ins,avl-fnd,hst-ins,hst-fnd,htr-ins,htr-fnd
0.000868,0.000027,0.002848,0.001305,0.002124,0.000094,0.002587,0.000757
0.006023,0.000473,0.017316,0.009325,0.006199,0.000618,0.011283,0.006001
0.006835,0.000283,0.026128,0.009141,0.011233,0.000544,0.022723,0.006038
0.013169,0.000700,0.063297,0.026930,0.021830,0.001345,0.053845,0.018219
0.016621,0.002010,0.059639,0.080040,0.020967,0.004053,0.052418,0.052828
