vet-ins,vet-fnd,avl-ins,avl-fnd,hst-ins,hst-fnd,htr-ins,htr-fnd
0.001130,0.000037,0.002994,0.001046,0.001604,0.000075,0.002206,0.000604
0.004848,0.000364,0.016706,0.009669,0.006157,0.000662,0.011765,0.006110
0.006942,0.000308,0.027118,0.010423,0.011480,0.000539,0.022940,0.006234
0.012623,0.000662,0.059910,0.027571,0.020155,0.001456,0.052814,0.017536
0.016169,0.001966,0.060104,0.079087,0.018567,0.004048,0.050541,0.058389
