vet-ins,vet-fnd,avl-ins,avl-fnd,hst-ins,hst-fnd,htr-ins,htr-fnd
0.000520,0.000019,0.001882,0.000661,0.000757,0.004215,0.002133,0.000710
0.002302,0.000187,0.011304,0.007859,0.003581,0.185807,0.012721,0.008376
0.003889,0.000203,0.025604,0.008614,0.007216,0.288595,0.027991,0.009140
0.008074,0.000495,0.058137,0.024596,0.012844,0.718227,0.060631,0.024988
0.007571,0.001427,0.057117,0.072334,0.013600,1.639733,0.059396,0.072931
