vet-ins,vet-fnd,avl-ins,avl-fnd,hst-ins,hst-fnd,htr-ins,htr-fnd
0.000906,0.000026,0.002404,0.000833,0.001234,0.000064,0.001815,0.000435
0.003924,0.000268,0.013666,0.009720,0.005696,0.000544,0.010076,0.005882
0.006268,0.000263,0.025763,0.009248,0.010232,0.000541,0.022523,0.006061
0.014067,0.000773,0.061714,0.026771,0.020785,0.001446,0.059878,0.019957
0.016382,0.001977,0.059804,0.087887,0.019787,0.004052,0.053038,0.052918
