vet-ins,vet-fnd,avl-ins,avl-fnd,hst-ins,hst-fnd,htr-ins,htr-fnd
0.002201,0.000077,0.006310,0.002176,0.003648,0.000197,0.004457,0.001185
0.004398,0.000308,0.014881,0.010485,0.006535,0.000627,0.012115,0.006519
0.007552,0.000365,0.030844,0.010833,0.011853,0.000627,0.025816,0.007071
0.014828,0.000758,0.067907,0.030033,0.022743,0.001572,0.059877,0.021879
0.018398,0.002091,0.063698,0.092292,0.021228,0.004784,0.059011,0.060280
