vet-ins,vet-fnd,avl-ins,avl-fnd,hst-ins,hst-fnd,htr-ins,htr-fnd
0.001236,0.000037,0.003013,0.001043,0.001600,0.000075,0.002215,0.000602
0.004865,0.000364,0.016743,0.008721,0.005407,0.000545,0.010037,0.005408
0.006539,0.000262,0.025933,0.009235,0.010198,0.000537,0.021951,0.006013
0.013301,0.000658,0.068400,0.030592,0.021124,0.001350,0.051176,0.017814
0.016432,0.001967,0.059545,0.087299,0.018647,0.004080,0.051425,0.053805
