vet-ins,vet-fnd,avl-ins,avl-fnd,hst-ins,hst-fnd,htr-ins,htr-fnd
0.000573,0.000020,0.001871,0.000673,0.000796,0.003218,0.002069,0.000673
0.002414,0.000196,0.011522,0.008072,0.003713,0.142479,0.012300,0.007982
0.004068,0.000206,0.025721,0.008985,0.007227,0.224344,0.026775,0.008704
0.008433,0.000498,0.058187,0.024524,0.013496,0.548542,0.060375,0.024256
0.007612,0.001455,0.058915,0.073800,0.012655,2.190720,0.065001,0.075916
