vet-ins,vet-fnd,avl-ins,avl-fnd,hst-ins,hst-fnd,htr-ins,htr-fnd
0.001152,0.000038,0.003679,0.001305,0.001951,0.000094,0.002677,0.000658
0.005647,0.000393,0.016990,0.008709,0.005408,0.000536,0.010575,0.005402
0.006501,0.000267,0.028365,0.010531,0.010773,0.000535,0.022570,0.006019
0.012907,0.000656,0.059087,0.026092,0.019713,0.001469,0.054028,0.018318
0.017603,0.002420,0.064702,0.082161,0.018601,0.004029,0.051499,0.057649
