vet-ins,vet-fnd,avl-ins,avl-fnd,hst-ins,hst-fnd,htr-ins,htr-fnd
0.001973,0.000065,0.005315,0.001811,0.003034,0.000130,0.003913,0.001048
0.005379,0.000278,0.013513,0.008858,0.006028,0.000630,0.011829,0.006206
0.006889,0.000281,0.028564,0.010485,0.012163,0.000561,0.026147,0.006760
0.014637,0.000671,0.062634,0.031458,0.023379,0.001341,0.056258,0.018643
0.016794,0.002012,0.063520,0.094798,0.024561,0.004843,0.065906,0.064967
