vet-ins,vet-fnd,avl-ins,avl-fnd,hst-ins,hst-fnd,htr-ins,htr-fnd
0.000533,0.000019,0.001879,0.000666,0.000788,0.004293,0.002338,0.000703
0.002263,0.000191,0.011502,0.008156,0.003770,0.189282,0.012994,0.008343
0.003925,0.000201,0.025683,0.008667,0.006962,0.287909,0.028299,0.009114
0.008107,0.000489,0.058008,0.024495,0.013425,0.539433,0.059394,0.024063
0.007674,0.001427,0.058408,0.072692,0.013244,1.663372,0.060038,0.071870
