vet-ins,vet-fnd,avl-ins,avl-fnd,hst-ins,hst-fnd,htr-ins,htr-fnd
0.002093,0.000066,0.005805,0.001915,0.003026,0.000135,0.004251,0.001215
0.004582,0.000262,0.012271,0.010855,0.005715,0.000658,0.010491,0.005528
0.006668,0.000263,0.026639,0.009370,0.010203,0.000540,0.021957,0.006021
0.015086,0.000768,0.063129,0.026682,0.020110,0.001660,0.052316,0.017947
0.016870,0.001970,0.059567,0.079662,0.018664,0.004949,0.051802,0.053932
