vet-ins,vet-fnd,avl-ins,avl-fnd,hst-ins,hst-fnd,htr-ins,htr-fnd
0.000538,0.000020,0.001948,0.000677,0.000786,0.004287,0.002188,0.000722
0.002228,0.000214,0.011870,0.008085,0.003707,0.190047,0.012891,0.008269
0.004732,0.000221,0.026144,0.008701,0.007436,0.287856,0.028339,0.009114
0.008035,0.000501,0.058480,0.024193,0.012880,0.727544,0.060901,0.025024
0.007561,0.001586,0.057788,0.071938,0.012975,2.187143,0.062452,0.076137
