vet-ins,vet-fnd,avl-ins,avl-fnd,hst-ins,hst-fnd,htr-ins,htr-fnd
0.002187,0.000074,0.005917,0.002041,0.003388,0.000147,0.004377,0.001195
0.004197,0.000268,0.012426,0.008666,0.005883,0.000540,0.010331,0.005464
0.006483,0.000268,0.026171,0.009201,0.011899,0.000539,0.026201,0.006779
0.013091,0.000685,0.060431,0.026335,0.021711,0.001351,0.054399,0.021514
0.016902,0.002364,0.066821,0.082953,0.020763,0.004050,0.052687,0.054196
