vet-ins,vet-fnd,avl-ins,avl-fnd,hst-ins,hst-fnd,htr-ins,htr-fnd
0.002003,0.000076,0.005886,0.002014,0.003272,0.000135,0.004641,0.001433
0.004082,0.000268,0.012973,0.008977,0.006245,0.000545,0.010579,0.005436
0.006410,0.000269,0.027289,0.009211,0.011237,0.000537,0.023275,0.006069
0.013213,0.000671,0.059729,0.026308,0.022757,0.001343,0.055055,0.018172
0.017096,0.002146,0.062326,0.082729,0.021500,0.004080,0.053228,0.053184
