vet-ins,vet-fnd,avl-ins,avl-fnd,hst-ins,hst-fnd,htr-ins,htr-fnd
0.001347,0.000046,0.003695,0.001188,0.001917,0.000097,0.002633,0.000770
0.005820,0.000417,0.017036,0.009089,0.005371,0.000535,0.010107,0.005425
0.006280,0.000267,0.026734,0.009592,0.010643,0.000652,0.023175,0.006003
0.012610,0.000656,0.058751,0.026731,0.021411,0.001341,0.056558,0.017947
0.016395,0.002001,0.059109,0.084498,0.018600,0.004016,0.051459,0.053714
