vet-ins,vet-fnd,avl-ins,avl-fnd,hst-ins,hst-fnd,htr-ins,htr-fnd
0.000938,0.000032,0.002451,0.000867,0.001496,0.000054,0.001700,0.000519
0.004069,0.000272,0.012961,0.008637,0.005882,0.000542,0.010187,0.005426
0.006509,0.000269,0.026165,0.010479,0.012699,0.000631,0.025119,0.006897
0.013128,0.000669,0.058962,0.026026,0.022242,0.001347,0.056690,0.020409
0.016685,0.002389,0.065904,0.081231,0.020796,0.004053,0.052181,0.053443
