vet-ins,vet-fnd,avl-ins,avl-fnd,hst-ins,hst-fnd,htr-ins,htr-fnd
0.000558,0.000019,0.001906,0.000658,0.000755,0.004207,0.002180,0.000778
0.002526,0.000206,0.013038,0.008383,0.003642,0.193230,0.013935,0.008918
0.004557,0.000196,0.028542,0.009282,0.007271,0.294182,0.029522,0.011403
0.008703,0.000494,0.065691,0.025556,0.012895,0.727857,0.060594,0.024921
0.007525,0.001453,0.061069,0.072870,0.013392,1.669456,0.059396,0.072337
