vet-ins,vet-fnd,avl-ins,avl-fnd,hst-ins,hst-fnd,htr-ins,htr-fnd
0.002190,0.000073,0.005927,0.002033,0.003390,0.000147,0.004389,0.001190
0.004506,0.000313,0.014615,0.012103,0.007045,0.000634,0.012148,0.006409
0.007938,0.000318,0.031101,0.010879,0.013282,0.000665,0.026772,0.006701
0.013166,0.000668,0.058608,0.026096,0.021800,0.001347,0.053492,0.017767
0.017058,0.002237,0.059978,0.080464,0.021138,0.004058,0.059064,0.057822
