vet-ins,vet-fnd,avl-ins,avl-fnd,hst-ins,hst-fnd,htr-ins,htr-fnd
0.001263,0.000047,0.003727,0.001293,0.001990,0.000095,0.002732,0.000760
0.006041,0.000437,0.017374,0.008816,0.005893,0.000542,0.010430,0.005448
0.006601,0.000268,0.026323,0.009217,0.011270,0.000540,0.023215,0.006041
0.013205,0.000668,0.059477,0.029557,0.022649,0.001348,0.055298,0.019707
0.016551,0.002005,0.062150,0.079335,0.021214,0.004466,0.054583,0.055425
