vet-ins,vet-fnd,avl-ins,avl-fnd,hst-ins,hst-fnd,htr-ins,htr-fnd
0.001900,0.000063,0.005179,0.001826,0.002798,0.000129,0.003823,0.001050
0.006487,0.000364,0.012587,0.008761,0.005822,0.000535,0.010072,0.005931
0.006500,0.000271,0.025691,0.009259,0.010217,0.000535,0.022025,0.006012
0.013107,0.000661,0.058509,0.026223,0.020077,0.001338,0.051939,0.017951
0.016375,0.001966,0.059941,0.088464,0.018565,0.004019,0.050782,0.053134
