vet-ins,vet-fnd,avl-ins,avl-fnd,hst-ins,hst-fnd,htr-ins,htr-fnd
0.000555,0.000019,0.001872,0.000664,0.000790,0.003120,0.002022,0.000669
0.002305,0.000188,0.011390,0.007900,0.003479,0.139308,0.012053,0.007938
0.004174,0.000203,0.025695,0.008675,0.007006,0.220063,0.026984,0.009067
0.008377,0.000491,0.059503,0.024299,0.013388,0.548474,0.058348,0.024373
0.007547,0.001437,0.058690,0.073686,0.013296,1.662507,0.059342,0.072481
