vet-ins,vet-fnd,avl-ins,avl-fnd,hst-ins,hst-fnd,htr-ins,htr-fnd
0.001018,0.000044,0.003113,0.001044,0.001633,0.000087,0.002218,0.000611
0.004922,0.000364,0.017177,0.010270,0.006332,0.000637,0.011819,0.006489
0.007281,0.000308,0.030587,0.011360,0.011939,0.000637,0.026055,0.007539
0.019141,0.001091,0.084724,0.028125,0.020871,0.001627,0.056335,0.019135
0.017104,0.002072,0.066938,0.091700,0.021960,0.004819,0.062004,0.062140
