vet-ins,vet-fnd,avl-ins,avl-fnd,hst-ins,hst-fnd,htr-ins,htr-fnd
0.001971,0.000063,0.005269,0.001816,0.002801,0.000129,0.003857,0.001061
0.006010,0.000327,0.012507,0.008702,0.005419,0.000536,0.010162,0.005401
0.006280,0.000262,0.025954,0.009275,0.010212,0.000536,0.022551,0.006031
0.013370,0.000770,0.060580,0.026172,0.019715,0.001351,0.057276,0.021040
0.016652,0.001974,0.060286,0.084942,0.020970,0.004892,0.053761,0.053711
