vet-ins,vet-fnd,avl-ins,avl-fnd,hst-ins,hst-fnd,htr-ins,htr-fnd
0.000526,0.000020,0.001898,0.000663,0.000762,0.004241,0.002146,0.000713
0.002402,0.000195,0.011391,0.007932,0.003630,0.188458,0.013079,0.008440
0.003884,0.000202,0.025471,0.008706,0.007160,0.220885,0.026832,0.008695
0.008085,0.000494,0.058019,0.024709,0.013239,0.539751,0.059268,0.024331
0.007501,0.001459,0.057854,0.073293,0.012931,1.665785,0.059996,0.072293
