vet-ins,vet-fnd,avl-ins,avl-fnd,hst-ins,hst-fnd,htr-ins,htr-fnd
0.002135,0.000064,0.005276,0.001822,0.002778,0.000130,0.003855,0.001041
0.004871,0.000266,0.013504,0.009776,0.006502,0.000628,0.010439,0.006028
0.006271,0.000262,0.026853,0.010070,0.010205,0.000546,0.022455,0.006316
0.013075,0.000659,0.062943,0.028125,0.020138,0.001338,0.055047,0.018237
0.017184,0.002234,0.060016,0.080202,0.018751,0.004792,0.053315,0.053857
