vet-ins,vet-fnd,avl-ins,avl-fnd,hst-ins,hst-fnd,htr-ins,htr-fnd
0.000519,0.000019,0.001861,0.000670,0.000755,0.004247,0.002131,0.000729
0.002308,0.000187,0.011314,0.007830,0.003579,0.187779,0.013257,0.008583
0.004033,0.000207,0.025604,0.008683,0.007270,0.223418,0.027120,0.008753
0.008365,0.000490,0.058110,0.024471,0.013511,0.546436,0.059168,0.024157
0.007498,0.001449,0.058552,0.073620,0.013214,1.657595,0.060571,0.073262
