vet-ins,vet-fnd,avl-ins,avl-fnd,hst-ins,hst-fnd,htr-ins,htr-fnd
0.001902,0.000063,0.005257,0.001813,0.002796,0.000130,0.003839,0.001047
0.006460,0.000364,0.012878,0.008689,0.005408,0.000540,0.010107,0.005746
0.006290,0.000263,0.025948,0.009246,0.010221,0.000540,0.022043,0.005994
0.013025,0.000660,0.066730,0.027766,0.019734,0.001353,0.054679,0.020994
0.016397,0.001967,0.060319,0.078654,0.018618,0.004106,0.051481,0.056108
