vet-ins,vet-fnd,avl-ins,avl-fnd,hst-ins,hst-fnd,htr-ins,htr-fnd
0.002039,0.000079,0.005655,0.002105,0.003269,0.000134,0.004159,0.001134
0.004549,0.000267,0.012812,0.009060,0.006609,0.000549,0.010673,0.005865
0.007000,0.000314,0.027773,0.009555,0.011288,0.000540,0.023135,0.006108
0.013236,0.000668,0.063189,0.026181,0.022340,0.001349,0.054060,0.017863
0.016656,0.002006,0.059316,0.078337,0.021105,0.004048,0.052530,0.052898
