vet-ins,vet-fnd,avl-ins,avl-fnd,hst-ins,hst-fnd,htr-ins,htr-fnd
0.002190,0.000073,0.005891,0.002030,0.003397,0.000147,0.004368,0.001180
0.004655,0.000267,0.012402,0.008880,0.005912,0.000633,0.012284,0.006473
0.007489,0.000327,0.029260,0.010367,0.011885,0.000539,0.022781,0.006399
0.013103,0.000669,0.060246,0.025836,0.021873,0.001350,0.053963,0.018093
0.016877,0.002010,0.061372,0.093497,0.024385,0.004750,0.063460,0.064690
