vet-ins,vet-fnd,avl-ins,avl-fnd,hst-ins,hst-fnd,htr-ins,htr-fnd
0.000572,0.000020,0.001899,0.000683,0.000774,0.004191,0.002182,0.000729
0.002415,0.000187,0.011340,0.007938,0.003608,0.189408,0.013375,0.008531
0.004043,0.000202,0.028017,0.009526,0.006849,0.294878,0.028220,0.009094
0.008196,0.000506,0.059007,0.024470,0.013312,0.729736,0.061982,0.025121
0.007728,0.001454,0.060871,0.073875,0.012549,2.239228,0.060469,0.077100
