vet-ins,vet-fnd,avl-ins,avl-fnd,hst-ins,hst-fnd,htr-ins,htr-fnd
0.002189,0.000079,0.005975,0.002033,0.003396,0.000146,0.004471,0.001198
0.004377,0.000314,0.014678,0.010339,0.006909,0.000636,0.012307,0.006465
0.007518,0.000318,0.030972,0.011094,0.011522,0.000655,0.025491,0.006736
0.015362,0.000787,0.072240,0.031380,0.025431,0.001588,0.063684,0.020989
0.018457,0.002229,0.066825,0.086961,0.024276,0.004725,0.057754,0.058270
