vet-ins,vet-fnd,avl-ins,avl-fnd,hst-ins,hst-fnd,htr-ins,htr-fnd
0.000553,0.000037,0.001914,0.000668,0.000814,0.003840,0.002452,0.000681
0.002366,0.000190,0.012191,0.008239,0.003709,0.147035,0.012860,0.008416
0.004233,0.000208,0.026799,0.008921,0.007513,0.231197,0.027251,0.009057
0.008216,0.000488,0.064967,0.024913,0.013686,0.557531,0.061350,0.024728
0.007688,0.001492,0.058638,0.073847,0.013222,1.668120,0.060814,0.073010
