vet-ins,vet-fnd,avl-ins,avl-fnd,hst-ins,hst-fnd,htr-ins,htr-fnd
0.002121,0.000067,0.005673,0.001988,0.003235,0.000136,0.004201,0.001245
0.005205,0.000320,0.012797,0.008647,0.005892,0.000541,0.010823,0.005461
0.007251,0.000339,0.028207,0.009197,0.011225,0.000543,0.023033,0.006048
0.013211,0.000669,0.059372,0.026181,0.024386,0.001395,0.063725,0.020537
0.017109,0.002030,0.063146,0.080924,0.021606,0.004051,0.053332,0.052601
