vet-ins,vet-fnd,avl-ins,avl-fnd,hst-ins,hst-fnd,htr-ins,htr-fnd
0.002118,0.000072,0.005899,0.002053,0.003110,0.000146,0.004306,0.001179
0.004535,0.000262,0.012335,0.010052,0.005789,0.000535,0.010079,0.005392
0.006216,0.000263,0.025902,0.009322,0.010208,0.000535,0.022069,0.007036
0.014389,0.000656,0.059393,0.026062,0.019978,0.001337,0.051639,0.018403
0.016613,0.001972,0.059097,0.078705,0.018603,0.004040,0.051224,0.052376
