vet-ins,vet-fnd,avl-ins,avl-fnd,hst-ins,hst-fnd,htr-ins,htr-fnd
0.000829,0.000027,0.002174,0.000749,0.001410,0.000063,0.001856,0.000442
0.003527,0.000267,0.012604,0.008759,0.005894,0.000539,0.010425,0.005465
0.006659,0.000268,0.025957,0.009226,0.011599,0.000542,0.022928,0.007195
0.013097,0.000668,0.058497,0.026471,0.024772,0.001517,0.055100,0.018418
0.016965,0.002010,0.059147,0.081721,0.020752,0.004073,0.052611,0.055288
