vet-ins,vet-fnd,avl-ins,avl-fnd,hst-ins,hst-fnd,htr-ins,htr-fnd
0.002112,0.000077,0.005801,0.001965,0.003109,0.000135,0.004067,0.001281
0.004885,0.000264,0.012342,0.008738,0.005424,0.000544,0.010102,0.005406
0.006734,0.000264,0.027018,0.009301,0.010229,0.000646,0.023750,0.006995
0.013029,0.000655,0.059770,0.028772,0.022774,0.001577,0.055409,0.018183
0.020863,0.002416,0.082522,0.103816,0.022295,0.004790,0.070261,0.073846
