vet-ins,vet-fnd,btr-ins,btr-fnd,hst-ins,hst-fnd,htr-ins,htr-fnd
0.000962,0.000027,0.002483,0.000881,0.001250,0.000055,0.001875,0.000496
0.003604,0.000272,0.013729,0.009072,0.005381,0.000545,0.010178,0.005400
0.006774,0.000272,0.029428,0.008969,0.010115,0.000546,0.022466,0.005983
0.012967,0.000667,0.063823,0.027178,0.019407,0.001475,0.052420,0.017991
0.016352,0.002002,0.065468,0.077194,0.018491,0.004091,0.050778,0.055775
