vet-ins,vet-fnd,avl-ins,avl-fnd,hst-ins,hst-fnd,htr-ins,htr-fnd
0.002253,0.000079,0.005741,0.001909,0.003416,0.000137,0.004405,0.001158
0.005427,0.000282,0.013196,0.008980,0.006090,0.000674,0.011186,0.005482
0.006883,0.000313,0.029813,0.009967,0.011660,0.000538,0.023600,0.006966
0.013176,0.000668,0.059172,0.026007,0.021793,0.001355,0.054919,0.018788
0.018199,0.002149,0.063071,0.078948,0.022287,0.004041,0.058801,0.053938
