vet-ins,vet-fnd,avl-ins,avl-fnd,hst-ins,hst-fnd,htr-ins,htr-fnd
0.000524,0.000019,0.001904,0.000657,0.000762,0.004264,0.002128,0.000728
0.002362,0.000197,0.011433,0.007812,0.003576,0.186799,0.013089,0.008401
0.004040,0.000201,0.025613,0.008638,0.007061,0.289818,0.028355,0.009157
0.008068,0.000503,0.058149,0.024385,0.013497,0.544162,0.059538,0.024041
0.007567,0.001440,0.057838,0.072284,0.013466,1.653554,0.060463,0.072774
