vet-ins,vet-fnd,avl-ins,avl-fnd,hst-ins,hst-fnd,htr-ins,htr-fnd
0.000556,0.000020,0.002031,0.000701,0.000806,0.004441,0.002235,0.000746
0.002337,0.000188,0.011443,0.007919,0.003587,0.191363,0.013752,0.008648
0.004028,0.000203,0.025767,0.008693,0.006858,0.223656,0.026661,0.008450
0.008154,0.000491,0.058829,0.024294,0.014002,0.550382,0.060193,0.024444
0.007528,0.001454,0.058573,0.073678,0.013112,1.652927,0.060014,0.071484
