vet-ins,vet-fnd,avl-ins,avl-fnd,hst-ins,hst-fnd,htr-ins,htr-fnd
0.000528,0.000020,0.001867,0.000666,0.000833,0.003205,0.002067,0.000668
0.002325,0.000233,0.011477,0.008044,0.003664,0.145729,0.012508,0.008080
0.004107,0.000220,0.026860,0.009083,0.007005,0.227249,0.026542,0.008618
0.008181,0.000527,0.057926,0.024169,0.013552,0.542310,0.060857,0.024473
0.007630,0.001435,0.058780,0.073506,0.013078,1.647631,0.058913,0.070901
