vet-ins,vet-fnd,avl-ins,avl-fnd,hst-ins,hst-fnd,htr-ins,htr-fnd
0.000529,0.000020,0.001899,0.000661,0.000759,0.004230,0.002129,0.000697
0.002372,0.000188,0.011388,0.007926,0.003603,0.187352,0.013281,0.008295
0.004047,0.000201,0.025743,0.008662,0.007109,0.223263,0.027420,0.008786
0.008225,0.000510,0.058867,0.024473,0.013803,0.556165,0.066638,0.028917
0.007663,0.001543,0.066497,0.078453,0.013575,2.167197,0.062246,0.075026
