vet-ins,vet-fnd,avl-ins,avl-fnd,hst-ins,hst-fnd,htr-ins,htr-fnd
0.000564,0.000020,0.001865,0.000657,0.000766,0.004223,0.002149,0.000703
0.002352,0.000188,0.011292,0.007807,0.003539,0.187700,0.012925,0.008479
0.003913,0.000199,0.025532,0.008631,0.007056,0.223508,0.026675,0.008599
0.008266,0.000548,0.058764,0.024552,0.013244,0.544311,0.059517,0.023837
0.007646,0.001436,0.061518,0.078264,0.012510,2.183637,0.061672,0.075002
