vet-ins,vet-fnd,avl-ins,avl-fnd,hst-ins,hst-fnd,htr-ins,htr-fnd
0.001920,0.000066,0.005573,0.002040,0.002842,0.000135,0.004092,0.001202
0.004146,0.000262,0.012321,0.008755,0.005394,0.000547,0.010473,0.005443
0.006283,0.000262,0.025845,0.009569,0.010182,0.000544,0.023038,0.007168
0.012824,0.000659,0.058566,0.027103,0.022373,0.001571,0.056668,0.020825
0.018698,0.002314,0.072248,0.092487,0.022116,0.004824,0.054452,0.062327
