vet-ins,vet-fnd,avl-ins,avl-fnd,hst-ins,hst-fnd,htr-ins,htr-fnd
0.002136,0.000067,0.005731,0.001955,0.003237,0.000135,0.004303,0.001225
0.004711,0.000267,0.012793,0.008668,0.006265,0.000539,0.010376,0.005435
0.006409,0.000269,0.025933,0.009536,0.011200,0.000548,0.022774,0.006041
0.013254,0.000673,0.058680,0.025659,0.021809,0.001347,0.052839,0.019917
0.016584,0.002009,0.059053,0.078337,0.021165,0.004213,0.057021,0.058159
