vet-ins,vet-fnd,avl-ins,avl-fnd,hst-ins,hst-fnd,htr-ins,htr-fnd
0.000525,0.000020,0.001905,0.000668,0.000795,0.003212,0.002054,0.000669
0.002359,0.000194,0.011475,0.007943,0.003719,0.142111,0.012442,0.007965
0.003975,0.000218,0.025930,0.008931,0.007097,0.222843,0.026644,0.008608
0.008083,0.000504,0.058611,0.024615,0.013825,0.554639,0.060758,0.024458
0.007534,0.001463,0.058633,0.073472,0.012259,2.164421,0.060610,0.075089
