vet-ins,vet-fnd,avl-ins,avl-fnd,hst-ins,hst-fnd,htr-ins,htr-fnd
0.002312,0.000067,0.005790,0.002009,0.003336,0.000135,0.004367,0.001256
0.004985,0.000267,0.013392,0.008669,0.005912,0.000539,0.010568,0.005477
0.006498,0.000278,0.026125,0.009198,0.011554,0.000540,0.023113,0.006038
0.014147,0.000668,0.062495,0.025969,0.021772,0.001346,0.057118,0.018521
0.016849,0.002011,0.059726,0.081800,0.021197,0.004049,0.053245,0.054157
