vet-ins,vet-fnd,avl-ins,avl-fnd,hst-ins,hst-fnd,htr-ins,htr-fnd
0.001991,0.000065,0.005388,0.001806,0.003053,0.000130,0.003944,0.001065
0.006295,0.000319,0.014034,0.009696,0.005923,0.000538,0.010429,0.005449
0.006686,0.000352,0.027395,0.009596,0.011215,0.000537,0.023423,0.006039
0.014042,0.000728,0.062403,0.028342,0.022627,0.001355,0.055477,0.020539
0.018997,0.002372,0.069528,0.091693,0.024780,0.004922,0.057810,0.056660
