vet-ins,vet-fnd,avl-ins,avl-fnd,hst-ins,hst-fnd,htr-ins,htr-fnd
0.002072,0.000066,0.005920,0.001889,0.003000,0.000135,0.004377,0.001170
0.004493,0.000365,0.014684,0.010130,0.005494,0.000637,0.011503,0.005431
0.006700,0.000327,0.026655,0.009354,0.010421,0.000539,0.022108,0.006028
0.013424,0.000735,0.062936,0.026380,0.020667,0.001350,0.054122,0.018834
0.016795,0.001965,0.060607,0.078995,0.019691,0.004106,0.052891,0.053553
