vet-ins,vet-fnd,avl-ins,avl-fnd,hst-ins,hst-fnd,htr-ins,htr-fnd
0.000795,0.000026,0.002185,0.000753,0.001159,0.000054,0.001691,0.000510
0.004185,0.000307,0.014138,0.010357,0.006024,0.000639,0.011507,0.006160
0.006342,0.000264,0.026285,0.009711,0.010197,0.000540,0.022478,0.006070
0.012645,0.000656,0.059666,0.026187,0.019735,0.001337,0.053407,0.018020
0.016817,0.001971,0.059893,0.089060,0.018940,0.004019,0.051689,0.054175
