vet-ins,vet-fnd,avl-ins,avl-fnd,hst-ins,hst-fnd,htr-ins,htr-fnd
0.000529,0.000019,0.001901,0.000663,0.000789,0.003144,0.002092,0.000693
0.002337,0.000186,0.011445,0.007889,0.003698,0.142492,0.012454,0.009024
0.004029,0.000204,0.025926,0.009504,0.007149,0.225734,0.027970,0.008869
0.008160,0.000487,0.058207,0.024216,0.013017,0.729349,0.061778,0.025226
0.007495,0.001433,0.058711,0.072940,0.013607,1.664852,0.061774,0.072508
