vet-ins,vet-fnd,avl-ins,avl-fnd,hst-ins,hst-fnd,htr-ins,htr-fnd
0.000561,0.000019,0.001872,0.000666,0.000796,0.003227,0.002066,0.000662
0.002327,0.000187,0.011429,0.007924,0.003690,0.142738,0.012472,0.007926
0.004027,0.000198,0.025813,0.009190,0.007464,0.223127,0.026994,0.008639
0.008162,0.000501,0.058659,0.024681,0.014218,0.552259,0.068329,0.026120
0.007782,0.001431,0.064530,0.077507,0.013211,1.669906,0.064937,0.073321
