vet-ins,vet-fnd,avl-ins,avl-fnd,hst-ins,hst-fnd,htr-ins,htr-fnd
0.002012,0.000069,0.005819,0.002006,0.003253,0.000135,0.004275,0.001082
0.004705,0.000273,0.012937,0.008881,0.006134,0.000540,0.011265,0.005555
0.006581,0.000267,0.026102,0.009563,0.011274,0.000539,0.024710,0.006466
0.013093,0.000668,0.059849,0.026265,0.023917,0.001493,0.055808,0.020157
0.017535,0.002004,0.063413,0.080612,0.020778,0.004195,0.057714,0.057513
