vet-ins,vet-fnd,avl-ins,avl-fnd,hst-ins,hst-fnd,htr-ins,htr-fnd
0.000558,0.000021,0.001962,0.000704,0.000800,0.004434,0.003029,0.001527
0.002358,0.000202,0.011368,0.007964,0.003595,0.188294,0.013005,0.008403
0.004052,0.000209,0.025460,0.008737,0.006975,0.290452,0.028212,0.009157
0.008406,0.000515,0.059654,0.025117,0.013458,0.729112,0.062548,0.025107
0.007640,0.001469,0.058492,0.073729,0.013545,1.661896,0.059826,0.073432
