vet-ins,vet-fnd,avl-ins,avl-fnd,hst-ins,hst-fnd,htr-ins,htr-fnd
0.002053,0.000070,0.005896,0.002176,0.003439,0.000136,0.004351,0.001166
0.004943,0.000326,0.013404,0.009216,0.006283,0.000632,0.011624,0.005748
0.006606,0.000282,0.029426,0.010003,0.012179,0.000619,0.026911,0.006934
0.013898,0.000849,0.062984,0.028100,0.026985,0.002051,0.070796,0.019605
0.017729,0.002412,0.064766,0.091104,0.021324,0.004092,0.057332,0.060371
