vet-ins,vet-fnd,avl-ins,avl-fnd,hst-ins,hst-fnd,htr-ins,htr-fnd
0.002131,0.000068,0.005702,0.001951,0.003388,0.000158,0.004337,0.001194
0.005208,0.000270,0.012328,0.008709,0.005893,0.000538,0.010263,0.005730
0.006563,0.000270,0.025986,0.009270,0.011241,0.000539,0.023275,0.006449
0.013123,0.000672,0.059380,0.026024,0.022203,0.001351,0.053344,0.018122
0.016909,0.002023,0.062824,0.083311,0.020748,0.004094,0.051814,0.053239
