vet-ins,vet-fnd,avl-ins,avl-fnd,hst-ins,hst-fnd,htr-ins,htr-fnd
0.000844,0.000031,0.003421,0.001131,0.002005,0.000095,0.002634,0.000769
0.005886,0.000455,0.017671,0.008759,0.005412,0.000544,0.010029,0.005412
0.006272,0.000263,0.026152,0.009951,0.011087,0.000540,0.023232,0.006047
0.012771,0.000782,0.059028,0.026521,0.019735,0.001353,0.051685,0.017978
0.016420,0.001968,0.060972,0.079789,0.018656,0.004076,0.057587,0.055243
