vet-ins,vet-fnd,avl-ins,avl-fnd,hst-ins,hst-fnd,htr-ins,htr-fnd
0.000966,0.000032,0.002419,0.000869,0.001452,0.000054,0.001737,0.000510
0.004221,0.000320,0.013832,0.009450,0.006178,0.000542,0.010331,0.005664
0.006735,0.000334,0.026360,0.010448,0.011881,0.000540,0.023190,0.006608
0.013166,0.000676,0.059432,0.028764,0.023536,0.001595,0.057500,0.018789
0.016864,0.002008,0.059539,0.078866,0.020797,0.004052,0.052845,0.053591
