vet-ins,vet-fnd,avl-ins,avl-fnd,hst-ins,hst-fnd,htr-ins,htr-fnd
0.002112,0.000079,0.005893,0.002023,0.003387,0.000146,0.004386,0.000700
0.003922,0.000268,0.012779,0.008617,0.005902,0.000538,0.010328,0.005444
0.006752,0.000269,0.025907,0.009153,0.011253,0.000537,0.023197,0.007206
0.013682,0.000671,0.060253,0.027707,0.022959,0.001361,0.054857,0.019312
0.016626,0.002034,0.060018,0.077789,0.021357,0.004281,0.052057,0.053856
