vet-ins,vet-fnd,avl-ins,avl-fnd,hst-ins,hst-fnd,htr-ins,htr-fnd
0.000819,0.000027,0.002160,0.000747,0.001362,0.000063,0.001901,0.000433
0.003885,0.000288,0.012674,0.009024,0.005915,0.000538,0.010344,0.005848
0.006588,0.000288,0.026296,0.009494,0.011255,0.000537,0.023036,0.006005
0.013184,0.000702,0.063366,0.027654,0.022752,0.001521,0.055543,0.018141
0.016587,0.002017,0.062169,0.081672,0.020804,0.004099,0.054833,0.055290
