vet-ins,vet-fnd,avl-ins,avl-fnd,hst-ins,hst-fnd,htr-ins,htr-fnd
0.002084,0.000067,0.005791,0.001911,0.003502,0.000158,0.004416,0.001085
0.004711,0.000314,0.013993,0.009200,0.005892,0.000625,0.010700,0.005458
0.006563,0.000281,0.026446,0.010358,0.012161,0.000537,0.025487,0.006873
0.013103,0.000671,0.064704,0.026850,0.022209,0.001345,0.055303,0.018876
0.017684,0.002016,0.059532,0.083941,0.024004,0.004090,0.054808,0.053741
