vet-ins,vet-fnd,avl-ins,avl-fnd,hst-ins,hst-fnd,htr-ins,htr-fnd
0.000548,0.000019,0.001953,0.000668,0.000780,0.004377,0.002147,0.000713
0.002404,0.000195,0.011714,0.008066,0.003743,0.192329,0.013506,0.008547
0.004253,0.000225,0.026680,0.009101,0.007250,0.291967,0.028538,0.009132
0.008142,0.000493,0.058377,0.024359,0.013161,0.732015,0.062965,0.025233
0.007610,0.001451,0.058670,0.073387,0.012970,2.183049,0.063003,0.076396
