vet-ins,vet-fnd,avl-ins,avl-fnd,hst-ins,hst-fnd,htr-ins,htr-fnd
0.000541,0.000020,0.001914,0.000663,0.000758,0.004277,0.002156,0.000720
0.002303,0.000189,0.011470,0.007846,0.003577,0.186921,0.012773,0.008252
0.004015,0.000212,0.025548,0.008602,0.006666,0.290058,0.027996,0.009052
0.008184,0.000492,0.057611,0.024160,0.013257,0.727543,0.061507,0.025265
0.007587,0.001464,0.058346,0.072851,0.013282,1.659887,0.060950,0.073250
