vet-ins,vet-fnd,avl-ins,avl-fnd,hst-ins,hst-fnd,htr-ins,htr-fnd
0.002115,0.000071,0.005882,0.002059,0.003122,0.000146,0.004271,0.001176
0.004148,0.000263,0.012291,0.008786,0.005399,0.000535,0.010003,0.005392
0.006795,0.000266,0.026217,0.009333,0.010200,0.000536,0.021860,0.005978
0.012638,0.000656,0.058800,0.026224,0.019650,0.001337,0.051352,0.017752
0.016431,0.001972,0.058664,0.079397,0.018577,0.004015,0.050320,0.052722
