vet-ins,vet-fnd,avl-ins,avl-fnd,hst-ins,hst-fnd,htr-ins,htr-fnd
0.001000,0.000027,0.003516,0.001299,0.002048,0.000093,0.002723,0.000683
0.005803,0.000401,0.016815,0.008626,0.006345,0.000540,0.010457,0.005458
0.007014,0.000278,0.026937,0.009191,0.011663,0.000635,0.022915,0.006373
0.013093,0.000676,0.060130,0.025786,0.022230,0.001367,0.053730,0.018450
0.016942,0.002005,0.060681,0.078031,0.020724,0.004056,0.056645,0.053838
