vet-ins,vet-fnd,avl-ins,avl-fnd,hst-ins,hst-fnd,htr-ins,htr-fnd
0.000839,0.000031,0.003792,0.001240,0.002074,0.000083,0.002889,0.000672
0.005494,0.000393,0.017630,0.008699,0.005463,0.000540,0.010905,0.005409
0.006422,0.000262,0.027179,0.010103,0.012022,0.000540,0.023921,0.006368
0.012679,0.000661,0.061921,0.026042,0.019810,0.001349,0.054603,0.017953
0.016396,0.001972,0.063531,0.078789,0.018736,0.004114,0.053274,0.054918
