vet-ins,vet-fnd,avl-ins,avl-fnd,hst-ins,hst-fnd,htr-ins,htr-fnd
0.001086,0.000037,0.003028,0.001049,0.001601,0.000074,0.002222,0.000602
0.004851,0.000364,0.016783,0.008734,0.005394,0.000539,0.010128,0.005388
0.007014,0.000308,0.029302,0.011154,0.011071,0.000536,0.022274,0.006316
0.012732,0.000656,0.062282,0.026959,0.021922,0.001574,0.055653,0.017639
0.016142,0.001968,0.060631,0.079027,0.018570,0.004055,0.053259,0.053832
