vet-ins,vet-fnd,avl-ins,avl-fnd,hst-ins,hst-fnd,htr-ins,htr-fnd
0.001410,0.000047,0.003616,0.001223,0.002182,0.000080,0.002730,0.000725
0.005388,0.000465,0.017286,0.008666,0.006062,0.000668,0.010403,0.005436
0.006593,0.000269,0.025978,0.009233,0.011287,0.000539,0.022730,0.006058
0.013119,0.000668,0.058839,0.026217,0.021902,0.001355,0.056809,0.017754
0.019097,0.002111,0.059273,0.077791,0.021029,0.004099,0.051563,0.055731
