vet-ins,vet-fnd,avl-ins,avl-fnd,hst-ins,hst-fnd,htr-ins,htr-fnd
0.000792,0.000026,0.002174,0.000752,0.001159,0.000054,0.001786,0.000546
0.003708,0.000262,0.012349,0.008725,0.005411,0.000535,0.010762,0.005447
0.006310,0.000267,0.026153,0.009576,0.010213,0.000545,0.026110,0.007492
0.012626,0.000656,0.060063,0.028913,0.021862,0.001361,0.052741,0.018504
0.016114,0.001974,0.060514,0.079734,0.018600,0.004098,0.051428,0.053172
