vet-ins,vet-fnd,avl-ins,avl-fnd,hst-ins,hst-fnd,htr-ins,htr-fnd
0.000950,0.000039,0.002628,0.000754,0.001248,0.000063,0.001920,0.000467
0.003733,0.000264,0.012655,0.009116,0.005973,0.000537,0.010110,0.005422
0.006267,0.000266,0.025898,0.010545,0.011732,0.000535,0.025394,0.006699
0.012661,0.000665,0.059548,0.028220,0.021925,0.001342,0.057354,0.018364
0.016380,0.002114,0.060017,0.081143,0.019000,0.004016,0.051180,0.054329
