vet-ins,vet-fnd,avl-ins,avl-fnd,hst-ins,hst-fnd,htr-ins,htr-fnd
0.000527,0.000019,0.001872,0.000669,0.000810,0.004321,0.002115,0.000706
0.002357,0.000191,0.011513,0.007954,0.003703,0.187898,0.012900,0.008298
0.004062,0.000203,0.025932,0.008710,0.007297,0.291876,0.028292,0.009041
0.008253,0.000503,0.058775,0.026437,0.013685,0.730522,0.060910,0.024984
0.007820,0.001456,0.058121,0.076691,0.014020,1.648598,0.059824,0.071793
