vet-ins,vet-fnd,avl-ins,avl-fnd,hst-ins,hst-fnd,htr-ins,htr-fnd
0.000791,0.000026,0.002470,0.000754,0.001295,0.000063,0.001847,0.000434
0.004858,0.000364,0.016972,0.009809,0.005548,0.000646,0.010559,0.005435
0.006504,0.000263,0.025632,0.009259,0.010259,0.000639,0.023298,0.006479
0.014690,0.000656,0.062173,0.029701,0.022128,0.001362,0.053081,0.018617
0.016364,0.001971,0.067401,0.085638,0.018938,0.004458,0.050864,0.054519
