vet-ins,vet-fnd,avl-ins,avl-fnd,hst-ins,hst-fnd,htr-ins,htr-fnd
0.000522,0.000019,0.001862,0.000657,0.000817,0.003139,0.002093,0.000666
0.002343,0.000187,0.011384,0.007834,0.003865,0.144722,0.013023,0.008517
0.004407,0.000241,0.027747,0.010503,0.007579,0.222122,0.028478,0.009152
0.008030,0.000491,0.064363,0.026104,0.013035,0.744434,0.066814,0.028469
0.010709,0.001897,0.076907,0.094151,0.019427,1.793438,0.061768,0.075463
