vet-ins,vet-fnd,avl-ins,avl-fnd,hst-ins,hst-fnd,htr-ins,htr-fnd
0.000946,0.000031,0.002546,0.000898,0.001444,0.000063,0.001883,0.000513
0.004095,0.000312,0.014674,0.010286,0.006279,0.000628,0.011869,0.006374
0.007159,0.000309,0.030906,0.011152,0.012787,0.000628,0.026288,0.007292
0.014952,0.000768,0.062633,0.027159,0.019893,0.001345,0.054191,0.021958
0.019499,0.002325,0.072394,0.093375,0.021731,0.004793,0.059781,0.062184
