vet-ins,vet-fnd,avl-ins,avl-fnd,hst-ins,hst-fnd,htr-ins,htr-fnd
0.000981,0.000026,0.002279,0.000889,0.001309,0.000055,0.001835,0.000550
0.003847,0.000262,0.013775,0.009798,0.005603,0.000543,0.010155,0.005410
0.006288,0.000264,0.025791,0.009702,0.010950,0.000540,0.022157,0.005994
0.012703,0.000656,0.058634,0.026613,0.019687,0.001370,0.052137,0.017912
0.017174,0.001966,0.059727,0.080571,0.018621,0.004070,0.054989,0.056287
