vet-ins,vet-fnd,avl-ins,avl-fnd,hst-ins,hst-fnd,htr-ins,htr-fnd
0.001400,0.000047,0.003835,0.001111,0.002022,0.000094,0.002672,0.000763
0.008648,0.000441,0.016761,0.010085,0.006751,0.000539,0.012066,0.006048
0.006675,0.000348,0.030029,0.009873,0.011692,0.000539,0.023233,0.006076
0.014926,0.000785,0.069107,0.030459,0.025821,0.001597,0.061920,0.020736
0.019387,0.002384,0.066101,0.089645,0.024748,0.004890,0.060951,0.058602
