vet-ins,vet-fnd,avl-ins,avl-fnd,hst-ins,hst-fnd,htr-ins,htr-fnd
0.002183,0.000067,0.005832,0.001939,0.003323,0.000158,0.004294,0.001120
0.005018,0.000314,0.013216,0.009451,0.006229,0.000542,0.010542,0.005464
0.006502,0.000282,0.026756,0.009294,0.011300,0.000539,0.023093,0.006086
0.014478,0.000783,0.062756,0.026249,0.021866,0.001342,0.054415,0.018511
0.017347,0.002111,0.061823,0.084336,0.021239,0.004063,0.054653,0.053688
