vet-ins,vet-fnd,avl-ins,avl-fnd,hst-ins,hst-fnd,htr-ins,htr-fnd
0.000522,0.000019,0.001869,0.000664,0.000794,0.003142,0.002016,0.000665
0.002368,0.000199,0.011346,0.007834,0.003696,0.144831,0.012599,0.008190
0.004026,0.000201,0.025779,0.008756,0.006896,0.295064,0.028538,0.009352
0.008171,0.000489,0.062821,0.025776,0.013246,0.739927,0.062571,0.025262
0.007686,0.001436,0.060482,0.074293,0.014804,1.692161,0.061181,0.074770
