vet-ins,vet-fnd,avl-ins,avl-fnd,hst-ins,hst-fnd,htr-ins,htr-fnd
0.000880,0.000032,0.003465,0.001129,0.001844,0.000079,0.002331,0.000637
0.005291,0.000392,0.017587,0.010137,0.006879,0.000636,0.011997,0.006402
0.007621,0.000314,0.030525,0.010830,0.013095,0.000632,0.026522,0.007209
0.015259,0.000796,0.069370,0.030292,0.025465,0.001583,0.064084,0.018661
0.019489,0.002324,0.072093,0.096364,0.023827,0.004689,0.055266,0.059919
