vet-ins,vet-fnd,avl-ins,avl-fnd,hst-ins,hst-fnd,htr-ins,htr-fnd
0.000803,0.000026,0.002183,0.000811,0.001364,0.000068,0.001786,0.000511
0.003910,0.000263,0.012390,0.009021,0.005414,0.000541,0.010174,0.005418
0.006375,0.000263,0.025953,0.009514,0.011264,0.000657,0.023942,0.006778
0.012639,0.000655,0.064815,0.027934,0.019656,0.001349,0.054113,0.018440
0.016469,0.001967,0.064046,0.081499,0.019024,0.004423,0.052306,0.058305
