vet-ins,vet-fnd,avl-ins,avl-fnd,hst-ins,hst-fnd,htr-ins,htr-fnd
0.000958,0.000032,0.002556,0.000879,0.001475,0.000063,0.001919,0.000512
0.003861,0.000268,0.012741,0.009078,0.006348,0.000633,0.011172,0.005477
0.006777,0.000268,0.026686,0.009214,0.011257,0.000540,0.023722,0.006088
0.013794,0.000807,0.060974,0.027483,0.022079,0.001364,0.054374,0.018078
0.016908,0.002008,0.063821,0.084147,0.021806,0.004064,0.054878,0.057308
