vet-ins,vet-fnd,avl-ins,avl-fnd,hst-ins,hst-fnd,htr-ins,htr-fnd
0.000524,0.000019,0.001860,0.000668,0.000846,0.003373,0.002084,0.000663
0.002352,0.000187,0.011533,0.007838,0.003678,0.142085,0.012387,0.008120
0.003992,0.000204,0.025758,0.008592,0.006723,0.221917,0.026483,0.008433
0.008083,0.000487,0.065911,0.024318,0.014214,0.544270,0.060392,0.024446
0.007570,0.001446,0.059102,0.073081,0.012572,2.206139,0.067459,0.076004
