vet-ins,vet-fnd,avl-ins,avl-fnd,hst-ins,hst-fnd,htr-ins,htr-fnd
0.000548,0.000020,0.001975,0.000694,0.000797,0.004326,0.002117,0.000707
0.002297,0.000187,0.011358,0.007834,0.004035,0.189748,0.013336,0.008511
0.003960,0.000204,0.025872,0.009172,0.006740,0.288275,0.028158,0.009241
0.008105,0.000497,0.060401,0.024577,0.013269,0.723200,0.063765,0.026034
0.007999,0.001513,0.060175,0.073764,0.013305,1.661825,0.059292,0.072042
