vet-ins,vet-fnd,avl-ins,avl-fnd,hst-ins,hst-fnd,htr-ins,htr-fnd
0.001977,0.000077,0.005700,0.002052,0.002985,0.000134,0.004132,0.001079
0.004208,0.000262,0.012298,0.008735,0.005383,0.000541,0.009995,0.005417
0.006427,0.000264,0.026878,0.009314,0.010183,0.000545,0.022265,0.006039
0.012744,0.000684,0.058494,0.025950,0.019610,0.001339,0.051730,0.017627
0.016136,0.001969,0.058760,0.082216,0.019327,0.004466,0.053088,0.058811
