vet-ins,vet-fnd,avl-ins,avl-fnd,hst-ins,hst-fnd,htr-ins,htr-fnd
0.000793,0.000027,0.002154,0.000752,0.001159,0.000054,0.001587,0.000475
0.003897,0.000262,0.012661,0.009231,0.005414,0.000541,0.010029,0.005404
0.006381,0.000270,0.025849,0.009269,0.010234,0.000544,0.021951,0.006091
0.013425,0.000767,0.059314,0.025868,0.019657,0.001353,0.051603,0.019367
0.016406,0.001973,0.060314,0.087673,0.018597,0.004105,0.050921,0.052912
