vet-ins,vet-fnd,avl-ins,avl-fnd,hst-ins,hst-fnd,htr-ins,htr-fnd
0.002274,0.000071,0.005948,0.002077,0.003167,0.000146,0.004418,0.001191
0.004649,0.000307,0.014686,0.010471,0.006356,0.000640,0.012037,0.006437
0.007881,0.000308,0.031296,0.011309,0.012266,0.000689,0.026351,0.007101
0.014491,0.000667,0.063705,0.027657,0.020941,0.001337,0.052610,0.018326
0.020439,0.002331,0.071561,0.082755,0.018557,0.004070,0.053948,0.055458
