vet-ins,vet-fnd,avl-ins,avl-fnd,hst-ins,hst-fnd,htr-ins,htr-fnd
0.000567,0.000020,0.001866,0.000667,0.000796,0.003153,0.002044,0.000670
0.002338,0.000188,0.011470,0.007931,0.003518,0.140422,0.012117,0.008009
0.004052,0.000203,0.025503,0.008656,0.007030,0.220823,0.026745,0.008750
0.008090,0.000494,0.058285,0.024432,0.013229,0.545815,0.059349,0.024421
0.007582,0.001462,0.061399,0.073438,0.012363,2.193032,0.059564,0.077805
