vet-ins,vet-fnd,avl-ins,avl-fnd,hst-ins,hst-fnd,htr-ins,htr-fnd
0.000519,0.000020,0.001890,0.000658,0.000787,0.003139,0.002060,0.000668
0.002137,0.000203,0.011474,0.007883,0.003678,0.142210,0.012647,0.008166
0.004216,0.000207,0.025529,0.008739,0.007026,0.222182,0.026660,0.008673
0.008041,0.000490,0.057943,0.024245,0.013337,0.545124,0.060860,0.024183
0.007567,0.001476,0.058076,0.077841,0.012395,2.199697,0.059205,0.074074
