vet-ins,vet-fnd,avl-ins,avl-fnd,hst-ins,hst-fnd,htr-ins,htr-fnd
0.000902,0.000045,0.003175,0.001039,0.001744,0.000074,0.002229,0.000609
0.005033,0.000371,0.017023,0.008698,0.005915,0.000539,0.010364,0.005838
0.006718,0.000268,0.025853,0.009139,0.011282,0.000539,0.023796,0.006100
0.013357,0.000668,0.059060,0.025753,0.022254,0.001345,0.059617,0.018062
0.016879,0.002015,0.060048,0.084402,0.020793,0.004535,0.053289,0.058852
