vet-ins,vet-fnd,avl-ins,avl-fnd,hst-ins,hst-fnd,htr-ins,htr-fnd
0.002015,0.000077,0.005679,0.002147,0.003049,0.000134,0.004107,0.001082
0.004665,0.000274,0.013942,0.008920,0.006555,0.000544,0.010837,0.007687
0.006209,0.000263,0.026915,0.009326,0.010538,0.000536,0.022131,0.006019
0.014411,0.000810,0.064109,0.026595,0.019644,0.001346,0.052361,0.017635
0.016532,0.002207,0.060520,0.079368,0.018903,0.004094,0.052311,0.053369
