vet-ins,vet-fnd,avl-ins,avl-fnd,hst-ins,hst-fnd,htr-ins,htr-fnd
0.000806,0.000031,0.003254,0.001124,0.001720,0.000085,0.002682,0.000742
0.005215,0.000394,0.017612,0.008723,0.005417,0.000536,0.010101,0.005403
0.006200,0.000263,0.026556,0.009260,0.010865,0.000653,0.022368,0.006261
0.012892,0.000656,0.059875,0.026174,0.021691,0.001594,0.053601,0.018715
0.018581,0.002338,0.067717,0.078991,0.019272,0.004052,0.050843,0.059889
