vet-ins,vet-fnd,avl-ins,avl-fnd,hst-ins,hst-fnd,htr-ins,htr-fnd
0.002195,0.000077,0.003229,0.000893,0.001369,0.000054,0.001857,0.000497
0.004066,0.000267,0.013751,0.008713,0.006060,0.000541,0.010308,0.005455
0.006641,0.000268,0.025972,0.009213,0.013936,0.000631,0.026678,0.007823
0.014820,0.000672,0.061425,0.025710,0.021778,0.001357,0.052492,0.017889
0.018173,0.002004,0.058999,0.094350,0.024450,0.004788,0.065366,0.064921
