vet-ins,vet-fnd,avl-ins,avl-fnd,hst-ins,hst-fnd,htr-ins,htr-fnd
0.000527,0.000020,0.001897,0.000665,0.000765,0.004328,0.002158,0.000706
0.002317,0.000194,0.011483,0.007898,0.003589,0.191656,0.013334,0.008600
0.004075,0.000201,0.025791,0.008668,0.007128,0.291588,0.028254,0.009105
0.008159,0.000504,0.059027,0.024211,0.012910,0.731845,0.061168,0.025368
0.007901,0.001499,0.058894,0.072910,0.012943,2.175389,0.062879,0.076591
