vet-ins,vet-fnd,avl-ins,avl-fnd,hst-ins,hst-fnd,htr-ins,htr-fnd
0.000661,0.000019,0.001907,0.000664,0.000794,0.003225,0.002012,0.000711
0.002340,0.000187,0.011335,0.007859,0.003517,0.140585,0.012247,0.008135
0.004146,0.000213,0.026090,0.008668,0.006659,0.219873,0.026627,0.008739
0.008015,0.000503,0.058620,0.024474,0.013034,0.717638,0.061408,0.025436
0.007550,0.001482,0.057373,0.072158,0.012719,2.189475,0.057380,0.070373
