vet-ins,vet-fnd,avl-ins,avl-fnd,hst-ins,hst-fnd,htr-ins,htr-fnd
0.000879,0.000031,0.003072,0.001044,0.001600,0.000074,0.002204,0.000606
0.004852,0.000369,0.017107,0.008996,0.005397,0.000535,0.010063,0.005423
0.007274,0.000307,0.030796,0.010492,0.010923,0.000535,0.022117,0.006046
0.013446,0.000717,0.061323,0.026664,0.020007,0.001339,0.051953,0.017962
0.016437,0.001977,0.059888,0.078867,0.019350,0.004543,0.052466,0.059909
