vet-ins,vet-fnd,avl-ins,avl-fnd,hst-ins,hst-fnd,htr-ins,htr-fnd
0.001359,0.000040,0.003597,0.001202,0.001845,0.000088,0.002717,0.000733
0.005934,0.000417,0.016411,0.008702,0.005386,0.000535,0.010469,0.005388
0.006280,0.000266,0.026274,0.009637,0.010468,0.000536,0.022545,0.006187
0.012648,0.000672,0.059687,0.025826,0.019629,0.001341,0.051993,0.025322
0.016421,0.001969,0.064803,0.085312,0.018600,0.004075,0.052123,0.054454
