vet-ins,vet-fnd,avl-ins,avl-fnd,hst-ins,hst-fnd,htr-ins,htr-fnd
0.000553,0.000019,0.001867,0.000688,0.000776,0.004203,0.002119,0.000697
0.002342,0.000186,0.011295,0.007901,0.003601,0.188127,0.013324,0.008570
0.004152,0.000204,0.025931,0.008841,0.007150,0.298083,0.028874,0.009502
0.008100,0.000491,0.059874,0.024455,0.013821,0.555859,0.060874,0.024304
0.007642,0.001442,0.058643,0.073716,0.012667,2.195086,0.068946,0.077037
