vet-ins,vet-fnd,avl-ins,avl-fnd,hst-ins,hst-fnd,htr-ins,htr-fnd
0.002104,0.000072,0.005958,0.002070,0.003122,0.000146,0.004330,0.001181
0.004360,0.000263,0.012948,0.008686,0.005418,0.000536,0.010546,0.005382
0.006224,0.000272,0.027223,0.009234,0.010609,0.000535,0.024906,0.006666
0.013103,0.000736,0.059247,0.026169,0.020085,0.001337,0.052197,0.022005
0.016444,0.001978,0.060234,0.079891,0.018938,0.004080,0.051687,0.053921
