vet-ins,vet-fnd,avl-ins,avl-fnd,hst-ins,hst-fnd,htr-ins,htr-fnd
0.000826,0.000027,0.003324,0.001255,0.002122,0.000094,0.002814,0.000731
0.006116,0.000394,0.016425,0.008643,0.005901,0.000540,0.010698,0.005688
0.006660,0.000314,0.028100,0.009178,0.011662,0.000539,0.023397,0.006040
0.013156,0.000673,0.062881,0.028279,0.024900,0.001584,0.059469,0.020476
0.017635,0.002004,0.067813,0.093428,0.024258,0.004754,0.060569,0.058523
