vet-ins,vet-fnd,avl-ins,avl-fnd,hst-ins,hst-fnd,htr-ins,htr-fnd
0.000822,0.000028,0.002192,0.000749,0.001260,0.000054,0.001904,0.000438
0.003800,0.000267,0.012708,0.008969,0.006177,0.000546,0.010430,0.005473
0.006506,0.000269,0.026884,0.009542,0.011298,0.000544,0.023202,0.006098
0.013095,0.000704,0.060194,0.027006,0.022382,0.001347,0.052887,0.018125
0.016575,0.002011,0.059652,0.077685,0.020737,0.004130,0.056608,0.054767
