vet-ins,vet-fnd,avl-ins,avl-fnd,hst-ins,hst-fnd,htr-ins,htr-fnd
0.001168,0.000037,0.003068,0.001035,0.001751,0.000074,0.002299,0.000604
0.005132,0.000378,0.017205,0.010327,0.007017,0.000632,0.012489,0.006541
0.007704,0.000314,0.031437,0.011164,0.013172,0.000631,0.028147,0.007496
0.015501,0.000785,0.080470,0.032100,0.025804,0.001601,0.067151,0.022820
0.019663,0.002354,0.073778,0.092528,0.023111,0.004404,0.058113,0.063016
