vet-ins,vet-fnd,avl-ins,avl-fnd,hst-ins,hst-fnd,htr-ins,htr-fnd
0.000520,0.000019,0.001888,0.000674,0.000756,0.004252,0.002110,0.000731
0.002329,0.000188,0.011399,0.007833,0.003581,0.188136,0.012929,0.008290
0.004031,0.000202,0.025564,0.008687,0.007131,0.291488,0.028207,0.009076
0.008215,0.000489,0.058468,0.024245,0.013266,0.730043,0.062825,0.025895
0.007760,0.001477,0.059393,0.072533,0.013467,1.664734,0.059447,0.071902
