vet-ins,vet-fnd,avl-ins,avl-fnd,hst-ins,hst-fnd,htr-ins,htr-fnd
0.001141,0.000038,0.003061,0.001037,0.001744,0.000075,0.002284,0.000618
0.005009,0.000372,0.014262,0.009047,0.006474,0.000538,0.010776,0.005434
0.006927,0.000269,0.027113,0.009311,0.011568,0.000538,0.023465,0.006069
0.013127,0.000670,0.065754,0.027175,0.021896,0.001351,0.056231,0.018002
0.016873,0.002011,0.060670,0.079591,0.021257,0.004091,0.053575,0.054991
