vet-ins,vet-fnd,avl-ins,avl-fnd,hst-ins,hst-fnd,htr-ins,htr-fnd
0.000525,0.000019,0.001882,0.000657,0.000761,0.004181,0.002124,0.000700
0.002303,0.000187,0.011339,0.007772,0.003618,0.187025,0.012989,0.008310
0.003901,0.000202,0.025644,0.008550,0.007049,0.288332,0.028197,0.009081
0.008011,0.000494,0.058488,0.024459,0.012595,0.727991,0.063170,0.026059
0.007546,0.001458,0.058156,0.072925,0.013210,1.638989,0.059291,0.071483
