vet-ins,vet-fnd,avl-ins,avl-fnd,hst-ins,hst-fnd,htr-ins,htr-fnd
0.000552,0.000019,0.001896,0.000665,0.000773,0.004228,0.002135,0.000708
0.002305,0.000189,0.011387,0.007871,0.003381,0.185640,0.013399,0.008378
0.004066,0.000209,0.025445,0.008872,0.007382,0.291058,0.028326,0.009117
0.008040,0.000490,0.058275,0.024525,0.012696,0.733584,0.061606,0.024918
0.007526,0.001441,0.057625,0.074370,0.013665,1.646013,0.062908,0.077765
