vet-ins,vet-fnd,avl-ins,avl-fnd,hst-ins,hst-fnd,htr-ins,htr-fnd
0.000819,0.000027,0.002180,0.000750,0.001258,0.000054,0.001754,0.000510
0.003925,0.000267,0.012376,0.008669,0.005888,0.000539,0.010400,0.005456
0.006504,0.000268,0.028786,0.010588,0.012530,0.000544,0.023822,0.006069
0.013157,0.000679,0.062965,0.026762,0.022199,0.001350,0.066333,0.021169
0.020637,0.002362,0.072173,0.092315,0.024268,0.004820,0.058294,0.059621
