vet-ins,vet-fnd,avl-ins,avl-fnd,hst-ins,hst-fnd,htr-ins,htr-fnd
0.001009,0.000032,0.002623,0.000847,0.001317,0.000063,0.001893,0.000513
0.004305,0.000313,0.014103,0.009648,0.005999,0.000540,0.010657,0.005761
0.006457,0.000269,0.026496,0.009650,0.011265,0.000622,0.023240,0.006059
0.013565,0.000674,0.065262,0.027546,0.022604,0.001347,0.054102,0.018491
0.018766,0.002230,0.063007,0.079191,0.021153,0.004091,0.053566,0.055475
