vet-ins,vet-fnd,avl-ins,avl-fnd,hst-ins,hst-fnd,htr-ins,htr-fnd
0.000792,0.000027,0.002194,0.000753,0.001166,0.000054,0.001698,0.000511
0.003854,0.000266,0.012442,0.008745,0.005417,0.000536,0.010108,0.005430
0.006267,0.000272,0.026244,0.009269,0.010237,0.000535,0.022256,0.006337
0.012729,0.000655,0.061622,0.027043,0.019762,0.001342,0.055568,0.020412
0.016418,0.001968,0.060275,0.083412,0.019271,0.004410,0.054460,0.055072
