vet-ins,vet-fnd,avl-ins,avl-fnd,hst-ins,hst-fnd,htr-ins,htr-fnd
0.000531,0.000019,0.001878,0.000661,0.000794,0.003141,0.002037,0.000664
0.002354,0.000187,0.011335,0.007851,0.003665,0.142451,0.012759,0.007970
0.004320,0.000230,0.027993,0.009291,0.007076,0.224581,0.027000,0.008692
0.008240,0.000493,0.058256,0.024337,0.013267,0.551144,0.064439,0.025361
0.007797,0.001557,0.065818,0.076051,0.013280,1.693047,0.066076,0.074774
