vet-ins,vet-fnd,avl-ins,avl-fnd,hst-ins,hst-fnd,htr-ins,htr-fnd
0.001039,0.000045,0.003160,0.001034,0.001751,0.000075,0.002284,0.000602
0.005036,0.000377,0.017446,0.008811,0.005897,0.000542,0.010605,0.005449
0.007293,0.000313,0.027433,0.009748,0.011714,0.000539,0.024361,0.006795
0.013152,0.000668,0.059279,0.026127,0.021774,0.001350,0.054659,0.018284
0.016682,0.002006,0.059989,0.078152,0.020728,0.004056,0.058216,0.054977
