vet-ins,vet-fnd,avl-ins,avl-fnd,hst-ins,hst-fnd,htr-ins,htr-fnd
0.002206,0.000073,0.005891,0.002020,0.003389,0.000147,0.004398,0.001181
0.004643,0.000280,0.013226,0.009826,0.006405,0.000542,0.011812,0.005495
0.007345,0.000313,0.030323,0.010568,0.012407,0.000543,0.025855,0.007016
0.014643,0.000782,0.079355,0.029599,0.023459,0.001351,0.061041,0.021589
0.019011,0.002348,0.071560,0.096997,0.024714,0.004695,0.063291,0.060407
