vet-ins,vet-fnd,avl-ins,avl-fnd,hst-ins,hst-fnd,htr-ins,htr-fnd
0.000803,0.000027,0.002519,0.000753,0.001386,0.000067,0.001644,0.000473
0.004250,0.000423,0.020610,0.009989,0.005382,0.000541,0.010290,0.005486
0.007209,0.000263,0.027380,0.009547,0.010216,0.000541,0.021951,0.006328
0.012676,0.000658,0.059951,0.026597,0.020608,0.001366,0.052327,0.018311
0.017202,0.001967,0.060211,0.079502,0.020991,0.004683,0.051984,0.056780
