vet-ins,vet-fnd,avl-ins,avl-fnd,hst-ins,hst-fnd,htr-ins,htr-fnd
0.000520,0.000019,0.001854,0.000661,0.000754,0.004103,0.002106,0.000702
0.002311,0.000187,0.011257,0.007830,0.003581,0.190021,0.013470,0.008579
0.004007,0.000207,0.026115,0.008768,0.007165,0.221633,0.026767,0.008736
0.008031,0.000494,0.058386,0.024410,0.013295,0.543565,0.059921,0.024090
0.007550,0.001453,0.058131,0.073021,0.012324,2.259778,0.060638,0.073926
