vet-ins,vet-fnd,avl-ins,avl-fnd,hst-ins,hst-fnd,htr-ins,htr-fnd
0.000541,0.000019,0.001871,0.000672,0.000802,0.004339,0.002549,0.000784
0.002438,0.000200,0.011824,0.008413,0.003551,0.187594,0.013386,0.008475
0.004100,0.000203,0.025627,0.008666,0.007015,0.286514,0.028512,0.009198
0.008133,0.000507,0.058443,0.024603,0.013214,0.746633,0.063042,0.025492
0.007617,0.001465,0.062966,0.074615,0.013425,1.687381,0.064364,0.078208
