vet-ins,vet-fnd,avl-ins,avl-fnd,hst-ins,hst-fnd,htr-ins,htr-fnd
0.000931,0.000033,0.002452,0.000919,0.001197,0.000057,0.001892,0.000450
0.004029,0.000320,0.012980,0.009399,0.005694,0.000535,0.010363,0.005399
0.006719,0.000266,0.026588,0.010464,0.011482,0.000570,0.025152,0.008257
0.013508,0.000656,0.059067,0.026227,0.019662,0.001337,0.051885,0.018474
0.016356,0.001968,0.060181,0.080046,0.019660,0.004070,0.053830,0.052994
