vet-ins,vet-fnd,avl-ins,avl-fnd,hst-ins,hst-fnd,htr-ins,htr-fnd
0.001991,0.000068,0.005798,0.001997,0.003235,0.000158,0.004207,0.001085
0.004772,0.000313,0.012923,0.008679,0.006753,0.000556,0.011795,0.006024
0.006505,0.000319,0.026173,0.009197,0.011252,0.000539,0.022600,0.006064
0.013405,0.000680,0.059898,0.029246,0.022420,0.001347,0.053725,0.017896
0.017360,0.002296,0.063072,0.078670,0.020710,0.004045,0.051837,0.053795
