vet-ins,vet-fnd,avl-ins,avl-fnd,hst-ins,hst-fnd,htr-ins,htr-fnd
0.000800,0.000027,0.002183,0.000751,0.001159,0.000053,0.001603,0.000434
0.003552,0.000263,0.012429,0.008700,0.005385,0.000541,0.010133,0.005812
0.006285,0.000312,0.026840,0.009951,0.010167,0.000539,0.024708,0.007042
0.013161,0.000657,0.060507,0.027939,0.022620,0.001572,0.057428,0.019968
0.016146,0.001973,0.064153,0.087159,0.020385,0.004543,0.052844,0.053548
