vet-ins,vet-fnd,avl-ins,avl-fnd,hst-ins,hst-fnd,htr-ins,htr-fnd
0.000549,0.000019,0.001978,0.000696,0.000798,0.004416,0.002228,0.000742
0.002294,0.000188,0.011388,0.007871,0.003552,0.189125,0.013510,0.008613
0.004140,0.000212,0.026091,0.008849,0.007409,0.226192,0.027416,0.008887
0.008231,0.000492,0.058826,0.024269,0.013416,0.549885,0.060351,0.024828
0.007753,0.001470,0.059638,0.073338,0.012980,1.671574,0.060766,0.071869
