vet-ins,vet-fnd,avl-ins,avl-fnd,hst-ins,hst-fnd,htr-ins,htr-fnd
0.002194,0.000073,0.005911,0.002041,0.003392,0.000146,0.004535,0.001193
0.004317,0.000268,0.012734,0.009013,0.006199,0.000547,0.010764,0.005470
0.006491,0.000269,0.026063,0.009221,0.011238,0.000536,0.022808,0.006070
0.014170,0.000743,0.060551,0.025729,0.021769,0.001345,0.053208,0.018805
0.018302,0.002088,0.060752,0.081314,0.021402,0.004075,0.052598,0.053464
