vet-ins,vet-fnd,avl-ins,avl-fnd,hst-ins,hst-fnd,htr-ins,htr-fnd
0.000810,0.000027,0.002209,0.000755,0.001239,0.000063,0.001847,0.000433
0.003581,0.000262,0.013168,0.009061,0.005797,0.000540,0.010193,0.005417
0.006410,0.000262,0.026144,0.009286,0.010202,0.000541,0.022249,0.007283
0.013174,0.000657,0.059875,0.026608,0.019733,0.001353,0.052535,0.018377
0.016876,0.001970,0.061825,0.080880,0.018658,0.004127,0.052386,0.053337
