vet-ins,vet-fnd,avl-ins,avl-fnd,hst-ins,hst-fnd,htr-ins,htr-fnd
0.002130,0.000077,0.005657,0.001961,0.003096,0.000137,0.004089,0.001209
0.005651,0.000266,0.012311,0.008716,0.005375,0.000535,0.010002,0.005382
0.006376,0.000264,0.025785,0.009263,0.010170,0.000535,0.021844,0.005991
0.012738,0.000655,0.060561,0.025900,0.019639,0.001381,0.051414,0.020090
0.016425,0.001970,0.059731,0.081621,0.020303,0.004404,0.051910,0.053310
