vet-ins,vet-fnd,avl-ins,avl-fnd,hst-ins,hst-fnd,htr-ins,htr-fnd
0.002103,0.000079,0.005719,0.001995,0.003324,0.000135,0.004176,0.001195
0.005441,0.000339,0.012497,0.009183,0.005935,0.000539,0.010378,0.005584
0.006505,0.000270,0.026095,0.009197,0.011236,0.000541,0.023169,0.006063
0.013522,0.000671,0.060791,0.025608,0.022706,0.001476,0.064719,0.021558
0.019781,0.002360,0.074159,0.095586,0.024443,0.004846,0.063630,0.065841
