vet-ins,vet-fnd,avl-ins,avl-fnd,hst-ins,hst-fnd,htr-ins,htr-fnd
0.001329,0.000048,0.003524,0.001248,0.002146,0.000079,0.002609,0.000698
0.004252,0.000267,0.014270,0.009996,0.006552,0.000594,0.012060,0.006435
0.007147,0.000314,0.030009,0.010429,0.012516,0.000631,0.027598,0.006798
0.013830,0.000704,0.062964,0.027782,0.022722,0.001363,0.065882,0.024007
0.022696,0.002382,0.081680,0.103559,0.024966,0.004788,0.069075,0.070748
