vet-ins,vet-fnd,avl-ins,avl-fnd,hst-ins,hst-fnd,htr-ins,htr-fnd
0.000546,0.000020,0.001867,0.000666,0.000788,0.004328,0.002128,0.000706
0.002366,0.000194,0.011866,0.008232,0.003699,0.191014,0.013227,0.008476
0.003918,0.000203,0.025677,0.008714,0.006648,0.294334,0.029080,0.009583
0.009294,0.000489,0.066902,0.026088,0.013427,0.734402,0.063405,0.025330
0.007627,0.001465,0.065707,0.075706,0.013329,1.676769,0.059233,0.072030
