vet-ins,vet-fnd,avl-ins,avl-fnd,hst-ins,hst-fnd,htr-ins,htr-fnd
0.000537,0.000020,0.001898,0.000668,0.000815,0.003153,0.002037,0.000669
0.002378,0.000186,0.011433,0.008009,0.003574,0.139662,0.012543,0.009075
0.004132,0.000206,0.025753,0.008729,0.007470,0.223970,0.026575,0.008610
0.007954,0.000503,0.058432,0.024249,0.013211,0.731444,0.061041,0.025250
0.007946,0.001525,0.059349,0.073638,0.012790,2.198444,0.059676,0.074592
