vet-ins,vet-fnd,avl-ins,avl-fnd,hst-ins,hst-fnd,htr-ins,htr-fnd
0.000528,0.000019,0.001908,0.000668,0.000826,0.003288,0.002035,0.000668
0.002398,0.000195,0.011599,0.008089,0.003788,0.144976,0.012847,0.008167
0.004223,0.000229,0.026860,0.009124,0.007414,0.227440,0.027030,0.008616
0.008265,0.000492,0.057936,0.024615,0.013910,0.546708,0.060192,0.024699
0.007587,0.001467,0.058531,0.074018,0.012929,1.661015,0.058914,0.072456
