vet-ins,vet-fnd,avl-ins,avl-fnd,hst-ins,hst-fnd,htr-ins,htr-fnd
0.000921,0.000031,0.003131,0.001048,0.001659,0.000075,0.002258,0.000600
0.005568,0.000458,0.016269,0.009768,0.005996,0.000644,0.011292,0.005633
0.006381,0.000264,0.026562,0.009280,0.010441,0.000536,0.022185,0.006175
0.013426,0.000821,0.061224,0.028421,0.022362,0.001541,0.055727,0.018547
0.016901,0.001970,0.058920,0.083875,0.018557,0.004020,0.052271,0.054304
