vet-ins,vet-fnd,avl-ins,avl-fnd,hst-ins,hst-fnd,htr-ins,htr-fnd
0.000542,0.000019,0.001887,0.000663,0.000849,0.003216,0.002082,0.000670
0.002151,0.000190,0.011765,0.007914,0.003713,0.142425,0.012541,0.008866
0.003951,0.000205,0.030623,0.011946,0.007275,0.231650,0.027032,0.008692
0.009631,0.000487,0.061170,0.024405,0.013127,0.550535,0.059144,0.026250
0.008039,0.001463,0.060406,0.074742,0.013353,1.690805,0.060578,0.073751
