vet-ins,vet-fnd,avl-ins,avl-fnd,hst-ins,hst-fnd,htr-ins,htr-fnd
0.000803,0.000026,0.002176,0.000757,0.001160,0.000054,0.001599,0.000439
0.003893,0.000262,0.012709,0.009046,0.005786,0.000595,0.010602,0.005391
0.006574,0.000263,0.025969,0.009972,0.010935,0.000663,0.025273,0.007008
0.013031,0.000665,0.060394,0.026749,0.019662,0.001347,0.055614,0.020383
0.016486,0.002310,0.061304,0.081709,0.018990,0.004023,0.051491,0.054197
