vet-ins,vet-fnd,avl-ins,avl-fnd,hst-ins,hst-fnd,htr-ins,htr-fnd
0.000857,0.000031,0.003280,0.001042,0.001597,0.000075,0.002222,0.000601
0.004871,0.000368,0.017160,0.009078,0.005391,0.000536,0.010153,0.005397
0.006926,0.000327,0.029187,0.010458,0.010576,0.000546,0.023444,0.006317
0.012917,0.000656,0.058828,0.026137,0.019900,0.001339,0.052611,0.017692
0.016110,0.002000,0.058650,0.084678,0.019149,0.004054,0.051208,0.059193
