vet-ins,vet-fnd,avl-ins,avl-fnd,hst-ins,hst-fnd,htr-ins,htr-fnd
0.000557,0.000021,0.001984,0.000703,0.000803,0.004376,0.003637,0.001445
0.002332,0.000187,0.011361,0.007886,0.003564,0.187366,0.013095,0.008343
0.003988,0.000204,0.025688,0.008723,0.006983,0.289020,0.028922,0.009327
0.008384,0.000515,0.059480,0.025001,0.013735,0.545340,0.059120,0.023854
0.008011,0.001526,0.058795,0.073818,0.013164,1.668903,0.060679,0.071895
