vet-ins,vet-fnd,avl-ins,avl-fnd,hst-ins,hst-fnd,htr-ins,htr-fnd
0.000522,0.000019,0.001859,0.000656,0.000819,0.003042,0.002043,0.000664
0.002719,0.000200,0.013506,0.008904,0.003556,0.140679,0.012691,0.008084
0.004009,0.000208,0.029783,0.009186,0.007107,0.223599,0.027818,0.009091
0.008206,0.000555,0.059731,0.024259,0.014305,0.736573,0.070227,0.026950
0.007455,0.001438,0.059665,0.072678,0.012943,2.189745,0.063164,0.076310
