vet-ins,vet-fnd,avl-ins,avl-fnd,hst-ins,hst-fnd,htr-ins,htr-fnd
0.000523,0.000019,0.001862,0.000665,0.000761,0.004191,0.002113,0.000704
0.002312,0.000187,0.012462,0.008540,0.003619,0.193888,0.013980,0.008774
0.004424,0.000247,0.027688,0.010291,0.006982,0.302687,0.033715,0.011021
0.008580,0.000525,0.067279,0.028058,0.013661,0.744127,0.064012,0.026667
0.007537,0.001456,0.061263,0.076327,0.013542,2.187326,0.063342,0.076593
