vet-ins,vet-fnd,avl-ins,avl-fnd,hst-ins,hst-fnd,htr-ins,htr-fnd
0.000537,0.000020,0.001929,0.000729,0.000798,0.004192,0.002154,0.000705
0.002346,0.000188,0.011387,0.007941,0.003402,0.184731,0.013054,0.008393
0.004138,0.000205,0.025455,0.008642,0.006919,0.287572,0.028427,0.009159
0.008013,0.000488,0.058361,0.024246,0.013357,0.730043,0.061312,0.027190
0.007601,0.001428,0.058376,0.073043,0.013021,2.194329,0.061724,0.076517
