vet-ins,vet-fnd,avl-ins,avl-fnd,hst-ins,hst-fnd,htr-ins,htr-fnd
0.000919,0.000031,0.003564,0.001139,0.002097,0.000079,0.002447,0.000637
0.005935,0.000427,0.017946,0.009186,0.006340,0.000588,0.012061,0.006099
0.007634,0.000455,0.030481,0.010659,0.013060,0.000633,0.025992,0.006882
0.014508,0.000782,0.067363,0.027984,0.023089,0.001348,0.059157,0.019436
0.018365,0.002340,0.066499,0.084786,0.022123,0.004255,0.061806,0.058654
