vet-ins,vet-fnd,avl-ins,avl-fnd,hst-ins,hst-fnd,htr-ins,htr-fnd
0.000818,0.000027,0.002353,0.000883,0.001265,0.000063,0.001897,0.000547
0.003794,0.000268,0.012761,0.009096,0.005887,0.000540,0.010253,0.006072
0.007587,0.000313,0.028682,0.009223,0.011238,0.000539,0.022869,0.006185
0.013106,0.000674,0.058521,0.025701,0.022918,0.001356,0.053535,0.017946
0.016909,0.002084,0.061930,0.078731,0.020777,0.004050,0.052588,0.053980
