vet-ins,vet-fnd,avl-ins,avl-fnd,hst-ins,hst-fnd,htr-ins,htr-fnd
0.000815,0.000027,0.002581,0.000831,0.001415,0.000063,0.001870,0.000450
0.003909,0.000314,0.014770,0.009776,0.006202,0.000537,0.011677,0.006208
0.006933,0.000269,0.026829,0.009622,0.011454,0.000537,0.023471,0.006429
0.014444,0.000676,0.062159,0.026673,0.021875,0.001343,0.055174,0.018157
0.017276,0.002153,0.061703,0.078248,0.020800,0.004044,0.054295,0.053695
