vet-ins,vet-fnd,avl-ins,avl-fnd,hst-ins,hst-fnd,htr-ins,htr-fnd
0.002105,0.000071,0.005920,0.002032,0.003126,0.000146,0.004816,0.001188
0.003655,0.000262,0.012401,0.008719,0.005729,0.000536,0.010124,0.005408
0.006640,0.000262,0.025991,0.009236,0.010173,0.000539,0.022127,0.005988
0.012713,0.000665,0.060731,0.027982,0.022324,0.001497,0.053544,0.018161
0.016419,0.001967,0.060016,0.085134,0.019295,0.004165,0.052424,0.056355
