vet-ins,vet-fnd,avl-ins,avl-fnd,hst-ins,hst-fnd,htr-ins,htr-fnd
0.000542,0.000019,0.001864,0.000668,0.000842,0.003127,0.002104,0.000660
0.002176,0.000192,0.011507,0.007893,0.003661,0.142641,0.012603,0.007935
0.003847,0.000203,0.025991,0.008672,0.007052,0.220052,0.027025,0.008770
0.008059,0.000487,0.059524,0.024336,0.013627,0.538755,0.061282,0.025079
0.007609,0.001480,0.058999,0.075260,0.012455,2.198906,0.066693,0.075770
