vet-ins,vet-fnd,avl-ins,avl-fnd,hst-ins,hst-fnd,htr-ins,htr-fnd
0.000917,0.000031,0.002489,0.000845,0.001500,0.000054,0.001733,0.000512
0.004101,0.000339,0.014711,0.010339,0.006803,0.000688,0.012328,0.006444
0.007411,0.000318,0.030610,0.010992,0.013054,0.000631,0.026663,0.007056
0.015489,0.000829,0.069331,0.030091,0.025600,0.001588,0.062158,0.020682
0.019747,0.002386,0.069788,0.091147,0.024316,0.004738,0.061376,0.059745
