vet-ins,vet-fnd,avl-ins,avl-fnd,hst-ins,hst-fnd,htr-ins,htr-fnd
0.001922,0.000066,0.005579,0.001864,0.002856,0.000134,0.004105,0.001241
0.004637,0.000308,0.012831,0.009658,0.006211,0.000535,0.010136,0.005404
0.006343,0.000270,0.025857,0.009224,0.010797,0.000536,0.025296,0.006943
0.013040,0.000666,0.058440,0.026967,0.019639,0.001341,0.056345,0.020737
0.016190,0.001983,0.059446,0.084127,0.021563,0.004022,0.051332,0.052077
