vet-ins,vet-fnd,avl-ins,avl-fnd,hst-ins,hst-fnd,htr-ins,htr-fnd
0.002000,0.000077,0.005633,0.002127,0.003153,0.000135,0.004079,0.001105
0.004496,0.000262,0.012672,0.008704,0.005626,0.000674,0.010147,0.005414
0.006652,0.000308,0.028108,0.010408,0.010782,0.000540,0.023119,0.006067
0.013021,0.000655,0.060230,0.026408,0.020014,0.001371,0.052839,0.018203
0.017042,0.002312,0.063701,0.080987,0.021504,0.004615,0.054906,0.054346
