vet-ins,vet-fnd,avl-ins,avl-fnd,hst-ins,hst-fnd,htr-ins,htr-fnd
0.000521,0.000019,0.001867,0.000669,0.000790,0.003103,0.002018,0.000665
0.002542,0.000229,0.012587,0.009758,0.003822,0.148362,0.013163,0.008383
0.003969,0.000204,0.025592,0.008659,0.007395,0.227081,0.026769,0.008685
0.008738,0.000492,0.059743,0.024462,0.013763,0.546802,0.059645,0.024211
0.007540,0.001450,0.064206,0.075230,0.012948,1.699068,0.080534,0.092909
