vet-ins,vet-fnd,avl-ins,avl-fnd,hst-ins,hst-fnd,htr-ins,htr-fnd
0.002188,0.000073,0.005907,0.002055,0.003392,0.000147,0.004364,0.001183
0.004077,0.000273,0.012427,0.008707,0.005877,0.000538,0.010322,0.005450
0.006998,0.000269,0.026100,0.009228,0.011217,0.000538,0.022647,0.006075
0.013142,0.000670,0.058892,0.026136,0.021792,0.001358,0.058623,0.019761
0.016564,0.002014,0.059364,0.080196,0.021194,0.004150,0.052557,0.052836
