vet-ins,vet-fnd,avl-ins,avl-fnd,hst-ins,hst-fnd,htr-ins,htr-fnd
0.000528,0.000019,0.001936,0.000666,0.000791,0.003177,0.002191,0.000670
0.002308,0.000190,0.011382,0.007922,0.003571,0.187192,0.013200,0.008428
0.003875,0.000204,0.025550,0.008670,0.006945,0.289348,0.028357,0.009262
0.008043,0.000491,0.058594,0.024857,0.012829,0.721167,0.060285,0.025121
0.007549,0.001439,0.057574,0.073125,0.012684,2.163600,0.067015,0.077775
