vet-ins,vet-fnd,avl-ins,avl-fnd,hst-ins,hst-fnd,htr-ins,htr-fnd
0.000535,0.000020,0.001902,0.000683,0.000756,0.004245,0.002121,0.000734
0.002210,0.000190,0.011450,0.007849,0.003575,0.190252,0.014139,0.009280
0.004150,0.000217,0.025475,0.008660,0.006991,0.294130,0.028411,0.009233
0.008045,0.000497,0.058166,0.024342,0.013155,0.731648,0.067353,0.025751
0.007530,0.001451,0.058483,0.073206,0.013017,2.177983,0.065441,0.082532
