vet-ins,vet-fnd,avl-ins,avl-fnd,hst-ins,hst-fnd,htr-ins,htr-fnd
0.002048,0.000082,0.005668,0.002028,0.003324,0.000159,0.004002,0.001081
0.004877,0.000267,0.012314,0.008629,0.005876,0.000542,0.010755,0.005453
0.006532,0.000268,0.025859,0.009177,0.011642,0.000539,0.023154,0.006080
0.013480,0.000669,0.063702,0.026975,0.021794,0.001352,0.054203,0.019787
0.018218,0.002257,0.067606,0.081758,0.023344,0.004832,0.062298,0.064240
