vet-ins,vet-fnd,avl-ins,avl-fnd,hst-ins,hst-fnd,htr-ins,htr-fnd
0.000820,0.000027,0.002213,0.000744,0.001260,0.000054,0.001638,0.000437
0.003694,0.000267,0.012489,0.008620,0.005911,0.000539,0.010780,0.005444
0.006514,0.000267,0.026536,0.009178,0.011560,0.000539,0.023136,0.007148
0.013472,0.000668,0.059835,0.025809,0.023540,0.001489,0.060153,0.018272
0.017399,0.002305,0.063407,0.079486,0.020982,0.004046,0.052860,0.053342
