vet-ins,vet-fnd,avl-ins,avl-fnd,hst-ins,hst-fnd,htr-ins,htr-fnd
0.002193,0.000073,0.005996,0.002027,0.003399,0.000147,0.004431,0.001183
0.004276,0.000268,0.012930,0.008670,0.005881,0.000539,0.010467,0.005457
0.006851,0.000275,0.026198,0.009191,0.011468,0.000538,0.023203,0.006029
0.013179,0.000670,0.059638,0.027280,0.024900,0.001573,0.056908,0.018197
0.017055,0.002011,0.061841,0.081820,0.021257,0.004604,0.053700,0.058073
