vet-ins,vet-fnd,avl-ins,avl-fnd,hst-ins,hst-fnd,htr-ins,htr-fnd
0.000528,0.000019,0.001901,0.000660,0.000793,0.003200,0.002056,0.000673
0.002320,0.000189,0.011845,0.008206,0.003642,0.143393,0.012811,0.008125
0.004037,0.000206,0.026009,0.008688,0.007154,0.219509,0.026889,0.008643
0.008003,0.000487,0.059545,0.025520,0.014276,0.546571,0.060350,0.024295
0.007531,0.001446,0.065975,0.074178,0.012533,2.181777,0.063243,0.076803
