vet-ins,vet-fnd,avl-ins,avl-fnd,hst-ins,hst-fnd,htr-ins,htr-fnd
0.000521,0.000019,0.001907,0.000663,0.000790,0.003070,0.002024,0.000690
0.002338,0.000187,0.011376,0.007817,0.003674,0.140844,0.012390,0.007919
0.003876,0.000202,0.025835,0.008625,0.006715,0.221600,0.026654,0.008591
0.008068,0.000495,0.058863,0.024211,0.013765,0.541173,0.059823,0.024382
0.007567,0.001424,0.058913,0.073319,0.012573,2.159569,0.061038,0.074343
