vet-ins,vet-fnd,avl-ins,avl-fnd,hst-ins,hst-fnd,htr-ins,htr-fnd
0.000523,0.000019,0.001908,0.000791,0.000848,0.004265,0.002138,0.000709
0.002383,0.000194,0.011348,0.007959,0.003576,0.195602,0.014128,0.010562
0.004824,0.000250,0.030474,0.011814,0.008690,0.310009,0.028184,0.009102
0.008092,0.000490,0.058862,0.026874,0.014780,0.761626,0.064931,0.025202
0.007553,0.001422,0.058371,0.074337,0.014125,1.666924,0.062597,0.073765
