vet-ins,vet-fnd,avl-ins,avl-fnd,hst-ins,hst-fnd,htr-ins,htr-fnd
0.001097,0.000037,0.002989,0.001046,0.001711,0.000075,0.002228,0.000604
0.004839,0.000364,0.016710,0.009405,0.005731,0.000541,0.010541,0.005408
0.006283,0.000263,0.025809,0.009685,0.010156,0.000540,0.022883,0.006411
0.012587,0.000656,0.059493,0.027714,0.020380,0.001538,0.051538,0.017648
0.016096,0.001972,0.064275,0.079605,0.019016,0.004066,0.059422,0.057043
