vet-ins,vet-fnd,avl-ins,avl-fnd,hst-ins,hst-fnd,htr-ins,htr-fnd
0.002114,0.000072,0.005930,0.002064,0.003129,0.000146,0.004329,0.001194
0.004309,0.000263,0.012471,0.009302,0.005396,0.000535,0.010683,0.006012
0.006275,0.000262,0.027000,0.009256,0.010834,0.000535,0.022478,0.006051
0.013086,0.000660,0.059032,0.025978,0.019938,0.001337,0.051544,0.017698
0.016149,0.001977,0.061174,0.084698,0.021231,0.004476,0.057887,0.053338
