vet-ins,vet-fnd,avl-ins,avl-fnd,hst-ins,hst-fnd,htr-ins,htr-fnd
0.000526,0.000019,0.001893,0.000667,0.000789,0.003150,0.002045,0.000672
0.002315,0.000189,0.011314,0.007859,0.003654,0.141997,0.012433,0.007895
0.003978,0.000199,0.025446,0.008672,0.007061,0.222699,0.027089,0.008681
0.008053,0.000495,0.058254,0.024444,0.013288,0.543294,0.059287,0.024111
0.007512,0.001451,0.058464,0.075006,0.013199,1.658990,0.059132,0.071333
