vet-ins,vet-fnd,avl-ins,avl-fnd,hst-ins,hst-fnd,htr-ins,htr-fnd
0.000521,0.000019,0.001866,0.000686,0.000951,0.003365,0.002371,0.000797
0.002337,0.000189,0.012225,0.008220,0.003783,0.142880,0.012699,0.008162
0.003927,0.000203,0.025729,0.009099,0.007083,0.221986,0.026732,0.008693
0.008109,0.000504,0.059316,0.024726,0.013185,0.542670,0.060268,0.028507
0.008093,0.001582,0.060312,0.074665,0.012291,2.219736,0.065141,0.081671
