vet-ins,vet-fnd,avl-ins,avl-fnd,hst-ins,hst-fnd,htr-ins,htr-fnd
0.002335,0.000080,0.005575,0.002100,0.003271,0.000135,0.004147,0.001217
0.005649,0.000433,0.013169,0.009482,0.005873,0.000539,0.010392,0.005463
0.007099,0.000313,0.027763,0.009216,0.011170,0.000543,0.022763,0.006844
0.013533,0.000668,0.059587,0.025658,0.022483,0.001358,0.053228,0.017851
0.016526,0.002004,0.059265,0.087602,0.024394,0.004637,0.059344,0.054388
