vet-ins,vet-fnd,avl-ins,avl-fnd,hst-ins,hst-fnd,htr-ins,htr-fnd
0.000560,0.000019,0.001869,0.000691,0.000798,0.003217,0.002010,0.000664
0.002346,0.000195,0.011421,0.007956,0.003719,0.142500,0.012436,0.007924
0.003975,0.000200,0.025523,0.008606,0.006841,0.222717,0.026530,0.008475
0.008291,0.000486,0.057569,0.024238,0.013814,0.545138,0.059562,0.024279
0.007508,0.001447,0.058452,0.073586,0.013153,1.650555,0.058509,0.070386
