vet-ins,vet-fnd,avl-ins,avl-fnd,hst-ins,hst-fnd,htr-ins,htr-fnd
0.000815,0.000031,0.003071,0.001046,0.001620,0.000075,0.002315,0.000622
0.003899,0.000263,0.014114,0.009673,0.006067,0.000562,0.010756,0.005428
0.006534,0.000313,0.025903,0.009202,0.010200,0.000535,0.022197,0.006403
0.013125,0.000655,0.058419,0.025853,0.019716,0.001336,0.051503,0.018135
0.016140,0.001971,0.059022,0.078469,0.018556,0.004033,0.050601,0.052517
