vet-ins,vet-fnd,avl-ins,avl-fnd,hst-ins,hst-fnd,htr-ins,htr-fnd
0.000797,0.000026,0.003107,0.001238,0.001842,0.000093,0.002668,0.000755
0.005785,0.000464,0.016632,0.008712,0.005382,0.000536,0.012227,0.006331
0.006295,0.000263,0.026749,0.010226,0.010938,0.000535,0.023497,0.006476
0.012673,0.000656,0.058909,0.025930,0.019677,0.001337,0.051577,0.017811
0.016169,0.001981,0.059627,0.080107,0.019096,0.004024,0.054409,0.052951
