vet-ins,vet-fnd,avl-ins,avl-fnd,hst-ins,hst-fnd,htr-ins,htr-fnd
0.000943,0.000031,0.003552,0.001301,0.002076,0.000079,0.002764,0.000637
0.005761,0.000467,0.017831,0.008994,0.005946,0.000540,0.010916,0.005464
0.006509,0.000267,0.026522,0.009407,0.011432,0.000540,0.023106,0.006056
0.013083,0.000669,0.059473,0.025906,0.022304,0.001569,0.056186,0.019201
0.016848,0.002011,0.059932,0.078706,0.021354,0.004059,0.055776,0.054620
