vet-ins,vet-fnd,avl-ins,avl-fnd,hst-ins,hst-fnd,htr-ins,htr-fnd
0.000975,0.000032,0.002567,0.000879,0.001550,0.000063,0.001945,0.000535
0.004319,0.000313,0.014853,0.010239,0.006940,0.000637,0.012228,0.005999
0.007315,0.000316,0.028813,0.010217,0.012230,0.000539,0.024240,0.006844
0.014491,0.000701,0.066292,0.030663,0.025808,0.001641,0.064655,0.021509
0.019848,0.002354,0.074414,0.088802,0.021988,0.004049,0.055783,0.066508
