vet-ins,vet-fnd,avl-ins,avl-fnd,hst-ins,hst-fnd,htr-ins,htr-fnd
0.000791,0.000027,0.002887,0.001049,0.001598,0.000076,0.002546,0.000758
0.004847,0.000364,0.016540,0.009144,0.005383,0.000535,0.010236,0.005719
0.006283,0.000262,0.026239,0.009612,0.010213,0.000535,0.022760,0.005969
0.015470,0.000755,0.061007,0.026190,0.019620,0.001343,0.052135,0.017743
0.016181,0.001969,0.060059,0.086278,0.018648,0.004021,0.052181,0.053006
