vet-ins,vet-fnd,avl-ins,avl-fnd,hst-ins,hst-fnd,htr-ins,htr-fnd
0.000525,0.000020,0.001874,0.000660,0.000755,0.004294,0.002134,0.000708
0.002207,0.000190,0.011644,0.007948,0.003589,0.187420,0.012920,0.008384
0.004131,0.000201,0.025678,0.008709,0.006926,0.291690,0.028378,0.009185
0.008098,0.000488,0.058200,0.024337,0.013241,0.721428,0.061826,0.025208
0.007556,0.001454,0.058354,0.073100,0.012828,2.194114,0.061847,0.076118
