vet-ins,vet-fnd,avl-ins,avl-fnd,hst-ins,hst-fnd,htr-ins,htr-fnd
0.002120,0.000067,0.005781,0.001870,0.003229,0.000134,0.004278,0.001167
0.004645,0.000280,0.012342,0.008666,0.006205,0.000541,0.011700,0.006101
0.007208,0.000281,0.026498,0.009221,0.011243,0.000537,0.022612,0.006058
0.014650,0.000848,0.062165,0.025772,0.022155,0.001343,0.052575,0.018071
0.019666,0.002027,0.060443,0.078083,0.024188,0.004535,0.053956,0.053009
