vet-ins,vet-fnd,avl-ins,avl-fnd,hst-ins,hst-fnd,htr-ins,htr-fnd
0.000525,0.000019,0.001886,0.000659,0.000758,0.004231,0.002125,0.000702
0.002307,0.000189,0.011459,0.008566,0.003631,0.191766,0.013652,0.008909
0.004142,0.000207,0.025505,0.008691,0.007291,0.229508,0.026951,0.008668
0.007958,0.000506,0.058527,0.024314,0.013986,0.548339,0.060161,0.024274
0.007597,0.001439,0.062276,0.073183,0.012888,1.677759,0.059351,0.072262
