vet-ins,vet-fnd,avl-ins,avl-fnd,hst-ins,hst-fnd,htr-ins,htr-fnd
0.001397,0.000041,0.003566,0.001160,0.002082,0.000095,0.002660,0.000682
0.006124,0.000391,0.017439,0.009575,0.006194,0.000641,0.011230,0.005780
0.007039,0.000268,0.027730,0.009605,0.011970,0.000537,0.024474,0.006673
0.014095,0.000778,0.068042,0.028679,0.022635,0.001385,0.056884,0.018930
0.017945,0.002351,0.064803,0.082962,0.022920,0.004807,0.055371,0.056355
