vet-ins,vet-fnd,avl-ins,avl-fnd,hst-ins,hst-fnd,htr-ins,htr-fnd
0.002111,0.000067,0.005670,0.002025,0.003227,0.000156,0.004277,0.001225
0.005353,0.000268,0.012822,0.008969,0.005917,0.000542,0.010486,0.005466
0.006435,0.000269,0.027899,0.010200,0.011261,0.000539,0.023348,0.006072
0.013602,0.000701,0.060410,0.025615,0.021849,0.001346,0.056682,0.018986
0.016956,0.002018,0.066386,0.098193,0.025190,0.004929,0.063013,0.062158
