vet-ins,vet-fnd,avl-ins,avl-fnd,hst-ins,hst-fnd,htr-ins,htr-fnd
0.000819,0.000027,0.002569,0.000858,0.001451,0.000063,0.001849,0.000500
0.004155,0.000327,0.014093,0.009932,0.006477,0.000660,0.010822,0.006051
0.006468,0.000268,0.028031,0.010459,0.012661,0.000632,0.024286,0.006594
0.013954,0.000669,0.065120,0.027695,0.024048,0.001397,0.057904,0.019046
0.017310,0.002392,0.063150,0.079067,0.020717,0.004044,0.053078,0.053346
