vet-ins,vet-fnd,avl-ins,avl-fnd,hst-ins,hst-fnd,htr-ins,htr-fnd
0.000572,0.000019,0.001860,0.000660,0.000791,0.003125,0.002074,0.000666
0.002319,0.000192,0.011364,0.007843,0.003652,0.147674,0.012921,0.008124
0.003948,0.000203,0.028855,0.010543,0.007106,0.225466,0.027088,0.008708
0.008075,0.000488,0.064455,0.025054,0.013204,0.551543,0.066756,0.024269
0.007704,0.001431,0.059540,0.073782,0.012355,2.218848,0.062819,0.078350
