vet-ins,vet-fnd,avl-ins,avl-fnd,hst-ins,hst-fnd,htr-ins,htr-fnd
0.000911,0.000032,0.002635,0.000864,0.001468,0.000054,0.001827,0.000512
0.004220,0.000314,0.014268,0.010161,0.006455,0.000537,0.011621,0.006244
0.007329,0.000268,0.029542,0.010101,0.013337,0.000538,0.028582,0.007432
0.013767,0.000671,0.059590,0.027433,0.025735,0.001581,0.069301,0.021731
0.018989,0.002357,0.068141,0.093862,0.023608,0.004834,0.063803,0.058196
