vet-ins,vet-fnd,avl-ins,avl-fnd,hst-ins,hst-fnd,htr-ins,htr-fnd
0.000792,0.000026,0.002476,0.000831,0.001272,0.000063,0.001815,0.000434
0.003559,0.000263,0.012595,0.009084,0.005411,0.000539,0.010070,0.005396
0.006261,0.000265,0.025703,0.009302,0.010221,0.000535,0.022004,0.006027
0.013974,0.000840,0.062795,0.027046,0.022314,0.001572,0.057859,0.018335
0.016463,0.001973,0.058897,0.084898,0.019112,0.004409,0.051798,0.053727
