vet-ins,vet-fnd,avl-ins,avl-fnd,hst-ins,hst-fnd,htr-ins,htr-fnd
0.000570,0.000021,0.002003,0.000713,0.000798,0.004372,0.002207,0.000764
0.002137,0.000193,0.011555,0.007946,0.003611,0.189406,0.013756,0.008683
0.004123,0.000207,0.025717,0.008695,0.006974,0.286693,0.028180,0.009151
0.008048,0.000491,0.061192,0.024840,0.012818,0.719018,0.060373,0.024931
0.007729,0.001455,0.058467,0.076256,0.012939,2.197689,0.061712,0.078498
