vet-ins,vet-fnd,avl-ins,avl-fnd,hst-ins,hst-fnd,htr-ins,htr-fnd
0.000525,0.000019,0.001877,0.000686,0.000758,0.004277,0.002108,0.000728
0.002380,0.000196,0.011560,0.008099,0.003631,0.189928,0.013166,0.008448
0.003974,0.000207,0.025859,0.008628,0.006644,0.289661,0.028187,0.009044
0.008103,0.000488,0.058934,0.024173,0.013183,0.723378,0.061066,0.025113
0.007559,0.001469,0.059017,0.073394,0.012546,2.188194,0.060909,0.074934
