vet-ins,vet-fnd,avl-ins,avl-fnd,hst-ins,hst-fnd,htr-ins,htr-fnd
0.001313,0.000046,0.003599,0.001188,0.002448,0.000093,0.002977,0.000395
0.005715,0.000425,0.015950,0.008558,0.006676,0.000535,0.010817,0.003417
0.006300,0.000262,0.025755,0.009051,0.012713,0.000532,0.023396,0.004041
0.013002,0.000655,0.058251,0.025318,0.024660,0.001337,0.062348,0.012958
0.011775,0.001969,0.058731,0.077136,0.023907,0.004317,0.053674,0.037918
