vet-ins,vet-fnd,avl-ins,avl-fnd,hst-ins,hst-fnd,htr-ins,htr-fnd
0.002083,0.000066,0.005669,0.002043,0.003122,0.000137,0.004091,0.001080
0.005418,0.000262,0.012939,0.009974,0.005752,0.000535,0.011110,0.005803
0.006283,0.000265,0.026121,0.009269,0.010184,0.000537,0.024504,0.006446
0.012587,0.000656,0.059380,0.026825,0.019721,0.001349,0.052807,0.018394
0.016403,0.002000,0.060723,0.079329,0.018631,0.004035,0.053381,0.053461
