vet-ins,vet-fnd,avl-ins,avl-fnd,hst-ins,hst-fnd,htr-ins,htr-fnd
0.000949,0.000032,0.002430,0.000872,0.001464,0.000054,0.001760,0.000542
0.004151,0.000337,0.013358,0.008662,0.006120,0.000673,0.011357,0.006335
0.007193,0.000314,0.028376,0.009619,0.011730,0.000631,0.025430,0.006103
0.013083,0.000669,0.059646,0.025892,0.021782,0.001348,0.054289,0.018186
0.016904,0.002011,0.060563,0.078599,0.021094,0.004051,0.052906,0.057292
