vet-ins,vet-fnd,avl-ins,avl-fnd,hst-ins,hst-fnd,htr-ins,htr-fnd
0.002262,0.000085,0.006065,0.002080,0.003175,0.000149,0.004339,0.001205
0.004429,0.000309,0.013047,0.009197,0.005822,0.000537,0.011181,0.006156
0.006279,0.000267,0.029441,0.010662,0.011428,0.000648,0.025303,0.006679
0.013459,0.000657,0.060130,0.025855,0.019633,0.001341,0.057079,0.018393
0.016148,0.001973,0.059132,0.079424,0.018554,0.004014,0.050759,0.054039
