vet-ins,vet-fnd,btr-ins,btr-fnd,hst-ins,hst-fnd,htr-ins,htr-fnd
0.002155,0.000074,0.006413,0.001998,0.003137,0.000149,0.004426,0.001186
0.004378,0.000314,0.014851,0.008439,0.005380,0.000545,0.010317,0.005411
0.006378,0.000269,0.028320,0.009315,0.010164,0.000544,0.022954,0.005996
0.013024,0.000671,0.063587,0.025482,0.022189,0.001628,0.054849,0.020054
0.016531,0.002018,0.064658,0.077062,0.018546,0.004085,0.051762,0.052997
