vet-ins,vet-fnd,avl-ins,avl-fnd,hst-ins,hst-fnd,htr-ins,htr-fnd
0.002198,0.000074,0.005971,0.002032,0.003391,0.000147,0.004459,0.001184
0.004619,0.000315,0.013177,0.009118,0.005886,0.000539,0.010559,0.005456
0.006501,0.000269,0.026195,0.010128,0.011265,0.000535,0.023566,0.006244
0.013081,0.000671,0.059901,0.025658,0.021759,0.001343,0.053271,0.017619
0.016563,0.002011,0.060706,0.077823,0.020732,0.004082,0.053009,0.057505
