vet-ins,vet-fnd,avl-ins,avl-fnd,hst-ins,hst-fnd,htr-ins,htr-fnd
0.000563,0.000020,0.001954,0.000696,0.000854,0.003127,0.002031,0.000665
0.002296,0.000188,0.011332,0.007859,0.003624,0.141003,0.012361,0.007955
0.004143,0.000200,0.025507,0.008647,0.007024,0.221908,0.026914,0.008668
0.008041,0.000503,0.058203,0.024263,0.013756,0.546500,0.060259,0.024374
0.007981,0.001549,0.059001,0.073188,0.013057,1.669946,0.060081,0.072920
