vet-ins,vet-fnd,avl-ins,avl-fnd,hst-ins,hst-fnd,htr-ins,htr-fnd
0.002200,0.000073,0.005833,0.002061,0.003265,0.000134,0.004166,0.001200
0.004323,0.000273,0.012495,0.008932,0.005877,0.000539,0.011428,0.006462
0.006694,0.000268,0.026337,0.009232,0.011632,0.000633,0.024480,0.006504
0.013577,0.000668,0.059990,0.027864,0.022504,0.001350,0.054283,0.017773
0.018164,0.002320,0.061654,0.083126,0.024067,0.004862,0.062286,0.062451
