vet-ins,vet-fnd,avl-ins,avl-fnd,hst-ins,hst-fnd,htr-ins,htr-fnd
0.000577,0.000019,0.001898,0.000664,0.000752,0.004202,0.002147,0.000701
0.002304,0.000187,0.011380,0.007849,0.003574,0.186463,0.013091,0.008362
0.004053,0.000205,0.025435,0.008728,0.007088,0.220647,0.027092,0.008885
0.008244,0.000500,0.059504,0.024977,0.014031,0.542415,0.060051,0.024350
0.007514,0.001454,0.058417,0.074051,0.013123,1.662389,0.060120,0.071060
