vet-ins,vet-fnd,avl-ins,avl-fnd,hst-ins,hst-fnd,htr-ins,htr-fnd
0.002111,0.000072,0.005936,0.002035,0.003157,0.000147,0.004337,0.001184
0.004343,0.000263,0.014140,0.009513,0.005367,0.000545,0.010572,0.005718
0.006610,0.000264,0.027056,0.009516,0.010813,0.000540,0.021972,0.006112
0.013708,0.000749,0.061063,0.025816,0.020199,0.001367,0.054111,0.018119
0.016154,0.001972,0.060331,0.082154,0.018737,0.004107,0.050991,0.053023
