vet-ins,vet-fnd,avl-ins,avl-fnd,hst-ins,hst-fnd,htr-ins,htr-fnd
0.001894,0.000064,0.005237,0.001838,0.002786,0.000131,0.003808,0.001050
0.005262,0.000328,0.012363,0.009424,0.006366,0.000634,0.011741,0.006428
0.007300,0.000308,0.030802,0.011187,0.011919,0.000634,0.026484,0.007747
0.014693,0.000768,0.071077,0.029481,0.019934,0.001353,0.053198,0.020305
0.016455,0.001971,0.060741,0.084540,0.021506,0.004275,0.054721,0.058574
