vet-ins,vet-fnd,avl-ins,avl-fnd,hst-ins,hst-fnd,htr-ins,htr-fnd
0.002063,0.000067,0.005881,0.001925,0.003216,0.000157,0.004372,0.001252
0.004653,0.000313,0.014309,0.009560,0.006521,0.000648,0.011538,0.006122
0.006670,0.000296,0.027251,0.009223,0.011573,0.000550,0.022853,0.006063
0.013202,0.000669,0.066536,0.030354,0.023487,0.001350,0.055033,0.021676
0.018524,0.002353,0.067047,0.085373,0.022460,0.004058,0.052916,0.055174
