vet-ins,vet-fnd,avl-ins,avl-fnd,hst-ins,hst-fnd,htr-ins,htr-fnd
0.002221,0.000075,0.006097,0.002070,0.003456,0.000150,0.004512,0.001215
0.004182,0.000268,0.012804,0.008636,0.005920,0.000545,0.010880,0.005803
0.006628,0.000269,0.026610,0.009181,0.011299,0.000539,0.022962,0.006068
0.013293,0.000704,0.062883,0.026362,0.021788,0.001345,0.055775,0.019135
0.016661,0.002007,0.066313,0.082124,0.023704,0.004658,0.056243,0.059273
