vet-ins,vet-fnd,avl-ins,avl-fnd,hst-ins,hst-fnd,htr-ins,htr-fnd
0.000825,0.000026,0.002251,0.000901,0.001337,0.000054,0.001646,0.000434
0.005054,0.000372,0.017378,0.009389,0.006231,0.000539,0.010457,0.005436
0.006514,0.000268,0.026743,0.009158,0.011269,0.000539,0.023299,0.006078
0.013231,0.000669,0.060750,0.026452,0.021875,0.001348,0.055707,0.017783
0.017799,0.002010,0.060511,0.078649,0.021017,0.004077,0.056351,0.054070
