vet-ins,vet-fnd,avl-ins,avl-fnd,hst-ins,hst-fnd,htr-ins,htr-fnd
0.000528,0.000019,0.001911,0.000663,0.000757,0.004304,0.002142,0.000704
0.002307,0.000188,0.013813,0.008478,0.004041,0.192649,0.014588,0.008818
0.004136,0.000204,0.026025,0.010746,0.006821,0.297890,0.028345,0.009124
0.008249,0.000504,0.060514,0.026074,0.013302,0.741363,0.061222,0.025156
0.007540,0.001456,0.066435,0.081588,0.012772,2.205706,0.065426,0.076298
