vet-ins,vet-fnd,avl-ins,avl-fnd,hst-ins,hst-fnd,htr-ins,htr-fnd
0.002189,0.000073,0.005998,0.002026,0.003394,0.000147,0.004431,0.001186
0.004717,0.000267,0.012821,0.008630,0.005905,0.000540,0.010444,0.005465
0.006527,0.000268,0.026286,0.010140,0.011802,0.000539,0.022813,0.006040
0.013326,0.000845,0.060512,0.026279,0.023142,0.001349,0.053815,0.018077
0.017732,0.002011,0.066108,0.082995,0.022396,0.004719,0.055380,0.055812
