vet-ins,vet-fnd,avl-ins,avl-fnd,hst-ins,hst-fnd,htr-ins,htr-fnd
0.001892,0.000064,0.005246,0.001816,0.002792,0.000131,0.003862,0.001063
0.006322,0.000327,0.012421,0.008699,0.005436,0.000540,0.010180,0.005415
0.006630,0.000262,0.025957,0.009316,0.010251,0.000544,0.023195,0.006023
0.012704,0.000655,0.060445,0.026629,0.020108,0.001348,0.051652,0.017743
0.016185,0.001972,0.059706,0.088275,0.019084,0.004109,0.052339,0.061118
