vet-ins,vet-fnd,avl-ins,avl-fnd,hst-ins,hst-fnd,htr-ins,htr-fnd
0.002114,0.000072,0.005983,0.002040,0.003115,0.000147,0.004325,0.001193
0.004195,0.000307,0.012639,0.008715,0.005386,0.000540,0.010374,0.005420
0.006622,0.000263,0.028145,0.010381,0.011482,0.000661,0.024704,0.006222
0.012698,0.000656,0.059363,0.026220,0.019705,0.001352,0.057248,0.018214
0.016094,0.001970,0.059696,0.079378,0.018589,0.004080,0.050939,0.052857
