vet-ins,vet-fnd,avl-ins,avl-fnd,hst-ins,hst-fnd,htr-ins,htr-fnd
0.000953,0.000033,0.003169,0.001053,0.001611,0.000075,0.002209,0.000601
0.004948,0.000364,0.016631,0.009511,0.005450,0.000541,0.010070,0.005388
0.006787,0.000263,0.026232,0.009336,0.010227,0.000540,0.022406,0.006027
0.013279,0.000767,0.063626,0.026472,0.020714,0.001349,0.053531,0.018179
0.016758,0.001980,0.059490,0.085910,0.019580,0.004924,0.063376,0.072465
