vet-ins,vet-fnd,avl-ins,avl-fnd,hst-ins,hst-fnd,htr-ins,htr-fnd
0.000529,0.000019,0.001906,0.000670,0.000767,0.004196,0.002119,0.000733
0.002326,0.000190,0.013837,0.008703,0.004388,0.189512,0.014681,0.009090
0.004169,0.000221,0.026803,0.009480,0.006693,0.295311,0.028856,0.011734
0.008255,0.000490,0.060027,0.024578,0.013860,0.553437,0.064908,0.024960
0.007556,0.001454,0.064251,0.075292,0.014375,1.682029,0.063882,0.083765
