vet-ins,vet-fnd,avl-ins,avl-fnd,hst-ins,hst-fnd,htr-ins,htr-fnd
0.002069,0.000080,0.005761,0.002136,0.003315,0.000134,0.004203,0.001187
0.005914,0.000334,0.012581,0.008651,0.005924,0.000542,0.010463,0.005702
0.006795,0.000268,0.026300,0.009216,0.011244,0.000539,0.023019,0.007510
0.014672,0.000778,0.064147,0.027451,0.024200,0.001351,0.056205,0.019911
0.016671,0.002009,0.061015,0.078204,0.021171,0.004049,0.052834,0.054121
