vet-ins,vet-fnd,avl-ins,avl-fnd,hst-ins,hst-fnd,htr-ins,htr-fnd
0.000839,0.000031,0.003130,0.001041,0.001600,0.000075,0.002224,0.000603
0.004884,0.000367,0.017149,0.009188,0.005433,0.000536,0.010156,0.005428
0.007494,0.000309,0.031500,0.010382,0.011423,0.000601,0.022746,0.006032
0.013789,0.000696,0.061394,0.029688,0.019955,0.001367,0.053051,0.017723
0.018408,0.001970,0.062008,0.080232,0.019200,0.004014,0.055576,0.057476
