vet-ins,vet-fnd,avl-ins,avl-fnd,hst-ins,hst-fnd,htr-ins,htr-fnd
0.000619,0.000020,0.001996,0.000665,0.000791,0.004357,0.002494,0.000799
0.002321,0.000189,0.012043,0.008248,0.003638,0.194696,0.013546,0.008589
0.004057,0.000204,0.025706,0.009122,0.007422,0.223530,0.026957,0.008648
0.008235,0.000493,0.058984,0.024513,0.014100,0.549908,0.059601,0.024040
0.007599,0.001429,0.058884,0.073397,0.013246,1.663014,0.060557,0.072713
