vet-ins,vet-fnd,avl-ins,avl-fnd,hst-ins,hst-fnd,htr-ins,htr-fnd
0.000524,0.000020,0.001870,0.000670,0.000828,0.003146,0.002049,0.000672
0.002336,0.000225,0.011448,0.008026,0.003688,0.144887,0.012658,0.008105
0.004176,0.000221,0.026681,0.008833,0.006686,0.222347,0.026325,0.008596
0.008226,0.000491,0.058190,0.024208,0.013708,0.545912,0.059904,0.024499
0.007675,0.001427,0.058870,0.074799,0.013502,1.655256,0.058071,0.070808
