vet-ins,vet-fnd,avl-ins,avl-fnd,hst-ins,hst-fnd,htr-ins,htr-fnd
0.000530,0.000020,0.001922,0.000678,0.000762,0.004233,0.002167,0.000717
0.002727,0.000195,0.012084,0.008242,0.003507,0.193930,0.014405,0.009605
0.004162,0.000219,0.027415,0.009896,0.007024,0.295872,0.030498,0.010241
0.008358,0.000517,0.064839,0.027324,0.013379,0.729406,0.069087,0.033212
0.008287,0.001423,0.065527,0.086375,0.013019,2.234005,0.066055,0.084187
