vet-ins,vet-fnd,avl-ins,avl-fnd,hst-ins,hst-fnd,htr-ins,htr-fnd
0.001160,0.000039,0.003274,0.001122,0.001735,0.000082,0.002411,0.000714
0.005211,0.000393,0.016865,0.008703,0.005409,0.000547,0.010154,0.005433
0.006205,0.000270,0.029139,0.009685,0.011177,0.000540,0.022489,0.006530
0.013064,0.000664,0.064839,0.027826,0.019977,0.001352,0.058510,0.018084
0.016457,0.001972,0.059691,0.079007,0.018757,0.004073,0.052247,0.056212
