vet-ins,vet-fnd,avl-ins,avl-fnd,hst-ins,hst-fnd,htr-ins,htr-fnd
0.000527,0.000019,0.001863,0.000691,0.000760,0.004286,0.002187,0.000767
0.002348,0.000193,0.011476,0.007910,0.003615,0.189455,0.013132,0.008434
0.004088,0.000204,0.025428,0.008612,0.007201,0.291223,0.028329,0.009108
0.008106,0.000493,0.058521,0.024287,0.013038,0.727343,0.060679,0.024920
0.007537,0.001441,0.058066,0.072607,0.012814,2.186732,0.061401,0.075646
