vet-ins,vet-fnd,avl-ins,avl-fnd,hst-ins,hst-fnd,htr-ins,htr-fnd
0.001090,0.000037,0.003003,0.001051,0.001602,0.000076,0.002216,0.000601
0.004843,0.000365,0.016853,0.009081,0.005391,0.000546,0.010488,0.005412
0.006203,0.000263,0.026160,0.010492,0.011606,0.000640,0.024322,0.007454
0.013123,0.000655,0.061408,0.030514,0.022011,0.001606,0.056898,0.017822
0.016089,0.001966,0.059284,0.079732,0.018609,0.004071,0.050363,0.052922
