vet-ins,vet-fnd,avl-ins,avl-fnd,hst-ins,hst-fnd,htr-ins,htr-fnd
0.000527,0.000020,0.001878,0.000664,0.000796,0.003204,0.002054,0.000669
0.002345,0.000194,0.011411,0.007946,0.003716,0.144470,0.013657,0.008391
0.003968,0.000204,0.025672,0.008750,0.007185,0.223073,0.029800,0.009319
0.008155,0.000523,0.058906,0.027485,0.014052,0.550869,0.060264,0.024352
0.007518,0.001464,0.063055,0.078948,0.012377,2.201563,0.063917,0.078986
