vet-ins,vet-fnd,avl-ins,avl-fnd,hst-ins,hst-fnd,htr-ins,htr-fnd
0.000526,0.000019,0.001896,0.000661,0.000796,0.003184,0.002052,0.000667
0.002190,0.000196,0.011886,0.007990,0.003797,0.144046,0.012251,0.007937
0.004100,0.000204,0.025806,0.008666,0.006751,0.292002,0.027791,0.009053
0.008075,0.000487,0.058350,0.024335,0.012861,0.718732,0.060832,0.025165
0.007570,0.001444,0.057403,0.072357,0.013592,1.644454,0.059434,0.072147
