vet-ins,vet-fnd,avl-ins,avl-fnd,hst-ins,hst-fnd,htr-ins,htr-fnd
0.000537,0.000018,0.001852,0.000661,0.000789,0.003097,0.002043,0.000664
0.002307,0.000188,0.011244,0.007844,0.003654,0.141210,0.012120,0.007983
0.003971,0.000200,0.025681,0.008883,0.007210,0.222431,0.026928,0.008618
0.008198,0.000491,0.058208,0.024228,0.013818,0.546279,0.060590,0.024355
0.007530,0.001446,0.058552,0.073564,0.012678,2.165503,0.061254,0.076960
