vet-ins,vet-fnd,avl-ins,avl-fnd,hst-ins,hst-fnd,htr-ins,htr-fnd
0.000954,0.000031,0.002633,0.000875,0.001494,0.000064,0.001969,0.000508
0.004370,0.000329,0.024891,0.011140,0.006973,0.000659,0.012329,0.006926
0.007656,0.000315,0.029118,0.009664,0.011794,0.000538,0.024033,0.006352
0.015111,0.000693,0.074550,0.030132,0.024666,0.001662,0.062626,0.018572
0.017668,0.002005,0.064519,0.082650,0.023069,0.004552,0.054397,0.061138
