vet-ins,vet-fnd,avl-ins,avl-fnd,hst-ins,hst-fnd,htr-ins,htr-fnd
0.001177,0.000039,0.003164,0.001093,0.001826,0.000079,0.002334,0.000633
0.005291,0.000393,0.017322,0.010160,0.006940,0.000630,0.011911,0.006275
0.006971,0.000314,0.029017,0.011009,0.012447,0.000546,0.023039,0.006092
0.014415,0.000674,0.067592,0.030668,0.025262,0.001608,0.054980,0.018664
0.016884,0.002018,0.066745,0.080052,0.020734,0.004071,0.051755,0.055189
