vet-ins,vet-fnd,avl-ins,avl-fnd,hst-ins,hst-fnd,htr-ins,htr-fnd
0.001943,0.000066,0.005874,0.002070,0.003005,0.000157,0.004258,0.001081
0.004608,0.000307,0.012618,0.008713,0.005380,0.000541,0.010223,0.005446
0.006229,0.000262,0.026737,0.009403,0.010366,0.000535,0.022306,0.006034
0.012757,0.000662,0.060694,0.025853,0.019632,0.001342,0.053776,0.020770
0.016038,0.001967,0.060148,0.085074,0.020382,0.004180,0.052477,0.053334
