vet-ins,vet-fnd,avl-ins,avl-fnd,hst-ins,hst-fnd,htr-ins,htr-fnd
0.000901,0.000031,0.003237,0.001048,0.001618,0.000074,0.002204,0.000606
0.004639,0.000369,0.012909,0.009090,0.005406,0.000537,0.010034,0.005409
0.006395,0.000263,0.026309,0.009338,0.010168,0.000535,0.022262,0.006024
0.013476,0.000658,0.059746,0.026019,0.020173,0.001362,0.051353,0.018267
0.016505,0.001969,0.059676,0.080019,0.018596,0.004013,0.050812,0.054322
