vet-ins,vet-fnd,avl-ins,avl-fnd,hst-ins,hst-fnd,htr-ins,htr-fnd
0.000926,0.000031,0.002582,0.000781,0.001347,0.000063,0.001802,0.000485
0.003942,0.000314,0.013798,0.009856,0.005361,0.000536,0.009993,0.005397
0.006265,0.000267,0.025827,0.009213,0.010143,0.000535,0.022138,0.006349
0.013636,0.000662,0.061576,0.026025,0.019529,0.001338,0.054463,0.021274
0.016650,0.001966,0.062504,0.082733,0.020552,0.004018,0.051233,0.053618
