vet-ins,vet-fnd,avl-ins,avl-fnd,hst-ins,hst-fnd,htr-ins,htr-fnd
0.000526,0.000019,0.001877,0.000695,0.000771,0.004160,0.002256,0.000749
0.002174,0.000192,0.011478,0.007956,0.003592,0.187256,0.012968,0.008356
0.004174,0.000204,0.025486,0.008723,0.006759,0.221436,0.026923,0.008596
0.008102,0.000501,0.058122,0.024362,0.013846,0.543347,0.060481,0.024302
0.007593,0.001449,0.058493,0.075289,0.012969,2.176287,0.060634,0.074821
