vet-ins,vet-fnd,avl-ins,avl-fnd,hst-ins,hst-fnd,htr-ins,htr-fnd
0.001948,0.000072,0.005741,0.002049,0.003015,0.000159,0.004246,0.001079
0.004959,0.000275,0.014040,0.010213,0.005971,0.000638,0.011339,0.006258
0.006394,0.000264,0.029206,0.010882,0.011983,0.000632,0.026090,0.007118
0.014858,0.000783,0.069905,0.030846,0.023369,0.001589,0.055871,0.018402
0.016830,0.001969,0.060438,0.079050,0.018722,0.004049,0.053253,0.053192
