vet-ins,vet-fnd,avl-ins,avl-fnd,hst-ins,hst-fnd,htr-ins,htr-fnd
0.000526,0.000019,0.001897,0.000664,0.000793,0.003178,0.002126,0.000707
0.002390,0.000192,0.011636,0.008017,0.003775,0.145661,0.013618,0.008568
0.004043,0.000207,0.025577,0.008598,0.007579,0.230853,0.028415,0.008982
0.007988,0.000485,0.065267,0.024770,0.014057,0.731074,0.060963,0.025271
0.007491,0.001419,0.058428,0.074599,0.012924,2.192530,0.063069,0.076397
