vet-ins,vet-fnd,avl-ins,avl-fnd,hst-ins,hst-fnd,htr-ins,htr-fnd
0.001993,0.000069,0.005805,0.002057,0.003063,0.000158,0.004162,0.001079
0.004484,0.000262,0.012420,0.008706,0.005777,0.000547,0.010153,0.005398
0.006216,0.000263,0.026312,0.009258,0.012099,0.000540,0.022258,0.005983
0.012822,0.000656,0.061864,0.029805,0.021272,0.001350,0.052747,0.017648
0.016371,0.001967,0.065186,0.079349,0.018620,0.004076,0.054712,0.054287
