vet-ins,vet-fnd,avl-ins,avl-fnd,hst-ins,hst-fnd,htr-ins,htr-fnd
0.001958,0.000066,0.005803,0.001980,0.002998,0.000159,0.004018,0.001082
0.004520,0.000262,0.012354,0.008694,0.005370,0.000540,0.010145,0.005403
0.006389,0.000263,0.025827,0.009617,0.010168,0.000546,0.023186,0.006688
0.013068,0.000655,0.058389,0.025771,0.020337,0.001352,0.054546,0.021870
0.016278,0.001970,0.061227,0.085724,0.018636,0.004112,0.051155,0.052216
