vet-ins,vet-fnd,avl-ins,avl-fnd,hst-ins,hst-fnd,htr-ins,htr-fnd
0.001972,0.000077,0.005977,0.002139,0.003048,0.000134,0.003909,0.001081
0.005760,0.000263,0.012324,0.008739,0.005385,0.000535,0.010033,0.005416
0.006994,0.000313,0.029506,0.009295,0.010565,0.000545,0.022410,0.006007
0.012665,0.000655,0.060147,0.026307,0.019712,0.001420,0.055269,0.018381
0.016072,0.001999,0.063843,0.082609,0.018538,0.004065,0.051452,0.055364
