vet-ins,vet-fnd,avl-ins,avl-fnd,hst-ins,hst-fnd,htr-ins,htr-fnd
0.002203,0.000077,0.005916,0.002004,0.003341,0.000135,0.004065,0.001266
0.004598,0.000354,0.012712,0.008716,0.005401,0.000541,0.010075,0.005416
0.006199,0.000262,0.026275,0.009523,0.010172,0.000540,0.022437,0.006176
0.013044,0.000656,0.059156,0.028585,0.021478,0.001350,0.053060,0.018079
0.016405,0.001965,0.059962,0.082067,0.018952,0.004545,0.052281,0.059484
