vet-ins,vet-fnd,avl-ins,avl-fnd,hst-ins,hst-fnd,htr-ins,htr-fnd
0.000555,0.000020,0.001930,0.000667,0.000766,0.004360,0.002092,0.000705
0.002351,0.000188,0.011475,0.007846,0.003599,0.187280,0.013058,0.008445
0.004202,0.000202,0.025850,0.008725,0.006717,0.293320,0.028197,0.009537
0.007958,0.000488,0.059723,0.024965,0.013636,0.732219,0.064879,0.025535
0.007524,0.001445,0.060706,0.073349,0.012702,2.210469,0.063213,0.077457
