vet-ins,vet-fnd,avl-ins,avl-fnd,hst-ins,hst-fnd,htr-ins,htr-fnd
0.000527,0.000019,0.001879,0.000658,0.000792,0.003146,0.002045,0.000663
0.002316,0.000188,0.011266,0.007857,0.003667,0.142050,0.012589,0.007962
0.003997,0.000202,0.025745,0.008617,0.006922,0.290077,0.027909,0.009068
0.008152,0.000490,0.075612,0.025844,0.013173,0.735159,0.061921,0.025176
0.007552,0.001421,0.065967,0.078154,0.014289,1.701091,0.061381,0.076204
