vet-ins,vet-fnd,avl-ins,avl-fnd,hst-ins,hst-fnd,htr-ins,htr-fnd
0.001056,0.000049,0.003737,0.001295,0.001954,0.000094,0.002677,0.000759
0.005903,0.000469,0.017523,0.009095,0.005908,0.000559,0.010877,0.005964
0.007728,0.000314,0.028787,0.009908,0.011592,0.000539,0.023956,0.006611
0.013073,0.000678,0.062866,0.027188,0.025181,0.001424,0.059458,0.018995
0.018882,0.002445,0.066237,0.082327,0.021806,0.004168,0.055993,0.054763
