vet-ins,vet-fnd,avl-ins,avl-fnd,hst-ins,hst-fnd,htr-ins,htr-fnd
0.002126,0.000072,0.005878,0.002058,0.003120,0.000146,0.004307,0.001193
0.004037,0.000263,0.012322,0.008734,0.005388,0.000535,0.010091,0.005463
0.006277,0.000263,0.026019,0.009281,0.010189,0.000535,0.022034,0.006025
0.012757,0.000656,0.059118,0.025953,0.020277,0.001574,0.052333,0.017868
0.018615,0.002160,0.062750,0.079466,0.018995,0.004103,0.051285,0.058445
