vet-ins,vet-fnd,avl-ins,avl-fnd,hst-ins,hst-fnd,htr-ins,htr-fnd
0.001130,0.000044,0.003041,0.001043,0.001598,0.000074,0.002213,0.000602
0.004846,0.000364,0.017136,0.009229,0.005382,0.000535,0.010127,0.005409
0.006320,0.000309,0.030693,0.010206,0.010401,0.000536,0.022534,0.006008
0.012972,0.000657,0.059142,0.027046,0.019686,0.001337,0.053636,0.017984
0.016367,0.001999,0.059734,0.079394,0.018948,0.004027,0.051606,0.059110
