vet-ins,vet-fnd,avl-ins,avl-fnd,hst-ins,hst-fnd,htr-ins,htr-fnd
0.000790,0.000027,0.002168,0.000756,0.001159,0.000054,0.001716,0.000509
0.004052,0.000371,0.012617,0.008778,0.005379,0.000535,0.010416,0.005412
0.006173,0.000263,0.025952,0.009324,0.010162,0.000539,0.023051,0.006904
0.013029,0.000657,0.059723,0.026638,0.020033,0.001343,0.052365,0.019706
0.016615,0.001966,0.060121,0.081159,0.019271,0.004029,0.052418,0.053438
