vet-ins,vet-fnd,avl-ins,avl-fnd,hst-ins,hst-fnd,htr-ins,htr-fnd
0.001591,0.000072,0.005884,0.002058,0.003136,0.000148,0.004303,0.001183
0.005468,0.000262,0.012335,0.008736,0.005393,0.000539,0.010051,0.005421
0.006254,0.000262,0.030139,0.010693,0.011993,0.000574,0.023086,0.007085
0.013241,0.000659,0.060799,0.026015,0.019702,0.001601,0.055709,0.017898
0.016144,0.001969,0.060125,0.079039,0.018557,0.004087,0.054654,0.052581
