vet-ins,vet-fnd,avl-ins,avl-fnd,hst-ins,hst-fnd,htr-ins,htr-fnd
0.000848,0.000031,0.002434,0.000784,0.001405,0.000057,0.001594,0.000499
0.004007,0.000294,0.013660,0.009443,0.006039,0.000536,0.010359,0.005817
0.006265,0.000264,0.025618,0.009256,0.010456,0.000609,0.023140,0.007024
0.013846,0.000657,0.058140,0.026673,0.019926,0.001344,0.051220,0.019868
0.016127,0.001966,0.059486,0.079621,0.018580,0.004529,0.052036,0.052321
