vet-ins,vet-fnd,avl-ins,avl-fnd,hst-ins,hst-fnd,htr-ins,htr-fnd
0.000802,0.000027,0.002187,0.000755,0.001170,0.000054,0.001607,0.000434
0.003571,0.000263,0.012418,0.008767,0.005408,0.000536,0.010137,0.005401
0.006294,0.000263,0.025938,0.009254,0.010243,0.000540,0.022117,0.006481
0.012718,0.000662,0.058948,0.027278,0.022904,0.001477,0.055283,0.019211
0.016547,0.002192,0.058930,0.084714,0.018650,0.004074,0.051603,0.053414
