vet-ins,vet-fnd,avl-ins,avl-fnd,hst-ins,hst-fnd,htr-ins,htr-fnd
0.002343,0.000067,0.005825,0.001907,0.003297,0.000138,0.004343,0.001177
0.004831,0.000268,0.013254,0.008632,0.005937,0.000536,0.010477,0.005726
0.006510,0.000269,0.027652,0.009523,0.011657,0.000538,0.025290,0.006767
0.013576,0.000670,0.062377,0.028701,0.022525,0.001346,0.054153,0.018296
0.017587,0.002013,0.060933,0.079293,0.021728,0.004074,0.058317,0.054079
