vet-ins,vet-fnd,avl-ins,avl-fnd,hst-ins,hst-fnd,htr-ins,htr-fnd
0.000529,0.000020,0.001884,0.000677,0.000807,0.003197,0.002055,0.000668
0.002338,0.000188,0.011385,0.007855,0.003618,0.141797,0.012341,0.007955
0.003886,0.000205,0.025727,0.008693,0.007029,0.221091,0.026939,0.008707
0.008211,0.000505,0.058619,0.024348,0.013176,0.542952,0.059831,0.024805
0.007813,0.001482,0.058720,0.073396,0.012356,2.200698,0.060891,0.075202
