vet-ins,vet-fnd,avl-ins,avl-fnd,hst-ins,hst-fnd,htr-ins,htr-fnd
0.000527,0.000020,0.002094,0.000661,0.000801,0.003125,0.002079,0.000671
0.002311,0.000187,0.011429,0.007880,0.003505,0.140042,0.012238,0.008051
0.004081,0.000205,0.025420,0.008646,0.007118,0.228301,0.028813,0.010153
0.008754,0.000555,0.067029,0.026923,0.014595,0.576862,0.069080,0.027657
0.008763,0.001487,0.067813,0.083544,0.013319,1.668455,0.068349,0.073937
