vet-ins,vet-fnd,avl-ins,avl-fnd,hst-ins,hst-fnd,htr-ins,htr-fnd
0.000521,0.000018,0.001866,0.000654,0.000786,0.004180,0.002261,0.000746
0.002504,0.000200,0.012102,0.009063,0.003625,0.190475,0.014393,0.008552
0.004045,0.000204,0.025706,0.011182,0.006759,0.300478,0.030911,0.011165
0.008231,0.000487,0.065177,0.025203,0.013396,0.740779,0.071423,0.025425
0.007600,0.001442,0.058649,0.073046,0.013322,1.694941,0.064173,0.074728
