vet-ins,vet-fnd,avl-ins,avl-fnd,hst-ins,hst-fnd,htr-ins,htr-fnd
0.000558,0.000019,0.001892,0.000662,0.000775,0.004265,0.002153,0.000701
0.002365,0.000187,0.011445,0.007893,0.003583,0.187380,0.012999,0.008422
0.004039,0.000209,0.025510,0.008776,0.007237,0.295293,0.028853,0.009730
0.007988,0.000489,0.059197,0.024299,0.012958,0.730767,0.061258,0.025113
0.007543,0.001446,0.058699,0.073565,0.013369,1.664003,0.059493,0.071528
