vet-ins,vet-fnd,avl-ins,avl-fnd,hst-ins,hst-fnd,htr-ins,htr-fnd
0.001380,0.000048,0.003610,0.001238,0.002132,0.000094,0.002811,0.000659
0.006041,0.000441,0.017221,0.009248,0.005918,0.000538,0.010441,0.005440
0.006505,0.000268,0.026549,0.009212,0.011292,0.000546,0.022975,0.006084
0.013092,0.000702,0.066721,0.030025,0.025444,0.001577,0.062419,0.020570
0.017183,0.002011,0.065005,0.084141,0.020790,0.004413,0.052924,0.055886
