vet-ins,vet-fnd,avl-ins,avl-fnd,hst-ins,hst-fnd,htr-ins,htr-fnd
0.000545,0.000019,0.001925,0.000686,0.000822,0.003293,0.002044,0.000670
0.002331,0.000186,0.011399,0.007877,0.003485,0.139481,0.012363,0.007917
0.004050,0.000197,0.025747,0.008764,0.007491,0.226512,0.026840,0.008637
0.008068,0.000492,0.058360,0.024477,0.013634,0.555491,0.064760,0.024606
0.007596,0.001448,0.058819,0.073361,0.013450,1.672777,0.064340,0.072465
