vet-ins,vet-fnd,avl-ins,avl-fnd,hst-ins,hst-fnd,htr-ins,htr-fnd
0.000789,0.000026,0.002865,0.001047,0.001599,0.000075,0.002203,0.000603
0.004829,0.000364,0.016780,0.008738,0.005372,0.000542,0.010028,0.005429
0.006267,0.000263,0.025774,0.009266,0.010181,0.000540,0.022273,0.006454
0.013039,0.000665,0.058087,0.025898,0.019607,0.001353,0.052578,0.017819
0.016711,0.001973,0.058639,0.089522,0.021146,0.004515,0.053221,0.056883
