vet-ins,vet-fnd,avl-ins,avl-fnd,hst-ins,hst-fnd,htr-ins,htr-fnd
0.000580,0.000020,0.001962,0.000720,0.000790,0.003183,0.001999,0.000667
0.002345,0.000188,0.011409,0.007920,0.003522,0.142140,0.012573,0.008195
0.004038,0.000206,0.025471,0.008685,0.007027,0.220017,0.026414,0.008616
0.008017,0.000492,0.058411,0.024377,0.013000,0.542475,0.057945,0.023730
0.007500,0.001431,0.058068,0.073474,0.012649,2.199682,0.061933,0.076817
