vet-ins,vet-fnd,avl-ins,avl-fnd,hst-ins,hst-fnd,htr-ins,htr-fnd
0.000971,0.000032,0.002678,0.000874,0.001552,0.000063,0.001942,0.000510
0.004348,0.000313,0.015146,0.010534,0.007107,0.000639,0.012568,0.006538
0.007576,0.000314,0.030417,0.011174,0.012155,0.000613,0.024938,0.006656
0.013850,0.000668,0.063805,0.026522,0.023714,0.001420,0.058514,0.017827
0.017047,0.002010,0.067143,0.093184,0.025326,0.004902,0.063718,0.064427
