vet-ins,vet-fnd,avl-ins,avl-fnd,hst-ins,hst-fnd,htr-ins,htr-fnd
0.000554,0.000021,0.001904,0.000661,0.000793,0.003171,0.002049,0.000664
0.002117,0.000191,0.011425,0.007845,0.003618,0.143165,0.012847,0.008153
0.004211,0.000208,0.025980,0.008830,0.006795,0.222319,0.026267,0.008393
0.008024,0.000488,0.058066,0.024880,0.013910,0.542248,0.061630,0.024918
0.007697,0.001454,0.060129,0.073329,0.012546,2.193531,0.064927,0.077055
