vet-ins,vet-fnd,avl-ins,avl-fnd,hst-ins,hst-fnd,htr-ins,htr-fnd
0.001208,0.000040,0.003231,0.001198,0.002149,0.000094,0.002432,0.000657
0.005772,0.000407,0.016360,0.009066,0.005890,0.000539,0.010396,0.005476
0.006903,0.000268,0.027316,0.011088,0.011575,0.000569,0.023886,0.006108
0.013472,0.000671,0.060347,0.026790,0.022777,0.001347,0.053719,0.018089
0.016810,0.002010,0.059691,0.078677,0.020762,0.004051,0.053263,0.054403
