vet-ins,vet-fnd,avl-ins,avl-fnd,hst-ins,hst-fnd,htr-ins,htr-fnd
0.000867,0.000031,0.003142,0.001045,0.001603,0.000075,0.002219,0.000605
0.004727,0.000364,0.017146,0.009244,0.005390,0.000535,0.010119,0.005405
0.006417,0.000271,0.026262,0.009295,0.010205,0.000535,0.022175,0.006080
0.012686,0.000667,0.059053,0.026378,0.022421,0.001593,0.060069,0.017982
0.016231,0.001967,0.059159,0.086278,0.018999,0.004224,0.050926,0.052913
