vet-ins,vet-fnd,avl-ins,avl-fnd,hst-ins,hst-fnd,htr-ins,htr-fnd
0.002076,0.000079,0.005839,0.002031,0.003358,0.000135,0.003997,0.001088
0.004538,0.000268,0.012935,0.008729,0.006173,0.000658,0.010492,0.005446
0.006411,0.000268,0.028124,0.009288,0.011379,0.000540,0.023373,0.006034
0.013298,0.000669,0.065796,0.026439,0.021826,0.001503,0.054651,0.017770
0.017245,0.002007,0.060870,0.094187,0.023397,0.004906,0.057735,0.053316
