vet-ins,vet-fnd,avl-ins,avl-fnd,hst-ins,hst-fnd,htr-ins,htr-fnd
0.002109,0.000072,0.005850,0.002044,0.003113,0.000146,0.004297,0.001189
0.004013,0.000329,0.012370,0.008741,0.005389,0.000536,0.010388,0.005405
0.006316,0.000263,0.025491,0.009253,0.010525,0.000536,0.022674,0.006041
0.013177,0.000663,0.058012,0.025936,0.019947,0.001340,0.051187,0.017773
0.016546,0.001976,0.058486,0.083434,0.019303,0.004043,0.050225,0.056687
