vet-ins,vet-fnd,avl-ins,avl-fnd,hst-ins,hst-fnd,htr-ins,htr-fnd
0.002173,0.000068,0.006034,0.002134,0.003515,0.000135,0.004636,0.001268
0.004526,0.000314,0.014847,0.010718,0.006852,0.000652,0.012304,0.006746
0.007272,0.000268,0.031039,0.011602,0.013176,0.000561,0.026943,0.008461
0.015114,0.000817,0.062990,0.029272,0.024984,0.001575,0.061993,0.019679
0.018945,0.002008,0.067974,0.081185,0.023025,0.004656,0.054690,0.053560
