vet-ins,vet-fnd,avl-ins,avl-fnd,hst-ins,hst-fnd,htr-ins,htr-fnd
0.002083,0.000065,0.005880,0.001885,0.003010,0.000135,0.004302,0.001187
0.004996,0.000309,0.014309,0.010318,0.005901,0.000635,0.010886,0.005415
0.006189,0.000263,0.026220,0.009357,0.010672,0.000543,0.021879,0.006352
0.012824,0.000656,0.066270,0.027258,0.019756,0.001358,0.051615,0.018088
0.016472,0.001966,0.060618,0.080013,0.018707,0.004077,0.051588,0.053574
