vet-ins,vet-fnd,avl-ins,avl-fnd,hst-ins,hst-fnd,htr-ins,htr-fnd
0.000526,0.000020,0.001882,0.000664,0.000795,0.003178,0.002060,0.000719
0.002307,0.000190,0.011285,0.007840,0.003640,0.141798,0.012486,0.007999
0.004105,0.000204,0.025486,0.008700,0.007158,0.222333,0.026700,0.008724
0.008369,0.000489,0.058364,0.024890,0.013406,0.546957,0.058676,0.023894
0.007550,0.001435,0.058470,0.073347,0.013163,1.654936,0.059885,0.072345
