vet-ins,vet-fnd,avl-ins,avl-fnd,hst-ins,hst-fnd,htr-ins,htr-fnd
0.000527,0.000020,0.001885,0.000668,0.000755,0.004280,0.002149,0.000731
0.002314,0.000189,0.011369,0.007861,0.003579,0.187153,0.012977,0.008388
0.003883,0.000207,0.025824,0.010648,0.007351,0.289792,0.028765,0.011251
0.008087,0.000488,0.059695,0.024491,0.013353,0.548395,0.062132,0.025355
0.007794,0.001430,0.062050,0.075200,0.013225,1.666181,0.063092,0.073074
