vet-ins,vet-fnd,avl-ins,avl-fnd,hst-ins,hst-fnd,htr-ins,htr-fnd
0.000542,0.000020,0.001881,0.000664,0.000848,0.003158,0.002059,0.000671
0.002383,0.000188,0.011464,0.007925,0.003746,0.144424,0.012735,0.008153
0.003861,0.000204,0.025753,0.008766,0.007094,0.224516,0.030060,0.009369
0.008103,0.000541,0.065889,0.024746,0.013377,0.553378,0.058893,0.024015
0.008150,0.001438,0.062550,0.083510,0.013860,1.673135,0.060671,0.073378
