vet-ins,vet-fnd,avl-ins,avl-fnd,hst-ins,hst-fnd,htr-ins,htr-fnd
0.002195,0.000068,0.006371,0.001978,0.003031,0.000130,0.003974,0.001057
0.005687,0.000334,0.012536,0.009103,0.005889,0.000542,0.010359,0.005456
0.006419,0.000268,0.026325,0.009234,0.011220,0.000542,0.023206,0.006120
0.013465,0.000668,0.060388,0.026303,0.022768,0.001350,0.054034,0.018379
0.019188,0.002358,0.068747,0.088237,0.022628,0.004134,0.057911,0.060573
