vet-ins,vet-fnd,avl-ins,avl-fnd,hst-ins,hst-fnd,htr-ins,htr-fnd
0.000884,0.000031,0.003097,0.001056,0.001600,0.000076,0.002221,0.000603
0.004851,0.000374,0.017208,0.009211,0.005381,0.000540,0.010417,0.005416
0.006386,0.000277,0.025802,0.009268,0.010165,0.000540,0.023004,0.006496
0.012710,0.000656,0.058362,0.025935,0.019683,0.001354,0.051557,0.021031
0.016129,0.001966,0.062877,0.085223,0.018566,0.004046,0.051758,0.052468
