vet-ins,vet-fnd,avl-ins,avl-fnd,hst-ins,hst-fnd,htr-ins,htr-fnd
0.002116,0.000073,0.005887,0.002046,0.003393,0.000146,0.005614,0.001271
0.004284,0.000262,0.012615,0.009397,0.005383,0.000535,0.010031,0.005683
0.006278,0.000264,0.025956,0.009252,0.010147,0.000545,0.021948,0.006056
0.013122,0.000656,0.058864,0.025935,0.019657,0.001361,0.051524,0.018005
0.016094,0.001971,0.058724,0.081340,0.018901,0.004044,0.051201,0.052923
