vet-ins,vet-fnd,avl-ins,avl-fnd,hst-ins,hst-fnd,htr-ins,htr-fnd
0.000547,0.000019,0.001885,0.000674,0.000772,0.004166,0.002169,0.000706
0.002360,0.000189,0.011380,0.008070,0.003700,0.190375,0.013893,0.008863
0.003916,0.000205,0.026496,0.008866,0.007560,0.297769,0.032627,0.010370
0.008129,0.000494,0.063005,0.026201,0.014177,0.732802,0.068088,0.027681
0.007701,0.001462,0.058284,0.081021,0.012936,2.402835,0.084841,0.090976
