vet-ins,vet-fnd,avl-ins,avl-fnd,hst-ins,hst-fnd,htr-ins,htr-fnd
0.000551,0.000020,0.001956,0.000700,0.000801,0.004431,0.002243,0.000744
0.002325,0.000190,0.011399,0.007870,0.003554,0.187719,0.013635,0.008548
0.004067,0.000205,0.025527,0.008710,0.007040,0.292178,0.028451,0.009116
0.008421,0.000511,0.058359,0.024326,0.012861,0.734087,0.062113,0.025367
0.007932,0.001584,0.058885,0.073743,0.012803,2.202023,0.061727,0.075685
