vet-ins,vet-fnd,avl-ins,avl-fnd,hst-ins,hst-fnd,htr-ins,htr-fnd
0.002126,0.000071,0.005839,0.002040,0.003112,0.000146,0.004297,0.001192
0.004625,0.000263,0.012228,0.009720,0.006132,0.000545,0.010054,0.005421
0.006259,0.000263,0.025890,0.009370,0.010174,0.000536,0.022446,0.006723
0.013795,0.000768,0.060095,0.026725,0.020014,0.001337,0.051051,0.017755
0.016774,0.002002,0.059732,0.079007,0.018576,0.004033,0.050783,0.053739
