vet-ins,vet-fnd,avl-ins,avl-fnd,hst-ins,hst-fnd,htr-ins,htr-fnd
0.000538,0.000019,0.001889,0.000674,0.000774,0.004227,0.002097,0.000708
0.002334,0.000189,0.011339,0.007877,0.003588,0.187888,0.013484,0.008586
0.004165,0.000209,0.026416,0.008983,0.006936,0.228780,0.027074,0.008502
0.008286,0.000489,0.058328,0.024525,0.013755,0.545774,0.060737,0.024416
0.007585,0.001447,0.058973,0.073918,0.012668,2.186507,0.063271,0.074831
