vet-ins,vet-fnd,avl-ins,avl-fnd,hst-ins,hst-fnd,htr-ins,htr-fnd
0.001099,0.000036,0.003041,0.001049,0.001601,0.000075,0.002195,0.000604
0.004835,0.000365,0.016813,0.008762,0.005385,0.000541,0.010039,0.005439
0.006259,0.000262,0.026540,0.009246,0.010299,0.000682,0.022229,0.006020
0.012684,0.000657,0.060132,0.028600,0.020458,0.001350,0.056179,0.018672
0.016086,0.001971,0.063428,0.081542,0.018550,0.004052,0.050901,0.053574
