vet-ins,vet-fnd,avl-ins,avl-fnd,hst-ins,hst-fnd,htr-ins,htr-fnd
0.000886,0.000027,0.002555,0.000771,0.001382,0.000064,0.001782,0.000438
0.004103,0.000314,0.013706,0.009435,0.005902,0.000543,0.010370,0.005462
0.006396,0.000268,0.026576,0.010752,0.011639,0.000539,0.023537,0.006117
0.014353,0.000796,0.064760,0.026819,0.023168,0.001520,0.057640,0.018059
0.016900,0.002009,0.061038,0.078826,0.020817,0.004050,0.053490,0.053317
