vet-ins,vet-fnd,avl-ins,avl-fnd,hst-ins,hst-fnd,htr-ins,htr-fnd
0.001976,0.000066,0.005315,0.001804,0.003042,0.000131,0.003952,0.001054
0.006433,0.000371,0.014523,0.010014,0.006640,0.000539,0.011505,0.005469
0.006431,0.000282,0.027790,0.009365,0.011204,0.000538,0.026922,0.006897
0.013567,0.000669,0.063957,0.027705,0.022887,0.001566,0.055167,0.018539
0.016712,0.002116,0.059987,0.077939,0.020757,0.004083,0.052481,0.055226
