vet-ins,vet-fnd,avl-ins,avl-fnd,hst-ins,hst-fnd,htr-ins,htr-fnd
0.000546,0.000020,0.001901,0.000664,0.000771,0.004177,0.002133,0.000707
0.002405,0.000189,0.011403,0.007958,0.003708,0.191190,0.013816,0.009122
0.004075,0.000203,0.025749,0.008804,0.007027,0.291582,0.028921,0.009193
0.008466,0.000495,0.059792,0.025727,0.013695,0.754821,0.077548,0.033672
0.010614,0.001900,0.084080,0.091039,0.017910,1.753517,0.061443,0.082592
