vet-ins,vet-fnd,avl-ins,avl-fnd,hst-ins,hst-fnd,htr-ins,htr-fnd
0.002069,0.000077,0.005665,0.002079,0.003031,0.000135,0.004225,0.001177
0.005356,0.000263,0.013650,0.008706,0.005414,0.000540,0.010149,0.005402
0.006857,0.000262,0.025831,0.009223,0.010219,0.000541,0.024169,0.006527
0.012711,0.000655,0.059081,0.026196,0.019747,0.001354,0.052013,0.018411
0.016727,0.001973,0.059881,0.078966,0.018684,0.004066,0.051108,0.053438
