vet-ins,vet-fnd,avl-ins,avl-fnd,hst-ins,hst-fnd,htr-ins,htr-fnd
0.000832,0.000027,0.002269,0.000782,0.001469,0.000068,0.001704,0.000526
0.003799,0.000267,0.013666,0.009335,0.005903,0.000543,0.010575,0.005606
0.006668,0.000269,0.027834,0.009612,0.011614,0.000539,0.023994,0.006228
0.013225,0.000674,0.061286,0.026673,0.024316,0.001358,0.055198,0.018938
0.016587,0.002010,0.063076,0.085847,0.021168,0.004086,0.053912,0.056087
