vet-ins,vet-fnd,avl-ins,avl-fnd,hst-ins,hst-fnd,htr-ins,htr-fnd
0.002180,0.000073,0.005904,0.002028,0.003390,0.000147,0.004376,0.001183
0.004681,0.000271,0.012451,0.008638,0.005895,0.000540,0.010381,0.005451
0.006544,0.000313,0.026794,0.009462,0.012598,0.000636,0.025423,0.006298
0.014847,0.000668,0.061258,0.025736,0.021827,0.001351,0.053225,0.017630
0.017242,0.002010,0.061282,0.086885,0.022006,0.004049,0.056482,0.053458
