vet-ins,vet-fnd,avl-ins,avl-fnd,hst-ins,hst-fnd,htr-ins,htr-fnd
0.000540,0.000019,0.001866,0.000661,0.000759,0.004187,0.002119,0.000704
0.002314,0.000188,0.011348,0.007875,0.003591,0.187671,0.013240,0.008339
0.004155,0.000203,0.025620,0.008693,0.007069,0.291338,0.028267,0.009082
0.008069,0.000489,0.058795,0.024731,0.013170,0.730884,0.061239,0.025157
0.007572,0.001444,0.058489,0.074316,0.013073,2.202253,0.065535,0.080938
