vet-ins,vet-fnd,avl-ins,avl-fnd,hst-ins,hst-fnd,htr-ins,htr-fnd
0.000551,0.000029,0.001914,0.000666,0.000758,0.004183,0.002189,0.000711
0.002327,0.000189,0.011417,0.008076,0.003449,0.186498,0.013478,0.008533
0.004112,0.000200,0.026662,0.008935,0.007270,0.293144,0.028675,0.009238
0.008095,0.000491,0.060472,0.025561,0.013055,0.728680,0.061184,0.025174
0.007649,0.001503,0.057457,0.074028,0.013008,2.164818,0.062138,0.076059
