vet-ins,vet-fnd,avl-ins,avl-fnd,hst-ins,hst-fnd,htr-ins,htr-fnd
0.000827,0.000027,0.002500,0.000754,0.001260,0.000054,0.001609,0.000440
0.003695,0.000267,0.013583,0.008808,0.005909,0.000541,0.010626,0.005477
0.007098,0.000268,0.026845,0.009221,0.011251,0.000545,0.022601,0.006086
0.013542,0.000668,0.059876,0.026777,0.021846,0.001347,0.053755,0.018162
0.018776,0.002223,0.062094,0.081900,0.021775,0.004049,0.052543,0.058126
