vet-ins,vet-fnd,avl-ins,avl-fnd,hst-ins,hst-fnd,htr-ins,htr-fnd
0.000820,0.000026,0.002491,0.000746,0.001452,0.000068,0.001678,0.000443
0.003732,0.000313,0.012951,0.008919,0.005976,0.000632,0.010659,0.005442
0.006917,0.000269,0.026215,0.009154,0.011297,0.000540,0.023872,0.006989
0.013747,0.000668,0.061760,0.025810,0.022190,0.001349,0.053159,0.018652
0.016963,0.002011,0.060066,0.083029,0.021524,0.004720,0.056896,0.052536
