vet-ins,vet-fnd,avl-ins,avl-fnd,hst-ins,hst-fnd,htr-ins,htr-fnd
0.001273,0.000039,0.003012,0.001053,0.001739,0.000075,0.002223,0.000605
0.005035,0.000372,0.016808,0.010212,0.006548,0.000580,0.011718,0.006117
0.006529,0.000269,0.025899,0.009172,0.011291,0.000537,0.022867,0.006086
0.013046,0.000675,0.071457,0.029173,0.022854,0.001347,0.054328,0.018190
0.016944,0.002015,0.061328,0.079171,0.020797,0.004134,0.053222,0.054922
