vet-ins,vet-fnd,avl-ins,avl-fnd,hst-ins,hst-fnd,htr-ins,htr-fnd
0.002060,0.000066,0.005733,0.001924,0.003033,0.000146,0.004214,0.001076
0.005018,0.000307,0.012834,0.008720,0.005398,0.000538,0.010511,0.005400
0.006277,0.000262,0.026374,0.009725,0.010893,0.000535,0.022085,0.006046
0.012534,0.000661,0.059384,0.028173,0.021054,0.001373,0.051929,0.018648
0.018346,0.002000,0.061615,0.083018,0.020679,0.004804,0.054024,0.053138
