vet-ins,vet-fnd,avl-ins,avl-fnd,hst-ins,hst-fnd,htr-ins,htr-fnd
0.000526,0.000019,0.001860,0.000670,0.000763,0.004294,0.002121,0.000720
0.002190,0.000199,0.011797,0.007970,0.003643,0.190376,0.014249,0.008712
0.003860,0.000220,0.025517,0.008632,0.006514,0.287656,0.028240,0.009244
0.008039,0.000490,0.057955,0.024357,0.013709,0.546985,0.060563,0.025216
0.007546,0.001431,0.063149,0.080352,0.014060,1.682635,0.065873,0.081752
