vet-ins,vet-fnd,avl-ins,avl-fnd,hst-ins,hst-fnd,htr-ins,htr-fnd
0.002115,0.000071,0.005910,0.002060,0.003122,0.000152,0.004292,0.001170
0.004293,0.000262,0.012732,0.008713,0.005371,0.000537,0.010075,0.005416
0.007078,0.000307,0.027068,0.009625,0.010179,0.000534,0.021953,0.005952
0.012733,0.000655,0.064656,0.026354,0.019651,0.001339,0.052119,0.020114
0.016119,0.001972,0.059478,0.079036,0.021087,0.004173,0.058045,0.053405
