vet-ins,vet-fnd,avl-ins,avl-fnd,hst-ins,hst-fnd,htr-ins,htr-fnd
0.002041,0.000066,0.005837,0.002171,0.003302,0.000159,0.004314,0.001222
0.004516,0.000308,0.013596,0.009177,0.005432,0.000542,0.010614,0.005431
0.006281,0.000263,0.027286,0.009312,0.010923,0.000542,0.022749,0.006455
0.014219,0.000769,0.063325,0.026706,0.020161,0.001350,0.052729,0.018445
0.017192,0.001975,0.060375,0.085082,0.020621,0.004631,0.053602,0.058656
