vet-ins,vet-fnd,avl-ins,avl-fnd,hst-ins,hst-fnd,htr-ins,htr-fnd
0.000556,0.000020,0.001879,0.000662,0.000763,0.004324,0.002107,0.000704
0.002358,0.000192,0.011518,0.007804,0.003683,0.193506,0.017439,0.009605
0.004015,0.000203,0.025801,0.009493,0.007472,0.298539,0.030184,0.009472
0.008168,0.000538,0.059957,0.028269,0.014734,0.565989,0.072532,0.025920
0.007577,0.001503,0.066312,0.077019,0.013538,1.705653,0.059333,0.073022
