vet-ins,vet-fnd,avl-ins,avl-fnd,hst-ins,hst-fnd,htr-ins,htr-fnd
0.000525,0.000019,0.001888,0.000669,0.000793,0.003152,0.002017,0.000669
0.002327,0.000189,0.011345,0.007915,0.003660,0.141453,0.012085,0.007933
0.004013,0.000203,0.025871,0.008746,0.007140,0.222660,0.026990,0.008630
0.008114,0.000490,0.057799,0.024506,0.013961,0.547939,0.060888,0.024919
0.007700,0.001508,0.059044,0.074066,0.012360,2.220500,0.059747,0.074288
