vet-ins,vet-fnd,avl-ins,avl-fnd,hst-ins,hst-fnd,htr-ins,htr-fnd
0.002059,0.000079,0.005846,0.002044,0.003219,0.000135,0.004286,0.001171
0.004279,0.000281,0.014379,0.009513,0.006164,0.000541,0.010946,0.005588
0.006582,0.000268,0.027057,0.010691,0.012487,0.000539,0.025806,0.006574
0.015003,0.000815,0.063216,0.026968,0.024361,0.001505,0.057855,0.018500
0.016453,0.002010,0.066325,0.081084,0.021156,0.004156,0.056247,0.056915
