vet-ins,vet-fnd,avl-ins,avl-fnd,hst-ins,hst-fnd,htr-ins,htr-fnd
0.000594,0.000020,0.002010,0.000726,0.000851,0.004544,0.002338,0.000750
0.002346,0.000190,0.012091,0.008134,0.003723,0.187576,0.013395,0.008405
0.004049,0.000203,0.025582,0.008773,0.006660,0.296442,0.028427,0.009095
0.008149,0.000485,0.058222,0.024586,0.013320,0.731014,0.061283,0.025303
0.007953,0.001532,0.059673,0.074851,0.012465,2.203794,0.069251,0.086754
