vet-ins,vet-fnd,avl-ins,avl-fnd,hst-ins,hst-fnd,htr-ins,htr-fnd
0.000587,0.000019,0.001882,0.000679,0.000787,0.004254,0.002163,0.000712
0.002350,0.000188,0.011427,0.008000,0.003611,0.190406,0.013444,0.008666
0.004218,0.000201,0.027719,0.009497,0.007323,0.225727,0.026720,0.008718
0.008141,0.000514,0.058405,0.025036,0.015250,0.561148,0.060277,0.024707
0.007527,0.001462,0.058595,0.074105,0.012518,2.193897,0.060261,0.074877
