vet-ins,vet-fnd,avl-ins,avl-fnd,hst-ins,hst-fnd,htr-ins,htr-fnd
0.002192,0.000074,0.005979,0.002509,0.003421,0.000178,0.004440,0.001083
0.004923,0.000316,0.013320,0.008821,0.006391,0.000539,0.010750,0.005448
0.006859,0.000268,0.027635,0.010044,0.011583,0.000541,0.023100,0.006060
0.013201,0.000669,0.058948,0.026043,0.022506,0.001347,0.053871,0.017911
0.016648,0.002120,0.060915,0.079343,0.020722,0.004154,0.059654,0.053939
