vet-ins,vet-fnd,avl-ins,avl-fnd,hst-ins,hst-fnd,htr-ins,htr-fnd
0.000529,0.000020,0.001870,0.000659,0.000760,0.004215,0.002127,0.000702
0.002313,0.000187,0.011287,0.007816,0.003606,0.187751,0.013343,0.008505
0.004013,0.000202,0.025520,0.008619,0.007182,0.294639,0.028284,0.009061
0.008212,0.000486,0.061825,0.025488,0.013495,0.736812,0.061247,0.024989
0.007551,0.001422,0.058488,0.073508,0.013117,2.199826,0.062006,0.075799
