vet-ins,vet-fnd,avl-ins,avl-fnd,hst-ins,hst-fnd,htr-ins,htr-fnd
0.000555,0.000020,0.001995,0.000704,0.000801,0.004382,0.002252,0.000746
0.002486,0.000207,0.012901,0.009238,0.003674,0.189699,0.013804,0.009468
0.004188,0.000284,0.026533,0.009358,0.007152,0.298552,0.028932,0.009751
0.008258,0.000586,0.064245,0.027324,0.013573,0.741617,0.063087,0.024889
0.007767,0.001455,0.058035,0.076236,0.013158,2.169732,0.066741,0.076891
