vet-ins,vet-fnd,avl-ins,avl-fnd,hst-ins,hst-fnd,htr-ins,htr-fnd
0.000798,0.000026,0.002150,0.000750,0.001289,0.000063,0.001880,0.000436
0.003566,0.000262,0.013191,0.009020,0.005404,0.000540,0.010053,0.005424
0.006301,0.000263,0.026438,0.009787,0.010425,0.000540,0.022284,0.006039
0.012557,0.000660,0.058485,0.026416,0.022351,0.001550,0.056693,0.017769
0.016868,0.002293,0.065340,0.082516,0.020226,0.004408,0.051515,0.057380
