vet-ins,vet-fnd,avl-ins,avl-fnd,hst-ins,hst-fnd,htr-ins,htr-fnd
0.000830,0.000028,0.002552,0.000750,0.001484,0.000067,0.001960,0.000542
0.004186,0.000334,0.013982,0.009294,0.006225,0.000540,0.011079,0.005448
0.006856,0.000268,0.026122,0.009123,0.011187,0.000538,0.023638,0.006048
0.013658,0.000669,0.062279,0.025909,0.021812,0.001347,0.053644,0.017821
0.017007,0.002117,0.062892,0.079678,0.021601,0.004659,0.055519,0.055998
