vet-ins,vet-fnd,avl-ins,avl-fnd,hst-ins,hst-fnd,htr-ins,htr-fnd
0.000861,0.000047,0.003447,0.001094,0.001930,0.000095,0.002716,0.000728
0.005852,0.000384,0.017232,0.008689,0.005397,0.000544,0.010148,0.005728
0.006427,0.000310,0.027830,0.009261,0.011353,0.000635,0.023852,0.006003
0.014123,0.000796,0.062864,0.026711,0.019735,0.001362,0.053008,0.018087
0.016449,0.001971,0.062380,0.081864,0.018635,0.004166,0.053535,0.054071
