vet-ins,vet-fnd,avl-ins,avl-fnd,hst-ins,hst-fnd,htr-ins,htr-fnd
0.000881,0.000032,0.003542,0.001124,0.002178,0.000088,0.002752,0.000713
0.005801,0.000468,0.017733,0.009878,0.006625,0.000660,0.011754,0.005840
0.006916,0.000269,0.026130,0.009659,0.011223,0.000537,0.022964,0.006050
0.013173,0.000705,0.059458,0.028245,0.023706,0.001344,0.055405,0.020022
0.016951,0.002329,0.060434,0.083409,0.024187,0.004644,0.056898,0.055138
