vet-ins,vet-fnd,avl-ins,avl-fnd,hst-ins,hst-fnd,htr-ins,htr-fnd
0.002187,0.000073,0.005886,0.002040,0.003388,0.000147,0.004338,0.001194
0.004738,0.000268,0.013177,0.009415,0.006391,0.000537,0.011374,0.005839
0.006975,0.000315,0.027781,0.011160,0.012726,0.000573,0.024838,0.006527
0.013120,0.000675,0.059502,0.025917,0.021738,0.001342,0.053535,0.018408
0.018733,0.002326,0.065191,0.082836,0.024125,0.004549,0.056190,0.057118
