vet-ins,vet-fnd,avl-ins,avl-fnd,hst-ins,hst-fnd,htr-ins,htr-fnd
0.002101,0.000066,0.005661,0.001840,0.003827,0.000157,0.004524,0.000672
0.004547,0.000262,0.012362,0.008581,0.006668,0.000533,0.010824,0.003415
0.006325,0.000262,0.025972,0.009071,0.012699,0.000534,0.023454,0.003840
0.012568,0.000655,0.058483,0.025390,0.024756,0.001342,0.054503,0.012555
0.011805,0.001968,0.059018,0.084355,0.024192,0.004006,0.052995,0.037083
