vet-ins,vet-fnd,avl-ins,avl-fnd,hst-ins,hst-fnd,htr-ins,htr-fnd
0.000549,0.000020,0.001970,0.000702,0.000798,0.004426,0.002246,0.000699
0.002300,0.000189,0.011329,0.007856,0.003542,0.187037,0.013220,0.008378
0.004063,0.000203,0.026639,0.008848,0.007021,0.293620,0.029695,0.009781
0.008595,0.000521,0.059351,0.024768,0.013131,0.731557,0.061201,0.025470
0.007581,0.001596,0.058733,0.073603,0.012726,2.193877,0.061853,0.076502
