vet-ins,vet-fnd,avl-ins,avl-fnd,hst-ins,hst-fnd,htr-ins,htr-fnd
0.000884,0.000030,0.003536,0.001112,0.001702,0.000075,0.002226,0.000605
0.004901,0.000364,0.018050,0.010082,0.006017,0.000538,0.011580,0.005950
0.006294,0.000263,0.026029,0.009278,0.010245,0.000535,0.022270,0.006114
0.012792,0.000656,0.060190,0.026514,0.019742,0.001339,0.052794,0.018045
0.016862,0.001973,0.059873,0.086771,0.019029,0.004134,0.051170,0.054301
