vet-ins,vet-fnd,avl-ins,avl-fnd,hst-ins,hst-fnd,htr-ins,htr-fnd
0.002141,0.000068,0.005845,0.001955,0.003551,0.000158,0.004185,0.001273
0.005163,0.000321,0.014166,0.009627,0.006352,0.000670,0.011496,0.005916
0.007241,0.000273,0.028707,0.009644,0.011947,0.000539,0.024475,0.006511
0.014493,0.000784,0.064369,0.027250,0.023305,0.001381,0.055881,0.019716
0.016953,0.002006,0.062644,0.087454,0.023655,0.004476,0.056495,0.056599
