vet-ins,vet-fnd,avl-ins,avl-fnd,hst-ins,hst-fnd,htr-ins,htr-fnd
0.000921,0.000030,0.002499,0.000880,0.001389,0.000053,0.001744,0.000533
0.003918,0.000263,0.014104,0.010066,0.005405,0.000535,0.010158,0.005403
0.006301,0.000263,0.026064,0.009274,0.010237,0.000540,0.023166,0.006325
0.012642,0.000655,0.059451,0.026087,0.019725,0.001344,0.053295,0.018659
0.016375,0.001967,0.060793,0.084909,0.018558,0.004029,0.050764,0.053800
