vet-ins,vet-fnd,avl-ins,avl-fnd,hst-ins,hst-fnd,htr-ins,htr-fnd
0.000526,0.000019,0.001879,0.000664,0.000826,0.003158,0.002082,0.000751
0.002343,0.000189,0.012128,0.008058,0.003530,0.141426,0.012582,0.008122
0.004079,0.000197,0.026554,0.008737,0.007911,0.228846,0.026943,0.008747
0.008016,0.000488,0.060306,0.024415,0.013592,0.551917,0.058785,0.023950
0.007975,0.001499,0.059534,0.073286,0.013255,1.660907,0.059303,0.072031
