vet-ins,vet-fnd,avl-ins,avl-fnd,hst-ins,hst-fnd,htr-ins,htr-fnd
0.000527,0.000019,0.001872,0.000695,0.000760,0.004212,0.002110,0.000733
0.002342,0.000196,0.011510,0.007963,0.003627,0.189962,0.013761,0.008639
0.004176,0.000202,0.026818,0.009298,0.006741,0.293129,0.029449,0.009555
0.008196,0.000495,0.061619,0.026692,0.013631,0.748463,0.062023,0.025335
0.008040,0.001465,0.067824,0.080527,0.013704,1.692831,0.063258,0.075300
