vet-ins,vet-fnd,avl-ins,avl-fnd,hst-ins,hst-fnd,htr-ins,htr-fnd
0.001929,0.000066,0.005675,0.001870,0.002860,0.000136,0.004074,0.001089
0.006041,0.000319,0.012335,0.008753,0.005424,0.000544,0.010168,0.005427
0.006298,0.000270,0.025874,0.009277,0.010220,0.000540,0.023032,0.006814
0.013077,0.000656,0.058895,0.027728,0.022361,0.001403,0.055042,0.018575
0.016504,0.002300,0.059607,0.084299,0.018984,0.004435,0.051454,0.053395
