vet-ins,vet-fnd,avl-ins,avl-fnd,hst-ins,hst-fnd,htr-ins,htr-fnd
0.000555,0.000021,0.001978,0.000700,0.000803,0.004453,0.002250,0.000747
0.002312,0.000194,0.011421,0.007918,0.003606,0.188912,0.012910,0.008420
0.004075,0.000202,0.025719,0.008638,0.007062,0.295658,0.028275,0.009179
0.007960,0.000494,0.057786,0.024239,0.012927,0.728230,0.061356,0.025147
0.007545,0.001432,0.057488,0.072640,0.012970,2.163003,0.062409,0.076262
