vet-ins,vet-fnd,avl-ins,avl-fnd,hst-ins,hst-fnd,htr-ins,htr-fnd
0.001901,0.000063,0.005284,0.001833,0.002793,0.000129,0.003873,0.001053
0.005421,0.000310,0.013422,0.009288,0.005422,0.000539,0.010290,0.005824
0.006370,0.000263,0.026362,0.009210,0.010520,0.000536,0.022646,0.006103
0.014447,0.000693,0.065917,0.026803,0.020099,0.001345,0.052736,0.019397
0.016389,0.001967,0.060367,0.081033,0.019446,0.004013,0.055824,0.062543
