vet-ins,vet-fnd,avl-ins,avl-fnd,hst-ins,hst-fnd,htr-ins,htr-fnd
0.000860,0.000026,0.002504,0.000777,0.001277,0.000063,0.001786,0.000433
0.003783,0.000307,0.013389,0.008715,0.005406,0.000537,0.010182,0.005395
0.006403,0.000263,0.027613,0.009408,0.010179,0.000535,0.022462,0.006012
0.012673,0.000655,0.065690,0.027075,0.020077,0.001341,0.052000,0.018164
0.016608,0.002546,0.063606,0.078599,0.018658,0.004612,0.055428,0.054141
