vet-ins,vet-fnd,avl-ins,avl-fnd,hst-ins,hst-fnd,htr-ins,htr-fnd
0.000527,0.000019,0.001917,0.000665,0.000765,0.004184,0.002124,0.000706
0.002372,0.000193,0.012114,0.008326,0.003643,0.194550,0.014137,0.008712
0.004378,0.000198,0.026973,0.009858,0.007034,0.300714,0.029793,0.010131
0.008730,0.000527,0.065176,0.026735,0.013822,0.761647,0.061441,0.025168
0.007621,0.001445,0.065000,0.085697,0.014217,2.262815,0.076699,0.083835
