vet-ins,vet-fnd,avl-ins,avl-fnd,hst-ins,hst-fnd,htr-ins,htr-fnd
0.000978,0.000027,0.002296,0.000888,0.001312,0.000054,0.001834,0.000548
0.003860,0.000262,0.013892,0.009378,0.005422,0.000539,0.010116,0.005391
0.006305,0.000264,0.025969,0.009237,0.010265,0.000549,0.022125,0.006006
0.012548,0.000661,0.059746,0.026076,0.020085,0.001351,0.052570,0.018753
0.016392,0.002051,0.060242,0.082397,0.018658,0.004045,0.051335,0.059143
