vet-ins,vet-fnd,avl-ins,avl-fnd,hst-ins,hst-fnd,htr-ins,htr-fnd
0.000551,0.000019,0.001905,0.000664,0.000783,0.004234,0.002150,0.000705
0.002357,0.000188,0.011381,0.007922,0.003751,0.186670,0.013059,0.008401
0.004051,0.000206,0.025350,0.008586,0.007472,0.224883,0.026833,0.008632
0.007951,0.000487,0.060191,0.026458,0.013652,0.556526,0.061539,0.025280
0.007496,0.001430,0.059461,0.078205,0.013194,2.198778,0.061796,0.076957
