vet-ins,vet-fnd,avl-ins,avl-fnd,hst-ins,hst-fnd,htr-ins,htr-fnd
0.000584,0.000020,0.001979,0.000709,0.000825,0.004437,0.002246,0.000754
0.002446,0.000198,0.011546,0.008091,0.003746,0.191397,0.013814,0.008727
0.004044,0.000200,0.025529,0.008753,0.007140,0.221560,0.026669,0.008623
0.008199,0.000496,0.058065,0.024419,0.013992,0.545445,0.060574,0.024355
0.007579,0.001463,0.058844,0.073374,0.012953,1.667090,0.059507,0.071940
