vet-ins,vet-fnd,avl-ins,avl-fnd,hst-ins,hst-fnd,htr-ins,htr-fnd
0.001177,0.000039,0.003341,0.001247,0.001888,0.000094,0.002660,0.000751
0.005589,0.000434,0.017841,0.010054,0.005471,0.000544,0.010501,0.005391
0.006800,0.000262,0.026421,0.009266,0.010218,0.000540,0.022016,0.006331
0.014724,0.000737,0.060653,0.026182,0.019726,0.001359,0.052543,0.017841
0.016755,0.001972,0.060429,0.079641,0.019292,0.004168,0.052110,0.053272
