vet-ins,vet-fnd,avl-ins,avl-fnd,hst-ins,hst-fnd,htr-ins,htr-fnd
0.000964,0.000034,0.002406,0.000888,0.001195,0.000063,0.001849,0.000432
0.003552,0.000262,0.012264,0.008700,0.005384,0.000535,0.010013,0.005397
0.006274,0.000263,0.025678,0.009220,0.010207,0.000536,0.021862,0.005991
0.012693,0.000655,0.058820,0.026419,0.021997,0.001458,0.058124,0.018285
0.017075,0.001968,0.059157,0.088354,0.018627,0.004015,0.050828,0.054098
