vet-ins,vet-fnd,avl-ins,avl-fnd,hst-ins,hst-fnd,htr-ins,htr-fnd
0.001262,0.000047,0.003690,0.001268,0.002120,0.000094,0.002624,0.000750
0.005778,0.000402,0.016655,0.009084,0.005889,0.000536,0.010414,0.005484
0.006502,0.000269,0.027501,0.009194,0.011614,0.000537,0.023865,0.006310
0.013373,0.000670,0.061024,0.026673,0.022429,0.001657,0.055392,0.018075
0.016889,0.002076,0.060102,0.079430,0.020761,0.004081,0.053030,0.053814
