vet-ins,vet-fnd,avl-ins,avl-fnd,hst-ins,hst-fnd,htr-ins,htr-fnd
0.000819,0.000026,0.002208,0.000747,0.001258,0.000055,0.001874,0.000544
0.004200,0.000315,0.014050,0.009028,0.005895,0.000540,0.010798,0.005460
0.006768,0.000268,0.029010,0.009426,0.011340,0.000539,0.023258,0.006114
0.013317,0.000668,0.060045,0.025667,0.022883,0.001482,0.055154,0.017905
0.016577,0.002011,0.060838,0.080686,0.020711,0.004071,0.054816,0.056311
