vet-ins,vet-fnd,avl-ins,avl-fnd,hst-ins,hst-fnd,htr-ins,htr-fnd
0.000825,0.000026,0.002164,0.000749,0.001260,0.000054,0.001733,0.000528
0.004158,0.000268,0.012638,0.008935,0.005914,0.000539,0.010290,0.005443
0.006518,0.000269,0.026222,0.009153,0.011299,0.000540,0.022943,0.006825
0.013226,0.000669,0.059243,0.025811,0.022529,0.001349,0.055436,0.018068
0.018779,0.002211,0.064798,0.078597,0.020812,0.004086,0.053392,0.056470
