vet-ins,vet-fnd,avl-ins,avl-fnd,hst-ins,hst-fnd,htr-ins,htr-fnd
0.000795,0.000026,0.002201,0.000754,0.001162,0.000055,0.001765,0.000580
0.003912,0.000327,0.013556,0.008973,0.005566,0.000543,0.010235,0.005415
0.006432,0.000263,0.026051,0.009272,0.010903,0.000671,0.025254,0.006909
0.013055,0.000655,0.059679,0.026163,0.020035,0.001368,0.055643,0.020104
0.016371,0.001970,0.059975,0.080246,0.018939,0.004132,0.052168,0.052908
