vet-ins,vet-fnd,avl-ins,avl-fnd,hst-ins,hst-fnd,htr-ins,htr-fnd
0.000790,0.000027,0.002155,0.000753,0.001159,0.000053,0.001715,0.000526
0.003684,0.000263,0.013014,0.010141,0.006003,0.000535,0.010440,0.005755
0.006165,0.000263,0.026103,0.009262,0.010192,0.000536,0.021948,0.006036
0.012700,0.000661,0.058781,0.026503,0.020027,0.001346,0.055496,0.025845
0.016451,0.001968,0.059242,0.079093,0.020838,0.004635,0.053339,0.053174
