vet-ins,vet-fnd,avl-ins,avl-fnd,hst-ins,hst-fnd,htr-ins,htr-fnd
0.000961,0.000031,0.003189,0.001263,0.002170,0.000094,0.002659,0.000761
0.006059,0.000393,0.017400,0.010176,0.007049,0.000589,0.012436,0.006707
0.007851,0.000315,0.031235,0.010942,0.012991,0.000654,0.026009,0.007418
0.014611,0.000800,0.068209,0.030190,0.025049,0.001584,0.059369,0.018711
0.019137,0.002189,0.064124,0.083247,0.022918,0.004440,0.062727,0.061499
