vet-ins,vet-fnd,avl-ins,avl-fnd,hst-ins,hst-fnd,htr-ins,htr-fnd
0.000835,0.000027,0.002223,0.000804,0.001494,0.000054,0.001675,0.000512
0.004144,0.000313,0.013167,0.009021,0.005935,0.000539,0.010440,0.005467
0.006526,0.000272,0.028520,0.010284,0.011968,0.000539,0.024577,0.006693
0.015299,0.000808,0.069265,0.029696,0.024360,0.001620,0.061426,0.021477
0.019375,0.002291,0.063698,0.079439,0.020795,0.004053,0.053824,0.054313
