vet-ins,vet-fnd,avl-ins,avl-fnd,hst-ins,hst-fnd,htr-ins,htr-fnd
0.000954,0.000031,0.002596,0.000874,0.001481,0.000063,0.001923,0.000509
0.004266,0.000313,0.014615,0.010141,0.006880,0.000633,0.012271,0.006394
0.007568,0.000314,0.028587,0.009203,0.011260,0.000543,0.023728,0.006056
0.013288,0.000671,0.059894,0.025948,0.021928,0.001344,0.057208,0.018985
0.016863,0.002015,0.059846,0.078523,0.021046,0.004289,0.054219,0.054393
