vet-ins,vet-fnd,avl-ins,avl-fnd,hst-ins,hst-fnd,htr-ins,htr-fnd
0.000789,0.000027,0.002155,0.000869,0.001392,0.000067,0.001703,0.000510
0.004225,0.000307,0.014271,0.009623,0.005740,0.000535,0.010360,0.005647
0.006587,0.000263,0.025888,0.009302,0.010223,0.000549,0.021969,0.006029
0.012631,0.000657,0.058956,0.026228,0.019704,0.001341,0.052157,0.018005
0.016494,0.001966,0.060051,0.085106,0.019354,0.004029,0.050400,0.053507
