vet-ins,vet-fnd,avl-ins,avl-fnd,hst-ins,hst-fnd,htr-ins,htr-fnd
0.001240,0.000037,0.002988,0.001051,0.001613,0.000076,0.002214,0.000604
0.004911,0.000364,0.016634,0.009376,0.005749,0.000541,0.010824,0.005430
0.006357,0.000306,0.025870,0.009705,0.010270,0.000545,0.021927,0.006035
0.012684,0.000660,0.059195,0.026259,0.020704,0.001366,0.056081,0.019968
0.020182,0.002320,0.078372,0.087074,0.018669,0.004237,0.062186,0.072861
