vet-ins,vet-fnd,avl-ins,avl-fnd,hst-ins,hst-fnd,htr-ins,htr-fnd
0.002193,0.000073,0.005991,0.002031,0.003398,0.000146,0.004411,0.001183
0.005234,0.000301,0.012832,0.008636,0.006211,0.000538,0.010716,0.005504
0.007390,0.000335,0.029527,0.009985,0.011670,0.000646,0.024305,0.006227
0.014954,0.000675,0.067914,0.030056,0.025527,0.001584,0.063007,0.021927
0.019281,0.002360,0.072086,0.092136,0.022560,0.004419,0.060073,0.056428
