vet-ins,vet-fnd,avl-ins,avl-fnd,hst-ins,hst-fnd,htr-ins,htr-fnd
0.000539,0.000019,0.001884,0.000677,0.000812,0.003173,0.002040,0.000667
0.002194,0.000187,0.011422,0.007926,0.003756,0.142417,0.012612,0.008025
0.004159,0.000200,0.026661,0.008734,0.007286,0.222236,0.027185,0.008657
0.008247,0.000498,0.058615,0.024348,0.013088,0.721530,0.061144,0.025218
0.007947,0.001506,0.059666,0.073262,0.013559,1.666450,0.059660,0.071415
