vet-ins,vet-fnd,avl-ins,avl-fnd,hst-ins,hst-fnd,htr-ins,htr-fnd
0.001185,0.000037,0.003042,0.001048,0.001599,0.000075,0.002225,0.000605
0.004617,0.000370,0.017029,0.008946,0.005405,0.000535,0.010456,0.006850
0.006502,0.000308,0.026485,0.009297,0.010212,0.000535,0.022106,0.006023
0.012684,0.000656,0.060996,0.026432,0.019973,0.001341,0.051941,0.017873
0.017217,0.002015,0.061597,0.078839,0.018783,0.004022,0.053704,0.053769
