vet-ins,vet-fnd,avl-ins,avl-fnd,hst-ins,hst-fnd,htr-ins,htr-fnd
0.001180,0.000039,0.003215,0.001092,0.001835,0.000079,0.002390,0.000641
0.005297,0.000392,0.017654,0.010189,0.006886,0.000637,0.012277,0.006421
0.007523,0.000319,0.030741,0.010885,0.013094,0.000631,0.026912,0.007175
0.013582,0.000668,0.059418,0.025888,0.021887,0.001358,0.054574,0.018499
0.016918,0.002009,0.059962,0.084045,0.021100,0.004050,0.053451,0.054005
