vet-ins,vet-fnd,avl-ins,avl-fnd,hst-ins,hst-fnd,htr-ins,htr-fnd
0.000995,0.000034,0.002353,0.000934,0.001271,0.000054,0.001616,0.000435
0.003667,0.000271,0.013436,0.008754,0.005881,0.000542,0.010354,0.005457
0.006502,0.000269,0.027152,0.009237,0.011278,0.000638,0.025381,0.007088
0.014233,0.000668,0.061229,0.026513,0.022826,0.001347,0.054095,0.018250
0.016594,0.002053,0.059678,0.079793,0.021091,0.004146,0.055067,0.052652
