vet-ins,vet-fnd,avl-ins,avl-fnd,hst-ins,hst-fnd,htr-ins,htr-fnd
0.000887,0.000031,0.003134,0.001036,0.001748,0.000075,0.002281,0.000602
0.004523,0.000267,0.013959,0.009073,0.006881,0.000554,0.011370,0.005854
0.006739,0.000313,0.031487,0.010502,0.012485,0.000603,0.026279,0.006247
0.014580,0.000675,0.063031,0.028083,0.023169,0.001553,0.056644,0.020332
0.018258,0.002102,0.066356,0.085709,0.023903,0.004105,0.058290,0.056541
