vet-ins,vet-fnd,avl-ins,avl-fnd,hst-ins,hst-fnd,htr-ins,htr-fnd
0.000665,0.000019,0.001876,0.000667,0.000904,0.003174,0.002053,0.000669
0.002848,0.000203,0.011362,0.007946,0.004172,0.141506,0.012388,0.007988
0.005102,0.000220,0.025815,0.008880,0.007889,0.223972,0.026626,0.008532
0.010580,0.000503,0.058212,0.024285,0.015810,0.547479,0.061022,0.025006
0.009781,0.001427,0.059246,0.073641,0.015090,1.661566,0.058740,0.070780
