vet-ins,vet-fnd,avl-ins,avl-fnd,hst-ins,hst-fnd,htr-ins,htr-fnd
0.002126,0.000071,0.005577,0.001817,0.002794,0.000131,0.003814,0.001046
0.005178,0.000262,0.012995,0.009068,0.005473,0.000634,0.010581,0.005390
0.006270,0.000263,0.025851,0.009600,0.010225,0.000545,0.022470,0.006472
0.012715,0.000655,0.061422,0.030637,0.023958,0.001609,0.071545,0.024840
0.019772,0.002338,0.068956,0.085950,0.019732,0.005052,0.052355,0.053696
