vet-ins,vet-fnd,avl-ins,avl-fnd,hst-ins,hst-fnd,htr-ins,htr-fnd
0.001413,0.000051,0.003644,0.001151,0.002085,0.000094,0.002780,0.000760
0.005716,0.000391,0.017175,0.009764,0.006433,0.000540,0.011487,0.005490
0.007158,0.000268,0.026506,0.009680,0.011584,0.000540,0.023527,0.006078
0.015657,0.000873,0.070446,0.029694,0.023686,0.001456,0.054860,0.018074
0.016920,0.002031,0.061406,0.087814,0.022401,0.004949,0.056748,0.056067
