vet-ins,vet-fnd,avl-ins,avl-fnd,hst-ins,hst-fnd,htr-ins,htr-fnd
0.001884,0.000063,0.005259,0.001845,0.002804,0.000130,0.003824,0.001059
0.005540,0.000327,0.012372,0.008700,0.005402,0.000535,0.010057,0.005406
0.006272,0.000266,0.026062,0.009557,0.010623,0.000616,0.025489,0.007282
0.014077,0.000655,0.059804,0.025849,0.019663,0.001340,0.055172,0.021124
0.016168,0.001969,0.059393,0.083300,0.019172,0.004175,0.050865,0.053440
