vet-ins,vet-fnd,avl-ins,avl-fnd,hst-ins,hst-fnd,htr-ins,htr-fnd
0.001106,0.000047,0.003635,0.001308,0.002128,0.000095,0.002751,0.000644
0.006027,0.000467,0.016404,0.008721,0.005885,0.000539,0.010434,0.005475
0.006511,0.000268,0.026181,0.009240,0.011919,0.000601,0.025917,0.006756
0.013056,0.000669,0.059091,0.028111,0.023624,0.001353,0.055980,0.018499
0.017297,0.002010,0.062168,0.078769,0.021206,0.004329,0.053617,0.054164
