vet-ins,vet-fnd,avl-ins,avl-fnd,hst-ins,hst-fnd,htr-ins,htr-fnd
0.000620,0.000020,0.001911,0.000674,0.000827,0.004429,0.002165,0.000721
0.002594,0.000196,0.011572,0.007907,0.003577,0.186615,0.012928,0.008340
0.003986,0.000208,0.025646,0.008582,0.006999,0.289100,0.028702,0.009266
0.008038,0.000492,0.058573,0.024213,0.013126,0.542971,0.058204,0.024269
0.007986,0.001531,0.058750,0.073875,0.013629,1.655594,0.060740,0.072726
