vet-ins,vet-fnd,avl-ins,avl-fnd,hst-ins,hst-fnd,htr-ins,htr-fnd
0.000554,0.000020,0.001880,0.000669,0.000779,0.004275,0.002993,0.001382
0.002450,0.000194,0.011562,0.007968,0.003681,0.190547,0.014317,0.010671
0.004108,0.000255,0.027750,0.010874,0.007090,0.302977,0.033657,0.010619
0.008284,0.000489,0.066551,0.027574,0.013249,0.743725,0.063874,0.026487
0.007605,0.001446,0.060410,0.073758,0.013662,1.666890,0.063170,0.079683
