vet-ins,vet-fnd,avl-ins,avl-fnd,hst-ins,hst-fnd,htr-ins,htr-fnd
0.000526,0.000019,0.001877,0.000664,0.000790,0.003100,0.002034,0.000664
0.002336,0.000189,0.011322,0.007867,0.003654,0.141576,0.012223,0.007926
0.003974,0.000198,0.025515,0.008665,0.007221,0.223162,0.026894,0.008640
0.008285,0.000492,0.058103,0.024505,0.013477,0.546856,0.059383,0.024267
0.007565,0.001436,0.058056,0.073350,0.012931,1.662476,0.059094,0.071642
