vet-ins,vet-fnd,avl-ins,avl-fnd,hst-ins,hst-fnd,htr-ins,htr-fnd
0.002112,0.000072,0.005859,0.002059,0.003118,0.000146,0.004289,0.001184
0.004169,0.000262,0.013222,0.008775,0.005379,0.000536,0.010042,0.005806
0.006207,0.000267,0.026001,0.009315,0.010146,0.000535,0.023345,0.007458
0.013586,0.000748,0.059801,0.026584,0.019991,0.001338,0.051528,0.019984
0.016107,0.001974,0.059582,0.080243,0.018593,0.004341,0.050737,0.053179
