vet-ins,vet-fnd,avl-ins,avl-fnd,hst-ins,hst-fnd,htr-ins,htr-fnd
0.002113,0.000071,0.005857,0.002035,0.003126,0.000148,0.004299,0.001176
0.004465,0.000262,0.012272,0.008737,0.005388,0.000541,0.009987,0.005402
0.006378,0.000263,0.025753,0.009239,0.010163,0.000544,0.025017,0.006205
0.012606,0.000656,0.058418,0.028862,0.022142,0.001581,0.056108,0.017825
0.016189,0.001965,0.062416,0.082085,0.018534,0.004093,0.050268,0.053376
