vet-ins,vet-fnd,avl-ins,avl-fnd,hst-ins,hst-fnd,htr-ins,htr-fnd
0.000983,0.000034,0.002455,0.000749,0.001464,0.000063,0.001792,0.000494
0.003667,0.000268,0.012766,0.009060,0.006617,0.000546,0.010785,0.005474
0.006424,0.000268,0.026028,0.009188,0.011977,0.000539,0.023382,0.006502
0.013332,0.000669,0.059406,0.030082,0.022680,0.001592,0.058008,0.018618
0.016883,0.002010,0.061300,0.090648,0.020819,0.004061,0.053596,0.057107
