vet-ins,vet-fnd,avl-ins,avl-fnd,hst-ins,hst-fnd,htr-ins,htr-fnd
0.000793,0.000027,0.002504,0.000868,0.001310,0.000063,0.001836,0.000437
0.003792,0.000307,0.013750,0.010123,0.006086,0.000667,0.011367,0.005459
0.006516,0.000308,0.026581,0.009273,0.010614,0.000542,0.022055,0.006769
0.013801,0.000773,0.061377,0.026166,0.019746,0.001357,0.052791,0.017947
0.017248,0.002130,0.059337,0.079287,0.018701,0.004172,0.052178,0.053652
