vet-ins,vet-fnd,avl-ins,avl-fnd,hst-ins,hst-fnd,htr-ins,htr-fnd
0.000547,0.000021,0.001958,0.000701,0.000802,0.004415,0.002227,0.000741
0.002348,0.000191,0.011328,0.007904,0.003443,0.186923,0.013430,0.008760
0.004077,0.000206,0.025810,0.008733,0.006929,0.291563,0.028483,0.009142
0.008225,0.000499,0.060899,0.024593,0.013198,0.733841,0.062862,0.025295
0.007521,0.001524,0.058180,0.074799,0.013630,1.654347,0.059692,0.073381
