vet-ins,vet-fnd,avl-ins,avl-fnd,hst-ins,hst-fnd,htr-ins,htr-fnd
0.000526,0.000019,0.001866,0.000686,0.000795,0.003239,0.002033,0.000667
0.002364,0.000196,0.011449,0.008008,0.003697,0.145848,0.012644,0.008216
0.003933,0.000203,0.025666,0.008824,0.007083,0.222717,0.026821,0.008645
0.008044,0.000489,0.058112,0.024282,0.013062,0.547887,0.059305,0.023825
0.007670,0.001424,0.058311,0.073116,0.013353,1.663886,0.060073,0.072470
