vet-ins,vet-fnd,avl-ins,avl-fnd,hst-ins,hst-fnd,htr-ins,htr-fnd
0.000523,0.000019,0.001898,0.000664,0.000757,0.004215,0.002111,0.000701
0.002113,0.000190,0.011615,0.007896,0.003447,0.194317,0.017169,0.008824
0.004382,0.000317,0.031372,0.009328,0.007072,0.296939,0.028215,0.009156
0.008221,0.000507,0.064116,0.026874,0.013296,0.737169,0.065156,0.025206
0.007628,0.001439,0.062510,0.081608,0.014568,1.680179,0.062448,0.072038
