vet-ins,vet-fnd,avl-ins,avl-fnd,hst-ins,hst-fnd,htr-ins,htr-fnd
0.000528,0.000020,0.001922,0.000697,0.000802,0.004473,0.003059,0.001369
0.002850,0.000238,0.013407,0.009068,0.004088,0.192619,0.013406,0.008433
0.004030,0.000199,0.025788,0.008645,0.006642,0.295455,0.028344,0.009107
0.008322,0.000499,0.061509,0.025475,0.013413,0.738245,0.064304,0.025386
0.007545,0.001486,0.059354,0.074754,0.012725,2.192654,0.060863,0.077709
