vet-ins,vet-fnd,avl-ins,avl-fnd,hst-ins,hst-fnd,htr-ins,htr-fnd
0.000525,0.000020,0.001912,0.000668,0.000762,0.004254,0.002116,0.000711
0.002353,0.000195,0.011449,0.007914,0.003627,0.190633,0.013400,0.008605
0.004080,0.000205,0.025724,0.008649,0.007164,0.222134,0.026885,0.008627
0.008246,0.000504,0.058542,0.025363,0.013194,0.546470,0.058691,0.023829
0.007917,0.001522,0.059432,0.073345,0.013317,1.704516,0.066854,0.080975
