vet-ins,vet-fnd,avl-ins,avl-fnd,hst-ins,hst-fnd,htr-ins,htr-fnd
0.002125,0.000071,0.005963,0.002042,0.003145,0.000147,0.004338,0.001179
0.004299,0.000262,0.012364,0.008687,0.005394,0.000543,0.010127,0.005397
0.006828,0.000297,0.028107,0.010328,0.010918,0.000676,0.023993,0.005992
0.012711,0.000656,0.058651,0.025865,0.019666,0.001350,0.057815,0.018501
0.016377,0.001966,0.059183,0.079106,0.019249,0.004124,0.051848,0.054732
