vet-ins,vet-fnd,avl-ins,avl-fnd,hst-ins,hst-fnd,htr-ins,htr-fnd
0.001897,0.000064,0.005268,0.001816,0.002800,0.000133,0.003859,0.001064
0.006202,0.000328,0.012786,0.008716,0.005426,0.000545,0.010488,0.005401
0.006198,0.000262,0.030830,0.010269,0.011381,0.000632,0.024996,0.006511
0.012780,0.000657,0.059614,0.027966,0.019724,0.001342,0.052239,0.019668
0.016459,0.001968,0.060255,0.084025,0.021468,0.004038,0.051561,0.056563
