vet-ins,vet-fnd,avl-ins,avl-fnd,hst-ins,hst-fnd,htr-ins,htr-fnd
0.001902,0.000064,0.005214,0.001828,0.002798,0.000130,0.003820,0.001060
0.006545,0.000365,0.012679,0.008730,0.005406,0.000535,0.010127,0.005460
0.006389,0.000265,0.026371,0.009294,0.010205,0.000536,0.022391,0.006079
0.012701,0.000656,0.060587,0.027575,0.019760,0.001363,0.052119,0.019174
0.016444,0.001979,0.060480,0.080055,0.018610,0.004337,0.053791,0.053698
