vet-ins,vet-fnd,avl-ins,avl-fnd,hst-ins,hst-fnd,htr-ins,htr-fnd
0.000540,0.000020,0.001930,0.000691,0.000756,0.004253,0.002140,0.000710
0.002363,0.000194,0.011506,0.007903,0.003544,0.188346,0.012915,0.008350
0.004079,0.000199,0.025436,0.008648,0.006964,0.292546,0.028551,0.009278
0.008090,0.000509,0.057933,0.024330,0.013047,0.730204,0.061190,0.025408
0.007791,0.001495,0.058758,0.073946,0.012899,2.189517,0.061967,0.076656
