vet-ins,vet-fnd,avl-ins,avl-fnd,hst-ins,hst-fnd,htr-ins,htr-fnd
0.002185,0.000073,0.005997,0.002036,0.003393,0.000146,0.004426,0.001186
0.004468,0.000313,0.013703,0.014079,0.006534,0.000661,0.011673,0.006011
0.006494,0.000282,0.026217,0.009165,0.011239,0.000578,0.023188,0.006465
0.014105,0.000670,0.061997,0.026234,0.022119,0.001346,0.053557,0.017794
0.016955,0.002004,0.060144,0.078024,0.021095,0.004079,0.055690,0.060103
