vet-ins,vet-fnd,avl-ins,avl-fnd,hst-ins,hst-fnd,htr-ins,htr-fnd
0.000544,0.000020,0.001874,0.000669,0.000761,0.004285,0.002106,0.000704
0.002434,0.000188,0.011539,0.007883,0.003606,0.187101,0.012810,0.008309
0.004061,0.000203,0.025845,0.008731,0.007097,0.291853,0.028092,0.009110
0.008222,0.000512,0.058833,0.024412,0.013213,0.732825,0.061568,0.025222
0.007578,0.001455,0.059479,0.073230,0.012956,2.187817,0.063251,0.076594
