vet-ins,vet-fnd,avl-ins,avl-fnd,hst-ins,hst-fnd,htr-ins,htr-fnd
0.000985,0.000032,0.002599,0.000883,0.001560,0.000064,0.001953,0.000517
0.009755,0.000727,0.021697,0.008804,0.006696,0.000600,0.010454,0.006190
0.006542,0.000322,0.028203,0.009207,0.012488,0.000539,0.024892,0.006978
0.014070,0.000692,0.067016,0.029481,0.025489,0.001659,0.064301,0.021379
0.019628,0.002427,0.072512,0.094801,0.024298,0.004746,0.062320,0.062767
