vet-ins,vet-fnd,avl-ins,avl-fnd,hst-ins,hst-fnd,htr-ins,htr-fnd
0.000537,0.000020,0.001924,0.000714,0.000761,0.004230,0.002102,0.000741
0.002517,0.000194,0.011629,0.007900,0.003601,0.190091,0.013408,0.008469
0.004054,0.000200,0.025583,0.009283,0.007081,0.296301,0.028314,0.010130
0.008188,0.000487,0.064321,0.027719,0.013836,0.746009,0.064597,0.028007
0.007597,0.001438,0.065524,0.072636,0.013689,1.678480,0.065446,0.075445
