vet-ins,vet-fnd,avl-ins,avl-fnd,hst-ins,hst-fnd,htr-ins,htr-fnd
0.001414,0.000047,0.003774,0.001177,0.002104,0.000096,0.002652,0.000765
0.005840,0.000429,0.016554,0.008943,0.006638,0.000542,0.012388,0.006591
0.007424,0.000314,0.030634,0.010742,0.013079,0.000632,0.026812,0.007081
0.015225,0.000783,0.068888,0.029768,0.025468,0.001587,0.061597,0.019764
0.016524,0.002010,0.059369,0.082591,0.024843,0.004753,0.062394,0.064224
