vet-ins,vet-fnd,avl-ins,avl-fnd,hst-ins,hst-fnd,htr-ins,htr-fnd
0.000548,0.000019,0.001871,0.000669,0.000853,0.003121,0.002074,0.000679
0.002439,0.000196,0.011503,0.008108,0.003845,0.146771,0.012708,0.008225
0.004373,0.000198,0.025692,0.009320,0.006977,0.297803,0.028314,0.009412
0.008193,0.000491,0.062199,0.024813,0.013094,0.746230,0.067302,0.027262
0.008694,0.001466,0.060685,0.073736,0.013048,2.189934,0.062443,0.077458
