vet-ins,vet-fnd,avl-ins,avl-fnd,hst-ins,hst-fnd,htr-ins,htr-fnd
0.000566,0.000020,0.001967,0.000701,0.000799,0.004406,0.002213,0.000752
0.002336,0.000187,0.011343,0.008085,0.003630,0.188368,0.013403,0.008551
0.004028,0.000203,0.025442,0.008772,0.007049,0.290681,0.028249,0.009188
0.008099,0.000484,0.059400,0.025457,0.012846,0.725779,0.061586,0.025025
0.007539,0.001428,0.057384,0.075572,0.013050,2.164601,0.062339,0.078443
