vet-ins,vet-fnd,avl-ins,avl-fnd,hst-ins,hst-fnd,htr-ins,htr-fnd
0.000821,0.000028,0.002163,0.000747,0.001260,0.000054,0.001747,0.000537
0.003955,0.000268,0.013007,0.009057,0.006132,0.000542,0.010357,0.005452
0.006504,0.000268,0.026341,0.009205,0.011286,0.000542,0.022769,0.006111
0.013074,0.000674,0.060674,0.028961,0.023902,0.001602,0.053638,0.017727
0.016957,0.002057,0.062042,0.078610,0.020743,0.004082,0.054774,0.055101
