vet-ins,vet-fnd,avl-ins,avl-fnd,hst-ins,hst-fnd,htr-ins,htr-fnd
0.000521,0.000018,0.001896,0.000659,0.000758,0.004215,0.002134,0.000710
0.002307,0.000187,0.011329,0.007883,0.003586,0.186117,0.012863,0.008353
0.003927,0.000203,0.025661,0.008633,0.007091,0.291422,0.028530,0.009311
0.008129,0.000488,0.058117,0.024259,0.013018,0.728163,0.060743,0.025272
0.008719,0.001570,0.058834,0.079089,0.013818,1.664314,0.060090,0.084923
