vet-ins,vet-fnd,avl-ins,avl-fnd,hst-ins,hst-fnd,htr-ins,htr-fnd
0.001892,0.000064,0.005242,0.001836,0.002789,0.000130,0.003847,0.001052
0.005702,0.000285,0.013313,0.008803,0.005418,0.000536,0.010090,0.005424
0.006277,0.000263,0.025983,0.009356,0.010200,0.000543,0.022131,0.006828
0.013901,0.000657,0.060545,0.026205,0.019630,0.001339,0.054778,0.018519
0.016559,0.001968,0.067247,0.082644,0.018846,0.004043,0.052659,0.058197
