vet-ins,vet-fnd,avl-ins,avl-fnd,hst-ins,hst-fnd,htr-ins,htr-fnd
0.001882,0.000064,0.005366,0.001814,0.002796,0.000130,0.003886,0.001060
0.006123,0.000322,0.012504,0.008747,0.005436,0.000535,0.010218,0.005403
0.006160,0.000264,0.026836,0.009272,0.010214,0.000539,0.022296,0.006012
0.013056,0.000656,0.059735,0.026165,0.019913,0.001625,0.055589,0.018234
0.018209,0.002327,0.068554,0.079670,0.019326,0.004017,0.054425,0.061828
