vet-ins,vet-fnd,avl-ins,avl-fnd,hst-ins,hst-fnd,htr-ins,htr-fnd
0.000552,0.000020,0.001913,0.000669,0.000822,0.003173,0.002059,0.000670
0.002417,0.000187,0.012127,0.008278,0.003894,0.143880,0.013224,0.008200
0.004065,0.000202,0.026934,0.008724,0.006957,0.223381,0.026304,0.009500
0.008217,0.000489,0.058014,0.024815,0.014136,0.548027,0.060156,0.024656
0.007898,0.001503,0.058734,0.073581,0.012562,2.208439,0.061434,0.075202
