vet-ins,vet-fnd,avl-ins,avl-fnd,hst-ins,hst-fnd,htr-ins,htr-fnd
0.000817,0.000026,0.002513,0.000880,0.001488,0.000063,0.001744,0.000434
0.003681,0.000311,0.014710,0.009549,0.006837,0.000663,0.010725,0.005470
0.006525,0.000269,0.026059,0.009352,0.011489,0.000539,0.023409,0.006877
0.013748,0.000769,0.063512,0.026439,0.022333,0.001341,0.054269,0.019477
0.016882,0.002013,0.062169,0.078933,0.020800,0.004068,0.053570,0.058104
