vet-ins,vet-fnd,avl-ins,avl-fnd,hst-ins,hst-fnd,htr-ins,htr-fnd
0.000572,0.000020,0.001961,0.000709,0.000811,0.004423,0.002247,0.000743
0.002390,0.000192,0.011378,0.007981,0.003570,0.187937,0.013129,0.008389
0.004152,0.000203,0.025593,0.008721,0.007019,0.291752,0.028261,0.009106
0.008300,0.000506,0.059261,0.025088,0.013662,0.724782,0.061371,0.025297
0.008034,0.001535,0.059825,0.076094,0.013357,2.191534,0.061887,0.076558
