vet-ins,vet-fnd,avl-ins,avl-fnd,hst-ins,hst-fnd,htr-ins,htr-fnd
0.001951,0.000065,0.005322,0.001819,0.003052,0.000131,0.003954,0.001055
0.006469,0.000313,0.012861,0.008644,0.005909,0.000539,0.010787,0.005458
0.006504,0.000267,0.026797,0.009635,0.011268,0.000547,0.023241,0.006114
0.014212,0.000669,0.066333,0.026684,0.022120,0.001349,0.054575,0.018183
0.018355,0.002365,0.066542,0.087039,0.021340,0.004061,0.059251,0.057234
