vet-ins,vet-fnd,avl-ins,avl-fnd,hst-ins,hst-fnd,htr-ins,htr-fnd
0.000583,0.000021,0.001994,0.000708,0.000874,0.003450,0.002159,0.000713
0.002380,0.000193,0.012243,0.008546,0.003962,0.145278,0.013008,0.008739
0.003959,0.000200,0.027263,0.009019,0.006892,0.298370,0.028579,0.010065
0.008122,0.000488,0.060906,0.028105,0.013879,0.752017,0.068804,0.025542
0.008276,0.001446,0.060331,0.075057,0.013661,1.697554,0.067033,0.075154
