vet-ins,vet-fnd,avl-ins,avl-fnd,hst-ins,hst-fnd,htr-ins,htr-fnd
0.002192,0.000073,0.005975,0.002026,0.003398,0.000147,0.004394,0.001188
0.004739,0.000268,0.012478,0.008958,0.005910,0.000540,0.010387,0.005480
0.006492,0.000273,0.026263,0.009176,0.011260,0.000539,0.022824,0.006084
0.013114,0.000699,0.070101,0.027879,0.022503,0.001347,0.062832,0.021275
0.019069,0.002347,0.066682,0.090977,0.023828,0.004836,0.059064,0.058031
