vet-ins,vet-fnd,avl-ins,avl-fnd,hst-ins,hst-fnd,htr-ins,htr-fnd
0.002113,0.000072,0.006021,0.002422,0.003548,0.000194,0.004679,0.001184
0.004069,0.000333,0.013127,0.008942,0.005385,0.000536,0.010154,0.005413
0.006337,0.000264,0.026709,0.009261,0.010178,0.000536,0.022170,0.006003
0.013194,0.000676,0.058509,0.025606,0.019588,0.001361,0.051603,0.018433
0.016151,0.002001,0.062474,0.080865,0.018620,0.004030,0.061605,0.059531
