vet-ins,vet-fnd,avl-ins,avl-fnd,hst-ins,hst-fnd,htr-ins,htr-fnd
0.001305,0.000045,0.003057,0.001041,0.001747,0.000075,0.002259,0.000607
0.005038,0.000372,0.017048,0.009095,0.006241,0.000630,0.010363,0.005860
0.006867,0.000269,0.026668,0.009840,0.012049,0.000540,0.023595,0.006113
0.013406,0.000670,0.059195,0.026000,0.021868,0.001342,0.054092,0.018167
0.017121,0.002010,0.059717,0.078479,0.020801,0.004090,0.052954,0.057463
