vet-ins,vet-fnd,avl-ins,avl-fnd,hst-ins,hst-fnd,htr-ins,htr-fnd
0.002097,0.000067,0.005599,0.002052,0.003025,0.000134,0.004066,0.001199
0.005293,0.000262,0.012365,0.008694,0.005381,0.000536,0.010072,0.005418
0.006303,0.000263,0.025880,0.009200,0.010161,0.000544,0.021995,0.006017
0.014452,0.000665,0.060533,0.026171,0.019689,0.001355,0.058554,0.019028
0.016409,0.001969,0.059714,0.082838,0.019145,0.004062,0.051666,0.053469
