vet-ins,vet-fnd,avl-ins,avl-fnd,hst-ins,hst-fnd,htr-ins,htr-fnd
0.000521,0.000019,0.001856,0.000656,0.000764,0.004190,0.002120,0.000708
0.002317,0.000188,0.011318,0.007857,0.003409,0.185197,0.013370,0.008624
0.004069,0.000220,0.025389,0.008657,0.006526,0.290630,0.028476,0.009067
0.008314,0.000492,0.062842,0.024552,0.013342,0.731035,0.061433,0.025270
0.007806,0.001650,0.059832,0.074216,0.012842,2.199532,0.061461,0.078539
