vet-ins,vet-fnd,avl-ins,avl-fnd,hst-ins,hst-fnd,htr-ins,htr-fnd
0.000529,0.000019,0.001922,0.000665,0.000943,0.003718,0.002156,0.000823
0.002364,0.000188,0.012443,0.008465,0.003925,0.145721,0.012996,0.008190
0.004176,0.000222,0.026667,0.009069,0.007081,0.295476,0.027473,0.010324
0.008157,0.000503,0.058645,0.024345,0.013336,0.726520,0.061707,0.025229
0.007576,0.001446,0.059898,0.073350,0.013716,1.661469,0.060936,0.072649
