vet-ins,vet-fnd,avl-ins,avl-fnd,hst-ins,hst-fnd,htr-ins,htr-fnd
0.002016,0.000077,0.005677,0.002038,0.003073,0.000150,0.004070,0.001114
0.004179,0.000267,0.012340,0.008773,0.005394,0.000544,0.010012,0.005405
0.006319,0.000263,0.025916,0.009294,0.010192,0.000536,0.022012,0.006018
0.012542,0.000655,0.059265,0.026036,0.021554,0.001583,0.055172,0.018468
0.017153,0.002032,0.066696,0.080344,0.018538,0.004016,0.051008,0.056247
