vet-ins,vet-fnd,avl-ins,avl-fnd,hst-ins,hst-fnd,htr-ins,htr-fnd
0.001418,0.000047,0.003713,0.001212,0.002080,0.000096,0.002692,0.000768
0.005988,0.000437,0.016528,0.008947,0.005890,0.000538,0.010393,0.005478
0.006628,0.000321,0.026439,0.009229,0.011286,0.000540,0.022876,0.006082
0.015200,0.000828,0.062339,0.026572,0.022163,0.001348,0.054370,0.017930
0.017165,0.002004,0.060569,0.082643,0.021192,0.004088,0.056430,0.063359
