vet-ins,vet-fnd,avl-ins,avl-fnd,hst-ins,hst-fnd,htr-ins,htr-fnd
0.000552,0.000020,0.001967,0.000699,0.000799,0.004362,0.003094,0.001524
0.002169,0.000191,0.011403,0.007903,0.003582,0.187948,0.013376,0.008468
0.003931,0.000205,0.025610,0.008669,0.006939,0.288701,0.028338,0.009106
0.008080,0.000497,0.058028,0.024292,0.012809,0.719549,0.062994,0.026195
0.007605,0.001429,0.057171,0.072238,0.013004,2.169370,0.063447,0.076961
