vet-ins,vet-fnd,avl-ins,avl-fnd,hst-ins,hst-fnd,htr-ins,htr-fnd
0.001003,0.000032,0.002566,0.000800,0.001484,0.000064,0.001963,0.000512
0.004442,0.000319,0.015500,0.010201,0.007088,0.000648,0.012275,0.006403
0.008526,0.000313,0.033567,0.011483,0.013563,0.000645,0.026707,0.007095
0.014023,0.000668,0.066400,0.026521,0.021802,0.001349,0.060610,0.020750
0.021000,0.002403,0.074373,0.089011,0.020997,0.004053,0.056395,0.062608
