vet-ins,vet-fnd,avl-ins,avl-fnd,hst-ins,hst-fnd,htr-ins,htr-fnd
0.000819,0.000027,0.002453,0.000748,0.001388,0.000063,0.001935,0.000531
0.003816,0.000287,0.014626,0.010211,0.006729,0.000565,0.012083,0.006060
0.007177,0.000307,0.029122,0.010095,0.011384,0.000629,0.023883,0.006068
0.013208,0.000670,0.059571,0.026240,0.021854,0.001346,0.054331,0.018106
0.019515,0.002377,0.070327,0.080532,0.020800,0.004116,0.053241,0.053957
