vet-ins,vet-fnd,avl-ins,avl-fnd,hst-ins,hst-fnd,htr-ins,htr-fnd
0.000949,0.000027,0.002549,0.000898,0.001439,0.000063,0.001837,0.000435
0.004162,0.000313,0.014673,0.009878,0.006770,0.000541,0.012133,0.006549
0.007377,0.000282,0.029434,0.009614,0.012291,0.000674,0.025035,0.006716
0.014278,0.000803,0.068292,0.028934,0.023164,0.001509,0.057235,0.020555
0.020668,0.002425,0.072251,0.084788,0.022241,0.004681,0.058344,0.056195
