vet-ins,vet-fnd,avl-ins,avl-fnd,hst-ins,hst-fnd,htr-ins,htr-fnd
0.000523,0.000019,0.001871,0.000701,0.000757,0.004329,0.002233,0.000730
0.002358,0.000188,0.011492,0.007952,0.003585,0.188994,0.013515,0.008548
0.004111,0.000199,0.025590,0.008701,0.006672,0.290888,0.030118,0.009425
0.008190,0.000488,0.058989,0.024693,0.013897,0.547982,0.059900,0.024330
0.007591,0.001457,0.058627,0.075711,0.013526,1.645334,0.059939,0.072145
