vet-ins,vet-fnd,avl-ins,avl-fnd,hst-ins,hst-fnd,htr-ins,htr-fnd
0.000822,0.000027,0.002207,0.000746,0.001261,0.000054,0.001766,0.000542
0.003932,0.000268,0.012473,0.008632,0.005893,0.000539,0.010410,0.005457
0.006486,0.000268,0.028683,0.010406,0.012715,0.000586,0.025828,0.006230
0.013563,0.000704,0.060172,0.025547,0.022381,0.001350,0.056744,0.018390
0.017892,0.002294,0.063362,0.082583,0.021102,0.004090,0.052225,0.052865
