vet-ins,vet-fnd,avl-ins,avl-fnd,hst-ins,hst-fnd,htr-ins,htr-fnd
0.000822,0.000027,0.002210,0.000747,0.001359,0.000063,0.001853,0.000437
0.003556,0.000268,0.012515,0.008679,0.005897,0.000544,0.010484,0.005907
0.007465,0.000275,0.028700,0.010446,0.011982,0.000539,0.025484,0.006082
0.013169,0.000668,0.061405,0.028083,0.024332,0.001541,0.060182,0.019397
0.018212,0.002334,0.067672,0.082198,0.021866,0.004120,0.058095,0.058857
