vet-ins,vet-fnd,avl-ins,avl-fnd,hst-ins,hst-fnd,htr-ins,htr-fnd
0.000535,0.000019,0.001929,0.000677,0.000777,0.004361,0.002172,0.000722
0.002368,0.000187,0.011416,0.007829,0.003585,0.187565,0.013029,0.008347
0.004086,0.000197,0.025686,0.008558,0.006685,0.292813,0.028275,0.009168
0.008184,0.000492,0.059358,0.024228,0.013348,0.735485,0.061261,0.025141
0.007936,0.001510,0.059593,0.073137,0.013900,1.678112,0.059723,0.071248
