vet-ins,vet-fnd,avl-ins,avl-fnd,hst-ins,hst-fnd,htr-ins,htr-fnd
0.002065,0.000067,0.006233,0.001001,0.001519,0.000067,0.001721,0.000487
0.004002,0.000314,0.014211,0.009447,0.006593,0.000537,0.011338,0.005984
0.007034,0.000268,0.029033,0.011648,0.012863,0.000655,0.024880,0.006450
0.014770,0.000821,0.065728,0.028123,0.025161,0.001548,0.072804,0.022016
0.020269,0.002361,0.073880,0.095401,0.024410,0.004751,0.063459,0.064778
