vet-ins,vet-fnd,avl-ins,avl-fnd,hst-ins,hst-fnd,htr-ins,htr-fnd
0.000524,0.000020,0.001902,0.000664,0.000794,0.003227,0.002051,0.000667
0.002360,0.000195,0.011384,0.007907,0.003691,0.142297,0.012165,0.007890
0.004023,0.000205,0.025840,0.008630,0.006892,0.227411,0.026615,0.008477
0.008201,0.000486,0.058142,0.024139,0.013857,0.550091,0.060655,0.025036
0.007639,0.001463,0.058765,0.073057,0.012506,2.172623,0.062537,0.077414
