vet-ins,vet-fnd,avl-ins,avl-fnd,hst-ins,hst-fnd,htr-ins,htr-fnd
0.001404,0.000047,0.003719,0.001316,0.001886,0.000079,0.002534,0.000759
0.005403,0.000406,0.016506,0.008987,0.005881,0.000539,0.010594,0.005590
0.006481,0.000276,0.025992,0.009382,0.012934,0.000584,0.026914,0.007245
0.013349,0.000669,0.061543,0.025687,0.022529,0.001349,0.056767,0.017909
0.016594,0.002008,0.060332,0.081636,0.020682,0.004043,0.051986,0.058095
