vet-ins,vet-fnd,avl-ins,avl-fnd,hst-ins,hst-fnd,htr-ins,htr-fnd
0.000560,0.000020,0.001956,0.000694,0.000833,0.003285,0.002142,0.000698
0.002182,0.000195,0.011560,0.007947,0.003673,0.143462,0.012402,0.008066
0.003919,0.000205,0.025723,0.008647,0.006768,0.224201,0.026356,0.008478
0.008233,0.000501,0.058381,0.024065,0.013638,0.540639,0.059629,0.024396
0.007918,0.001512,0.059654,0.075370,0.012583,2.169577,0.060804,0.075228
