vet-ins,vet-fnd,avl-ins,avl-fnd,hst-ins,hst-fnd,htr-ins,htr-fnd
0.002108,0.000072,0.005933,0.002060,0.003121,0.000146,0.004324,0.001176
0.004119,0.000267,0.012375,0.008728,0.005646,0.000535,0.010153,0.005393
0.006364,0.000264,0.026432,0.009262,0.010180,0.000547,0.022114,0.006290
0.012692,0.000655,0.059014,0.029277,0.019799,0.001337,0.051769,0.017522
0.017593,0.002182,0.059629,0.078774,0.018574,0.004064,0.057375,0.057808
