vet-ins,vet-fnd,avl-ins,avl-fnd,hst-ins,hst-fnd,htr-ins,htr-fnd
0.000969,0.000027,0.002304,0.000886,0.001305,0.000054,0.001824,0.000543
0.003851,0.000262,0.012838,0.009058,0.005385,0.000540,0.010091,0.005428
0.006311,0.000307,0.027442,0.009281,0.010189,0.000540,0.022057,0.006028
0.013109,0.000655,0.058611,0.026254,0.020038,0.001349,0.051851,0.017754
0.016729,0.001993,0.059875,0.079066,0.018629,0.004165,0.052764,0.054779
