vet-ins,vet-fnd,avl-ins,avl-fnd,hst-ins,hst-fnd,htr-ins,htr-fnd
0.002194,0.000073,0.005994,0.002030,0.003402,0.000147,0.004393,0.001183
0.004372,0.000347,0.013347,0.008646,0.005910,0.000546,0.011305,0.006101
0.006423,0.000268,0.026414,0.009506,0.012305,0.000540,0.025222,0.006406
0.014744,0.000700,0.061569,0.025665,0.022239,0.001349,0.060618,0.021714
0.019577,0.002359,0.071405,0.096028,0.024671,0.004759,0.062714,0.063645
