vet-ins,vet-fnd,avl-ins,avl-fnd,hst-ins,hst-fnd,htr-ins,htr-fnd
0.000940,0.000031,0.002592,0.000887,0.001529,0.000068,0.001836,0.000510
0.004400,0.000323,0.014308,0.009693,0.005903,0.000540,0.010623,0.005452
0.007490,0.000268,0.029575,0.010405,0.012119,0.000539,0.023888,0.006053
0.013699,0.000736,0.065183,0.026850,0.022169,0.001424,0.056290,0.019337
0.018676,0.002315,0.063156,0.080213,0.021462,0.004044,0.056103,0.058667
