vet-ins,vet-fnd,avl-ins,avl-fnd,hst-ins,hst-fnd,htr-ins,htr-fnd
0.000974,0.000033,0.002589,0.000884,0.001512,0.000066,0.001745,0.000512
0.004052,0.000268,0.013889,0.009520,0.006230,0.000538,0.010417,0.005459
0.006636,0.000281,0.026316,0.009506,0.011241,0.000537,0.022896,0.006071
0.013199,0.000677,0.060431,0.026249,0.022275,0.001353,0.054771,0.020733
0.016935,0.002013,0.060855,0.083743,0.023914,0.004757,0.054887,0.053738
