vet-ins,vet-fnd,avl-ins,avl-fnd,hst-ins,hst-fnd,htr-ins,htr-fnd
0.000521,0.000018,0.001881,0.000664,0.000792,0.003097,0.002027,0.000670
0.002312,0.000187,0.011294,0.007899,0.003467,0.140107,0.012572,0.008088
0.004063,0.000204,0.026180,0.008909,0.007434,0.232261,0.029252,0.010279
0.008014,0.000493,0.066990,0.028009,0.014462,0.556849,0.064413,0.024572
0.007599,0.001429,0.059334,0.073547,0.013210,1.674021,0.063170,0.074994
