vet-ins,vet-fnd,avl-ins,avl-fnd,hst-ins,hst-fnd,htr-ins,htr-fnd
0.000791,0.000026,0.002500,0.000750,0.001282,0.000063,0.001883,0.000435
0.004031,0.000324,0.013904,0.009794,0.005828,0.000654,0.010152,0.005757
0.006194,0.000273,0.026255,0.009243,0.010176,0.000535,0.022616,0.005968
0.013258,0.000767,0.062700,0.026334,0.019718,0.001344,0.051821,0.017847
0.016374,0.001995,0.059711,0.080060,0.018606,0.004035,0.051232,0.053639
