vet-ins,vet-fnd,avl-ins,avl-fnd,hst-ins,hst-fnd,htr-ins,htr-fnd
0.001946,0.000066,0.006061,0.002147,0.003195,0.000157,0.004162,0.001079
0.003879,0.000328,0.014007,0.010446,0.006187,0.000540,0.011287,0.006173
0.006947,0.000263,0.026891,0.009270,0.010170,0.000535,0.021969,0.005980
0.012689,0.000661,0.061960,0.027024,0.019835,0.001346,0.051316,0.017704
0.016175,0.001974,0.060099,0.078476,0.018591,0.004015,0.051481,0.053025
