vet-ins,vet-fnd,avl-ins,avl-fnd,hst-ins,hst-fnd,htr-ins,htr-fnd
0.001068,0.000044,0.003189,0.001044,0.001607,0.000075,0.002220,0.000602
0.004634,0.000364,0.017253,0.008996,0.005396,0.000535,0.011617,0.006719
0.006410,0.000262,0.026270,0.009212,0.010221,0.000536,0.022063,0.005997
0.012708,0.000657,0.060206,0.028704,0.020497,0.001584,0.052411,0.017900
0.016413,0.001984,0.059798,0.078754,0.018648,0.004018,0.053323,0.053518
