vet-ins,vet-fnd,avl-ins,avl-fnd,hst-ins,hst-fnd,htr-ins,htr-fnd
0.001955,0.000077,0.005673,0.002036,0.002996,0.000135,0.004129,0.001082
0.004614,0.000263,0.012268,0.008828,0.005611,0.000541,0.010345,0.005399
0.006412,0.000263,0.026743,0.009206,0.010237,0.000540,0.022015,0.006079
0.012659,0.000657,0.058492,0.025931,0.019759,0.001350,0.052237,0.018013
0.017572,0.001966,0.060327,0.082593,0.021127,0.004839,0.053448,0.052535
