vet-ins,vet-fnd,avl-ins,avl-fnd,hst-ins,hst-fnd,htr-ins,htr-fnd
0.000972,0.000032,0.002597,0.000871,0.001494,0.000063,0.001967,0.000484
0.004397,0.000330,0.014203,0.009670,0.006219,0.000539,0.011173,0.006068
0.007163,0.000330,0.028217,0.009787,0.012902,0.000632,0.025928,0.006907
0.013120,0.000668,0.059361,0.026796,0.024253,0.001596,0.064920,0.021048
0.019742,0.002381,0.072420,0.091259,0.022964,0.004537,0.061779,0.058980
