vet-ins,vet-fnd,avl-ins,avl-fnd,hst-ins,hst-fnd,htr-ins,htr-fnd
0.002129,0.000072,0.005927,0.002046,0.003126,0.000146,0.004321,0.001179
0.004155,0.000314,0.012494,0.008693,0.005700,0.000545,0.010113,0.005396
0.006340,0.000263,0.025950,0.009214,0.010170,0.000536,0.022209,0.006021
0.012650,0.000665,0.058996,0.025827,0.020175,0.001337,0.051915,0.017641
0.016134,0.001966,0.059830,0.082259,0.018969,0.004218,0.051070,0.056511
