vet-ins,vet-fnd,avl-ins,avl-fnd,hst-ins,hst-fnd,htr-ins,htr-fnd
0.002110,0.000072,0.005926,0.002042,0.003146,0.000146,0.004329,0.001181
0.004664,0.000263,0.012360,0.009972,0.005873,0.000654,0.010591,0.005410
0.006544,0.000307,0.030841,0.011250,0.011961,0.000645,0.026406,0.008761
0.015389,0.000774,0.072515,0.031727,0.023243,0.001647,0.068096,0.024561
0.021533,0.002337,0.079066,0.087652,0.019750,0.004306,0.057116,0.070423
