vet-ins,vet-fnd,avl-ins,avl-fnd,hst-ins,hst-fnd,htr-ins,htr-fnd
0.002012,0.000069,0.005783,0.002004,0.003273,0.000130,0.003978,0.001082
0.004511,0.000314,0.015103,0.010627,0.007133,0.000662,0.012796,0.006667
0.007823,0.000314,0.031647,0.011719,0.012852,0.000632,0.027624,0.007304
0.014235,0.000671,0.068335,0.031100,0.024585,0.001579,0.057678,0.019375
0.018797,0.002077,0.067404,0.087487,0.021672,0.004885,0.055327,0.059759
