vet-ins,vet-fnd,avl-ins,avl-fnd,hst-ins,hst-fnd,htr-ins,htr-fnd
0.000904,0.000032,0.002527,0.000820,0.001515,0.000054,0.001655,0.000436
0.003737,0.000314,0.012885,0.008920,0.005888,0.000546,0.010773,0.005439
0.007272,0.000285,0.029366,0.009780,0.011605,0.000631,0.024054,0.006066
0.013248,0.000669,0.061086,0.027956,0.023855,0.001634,0.055376,0.017912
0.016619,0.002266,0.062266,0.084326,0.021975,0.004448,0.054032,0.056923
