vet-ins,vet-fnd,avl-ins,avl-fnd,hst-ins,hst-fnd,htr-ins,htr-fnd
0.000526,0.000019,0.001897,0.000683,0.000757,0.004190,0.002116,0.000732
0.002326,0.000188,0.011476,0.008260,0.004052,0.188335,0.013331,0.008420
0.003980,0.000200,0.025987,0.008695,0.007047,0.291240,0.028254,0.009109
0.008073,0.000488,0.058493,0.024522,0.012937,0.727118,0.061407,0.025009
0.007831,0.001463,0.057681,0.072269,0.013632,1.654910,0.059781,0.072977
