vet-ins,vet-fnd,avl-ins,avl-fnd,hst-ins,hst-fnd,htr-ins,htr-fnd
0.001092,0.000044,0.003120,0.001041,0.001608,0.000074,0.002231,0.000614
0.004833,0.000364,0.017243,0.008930,0.006598,0.000628,0.010304,0.005746
0.006195,0.000264,0.026211,0.009260,0.010175,0.000536,0.022277,0.005997
0.013501,0.000793,0.062897,0.026160,0.019632,0.001337,0.052765,0.017692
0.016446,0.002016,0.060301,0.085031,0.018946,0.004467,0.052819,0.052943
