vet-ins,vet-fnd,avl-ins,avl-fnd,hst-ins,hst-fnd,htr-ins,htr-fnd
0.000817,0.000027,0.002211,0.000748,0.001267,0.000054,0.001627,0.000435
0.003678,0.000273,0.012886,0.008663,0.005900,0.000547,0.010382,0.005451
0.006513,0.000267,0.027207,0.009638,0.011265,0.000539,0.024311,0.006416
0.013435,0.000668,0.060560,0.027349,0.022444,0.001355,0.054730,0.018367
0.016627,0.002043,0.060404,0.079551,0.021122,0.004052,0.052473,0.054016
