vet-ins,vet-fnd,avl-ins,avl-fnd,hst-ins,hst-fnd,htr-ins,htr-fnd
0.000558,0.000019,0.001867,0.000663,0.000798,0.003203,0.002061,0.000667
0.002346,0.000195,0.011608,0.008017,0.003787,0.144649,0.012693,0.008109
0.003877,0.000200,0.025691,0.008713,0.007180,0.222030,0.026481,0.008628
0.008137,0.000490,0.058668,0.024279,0.013464,0.545230,0.059236,0.024269
0.007622,0.001422,0.058329,0.072767,0.013361,1.664395,0.059667,0.072218
