vet-ins,vet-fnd,avl-ins,avl-fnd,hst-ins,hst-fnd,htr-ins,htr-fnd
0.001921,0.000066,0.005882,0.002045,0.002960,0.000158,0.004291,0.001076
0.004216,0.000268,0.012935,0.009553,0.005407,0.000539,0.010702,0.005418
0.006286,0.000263,0.026023,0.009323,0.010204,0.000543,0.023062,0.006659
0.014399,0.000794,0.065482,0.027122,0.019727,0.001362,0.052781,0.017933
0.016467,0.001972,0.059672,0.079347,0.019673,0.004107,0.051899,0.053150
