vet-ins,vet-fnd,avl-ins,avl-fnd,hst-ins,hst-fnd,htr-ins,htr-fnd
0.000634,0.000021,0.002245,0.000664,0.000834,0.003548,0.002191,0.000670
0.002605,0.000196,0.011692,0.008135,0.003725,0.148375,0.012969,0.008192
0.003952,0.000207,0.026480,0.008878,0.007094,0.228083,0.026731,0.008632
0.008066,0.000490,0.066222,0.025198,0.013140,0.733005,0.061566,0.028128
0.007521,0.001444,0.064959,0.074757,0.014821,1.669419,0.058075,0.071192
