vet-ins,vet-fnd,avl-ins,avl-fnd,hst-ins,hst-fnd,htr-ins,htr-fnd
0.000525,0.000020,0.001870,0.000689,0.000761,0.004272,0.002115,0.000736
0.002178,0.000196,0.011601,0.007953,0.003638,0.187611,0.012814,0.008373
0.004175,0.000204,0.025571,0.008662,0.007038,0.288624,0.028266,0.009159
0.008043,0.000492,0.058349,0.024453,0.012793,0.719937,0.060494,0.025069
0.007630,0.001463,0.058124,0.073257,0.013558,2.193579,0.062152,0.076251
