vet-ins,vet-fnd,avl-ins,avl-fnd,hst-ins,hst-fnd,htr-ins,htr-fnd
0.001237,0.000044,0.003087,0.001035,0.001755,0.000075,0.002276,0.000607
0.005063,0.000371,0.017022,0.008655,0.006302,0.000540,0.010836,0.005800
0.007376,0.000268,0.029229,0.009923,0.012039,0.000670,0.023674,0.006104
0.013508,0.000668,0.059787,0.025891,0.021854,0.001348,0.055075,0.018111
0.016868,0.002004,0.061482,0.083741,0.023189,0.004318,0.059964,0.055809
