vet-ins,vet-fnd,avl-ins,avl-fnd,hst-ins,hst-fnd,htr-ins,htr-fnd
0.000965,0.000034,0.002420,0.000747,0.001275,0.000054,0.001920,0.000521
0.003648,0.000267,0.013241,0.009007,0.006479,0.000674,0.010829,0.005430
0.006636,0.000268,0.026591,0.009178,0.011288,0.000539,0.024156,0.006048
0.014951,0.000669,0.063477,0.029700,0.023446,0.001455,0.058525,0.018476
0.016851,0.002012,0.064134,0.079691,0.020846,0.004050,0.055632,0.054880
