vet-ins,vet-fnd,avl-ins,avl-fnd,hst-ins,hst-fnd,htr-ins,htr-fnd
0.000793,0.000026,0.002195,0.000751,0.001163,0.000054,0.001865,0.000506
0.003449,0.000263,0.013200,0.009063,0.005410,0.000539,0.010109,0.005413
0.006175,0.000262,0.026040,0.009250,0.011643,0.000539,0.023331,0.006368
0.012775,0.000655,0.061512,0.026122,0.019753,0.001365,0.054264,0.019727
0.016383,0.001971,0.060512,0.082481,0.019484,0.004105,0.052335,0.054940
