vet-ins,vet-fnd,avl-ins,avl-fnd,hst-ins,hst-fnd,htr-ins,htr-fnd
0.000816,0.000027,0.002212,0.000748,0.001373,0.000064,0.001813,0.000437
0.003675,0.000267,0.012950,0.008643,0.005894,0.000539,0.010383,0.005450
0.006502,0.000268,0.026639,0.009139,0.011238,0.000539,0.023242,0.006090
0.013420,0.000668,0.060992,0.030182,0.025472,0.001594,0.062557,0.021065
0.019078,0.002351,0.069594,0.087860,0.021168,0.004118,0.052276,0.052866
