vet-ins,vet-fnd,avl-ins,avl-fnd,hst-ins,hst-fnd,htr-ins,htr-fnd
0.000997,0.000047,0.003683,0.001273,0.002123,0.000094,0.002685,0.000758
0.006004,0.000458,0.017792,0.009124,0.006318,0.000539,0.010793,0.005670
0.006557,0.000269,0.026192,0.009173,0.011242,0.000539,0.022847,0.006063
0.013205,0.000669,0.060877,0.026086,0.021795,0.001349,0.054083,0.017841
0.016731,0.002010,0.061851,0.082198,0.020804,0.004050,0.053610,0.054170
