vet-ins,vet-fnd,avl-ins,avl-fnd,hst-ins,hst-fnd,htr-ins,htr-fnd
0.000547,0.000019,0.001888,0.000668,0.000813,0.003615,0.002120,0.000747
0.002471,0.000237,0.011956,0.008589,0.003725,0.141838,0.013315,0.008271
0.004116,0.000205,0.026807,0.009900,0.007293,0.220100,0.026813,0.008550
0.008091,0.000486,0.060698,0.025222,0.014787,0.542924,0.067552,0.025506
0.007590,0.001446,0.063895,0.075012,0.013176,1.649592,0.061669,0.074411
