vet-ins,vet-fnd,avl-ins,avl-fnd,hst-ins,hst-fnd,htr-ins,htr-fnd
0.001349,0.000046,0.003659,0.001243,0.001985,0.000094,0.002562,0.000756
0.005768,0.000449,0.017535,0.009772,0.005631,0.000538,0.010134,0.005398
0.006273,0.000263,0.026325,0.009206,0.010603,0.000548,0.022516,0.005979
0.013993,0.000780,0.062838,0.026036,0.020440,0.001341,0.052678,0.017977
0.016708,0.001969,0.061032,0.079397,0.018648,0.004014,0.051299,0.053493
