vet-ins,vet-fnd,avl-ins,avl-fnd,hst-ins,hst-fnd,htr-ins,htr-fnd
0.002100,0.000077,0.005752,0.002001,0.003122,0.000134,0.004462,0.001274
0.003918,0.000291,0.014281,0.009743,0.006197,0.000627,0.012348,0.006005
0.007268,0.000320,0.027679,0.010605,0.010909,0.000535,0.022497,0.006019
0.012996,0.000665,0.059068,0.029248,0.020550,0.001337,0.051923,0.017640
0.016389,0.001967,0.064216,0.079230,0.018678,0.004052,0.051531,0.053930
