vet-ins,vet-fnd,avl-ins,avl-fnd,hst-ins,hst-fnd,htr-ins,htr-fnd
0.000988,0.000031,0.002392,0.000755,0.001164,0.000053,0.001978,0.000540
0.003639,0.000262,0.012830,0.009226,0.005410,0.000535,0.010779,0.005441
0.006634,0.000264,0.026475,0.009290,0.010206,0.000547,0.024136,0.006006
0.012959,0.000657,0.059334,0.026178,0.019697,0.001339,0.054410,0.017988
0.016373,0.001973,0.059488,0.080900,0.018646,0.004049,0.054093,0.058123
