vet-ins,vet-fnd,avl-ins,avl-fnd,hst-ins,hst-fnd,htr-ins,htr-fnd
0.001258,0.000046,0.003687,0.001245,0.001989,0.000095,0.002557,0.000745
0.005539,0.000392,0.016961,0.008814,0.005384,0.000535,0.010050,0.005403
0.006696,0.000262,0.025861,0.009285,0.010209,0.000545,0.021959,0.006048
0.012720,0.000656,0.059058,0.026054,0.020355,0.001530,0.054391,0.019272
0.016371,0.001968,0.064451,0.081025,0.018560,0.004027,0.051169,0.053746
