vet-ins,vet-fnd,avl-ins,avl-fnd,hst-ins,hst-fnd,htr-ins,htr-fnd
0.000547,0.000020,0.001974,0.000721,0.000808,0.004425,0.002217,0.000713
0.002304,0.000187,0.011324,0.007884,0.003584,0.188646,0.013568,0.008783
0.004017,0.000201,0.025728,0.008802,0.007069,0.289405,0.029601,0.009604
0.008093,0.000493,0.058462,0.024413,0.012921,0.727809,0.061020,0.025255
0.007604,0.001420,0.057282,0.072351,0.013047,2.169460,0.062151,0.076066
