vet-ins,vet-fnd,avl-ins,avl-fnd,hst-ins,hst-fnd,htr-ins,htr-fnd
0.001886,0.000064,0.005213,0.001816,0.002780,0.000132,0.003807,0.001047
0.006619,0.000342,0.012426,0.009081,0.005910,0.000567,0.010057,0.005418
0.006217,0.000270,0.025792,0.009240,0.010580,0.000535,0.021959,0.005989
0.013057,0.000657,0.059936,0.027908,0.019716,0.001344,0.052074,0.018245
0.018848,0.002147,0.062669,0.081007,0.019003,0.004028,0.056063,0.053700
