vet-ins,vet-fnd,avl-ins,avl-fnd,hst-ins,hst-fnd,htr-ins,htr-fnd
0.000564,0.000020,0.001925,0.000712,0.000805,0.004339,0.002162,0.000745
0.002443,0.000199,0.011493,0.007932,0.003644,0.188345,0.013333,0.008365
0.004183,0.000202,0.025443,0.008636,0.006660,0.294345,0.029155,0.009185
0.008201,0.000486,0.065724,0.025066,0.013787,0.731307,0.065033,0.025283
0.007654,0.001437,0.059113,0.073303,0.013287,1.672829,0.059432,0.077100
