vet-ins,vet-fnd,avl-ins,avl-fnd,hst-ins,hst-fnd,htr-ins,htr-fnd
0.000793,0.000026,0.002184,0.000751,0.001162,0.000054,0.001614,0.000435
0.003567,0.000262,0.012397,0.008726,0.005417,0.000545,0.010155,0.005427
0.006281,0.000264,0.026008,0.009271,0.010233,0.000541,0.023733,0.006438
0.012706,0.000656,0.059650,0.029226,0.021468,0.001627,0.055286,0.018140
0.016467,0.001967,0.063034,0.080484,0.018973,0.004057,0.051416,0.053665
