vet-ins,vet-fnd,avl-ins,avl-fnd,hst-ins,hst-fnd,htr-ins,htr-fnd
0.001163,0.000046,0.003543,0.001306,0.001905,0.000094,0.002727,0.000757
0.005647,0.000418,0.017435,0.009348,0.005982,0.000545,0.010045,0.005403
0.006261,0.000263,0.025871,0.009246,0.010748,0.000548,0.021935,0.006010
0.012803,0.000655,0.059354,0.026718,0.019622,0.001345,0.051582,0.018159
0.018214,0.002181,0.060742,0.082061,0.019022,0.004286,0.050842,0.052639
