vet-ins,vet-fnd,avl-ins,avl-fnd,hst-ins,hst-fnd,htr-ins,htr-fnd
0.002195,0.000073,0.005910,0.002034,0.003400,0.000147,0.004416,0.001188
0.004606,0.000282,0.012962,0.008928,0.006146,0.000539,0.011468,0.006382
0.007099,0.000269,0.027843,0.009428,0.011232,0.000541,0.023177,0.006127
0.013019,0.000670,0.059543,0.025826,0.022098,0.001347,0.053949,0.018418
0.016913,0.002004,0.059617,0.080585,0.021429,0.004648,0.060260,0.054924
