vet-ins,vet-fnd,btr-ins,btr-fnd,hst-ins,hst-fnd,htr-ins,htr-fnd
0.002160,0.000077,0.006400,0.001994,0.003112,0.000149,0.004415,0.001183
0.004222,0.000268,0.013876,0.008465,0.005377,0.000544,0.010624,0.005409
0.006376,0.000276,0.028974,0.009065,0.010432,0.000545,0.022724,0.006320
0.012950,0.000670,0.067484,0.028605,0.021715,0.001363,0.055079,0.017788
0.016920,0.002014,0.065217,0.076563,0.018709,0.004094,0.050838,0.052088
