vet-ins,vet-fnd,avl-ins,avl-fnd,hst-ins,hst-fnd,htr-ins,htr-fnd
0.001221,0.000037,0.003095,0.001060,0.001644,0.000075,0.002269,0.000609
0.005082,0.000370,0.017328,0.010925,0.006476,0.000628,0.012122,0.006376
0.007509,0.000315,0.031804,0.010425,0.010432,0.000568,0.024168,0.006003
0.012941,0.000656,0.069374,0.034799,0.023285,0.001595,0.069288,0.022847
0.017695,0.002329,0.063220,0.083377,0.018974,0.004013,0.051094,0.053898
