vet-ins,vet-fnd,avl-ins,avl-fnd,hst-ins,hst-fnd,htr-ins,htr-fnd
0.000818,0.000027,0.002310,0.000856,0.001274,0.000063,0.001885,0.000539
0.004165,0.000357,0.013210,0.008891,0.005897,0.000537,0.010270,0.005440
0.006528,0.000277,0.026543,0.009154,0.011253,0.000537,0.022538,0.006038
0.013781,0.000701,0.059666,0.029208,0.024288,0.001538,0.054238,0.017828
0.016606,0.002010,0.062067,0.078783,0.020752,0.004063,0.053925,0.055644
