vet-ins,vet-fnd,avl-ins,avl-fnd,hst-ins,hst-fnd,htr-ins,htr-fnd
0.002206,0.000073,0.005880,0.002034,0.003417,0.000147,0.004379,0.001197
0.003969,0.000267,0.012391,0.008633,0.005896,0.000539,0.010377,0.005481
0.007897,0.000334,0.030708,0.009635,0.011530,0.000539,0.023319,0.006063
0.014920,0.000803,0.059946,0.025522,0.022518,0.001346,0.057879,0.021338
0.019907,0.002759,0.069664,0.093500,0.023977,0.004313,0.060971,0.052962
