vet-ins,vet-fnd,avl-ins,avl-fnd,hst-ins,hst-fnd,htr-ins,htr-fnd
0.002106,0.000077,0.005898,0.002057,0.003133,0.000147,0.004299,0.001182
0.004258,0.000263,0.012368,0.008699,0.005391,0.000540,0.010092,0.005388
0.006274,0.000263,0.025941,0.009219,0.010216,0.000540,0.022046,0.005977
0.012543,0.000655,0.062195,0.025960,0.019674,0.001363,0.056401,0.019705
0.016220,0.001968,0.059668,0.084173,0.019709,0.004112,0.051385,0.052543
