vet-ins,vet-fnd,avl-ins,avl-fnd,hst-ins,hst-fnd,htr-ins,htr-fnd
0.000548,0.000020,0.001965,0.000707,0.000796,0.004405,0.002227,0.000749
0.002428,0.000196,0.011781,0.007980,0.003595,0.186191,0.014093,0.008850
0.003919,0.000199,0.025530,0.008665,0.006994,0.287688,0.028282,0.010302
0.008104,0.000490,0.058164,0.024257,0.012850,0.722372,0.061499,0.024849
0.007883,0.001443,0.057708,0.072797,0.013383,1.670991,0.059769,0.071995
