vet-ins,vet-fnd,avl-ins,avl-fnd,hst-ins,hst-fnd,htr-ins,htr-fnd
0.000539,0.000019,0.001873,0.000673,0.000820,0.004221,0.002140,0.000709
0.002397,0.000187,0.011337,0.007927,0.003450,0.185620,0.013406,0.008519
0.004067,0.000196,0.025245,0.008647,0.007193,0.291767,0.028245,0.009106
0.007962,0.000489,0.057965,0.024376,0.013413,0.730864,0.063760,0.025728
0.007637,0.001453,0.058254,0.073223,0.012754,2.197438,0.062074,0.076393
