vet-ins,vet-fnd,avl-ins,avl-fnd,hst-ins,hst-fnd,htr-ins,htr-fnd
0.000527,0.000019,0.001906,0.000664,0.000757,0.004176,0.002153,0.000714
0.002341,0.000187,0.011377,0.007816,0.003580,0.187718,0.013481,0.008408
0.004023,0.000200,0.025386,0.008638,0.007284,0.291660,0.028384,0.009121
0.008265,0.000504,0.057930,0.024399,0.013198,0.729477,0.061003,0.025040
0.007551,0.001429,0.057886,0.072346,0.013582,1.646683,0.059907,0.072148
