vet-ins,vet-fnd,avl-ins,avl-fnd,hst-ins,hst-fnd,htr-ins,htr-fnd
0.001957,0.000065,0.005218,0.001811,0.003021,0.000130,0.003913,0.001049
0.005654,0.000268,0.012662,0.008628,0.005924,0.000539,0.010698,0.005447
0.006609,0.000324,0.026004,0.009175,0.011244,0.000539,0.022762,0.006053
0.013177,0.000668,0.065435,0.029191,0.024442,0.001502,0.063218,0.021895
0.019816,0.002352,0.070006,0.085236,0.020745,0.004048,0.057120,0.062982
