vet-ins,vet-fnd,avl-ins,avl-fnd,hst-ins,hst-fnd,htr-ins,htr-fnd
0.000793,0.000026,0.002197,0.000749,0.001164,0.000054,0.001751,0.000541
0.003796,0.000262,0.012717,0.009018,0.005408,0.000536,0.010155,0.005406
0.006588,0.000274,0.026356,0.009622,0.011803,0.000560,0.022958,0.005981
0.012688,0.000655,0.060798,0.028461,0.020910,0.001346,0.052278,0.017624
0.016109,0.001972,0.063619,0.079961,0.019399,0.004058,0.051325,0.053375
