vet-ins,vet-fnd,avl-ins,avl-fnd,hst-ins,hst-fnd,htr-ins,htr-fnd
0.002037,0.000079,0.005842,0.002086,0.003280,0.000135,0.004182,0.001153
0.006018,0.000272,0.012743,0.008617,0.005878,0.000540,0.010559,0.005439
0.006938,0.000268,0.027661,0.009756,0.011961,0.000540,0.024152,0.007464
0.014083,0.000669,0.060515,0.026239,0.023377,0.001350,0.055847,0.018960
0.016821,0.002009,0.064925,0.090245,0.024257,0.004754,0.060162,0.061968
