vet-ins,vet-fnd,avl-ins,avl-fnd,hst-ins,hst-fnd,htr-ins,htr-fnd
0.000939,0.000033,0.002281,0.000750,0.001268,0.000064,0.001795,0.000434
0.003561,0.000262,0.012948,0.009034,0.005408,0.000540,0.010030,0.005406
0.006612,0.000263,0.026016,0.009238,0.010226,0.000542,0.023535,0.006328
0.013574,0.000660,0.059000,0.026091,0.020371,0.001349,0.051845,0.017928
0.016436,0.001966,0.059005,0.080978,0.018605,0.004109,0.052554,0.059160
