vet-ins,vet-fnd,avl-ins,avl-fnd,hst-ins,hst-fnd,htr-ins,htr-fnd
0.000533,0.000020,0.001933,0.000663,0.000797,0.003156,0.002043,0.000817
0.002330,0.000190,0.011578,0.007947,0.003688,0.141616,0.012478,0.007898
0.004005,0.000197,0.026014,0.009132,0.007898,0.226386,0.027275,0.008684
0.008186,0.000488,0.058255,0.024434,0.013938,0.547727,0.061161,0.024365
0.007651,0.001468,0.060547,0.075970,0.013061,1.670727,0.059689,0.072649
