vet-ins,vet-fnd,avl-ins,avl-fnd,hst-ins,hst-fnd,htr-ins,htr-fnd
0.001354,0.000046,0.003607,0.001673,0.001653,0.000090,0.002240,0.000603
0.004870,0.000365,0.016284,0.009137,0.005791,0.000536,0.010499,0.005392
0.006259,0.000263,0.025903,0.009242,0.010168,0.000536,0.022098,0.006004
0.012597,0.000657,0.059944,0.025936,0.019626,0.001341,0.051630,0.017698
0.016079,0.001971,0.058972,0.078376,0.019997,0.004524,0.051357,0.053069
