vet-ins,vet-fnd,avl-ins,avl-fnd,hst-ins,hst-fnd,htr-ins,htr-fnd
0.000539,0.000020,0.001874,0.000662,0.000817,0.003133,0.002054,0.000668
0.002318,0.000187,0.011489,0.007833,0.003677,0.142972,0.012723,0.008185
0.003975,0.000207,0.025873,0.008619,0.007217,0.222790,0.028774,0.009483
0.008182,0.000495,0.058416,0.026591,0.013950,0.550734,0.059991,0.024349
0.007523,0.001454,0.059000,0.072982,0.013268,2.208867,0.072613,0.083806
