vet-ins,vet-fnd,avl-ins,avl-fnd,hst-ins,hst-fnd,htr-ins,htr-fnd
0.000550,0.000020,0.001966,0.000699,0.000836,0.003350,0.002038,0.000662
0.002311,0.000187,0.011242,0.007850,0.003561,0.187376,0.012849,0.008233
0.004299,0.000281,0.025892,0.008669,0.006979,0.290676,0.028721,0.009217
0.008098,0.000492,0.058044,0.024386,0.012949,0.727009,0.061245,0.024983
0.007835,0.001476,0.057117,0.071992,0.013530,1.657993,0.060506,0.071794
