vet-ins,vet-fnd,avl-ins,avl-fnd,hst-ins,hst-fnd,htr-ins,htr-fnd
0.000579,0.000020,0.001892,0.000748,0.001105,0.004705,0.002099,0.000706
0.002960,0.000196,0.011988,0.009017,0.003468,0.192265,0.013506,0.009927
0.004140,0.000204,0.028018,0.009555,0.007011,0.299535,0.031058,0.010606
0.008592,0.000496,0.064699,0.028851,0.014002,0.758049,0.092650,0.031194
0.007790,0.001422,0.067365,0.084464,0.014599,1.673793,0.059605,0.073694
