vet-ins,vet-fnd,avl-ins,avl-fnd,hst-ins,hst-fnd,htr-ins,htr-fnd
0.000849,0.000032,0.002587,0.000778,0.001487,0.000067,0.001750,0.000513
0.004148,0.000328,0.013472,0.008686,0.005913,0.000545,0.010914,0.005472
0.006516,0.000268,0.025886,0.009252,0.011282,0.000539,0.022630,0.006095
0.013633,0.000669,0.063537,0.026253,0.022787,0.001439,0.058004,0.021619
0.019997,0.002562,0.071377,0.094084,0.025170,0.004957,0.061416,0.054121
