vet-ins,vet-fnd,avl-ins,avl-fnd,hst-ins,hst-fnd,htr-ins,htr-fnd
0.000851,0.000031,0.003344,0.001218,0.002165,0.000095,0.002643,0.000765
0.005960,0.000422,0.017413,0.008621,0.006247,0.000542,0.010848,0.005502
0.006561,0.000273,0.027697,0.009490,0.011510,0.000539,0.023226,0.006020
0.014453,0.000669,0.063050,0.026721,0.021809,0.001362,0.054559,0.018143
0.016528,0.002006,0.059733,0.079912,0.020745,0.004076,0.052665,0.052423
