vet-ins,vet-fnd,avl-ins,avl-fnd,hst-ins,hst-fnd,htr-ins,htr-fnd
0.000552,0.000020,0.001955,0.000710,0.000804,0.004455,0.002254,0.000708
0.002336,0.000187,0.011305,0.007873,0.003601,0.191505,0.013438,0.008576
0.004110,0.000202,0.025630,0.008727,0.007164,0.292093,0.028519,0.009175
0.008259,0.000490,0.059701,0.024462,0.014006,0.548208,0.060411,0.024537
0.008167,0.001524,0.058348,0.076605,0.013200,1.655223,0.059666,0.072339
