vet-ins,vet-fnd,avl-ins,avl-fnd,hst-ins,hst-fnd,htr-ins,htr-fnd
0.001900,0.000064,0.005266,0.001826,0.002798,0.000131,0.003853,0.001052
0.005405,0.000327,0.012514,0.008696,0.005429,0.000544,0.010144,0.005421
0.006429,0.000263,0.026288,0.009233,0.010251,0.000544,0.022216,0.006059
0.012761,0.000655,0.061628,0.026460,0.020318,0.001360,0.058491,0.019873
0.016463,0.001971,0.060339,0.082717,0.019861,0.004076,0.052281,0.053372
