vet-ins,vet-fnd,avl-ins,avl-fnd,hst-ins,hst-fnd,htr-ins,htr-fnd
0.000535,0.000018,0.001870,0.000676,0.000975,0.003566,0.002359,0.000793
0.002404,0.000188,0.011994,0.008081,0.003808,0.143715,0.013874,0.008346
0.004146,0.000198,0.026291,0.009120,0.007262,0.227467,0.026787,0.008670
0.008892,0.000486,0.061511,0.024276,0.013395,0.551360,0.060238,0.024187
0.008402,0.001434,0.061448,0.073794,0.012792,2.218178,0.066713,0.076861
