vet-ins,vet-fnd,avl-ins,avl-fnd,hst-ins,hst-fnd,htr-ins,htr-fnd
0.001306,0.000045,0.003031,0.001042,0.001744,0.000075,0.002293,0.000606
0.005054,0.000371,0.017015,0.008696,0.005923,0.000539,0.010493,0.005467
0.006508,0.000268,0.026750,0.010908,0.013285,0.000631,0.026854,0.007138
0.015320,0.000783,0.068937,0.030297,0.025512,0.001578,0.062776,0.020359
0.016867,0.002005,0.059989,0.079138,0.020787,0.004070,0.056423,0.056484
