vet-ins,vet-fnd,avl-ins,avl-fnd,hst-ins,hst-fnd,htr-ins,htr-fnd
0.001374,0.000040,0.003747,0.001303,0.002018,0.000079,0.002809,0.000704
0.005503,0.000384,0.016052,0.008661,0.005882,0.000539,0.010527,0.005477
0.006557,0.000269,0.026303,0.009265,0.011566,0.000538,0.023156,0.006095
0.013206,0.000670,0.059320,0.026718,0.021875,0.001345,0.053645,0.017838
0.017345,0.002070,0.065960,0.077984,0.020702,0.004089,0.053708,0.057450
