vet-ins,vet-fnd,avl-ins,avl-fnd,hst-ins,hst-fnd,htr-ins,htr-fnd
0.000548,0.000020,0.001981,0.000702,0.000797,0.004331,0.002143,0.000706
0.002140,0.000190,0.011574,0.007919,0.003602,0.189137,0.013575,0.008631
0.004227,0.000202,0.026105,0.008685,0.006975,0.288746,0.028607,0.009368
0.008085,0.000507,0.059275,0.024423,0.012832,0.723681,0.062378,0.029262
0.007600,0.001471,0.061102,0.074228,0.013031,2.187250,0.063550,0.076636
