vet-ins,vet-fnd,avl-ins,avl-fnd,hst-ins,hst-fnd,htr-ins,htr-fnd
0.001114,0.000046,0.003754,0.001270,0.001842,0.000094,0.002665,0.000755
0.005792,0.000461,0.016893,0.008734,0.005414,0.000536,0.010110,0.005401
0.006239,0.000263,0.026131,0.009295,0.010420,0.000669,0.023263,0.005999
0.012859,0.000657,0.059774,0.026296,0.020735,0.001649,0.055998,0.018202
0.016453,0.001972,0.060921,0.084602,0.018658,0.004154,0.051130,0.053619
