vet-ins,vet-fnd,avl-ins,avl-fnd,hst-ins,hst-fnd,htr-ins,htr-fnd
0.000527,0.000019,0.001879,0.000665,0.000791,0.003133,0.002039,0.000682
0.002338,0.000189,0.011274,0.007871,0.003659,0.144942,0.012691,0.008242
0.004645,0.000202,0.028075,0.009626,0.007336,0.224094,0.026735,0.008695
0.008228,0.000493,0.058517,0.024501,0.013574,0.550662,0.060330,0.026101
0.007576,0.001439,0.058379,0.073211,0.012671,2.209562,0.064865,0.076926
