vet-ins,vet-fnd,avl-ins,avl-fnd,hst-ins,hst-fnd,htr-ins,htr-fnd
0.001020,0.000032,0.002606,0.000885,0.001481,0.000068,0.001752,0.000512
0.004309,0.000268,0.014319,0.010224,0.006770,0.000640,0.012489,0.006479
0.007573,0.000314,0.030900,0.010770,0.013122,0.000632,0.026856,0.007113
0.015453,0.000813,0.070293,0.026772,0.021918,0.001347,0.059004,0.019674
0.017770,0.002289,0.070648,0.086179,0.022743,0.004268,0.057855,0.053576
