vet-ins,vet-fnd,avl-ins,avl-fnd,hst-ins,hst-fnd,htr-ins,htr-fnd
0.000527,0.000020,0.001861,0.000695,0.000761,0.004415,0.002104,0.000739
0.002385,0.000195,0.011404,0.007964,0.003482,0.186765,0.013354,0.008507
0.004179,0.000203,0.025865,0.008864,0.006934,0.288092,0.028663,0.009164
0.008081,0.000494,0.058083,0.024433,0.012773,0.718918,0.060845,0.025020
0.007639,0.001452,0.057400,0.072535,0.014397,1.653736,0.060114,0.072666
