vet-ins,vet-fnd,avl-ins,avl-fnd,hst-ins,hst-fnd,htr-ins,htr-fnd
0.002253,0.000078,0.006202,0.002064,0.003314,0.000159,0.004315,0.001080
0.004593,0.000272,0.012694,0.009023,0.005895,0.000541,0.010461,0.005434
0.006520,0.000268,0.026428,0.009132,0.011587,0.000543,0.022924,0.006476
0.013550,0.000766,0.060234,0.025879,0.021778,0.001363,0.054711,0.017821
0.016649,0.002009,0.063785,0.086684,0.020708,0.004044,0.053045,0.056200
