vet-ins,vet-fnd,avl-ins,avl-fnd,hst-ins,hst-fnd,htr-ins,htr-fnd
0.000797,0.000026,0.002184,0.000769,0.001364,0.000066,0.001773,0.000435
0.003546,0.000262,0.013063,0.009098,0.005395,0.000541,0.010103,0.005437
0.006640,0.000271,0.026330,0.009501,0.010192,0.000540,0.022811,0.007953
0.012593,0.000654,0.059769,0.026294,0.019758,0.001355,0.051957,0.018872
0.016710,0.002061,0.059841,0.080381,0.018622,0.004123,0.051117,0.053796
