vet-ins,vet-fnd,avl-ins,avl-fnd,hst-ins,hst-fnd,htr-ins,htr-fnd
0.001407,0.000053,0.002638,0.000950,0.001917,0.000093,0.002220,0.000525
0.005912,0.000518,0.013411,0.009463,0.008495,0.000959,0.012109,0.006421
0.010853,0.000456,0.028067,0.010218,0.016930,0.001072,0.025760,0.007332
0.022373,0.001121,0.063997,0.027872,0.032223,0.002312,0.059970,0.022313
0.027419,0.003489,0.065534,0.086745,0.031831,0.006823,0.057950,0.062143
