vet-ins,vet-fnd,avl-ins,avl-fnd,hst-ins,hst-fnd,htr-ins,htr-fnd
0.001022,0.000037,0.003130,0.001043,0.001602,0.000075,0.002196,0.000601
0.004687,0.000364,0.017106,0.008982,0.005392,0.000538,0.010051,0.005754
0.006163,0.000262,0.025854,0.009300,0.010205,0.000542,0.021954,0.005979
0.013018,0.000750,0.059314,0.026248,0.019946,0.001344,0.051704,0.017876
0.017690,0.001971,0.060676,0.081805,0.020606,0.004525,0.053766,0.053597
