vet-ins,vet-fnd,avl-ins,avl-fnd,hst-ins,hst-fnd,htr-ins,htr-fnd
0.000793,0.000027,0.002162,0.000755,0.001160,0.000054,0.001741,0.000531
0.003804,0.000265,0.012260,0.008742,0.005421,0.000538,0.010088,0.005409
0.006279,0.000263,0.026399,0.009313,0.010600,0.000535,0.022531,0.006200
0.013829,0.000657,0.058971,0.025931,0.019720,0.001607,0.054553,0.018101
0.016385,0.001975,0.064707,0.079746,0.018533,0.004065,0.050730,0.056731
