vet-ins,vet-fnd,avl-ins,avl-fnd,hst-ins,hst-fnd,htr-ins,htr-fnd
0.000979,0.000027,0.002333,0.000932,0.001483,0.000053,0.001954,0.000439
0.003937,0.000268,0.013935,0.010197,0.006820,0.000631,0.012073,0.006541
0.007441,0.000271,0.030528,0.010940,0.012891,0.000633,0.026915,0.007625
0.013653,0.000675,0.061723,0.025942,0.021859,0.001348,0.054514,0.018153
0.016880,0.002017,0.065436,0.091401,0.024296,0.004819,0.061332,0.061283
