vet-ins,vet-fnd,avl-ins,avl-fnd,hst-ins,hst-fnd,htr-ins,htr-fnd
0.001368,0.000041,0.003553,0.001207,0.002020,0.000095,0.002721,0.000715
0.004903,0.000369,0.016236,0.008748,0.005402,0.000540,0.010461,0.005671
0.006254,0.000263,0.025919,0.009248,0.010223,0.000542,0.022583,0.006088
0.013049,0.000657,0.060413,0.026712,0.020303,0.001661,0.056651,0.018301
0.016457,0.001971,0.061132,0.080557,0.019850,0.004075,0.052186,0.054731
