vet-ins,vet-fnd,avl-ins,avl-fnd,hst-ins,hst-fnd,htr-ins,htr-fnd
0.000553,0.000020,0.001897,0.000831,0.000809,0.004254,0.002143,0.000706
0.002372,0.000187,0.011534,0.008023,0.003484,0.184747,0.013503,0.008377
0.004102,0.000199,0.025509,0.008688,0.007191,0.292161,0.028577,0.009111
0.008008,0.000492,0.058297,0.024469,0.014091,0.547493,0.060681,0.024396
0.008165,0.001519,0.060061,0.073686,0.012878,1.663896,0.059608,0.071722
