vet-ins,vet-fnd,avl-ins,avl-fnd,hst-ins,hst-fnd,htr-ins,htr-fnd
0.002044,0.000077,0.005939,0.002106,0.003058,0.000135,0.004135,0.001211
0.004208,0.000323,0.014151,0.010242,0.006103,0.000574,0.010982,0.005410
0.006852,0.000318,0.029037,0.009908,0.010450,0.000540,0.022778,0.006002
0.013039,0.000656,0.063370,0.025942,0.019704,0.001353,0.051711,0.017657
0.017946,0.002163,0.060221,0.085746,0.019345,0.004055,0.050955,0.057601
