vet-ins,vet-fnd,avl-ins,avl-fnd,hst-ins,hst-fnd,htr-ins,htr-fnd
0.000822,0.000027,0.002563,0.000803,0.001423,0.000063,0.001826,0.000440
0.003543,0.000268,0.013522,0.009013,0.005901,0.000540,0.010530,0.005455
0.006732,0.000268,0.026369,0.009189,0.011657,0.000641,0.023596,0.006070
0.013101,0.000668,0.060315,0.026939,0.022932,0.001349,0.054787,0.018042
0.017259,0.002004,0.065396,0.078592,0.021036,0.004046,0.054147,0.061186
