vet-ins,vet-fnd,avl-ins,avl-fnd,hst-ins,hst-fnd,htr-ins,htr-fnd
0.001244,0.000037,0.003053,0.001047,0.001607,0.000075,0.002234,0.000611
0.004878,0.000365,0.016833,0.009378,0.006232,0.000610,0.011978,0.006588
0.007383,0.000307,0.032194,0.011241,0.012270,0.000656,0.027689,0.007882
0.015260,0.000775,0.076806,0.032681,0.023397,0.001591,0.065379,0.022424
0.020609,0.002317,0.077365,0.099230,0.022203,0.004777,0.066168,0.068478
