vet-ins,vet-fnd,avl-ins,avl-fnd,hst-ins,hst-fnd,htr-ins,htr-fnd
0.000528,0.000019,0.001898,0.000670,0.000761,0.004212,0.002145,0.000709
0.002317,0.000225,0.011305,0.007902,0.003575,0.187619,0.012979,0.008373
0.003972,0.000203,0.025619,0.010146,0.007023,0.289112,0.028228,0.009125
0.008072,0.000489,0.061356,0.024437,0.013261,0.723303,0.061363,0.025233
0.007612,0.001431,0.060990,0.074410,0.013673,1.657030,0.059888,0.072413
