vet-ins,vet-fnd,avl-ins,avl-fnd,hst-ins,hst-fnd,htr-ins,htr-fnd
0.000525,0.000019,0.001860,0.000663,0.000831,0.003180,0.002063,0.000665
0.002341,0.000210,0.011445,0.007905,0.003716,0.143093,0.012855,0.008067
0.003972,0.000209,0.025764,0.008637,0.006529,0.289600,0.027769,0.008904
0.008049,0.000492,0.058706,0.023970,0.014221,0.726642,0.061302,0.025218
0.007543,0.001442,0.059368,0.075686,0.013350,1.664719,0.057621,0.069928
