vet-ins,vet-fnd,avl-ins,avl-fnd,hst-ins,hst-fnd,htr-ins,htr-fnd
0.000530,0.000020,0.001976,0.000704,0.000827,0.004292,0.002156,0.000699
0.002481,0.000188,0.011500,0.007953,0.003748,0.190615,0.013502,0.008421
0.004062,0.000197,0.026148,0.008984,0.007422,0.291810,0.028385,0.009417
0.008158,0.000485,0.058254,0.024507,0.013846,0.554622,0.060891,0.023980
0.007573,0.001431,0.059408,0.078561,0.013719,1.684883,0.060656,0.072413
