vet-ins,vet-fnd,avl-ins,avl-fnd,hst-ins,hst-fnd,htr-ins,htr-fnd
0.001009,0.000046,0.003590,0.001276,0.001797,0.000079,0.002428,0.000700
0.006044,0.000387,0.017644,0.008680,0.005354,0.000545,0.010118,0.005774
0.006262,0.000264,0.026018,0.010605,0.011224,0.000610,0.024047,0.006480
0.012709,0.000665,0.060943,0.026077,0.020240,0.001337,0.052494,0.019734
0.016514,0.001969,0.064942,0.080355,0.020035,0.004052,0.051142,0.054568
