vet-ins,vet-fnd,avl-ins,avl-fnd,hst-ins,hst-fnd,htr-ins,htr-fnd
0.002191,0.000073,0.005907,0.002038,0.003407,0.000149,0.004388,0.001190
0.004162,0.000272,0.012840,0.008647,0.005874,0.000547,0.010392,0.005463
0.006475,0.000275,0.026010,0.010928,0.011474,0.000652,0.023545,0.006058
0.013188,0.000680,0.062409,0.025739,0.022267,0.001365,0.053986,0.018258
0.017181,0.002004,0.059074,0.077534,0.021035,0.004114,0.054047,0.061434
