vet-ins,vet-fnd,avl-ins,avl-fnd,hst-ins,hst-fnd,htr-ins,htr-fnd
0.000522,0.000019,0.001861,0.000685,0.000792,0.003182,0.002031,0.000667
0.002258,0.000196,0.011717,0.007964,0.003643,0.143718,0.012652,0.008078
0.003910,0.000206,0.025660,0.008712,0.007015,0.220380,0.026613,0.008619
0.008058,0.000496,0.058091,0.024132,0.013634,0.539648,0.060002,0.024670
0.007573,0.001475,0.058524,0.075465,0.012273,2.199624,0.060546,0.074245
