vet-ins,vet-fnd,avl-ins,avl-fnd,hst-ins,hst-fnd,htr-ins,htr-fnd
0.000543,0.000020,0.001871,0.000664,0.000846,0.003145,0.002064,0.000672
0.002377,0.000217,0.011373,0.007943,0.003746,0.142288,0.012765,0.008168
0.003872,0.000204,0.026010,0.008689,0.007106,0.221033,0.026768,0.008575
0.008290,0.000491,0.058956,0.024347,0.013017,0.543958,0.060863,0.023790
0.007606,0.001480,0.059139,0.073463,0.012660,2.188884,0.066223,0.075985
