vet-ins,vet-fnd,avl-ins,avl-fnd,hst-ins,hst-fnd,htr-ins,htr-fnd
0.000806,0.000026,0.003013,0.001048,0.001605,0.000075,0.002210,0.000601
0.004869,0.000364,0.016734,0.008737,0.005409,0.000540,0.010052,0.005380
0.006280,0.000265,0.026074,0.009264,0.010237,0.000538,0.021928,0.005968
0.013210,0.000661,0.062308,0.030782,0.019686,0.001337,0.053291,0.017918
0.016436,0.001998,0.058800,0.079801,0.018616,0.004060,0.051377,0.053189
