vet-ins,vet-fnd,avl-ins,avl-fnd,hst-ins,hst-fnd,htr-ins,htr-fnd
0.000538,0.000019,0.001892,0.000716,0.000804,0.004627,0.002541,0.000867
0.002280,0.000197,0.012386,0.008253,0.003685,0.189379,0.013343,0.008584
0.004385,0.000273,0.033135,0.009633,0.007232,0.287633,0.028312,0.009336
0.008113,0.000488,0.058606,0.024349,0.013423,0.721589,0.061740,0.025221
0.007581,0.001458,0.058817,0.072977,0.012697,2.196035,0.060965,0.075800
