vet-ins,vet-fnd,avl-ins,avl-fnd,hst-ins,hst-fnd,htr-ins,htr-fnd
0.000792,0.000026,0.002186,0.000753,0.001191,0.000064,0.001891,0.000507
0.003693,0.000262,0.013114,0.009049,0.005680,0.000548,0.010117,0.005374
0.006600,0.000263,0.026072,0.009221,0.010205,0.000540,0.023025,0.007458
0.013006,0.000656,0.059603,0.026147,0.019696,0.001347,0.053246,0.019429
0.016370,0.001972,0.059637,0.078428,0.018608,0.004060,0.051194,0.053063
