vet-ins,vet-fnd,avl-ins,avl-fnd,hst-ins,hst-fnd,htr-ins,htr-fnd
0.000971,0.000034,0.002608,0.000925,0.001255,0.000053,0.001908,0.000542
0.003768,0.000268,0.012877,0.009656,0.006425,0.000540,0.011638,0.006198
0.006882,0.000283,0.027178,0.009853,0.012854,0.000622,0.026213,0.006770
0.014894,0.000818,0.065705,0.025875,0.021826,0.001351,0.055903,0.018825
0.018495,0.002339,0.062976,0.078033,0.020719,0.004048,0.056219,0.055509
