vet-ins,vet-fnd,avl-ins,avl-fnd,hst-ins,hst-fnd,htr-ins,htr-fnd
0.001404,0.000047,0.003552,0.001265,0.002109,0.000100,0.002582,0.000759
0.005669,0.000474,0.016878,0.008930,0.005899,0.000539,0.010348,0.005447
0.007410,0.000309,0.029286,0.011172,0.012763,0.000539,0.026805,0.007241
0.015554,0.000832,0.070085,0.030836,0.026123,0.001631,0.063577,0.021416
0.019761,0.002423,0.065564,0.078125,0.020804,0.004619,0.059037,0.059166
