vet-ins,vet-fnd,avl-ins,avl-fnd,hst-ins,hst-fnd,htr-ins,htr-fnd
0.000792,0.000026,0.002159,0.000756,0.001161,0.000054,0.001619,0.000508
0.003744,0.000262,0.012595,0.009314,0.005584,0.000540,0.010066,0.005401
0.006272,0.000262,0.025788,0.009231,0.010236,0.000541,0.022035,0.006003
0.012631,0.000661,0.058964,0.026141,0.019763,0.001350,0.052966,0.017905
0.021479,0.002147,0.059880,0.081807,0.019037,0.004082,0.051260,0.057858
