vet-ins,vet-fnd,avl-ins,avl-fnd,hst-ins,hst-fnd,htr-ins,htr-fnd
0.001406,0.000048,0.003664,0.001204,0.002185,0.000095,0.002773,0.000678
0.006049,0.000446,0.017568,0.009741,0.006728,0.000537,0.012048,0.005985
0.006805,0.000281,0.026301,0.009203,0.011961,0.000541,0.022885,0.006050
0.013178,0.000670,0.060604,0.030374,0.024258,0.001357,0.057721,0.019465
0.017637,0.002011,0.064169,0.078790,0.020776,0.004035,0.053314,0.053756
