vet-ins,vet-fnd,avl-ins,avl-fnd,hst-ins,hst-fnd,htr-ins,htr-fnd
0.001083,0.000046,0.003560,0.001313,0.001910,0.000095,0.002698,0.000753
0.005870,0.000458,0.017655,0.008961,0.005413,0.000545,0.010131,0.005410
0.006908,0.000263,0.028932,0.009823,0.010204,0.000540,0.022126,0.006041
0.012757,0.000662,0.060390,0.026058,0.022493,0.001362,0.053345,0.017854
0.016358,0.001972,0.060582,0.079498,0.018660,0.004166,0.051802,0.053311
