vet-ins,vet-fnd,avl-ins,avl-fnd,hst-ins,hst-fnd,htr-ins,htr-fnd
0.000810,0.000026,0.002581,0.000776,0.001349,0.000063,0.001811,0.000471
0.008988,0.000656,0.017056,0.009045,0.005902,0.000543,0.010765,0.005407
0.006270,0.000264,0.027038,0.009306,0.010280,0.000541,0.022390,0.006015
0.013258,0.000656,0.060544,0.026732,0.020033,0.001360,0.063721,0.019515
0.016441,0.001973,0.060797,0.085230,0.018947,0.004084,0.051675,0.053446
