vet-ins,vet-fnd,avl-ins,avl-fnd,hst-ins,hst-fnd,htr-ins,htr-fnd
0.000533,0.000019,0.001867,0.000665,0.000761,0.004273,0.002126,0.000703
0.002321,0.000187,0.011276,0.007857,0.003581,0.187330,0.013048,0.008337
0.004541,0.000202,0.026817,0.008829,0.006737,0.289332,0.028412,0.009126
0.008441,0.000485,0.059093,0.024252,0.013313,0.722212,0.061834,0.025275
0.008021,0.001522,0.062537,0.074031,0.013336,1.662511,0.060019,0.071381
