vet-ins,vet-fnd,avl-ins,avl-fnd,hst-ins,hst-fnd,htr-ins,htr-fnd
0.000544,0.000020,0.001878,0.000692,0.000783,0.004327,0.002126,0.000733
0.002416,0.000198,0.011517,0.008045,0.003737,0.189679,0.013008,0.008372
0.003957,0.000201,0.025650,0.008671,0.007010,0.290248,0.028276,0.009052
0.008111,0.000493,0.057943,0.024301,0.014223,0.726583,0.061148,0.025025
0.007561,0.001450,0.058544,0.075260,0.013987,1.657975,0.059919,0.072337
