vet-ins,vet-fnd,avl-ins,avl-fnd,hst-ins,hst-fnd,htr-ins,htr-fnd
0.001199,0.000039,0.003192,0.001104,0.001701,0.000079,0.002502,0.000771
0.005729,0.000449,0.018018,0.008759,0.005403,0.000540,0.010093,0.005431
0.006617,0.000282,0.026981,0.009817,0.010205,0.000535,0.022542,0.006032
0.013828,0.000656,0.060396,0.026151,0.019709,0.001340,0.052021,0.019327
0.016415,0.001967,0.060767,0.079237,0.018652,0.004029,0.051281,0.053854
