vet-ins,vet-fnd,avl-ins,avl-fnd,hst-ins,hst-fnd,htr-ins,htr-fnd
0.000794,0.000026,0.002385,0.000890,0.001207,0.000063,0.001857,0.000435
0.003603,0.000263,0.012306,0.008793,0.005406,0.000542,0.010526,0.005443
0.006274,0.000263,0.026390,0.009662,0.010203,0.000549,0.022085,0.006050
0.012852,0.000656,0.059042,0.026201,0.019720,0.001359,0.052006,0.018064
0.017058,0.002302,0.060765,0.081121,0.021092,0.004114,0.053433,0.053444
