vet-ins,vet-fnd,avl-ins,avl-fnd,hst-ins,hst-fnd,htr-ins,htr-fnd
0.000579,0.000021,0.001981,0.000702,0.000823,0.004507,0.002244,0.000747
0.002427,0.000193,0.011441,0.007834,0.003665,0.191248,0.013077,0.008437
0.004203,0.000212,0.026760,0.008852,0.007113,0.291268,0.028141,0.009085
0.008183,0.000492,0.058640,0.024329,0.014025,0.728324,0.061289,0.025312
0.007544,0.001448,0.058616,0.075011,0.014064,1.662426,0.059655,0.071792
