vet-ins,vet-fnd,avl-ins,avl-fnd,hst-ins,hst-fnd,htr-ins,htr-fnd
0.000867,0.000031,0.003602,0.001195,0.002007,0.000078,0.002557,0.000734
0.005666,0.000385,0.018332,0.009063,0.006232,0.000627,0.012007,0.005982
0.007119,0.000351,0.028827,0.010827,0.011406,0.000622,0.024715,0.006626
0.012768,0.000655,0.061019,0.026685,0.019719,0.001341,0.057944,0.018886
0.016724,0.002144,0.061791,0.081917,0.021334,0.004198,0.051802,0.055068
