vet-ins,vet-fnd,avl-ins,avl-fnd,hst-ins,hst-fnd,htr-ins,htr-fnd
0.000525,0.000020,0.001906,0.000669,0.000757,0.004270,0.002157,0.000707
0.002355,0.000196,0.011457,0.008003,0.003618,0.188970,0.012974,0.008586
0.004135,0.000257,0.025835,0.008682,0.007004,0.288985,0.028218,0.009105
0.007995,0.000491,0.058192,0.024297,0.013003,0.725484,0.060814,0.024999
0.007585,0.001466,0.057799,0.073438,0.012909,2.194933,0.061797,0.076284
