vet-ins,vet-fnd,avl-ins,avl-fnd,hst-ins,hst-fnd,htr-ins,htr-fnd
0.000522,0.000019,0.001921,0.000669,0.000793,0.003174,0.002036,0.000669
0.002320,0.000189,0.011381,0.007883,0.003697,0.142786,0.012907,0.008111
0.003997,0.000199,0.025686,0.008666,0.007228,0.223464,0.026792,0.008799
0.008352,0.000488,0.058652,0.024395,0.015128,0.547840,0.059963,0.024453
0.007547,0.001438,0.059355,0.073902,0.012179,2.166406,0.062319,0.074577
