vet-ins,vet-fnd,avl-ins,avl-fnd,hst-ins,hst-fnd,htr-ins,htr-fnd
0.000526,0.000020,0.001911,0.000667,0.000761,0.004224,0.002135,0.000705
0.002310,0.000189,0.011409,0.007887,0.003588,0.186971,0.013351,0.008400
0.004015,0.000216,0.025675,0.008670,0.007293,0.223664,0.026985,0.008791
0.008213,0.000487,0.058159,0.024269,0.013484,0.551141,0.059276,0.024158
0.007549,0.001425,0.058647,0.073112,0.012679,2.204841,0.067065,0.081344
