vet-ins,vet-fnd,avl-ins,avl-fnd,hst-ins,hst-fnd,htr-ins,htr-fnd
0.002339,0.000078,0.006086,0.002172,0.003238,0.000135,0.004401,0.001275
0.004579,0.000314,0.014416,0.009971,0.006404,0.000537,0.011701,0.005663
0.007253,0.000315,0.029170,0.010347,0.012671,0.000541,0.024314,0.007161
0.014446,0.000668,0.070261,0.029472,0.023364,0.001353,0.059882,0.020681
0.018276,0.002355,0.069186,0.085639,0.023195,0.004761,0.060729,0.059249
