vet-ins,vet-fnd,avl-ins,avl-fnd,hst-ins,hst-fnd,htr-ins,htr-fnd
0.000793,0.000026,0.002188,0.000758,0.001161,0.000055,0.001651,0.000512
0.004026,0.000322,0.012941,0.009158,0.005793,0.000541,0.010514,0.005443
0.006308,0.000263,0.025978,0.009585,0.010601,0.000540,0.022169,0.006037
0.012605,0.000656,0.059283,0.026441,0.019725,0.001350,0.053987,0.018009
0.016674,0.002051,0.065633,0.080064,0.018904,0.004231,0.052093,0.057211
