vet-ins,vet-fnd,avl-ins,avl-fnd,hst-ins,hst-fnd,htr-ins,htr-fnd
0.000819,0.000027,0.003083,0.001044,0.001745,0.000075,0.002286,0.000604
0.005019,0.000371,0.017504,0.008830,0.005892,0.000540,0.010514,0.005447
0.007241,0.000268,0.027093,0.009166,0.011255,0.000540,0.023062,0.006046
0.014125,0.000668,0.060937,0.025629,0.022085,0.001347,0.056274,0.018899
0.018410,0.002391,0.062025,0.082913,0.021441,0.004061,0.055838,0.056895
