vet-ins,vet-fnd,avl-ins,avl-fnd,hst-ins,hst-fnd,htr-ins,htr-fnd
0.002341,0.000079,0.005723,0.001984,0.003315,0.000158,0.004306,0.001252
0.004209,0.000314,0.012977,0.008643,0.005905,0.000539,0.010779,0.005458
0.006656,0.000267,0.028964,0.009194,0.011277,0.000539,0.022951,0.006063
0.013788,0.000703,0.060519,0.026477,0.022221,0.001342,0.054378,0.018560
0.016937,0.002019,0.062304,0.086918,0.021175,0.004040,0.054776,0.053953
