vet-ins,vet-fnd,avl-ins,avl-fnd,hst-ins,hst-fnd,htr-ins,htr-fnd
0.002121,0.000072,0.005932,0.002058,0.003122,0.000146,0.004315,0.001190
0.004532,0.000327,0.013518,0.009575,0.005815,0.000659,0.010843,0.006228
0.006536,0.000328,0.030372,0.011302,0.011463,0.000540,0.026188,0.006830
0.014460,0.000771,0.069188,0.030818,0.022614,0.001597,0.060956,0.021173
0.017789,0.002380,0.064718,0.092702,0.021880,0.004846,0.060162,0.064168
