vet-ins,vet-fnd,avl-ins,avl-fnd,hst-ins,hst-fnd,htr-ins,htr-fnd
0.001406,0.000047,0.003764,0.001218,0.002133,0.000098,0.002731,0.000780
0.005699,0.000446,0.017546,0.009062,0.006226,0.000540,0.010718,0.005505
0.007430,0.000281,0.028016,0.009516,0.011721,0.000539,0.024099,0.006121
0.013403,0.000834,0.064217,0.027507,0.022478,0.001416,0.055746,0.017899
0.018278,0.002373,0.064414,0.079319,0.021200,0.004056,0.053264,0.053102
