vet-ins,vet-fnd,avl-ins,avl-fnd,hst-ins,hst-fnd,htr-ins,htr-fnd
0.002197,0.000068,0.006009,0.001902,0.003492,0.000157,0.004697,0.001234
0.005163,0.000314,0.013812,0.009792,0.006193,0.000539,0.011057,0.005526
0.007136,0.000314,0.028522,0.010122,0.011797,0.000537,0.025473,0.006736
0.015081,0.000872,0.068349,0.027588,0.023549,0.001611,0.056588,0.019710
0.017830,0.002147,0.066523,0.088008,0.021724,0.004093,0.057535,0.057726
