vet-ins,vet-fnd,avl-ins,avl-fnd,hst-ins,hst-fnd,htr-ins,htr-fnd
0.001400,0.000046,0.003639,0.001183,0.002115,0.000081,0.002458,0.000642
0.006073,0.000415,0.017461,0.008696,0.006184,0.000539,0.010268,0.005565
0.006843,0.000275,0.027115,0.009219,0.011232,0.000539,0.022577,0.006200
0.014932,0.000828,0.060422,0.026809,0.022750,0.001354,0.054241,0.018387
0.017107,0.002011,0.061863,0.085433,0.021251,0.004106,0.051824,0.053899
