vet-ins,vet-fnd,avl-ins,avl-fnd,hst-ins,hst-fnd,htr-ins,htr-fnd
0.000564,0.000029,0.001863,0.000668,0.000806,0.003139,0.002060,0.000668
0.002182,0.000188,0.011376,0.007807,0.003637,0.142123,0.013163,0.008306
0.004122,0.000203,0.025680,0.008665,0.006387,0.287404,0.027469,0.008995
0.008073,0.000493,0.058490,0.024139,0.013095,0.716444,0.061122,0.025256
0.007940,0.001526,0.058871,0.073958,0.013459,1.661169,0.057544,0.070613
