vet-ins,vet-fnd,avl-ins,avl-fnd,hst-ins,hst-fnd,htr-ins,htr-fnd
0.000562,0.000020,0.001859,0.000665,0.000854,0.004558,0.002152,0.000917
0.002431,0.000195,0.011850,0.008034,0.003646,0.188614,0.013315,0.008398
0.004046,0.000202,0.025385,0.008757,0.007016,0.295002,0.029042,0.009164
0.008069,0.000488,0.062515,0.026493,0.013084,0.735103,0.060720,0.024817
0.007581,0.001441,0.057888,0.076557,0.013573,1.679098,0.068951,0.081179
