vet-ins,vet-fnd,avl-ins,avl-fnd,hst-ins,hst-fnd,htr-ins,htr-fnd
0.000959,0.000031,0.002583,0.000875,0.001478,0.000063,0.001918,0.000509
0.004112,0.000318,0.014667,0.010153,0.006886,0.000633,0.012226,0.006400
0.007696,0.000313,0.030724,0.010761,0.013082,0.000631,0.026804,0.007098
0.015266,0.000783,0.069136,0.029989,0.024858,0.001418,0.056542,0.018353
0.016915,0.002287,0.064438,0.083811,0.021144,0.004112,0.054717,0.055944
