vet-ins,vet-fnd,avl-ins,avl-fnd,hst-ins,hst-fnd,htr-ins,htr-fnd
0.002155,0.000079,0.006100,0.001904,0.003283,0.000158,0.004315,0.001095
0.004904,0.000267,0.012514,0.008993,0.005905,0.000540,0.010454,0.005455
0.006609,0.000268,0.026562,0.009175,0.011274,0.000542,0.022916,0.006072
0.015381,0.000784,0.068545,0.029507,0.024387,0.001510,0.054083,0.019033
0.016892,0.002038,0.064972,0.091002,0.024386,0.004749,0.061169,0.055379
