vet-ins,vet-fnd,avl-ins,avl-fnd,hst-ins,hst-fnd,htr-ins,htr-fnd
0.002306,0.000079,0.005927,0.002015,0.003302,0.000135,0.004235,0.001271
0.005496,0.000267,0.013211,0.008674,0.005892,0.000539,0.010581,0.005670
0.006567,0.000268,0.027000,0.009856,0.013439,0.000650,0.023776,0.006849
0.013122,0.000671,0.060463,0.027478,0.025493,0.001423,0.063262,0.020156
0.017381,0.002249,0.061511,0.079264,0.020766,0.004525,0.054362,0.057981
