vet-ins,vet-fnd,avl-ins,avl-fnd,hst-ins,hst-fnd,htr-ins,htr-fnd
0.001277,0.000044,0.003203,0.001048,0.001603,0.000075,0.002231,0.000603
0.004872,0.000365,0.017211,0.009099,0.005404,0.000540,0.010168,0.005400
0.006686,0.000434,0.028218,0.009549,0.010244,0.000542,0.022210,0.006377
0.012597,0.000656,0.061305,0.026075,0.019752,0.001353,0.052681,0.017858
0.017595,0.001967,0.061256,0.087186,0.020775,0.004812,0.054837,0.053120
