vet-ins,vet-fnd,avl-ins,avl-fnd,hst-ins,hst-fnd,htr-ins,htr-fnd
0.000798,0.000026,0.002198,0.000752,0.001280,0.000063,0.001883,0.000436
0.003459,0.000266,0.012869,0.009422,0.005437,0.000536,0.010655,0.005890
0.006936,0.000319,0.028922,0.009252,0.010237,0.000535,0.022058,0.006004
0.012690,0.000656,0.059439,0.027900,0.022074,0.001342,0.053141,0.018005
0.016582,0.001971,0.061309,0.079870,0.018632,0.004018,0.051284,0.053452
