vet-ins,vet-fnd,avl-ins,avl-fnd,hst-ins,hst-fnd,htr-ins,htr-fnd
0.000802,0.000026,0.003155,0.001128,0.001725,0.000080,0.002383,0.000647
0.004996,0.000393,0.018258,0.009037,0.005390,0.000535,0.010458,0.005391
0.006425,0.000263,0.027838,0.010888,0.010470,0.000535,0.022653,0.005990
0.012862,0.000772,0.059369,0.026250,0.019764,0.001364,0.055094,0.019465
0.016843,0.001970,0.060376,0.079544,0.018627,0.004038,0.051479,0.054993
