vet-ins,vet-fnd,avl-ins,avl-fnd,hst-ins,hst-fnd,htr-ins,htr-fnd
0.000555,0.000021,0.001974,0.000705,0.000800,0.004478,0.002221,0.000745
0.002152,0.000197,0.011641,0.007987,0.003645,0.188424,0.013398,0.008539
0.004115,0.000205,0.025547,0.008708,0.007094,0.220058,0.028237,0.009360
0.008057,0.000493,0.058167,0.024547,0.012998,0.537913,0.058721,0.023879
0.007522,0.001427,0.058428,0.073661,0.013363,1.669913,0.062679,0.072519
