vet-ins,vet-fnd,avl-ins,avl-fnd,hst-ins,hst-fnd,htr-ins,htr-fnd
0.001295,0.000039,0.003601,0.001312,0.001895,0.000079,0.002667,0.000649
0.005130,0.000384,0.017538,0.008725,0.005400,0.000540,0.010113,0.005805
0.006225,0.000263,0.025835,0.009288,0.010653,0.000633,0.024120,0.007082
0.013553,0.000655,0.059517,0.026174,0.020446,0.001363,0.051954,0.019690
0.016380,0.001966,0.059644,0.079579,0.018898,0.004109,0.051305,0.053658
