vet-ins,vet-fnd,avl-ins,avl-fnd,hst-ins,hst-fnd,htr-ins,htr-fnd
0.000536,0.000019,0.001882,0.000667,0.000806,0.003136,0.002032,0.000669
0.002175,0.000195,0.011330,0.007890,0.003722,0.141937,0.012587,0.008090
0.004234,0.000205,0.026440,0.008932,0.007213,0.223045,0.026769,0.008732
0.008109,0.000495,0.058760,0.024624,0.013261,0.541519,0.060071,0.024298
0.007537,0.001422,0.058367,0.077252,0.013021,1.666371,0.065398,0.082617
