vet-ins,vet-fnd,avl-ins,avl-fnd,hst-ins,hst-fnd,htr-ins,htr-fnd
0.000573,0.000020,0.001966,0.000688,0.000773,0.004190,0.002144,0.000704
0.002431,0.000188,0.011666,0.008096,0.003717,0.187868,0.013205,0.008417
0.004162,0.000203,0.026117,0.008738,0.007205,0.292583,0.028274,0.009141
0.008177,0.000492,0.058302,0.024670,0.013390,0.728368,0.063281,0.026299
0.008012,0.001511,0.059426,0.073577,0.013187,2.188548,0.062048,0.076528
