vet-ins,vet-fnd,avl-ins,avl-fnd,hst-ins,hst-fnd,htr-ins,htr-fnd
0.002127,0.000071,0.005859,0.002059,0.003125,0.000147,0.004281,0.001185
0.004032,0.000263,0.012262,0.009142,0.005396,0.000540,0.010027,0.005410
0.006265,0.000263,0.026002,0.009250,0.010164,0.000540,0.021889,0.005977
0.012637,0.000655,0.057973,0.025951,0.019657,0.001351,0.051662,0.018324
0.016783,0.001972,0.062678,0.091463,0.019166,0.004181,0.050323,0.053104
