vet-ins,vet-fnd,avl-ins,avl-fnd,hst-ins,hst-fnd,htr-ins,htr-fnd
0.000537,0.000019,0.001871,0.000678,0.000771,0.004170,0.002118,0.000714
0.002351,0.000188,0.011454,0.007989,0.003616,0.188326,0.013351,0.008729
0.004009,0.000204,0.025660,0.008708,0.007082,0.221554,0.026862,0.008695
0.008070,0.000494,0.058211,0.024428,0.013638,0.547384,0.059747,0.024437
0.007576,0.001460,0.058574,0.073403,0.012896,1.668845,0.062330,0.071937
