vet-ins,vet-fnd,avl-ins,avl-fnd,hst-ins,hst-fnd,htr-ins,htr-fnd
0.001372,0.000046,0.003653,0.001240,0.002001,0.000095,0.002425,0.000774
0.005002,0.000393,0.017111,0.009401,0.005791,0.000655,0.010822,0.005410
0.006410,0.000263,0.026094,0.009272,0.010147,0.000546,0.022618,0.006422
0.013920,0.000778,0.061782,0.027383,0.020000,0.001337,0.052082,0.018116
0.017375,0.002171,0.061986,0.079993,0.021141,0.004714,0.055773,0.056287
