vet-ins,vet-fnd,avl-ins,avl-fnd,hst-ins,hst-fnd,htr-ins,htr-fnd
0.000557,0.000020,0.001958,0.000700,0.000841,0.003397,0.002147,0.000699
0.002790,0.000307,0.012343,0.008223,0.003930,0.141332,0.012664,0.007944
0.003917,0.000196,0.025657,0.008599,0.006861,0.288577,0.027937,0.009063
0.008396,0.000487,0.058920,0.024275,0.013225,0.721568,0.061158,0.025155
0.007560,0.001446,0.061127,0.072875,0.013641,1.655756,0.060410,0.072420
