vet-ins,vet-fnd,avl-ins,avl-fnd,hst-ins,hst-fnd,htr-ins,htr-fnd
0.000530,0.000019,0.001876,0.000670,0.000756,0.004148,0.002143,0.000700
0.002317,0.000188,0.011385,0.007919,0.003580,0.188068,0.013369,0.008539
0.003946,0.000206,0.025999,0.008730,0.007137,0.220728,0.026810,0.008587
0.008091,0.000510,0.058289,0.024358,0.013977,0.546815,0.061263,0.024318
0.007648,0.001450,0.058709,0.073611,0.012336,2.200832,0.063574,0.074648
