vet-ins,vet-fnd,avl-ins,avl-fnd,hst-ins,hst-fnd,htr-ins,htr-fnd
0.000992,0.000045,0.003173,0.001070,0.001750,0.000075,0.002281,0.000634
0.005099,0.000467,0.018826,0.009407,0.006749,0.000587,0.011383,0.006100
0.006620,0.000331,0.029641,0.010456,0.011850,0.000640,0.024402,0.006543
0.014703,0.000795,0.065033,0.027379,0.026577,0.001605,0.061654,0.021012
0.017514,0.002254,0.063341,0.092753,0.024357,0.004787,0.066366,0.067317
