vet-ins,vet-fnd,avl-ins,avl-fnd,hst-ins,hst-fnd,htr-ins,htr-fnd
0.000526,0.000020,0.001887,0.000668,0.000796,0.004257,0.002124,0.000705
0.002375,0.000195,0.011496,0.007947,0.003631,0.190029,0.012902,0.008349
0.004020,0.000198,0.025541,0.008612,0.006687,0.292127,0.028348,0.009105
0.008174,0.000495,0.057931,0.024435,0.013192,0.730516,0.061508,0.025466
0.007659,0.001449,0.058356,0.074616,0.013880,1.665611,0.059817,0.072323
