vet-ins,vet-fnd,avl-ins,avl-fnd,hst-ins,hst-fnd,htr-ins,htr-fnd
0.001883,0.000064,0.005274,0.001829,0.002791,0.000130,0.003867,0.001049
0.006323,0.000364,0.012803,0.009049,0.005416,0.000535,0.010181,0.005429
0.006290,0.000263,0.025868,0.009315,0.010240,0.000535,0.022200,0.006047
0.012604,0.000656,0.058962,0.026227,0.022622,0.001464,0.054004,0.018324
0.016807,0.001975,0.060923,0.087991,0.020601,0.004440,0.053004,0.052816
