vet-ins,vet-fnd,avl-ins,avl-fnd,hst-ins,hst-fnd,htr-ins,htr-fnd
0.000571,0.000019,0.001871,0.000663,0.000758,0.004199,0.002166,0.000706
0.002358,0.000187,0.012317,0.008332,0.003625,0.187713,0.013171,0.008329
0.004070,0.000204,0.026095,0.008737,0.007122,0.300899,0.028456,0.009097
0.008241,0.000486,0.058875,0.024465,0.014063,0.550343,0.070238,0.027957
0.007749,0.001449,0.059319,0.074797,0.012987,1.680894,0.061986,0.077767
