vet-ins,vet-fnd,avl-ins,avl-fnd,hst-ins,hst-fnd,htr-ins,htr-fnd
0.002163,0.000067,0.006188,0.001884,0.003261,0.000155,0.004218,0.001162
0.004528,0.000272,0.013595,0.009763,0.006207,0.000540,0.010325,0.005463
0.006499,0.000268,0.027116,0.010834,0.012174,0.000539,0.022732,0.006084
0.013570,0.000675,0.059735,0.025726,0.023353,0.001481,0.053089,0.018043
0.019240,0.002168,0.062325,0.080378,0.020794,0.004383,0.051910,0.055741
