vet-ins,vet-fnd,avl-ins,avl-fnd,hst-ins,hst-fnd,htr-ins,htr-fnd
0.000965,0.000032,0.002547,0.000887,0.001502,0.000053,0.001697,0.000511
0.003683,0.000267,0.013301,0.008934,0.006236,0.000544,0.010769,0.005473
0.006514,0.000268,0.026005,0.009243,0.011290,0.000540,0.023261,0.006110
0.014912,0.000790,0.062993,0.026213,0.021842,0.001351,0.054629,0.020438
0.018497,0.002423,0.066004,0.079268,0.020767,0.004067,0.052971,0.054476
