vet-ins,vet-fnd,avl-ins,avl-fnd,hst-ins,hst-fnd,htr-ins,htr-fnd
0.000929,0.000026,0.002329,0.000902,0.001347,0.000063,0.001889,0.000529
0.003837,0.000277,0.012854,0.008738,0.005388,0.000535,0.010031,0.005412
0.006591,0.000263,0.026483,0.009274,0.010162,0.000535,0.022094,0.007796
0.012758,0.000656,0.058599,0.026219,0.019711,0.001370,0.051817,0.018480
0.016364,0.001980,0.059586,0.079696,0.018596,0.004109,0.053671,0.061755
