vet-ins,vet-fnd,avl-ins,avl-fnd,hst-ins,hst-fnd,htr-ins,htr-fnd
0.000527,0.000020,0.001900,0.000663,0.000794,0.003229,0.002048,0.000662
0.002368,0.000198,0.011700,0.007982,0.003722,0.145657,0.012737,0.008027
0.004049,0.000199,0.025737,0.008624,0.007260,0.223125,0.027037,0.008618
0.007977,0.000486,0.059205,0.024315,0.014529,0.550631,0.060648,0.024326
0.007906,0.001509,0.059651,0.073273,0.012638,2.185504,0.061655,0.075436
