vet-ins,vet-fnd,btr-ins,btr-fnd,hst-ins,hst-fnd,htr-ins,htr-fnd
0.000918,0.000032,0.002823,0.000860,0.001361,0.000064,0.001864,0.000512
0.004092,0.000269,0.013383,0.008631,0.005417,0.000548,0.010390,0.006225
0.006866,0.000316,0.029355,0.009329,0.010567,0.000639,0.022154,0.006016
0.012935,0.000672,0.064806,0.025484,0.020061,0.001634,0.054010,0.018451
0.016701,0.002102,0.066678,0.078291,0.019125,0.004345,0.050434,0.054955
