vet-ins,vet-fnd,avl-ins,avl-fnd,hst-ins,hst-fnd,htr-ins,htr-fnd
0.000541,0.000020,0.001919,0.000678,0.000777,0.004292,0.002983,0.001442
0.002301,0.000189,0.011302,0.007803,0.003531,0.188649,0.013232,0.008351
0.004049,0.000203,0.025488,0.008653,0.007002,0.294454,0.028282,0.009050
0.008281,0.000492,0.058646,0.024442,0.012657,0.732042,0.059995,0.024771
0.007742,0.001490,0.058141,0.072742,0.013162,1.646697,0.060823,0.072377
