vet-ins,vet-fnd,avl-ins,avl-fnd,hst-ins,hst-fnd,htr-ins,htr-fnd
0.000572,0.000019,0.001869,0.000666,0.000758,0.004186,0.002128,0.000704
0.002311,0.000221,0.011366,0.007896,0.003591,0.189759,0.013402,0.009028
0.003927,0.000205,0.025761,0.008939,0.007158,0.295619,0.029041,0.009186
0.008081,0.000488,0.059389,0.024715,0.012922,0.722879,0.063250,0.025124
0.007826,0.001486,0.057877,0.073138,0.012756,2.203744,0.062409,0.076277
