vet-ins,vet-fnd,avl-ins,avl-fnd,hst-ins,hst-fnd,htr-ins,htr-fnd
0.000819,0.000028,0.002178,0.000747,0.001261,0.000054,0.001880,0.000545
0.003825,0.000268,0.012346,0.008670,0.006261,0.000541,0.010324,0.005471
0.006445,0.000281,0.027416,0.010711,0.012652,0.000538,0.024704,0.006079
0.013269,0.000701,0.060181,0.026678,0.023779,0.001603,0.061728,0.019991
0.017889,0.002193,0.066663,0.084935,0.021209,0.004117,0.052753,0.055836
