vet-ins,vet-fnd,avl-ins,avl-fnd,hst-ins,hst-fnd,htr-ins,htr-fnd
0.001202,0.000040,0.003154,0.001091,0.001835,0.000078,0.002352,0.000635
0.005298,0.000393,0.017456,0.010121,0.006880,0.000629,0.012115,0.006395
0.007196,0.000269,0.029536,0.010304,0.011829,0.000537,0.022841,0.006075
0.013252,0.000675,0.063157,0.029647,0.025093,0.001581,0.062231,0.020938
0.019275,0.002360,0.069068,0.088960,0.020865,0.004142,0.053774,0.053712
