vet-ins,vet-fnd,avl-ins,avl-fnd,hst-ins,hst-fnd,htr-ins,htr-fnd
0.000567,0.000021,0.001973,0.000704,0.000812,0.004385,0.002138,0.000703
0.002365,0.000188,0.011345,0.007958,0.003674,0.190756,0.013939,0.008766
0.004124,0.000203,0.025961,0.008789,0.007011,0.295955,0.031551,0.010990
0.008095,0.000487,0.065891,0.025746,0.012705,0.743766,0.063789,0.028702
0.007645,0.001448,0.058226,0.080533,0.012814,2.185478,0.062316,0.075836
