vet-ins,vet-fnd,avl-ins,avl-fnd,hst-ins,hst-fnd,htr-ins,htr-fnd
0.000939,0.000033,0.002260,0.000873,0.001402,0.000054,0.001770,0.000518
0.003941,0.000328,0.012610,0.009215,0.005376,0.000540,0.010027,0.005417
0.006789,0.000264,0.025996,0.009279,0.010158,0.000535,0.021968,0.007642
0.013615,0.000773,0.066491,0.026736,0.020100,0.001361,0.056715,0.019811
0.016384,0.001967,0.060195,0.079588,0.018595,0.004123,0.050990,0.053085
