vet-ins,vet-fnd,avl-ins,avl-fnd,hst-ins,hst-fnd,htr-ins,htr-fnd
0.000555,0.000020,0.001926,0.000677,0.000760,0.004197,0.002157,0.000707
0.002356,0.000216,0.011556,0.007973,0.003556,0.192867,0.013349,0.008397
0.004098,0.000202,0.026009,0.008812,0.007074,0.291520,0.028802,0.009169
0.008242,0.000500,0.058954,0.024715,0.013226,0.733921,0.062623,0.025355
0.007983,0.001513,0.060013,0.075560,0.013195,2.200759,0.062821,0.076903
