vet-ins,vet-fnd,avl-ins,avl-fnd,hst-ins,hst-fnd,htr-ins,htr-fnd
0.000561,0.000019,0.001868,0.000661,0.000765,0.004259,0.002120,0.000707
0.002380,0.000197,0.011341,0.007860,0.003595,0.188459,0.013409,0.008536
0.004027,0.000201,0.025871,0.008653,0.007066,0.293289,0.028389,0.009131
0.008122,0.000491,0.058427,0.024294,0.013226,0.737610,0.063073,0.025527
0.007596,0.001448,0.058389,0.073513,0.013471,1.727267,0.060358,0.073251
