vet-ins,vet-fnd,avl-ins,avl-fnd,hst-ins,hst-fnd,htr-ins,htr-fnd
0.002139,0.000072,0.005851,0.002049,0.003124,0.000147,0.004290,0.001181
0.004588,0.000307,0.014105,0.010311,0.006152,0.000662,0.011391,0.006174
0.006914,0.000301,0.028231,0.010664,0.011587,0.000636,0.024629,0.006962
0.014418,0.000803,0.068818,0.028797,0.022465,0.001609,0.066247,0.022199
0.016466,0.001972,0.065468,0.089449,0.018556,0.004083,0.050548,0.055640
