vet-ins,vet-fnd,avl-ins,avl-fnd,hst-ins,hst-fnd,htr-ins,htr-fnd
0.000528,0.000020,0.001909,0.000666,0.000758,0.004210,0.002162,0.000707
0.002372,0.000191,0.011698,0.008153,0.003427,0.184254,0.013038,0.008266
0.004056,0.000201,0.025772,0.008695,0.007307,0.294001,0.029777,0.009141
0.007982,0.000487,0.058963,0.024442,0.013016,0.730600,0.061792,0.024996
0.007542,0.001434,0.058149,0.072680,0.013746,1.654450,0.061249,0.071987
