vet-ins,vet-fnd,avl-ins,avl-fnd,hst-ins,hst-fnd,htr-ins,htr-fnd
0.002069,0.000063,0.005282,0.001822,0.002801,0.000131,0.003832,0.001060
0.006060,0.000308,0.014592,0.010380,0.006403,0.000634,0.011986,0.007381
0.007568,0.000294,0.032432,0.012469,0.012190,0.000640,0.028567,0.007090
0.015262,0.000686,0.078386,0.030959,0.021882,0.001622,0.060562,0.021925
0.018999,0.002168,0.070681,0.098783,0.022383,0.004821,0.062581,0.066400
