vet-ins,vet-fnd,avl-ins,avl-fnd,hst-ins,hst-fnd,htr-ins,htr-fnd
0.000823,0.000027,0.002516,0.000749,0.001436,0.000067,0.001750,0.000453
0.004151,0.000315,0.013948,0.009448,0.006017,0.000537,0.010736,0.005782
0.007562,0.000314,0.031189,0.010746,0.013322,0.000630,0.025166,0.006520
0.013514,0.000670,0.062673,0.025921,0.023080,0.001600,0.059406,0.018383
0.016873,0.002009,0.060270,0.081066,0.021010,0.004111,0.053029,0.054840
