vet-ins,vet-fnd,avl-ins,avl-fnd,hst-ins,hst-fnd,htr-ins,htr-fnd
0.000557,0.000021,0.001905,0.000670,0.000790,0.003182,0.002040,0.000718
0.002213,0.000189,0.011643,0.007890,0.003595,0.190554,0.014846,0.010196
0.004436,0.000216,0.025729,0.008763,0.006922,0.290374,0.029618,0.009808
0.008259,0.000590,0.059621,0.024659,0.013193,0.724826,0.061900,0.025591
0.007849,0.001640,0.059279,0.080798,0.014090,1.690267,0.060541,0.074188
