vet-ins,vet-fnd,avl-ins,avl-fnd,hst-ins,hst-fnd,htr-ins,htr-fnd
0.002087,0.000066,0.005562,0.002010,0.003030,0.000135,0.004051,0.001234
0.004949,0.000262,0.012920,0.008754,0.005444,0.000544,0.010142,0.005404
0.007034,0.000263,0.026391,0.009327,0.010473,0.000590,0.022135,0.005997
0.013182,0.000655,0.069096,0.026990,0.019674,0.001349,0.051556,0.018218
0.021055,0.001969,0.061091,0.079249,0.018649,0.004121,0.052214,0.054097
