vet-ins,vet-fnd,avl-ins,avl-fnd,hst-ins,hst-fnd,htr-ins,htr-fnd
0.000945,0.000033,0.002626,0.000882,0.001364,0.000063,0.001815,0.000435
0.003998,0.000262,0.014395,0.009745,0.005401,0.000542,0.010623,0.005686
0.006277,0.000262,0.025866,0.009311,0.010166,0.000543,0.023073,0.006483
0.013066,0.000655,0.067579,0.026831,0.019710,0.001353,0.052060,0.017973
0.016745,0.001967,0.060141,0.079316,0.018621,0.004086,0.051666,0.053534
