vet-ins,vet-fnd,avl-ins,avl-fnd,hst-ins,hst-fnd,htr-ins,htr-fnd
0.002119,0.000072,0.005913,0.002051,0.003117,0.000147,0.004361,0.001186
0.003981,0.000262,0.012627,0.008715,0.005377,0.000540,0.010134,0.005406
0.006660,0.000263,0.026018,0.009275,0.010469,0.000540,0.022152,0.005992
0.012736,0.000655,0.058665,0.025864,0.019639,0.001369,0.056976,0.018085
0.016508,0.001971,0.068113,0.079106,0.018536,0.004053,0.056658,0.058865
