vet-ins,vet-fnd,avl-ins,avl-fnd,hst-ins,hst-fnd,htr-ins,htr-fnd
0.001421,0.000047,0.003301,0.001247,0.002015,0.000094,0.002644,0.000665
0.005706,0.000427,0.016008,0.008693,0.005885,0.000539,0.010388,0.005472
0.006486,0.000269,0.028136,0.010103,0.011613,0.000537,0.024627,0.006726
0.013818,0.000670,0.058896,0.025716,0.022093,0.001346,0.053580,0.018514
0.016914,0.002011,0.061571,0.078235,0.020725,0.004103,0.054429,0.059733
