vet-ins,vet-fnd,avl-ins,avl-fnd,hst-ins,hst-fnd,htr-ins,htr-fnd
0.000549,0.000021,0.001987,0.000702,0.000819,0.004325,0.002134,0.000706
0.002399,0.000200,0.011590,0.008109,0.003741,0.194451,0.013795,0.008735
0.003905,0.000203,0.025550,0.008627,0.006994,0.289489,0.028326,0.009147
0.008085,0.000493,0.058398,0.026407,0.013633,0.726093,0.061173,0.025776
0.007598,0.001482,0.059537,0.074244,0.013593,1.655830,0.060650,0.072621
