vet-ins,vet-fnd,avl-ins,avl-fnd,hst-ins,hst-fnd,htr-ins,htr-fnd
0.000934,0.000031,0.002563,0.000883,0.001358,0.000063,0.001871,0.000508
0.004224,0.000307,0.014514,0.010314,0.006312,0.000634,0.011833,0.006321
0.007225,0.000307,0.030925,0.010869,0.011878,0.000639,0.025990,0.007174
0.015164,0.000768,0.069180,0.030514,0.023243,0.001588,0.056411,0.018310
0.018869,0.002311,0.066900,0.078990,0.018603,0.004134,0.050953,0.052200
