vet-ins,vet-fnd,avl-ins,avl-fnd,hst-ins,hst-fnd,htr-ins,htr-fnd
0.001987,0.000067,0.005851,0.001995,0.003363,0.000158,0.004266,0.001085
0.004470,0.000268,0.014031,0.009716,0.006766,0.000632,0.012013,0.006238
0.006974,0.000345,0.026854,0.009179,0.011901,0.000539,0.023016,0.006066
0.013757,0.000680,0.060962,0.027819,0.029463,0.002277,0.055347,0.018237
0.018518,0.002009,0.064738,0.081876,0.021839,0.004047,0.055875,0.058717
