vet-ins,vet-fnd,avl-ins,avl-fnd,hst-ins,hst-fnd,htr-ins,htr-fnd
0.002095,0.000078,0.005732,0.002009,0.002994,0.000135,0.004169,0.001202
0.004517,0.000263,0.012598,0.008751,0.005978,0.000543,0.010677,0.005439
0.006404,0.000262,0.025792,0.009303,0.010206,0.000541,0.022177,0.006072
0.012702,0.000661,0.058747,0.026405,0.019731,0.001354,0.054022,0.018976
0.016392,0.001972,0.061151,0.086165,0.018561,0.004087,0.050647,0.053252
