vet-ins,vet-fnd,avl-ins,avl-fnd,hst-ins,hst-fnd,htr-ins,htr-fnd
0.000798,0.000029,0.002467,0.000756,0.001343,0.000063,0.001785,0.000488
0.005437,0.000384,0.019016,0.009338,0.005613,0.000670,0.010780,0.005488
0.006267,0.000262,0.025729,0.009240,0.010586,0.000544,0.022372,0.005992
0.014639,0.000775,0.063756,0.026979,0.019711,0.001350,0.051755,0.017894
0.017504,0.001976,0.059803,0.079644,0.018927,0.004105,0.052067,0.053060
