vet-ins,vet-fnd,avl-ins,avl-fnd,hst-ins,hst-fnd,htr-ins,htr-fnd
0.001959,0.000065,0.005215,0.001814,0.003019,0.000130,0.003895,0.001055
0.006712,0.000371,0.012642,0.008665,0.005907,0.000540,0.010377,0.005476
0.006507,0.000268,0.028118,0.010050,0.011263,0.000549,0.023151,0.006462
0.013472,0.000674,0.059588,0.025978,0.022061,0.001349,0.053574,0.019206
0.016722,0.002009,0.063421,0.078555,0.020751,0.004053,0.055212,0.059029
