vet-ins,vet-fnd,avl-ins,avl-fnd,hst-ins,hst-fnd,htr-ins,htr-fnd
0.001369,0.000047,0.003682,0.001267,0.002175,0.000090,0.002620,0.000764
0.006104,0.000392,0.016581,0.008644,0.005874,0.000540,0.011330,0.006084
0.006539,0.000268,0.026892,0.010266,0.012934,0.000693,0.025508,0.006074
0.013112,0.000670,0.060977,0.026290,0.021766,0.001345,0.055266,0.018519
0.016581,0.002005,0.060943,0.081000,0.021351,0.004104,0.054665,0.055312
