vet-ins,vet-fnd,avl-ins,avl-fnd,hst-ins,hst-fnd,htr-ins,htr-fnd
0.001955,0.000065,0.005340,0.001805,0.003026,0.000131,0.003946,0.001055
0.005746,0.000267,0.013410,0.009651,0.006565,0.000674,0.011768,0.005687
0.006582,0.000269,0.026730,0.009581,0.011648,0.000539,0.022878,0.006068
0.013113,0.000669,0.066465,0.029137,0.022530,0.001400,0.053693,0.017768
0.016549,0.002012,0.066054,0.079551,0.020726,0.004052,0.056201,0.056772
