vet-ins,vet-fnd,avl-ins,avl-fnd,hst-ins,hst-fnd,htr-ins,htr-fnd
0.000937,0.000033,0.002612,0.000926,0.001177,0.000054,0.001836,0.000529
0.004025,0.000262,0.013847,0.009505,0.005401,0.000540,0.010134,0.005380
0.006275,0.000263,0.026213,0.009256,0.010244,0.000536,0.022938,0.006006
0.013391,0.000813,0.059766,0.026090,0.019995,0.001349,0.051953,0.017825
0.016414,0.001966,0.059998,0.081600,0.018645,0.004126,0.051945,0.059117
