vet-ins,vet-fnd,avl-ins,avl-fnd,hst-ins,hst-fnd,htr-ins,htr-fnd
0.000894,0.000031,0.002470,0.000805,0.001520,0.000067,0.001857,0.000511
0.004176,0.000320,0.013857,0.009019,0.005931,0.000539,0.010458,0.005460
0.006961,0.000272,0.026972,0.009505,0.011921,0.000540,0.025964,0.007096
0.013087,0.000682,0.060376,0.026310,0.022115,0.001351,0.055435,0.018974
0.017243,0.002348,0.060743,0.077951,0.020745,0.004206,0.057824,0.053612
