vet-ins,vet-fnd,avl-ins,avl-fnd,hst-ins,hst-fnd,htr-ins,htr-fnd
0.001139,0.000037,0.003066,0.001032,0.001748,0.000075,0.002259,0.000602
0.005022,0.000391,0.017308,0.008905,0.005902,0.000557,0.010402,0.005443
0.006433,0.000268,0.026579,0.011036,0.011995,0.000676,0.023462,0.006059
0.013863,0.000704,0.059424,0.025658,0.022368,0.001346,0.058465,0.018313
0.016770,0.002004,0.060169,0.080990,0.020766,0.004064,0.052746,0.053360
