vet-ins,vet-fnd,avl-ins,avl-fnd,hst-ins,hst-fnd,htr-ins,htr-fnd
0.000818,0.000027,0.002217,0.000749,0.001262,0.000054,0.001678,0.000513
0.003938,0.000268,0.013664,0.008971,0.006167,0.000539,0.010321,0.005463
0.007333,0.000313,0.029294,0.009948,0.012400,0.000537,0.024649,0.006798
0.014928,0.000746,0.067380,0.028785,0.024113,0.001541,0.057175,0.019000
0.016726,0.002011,0.061341,0.082590,0.023296,0.004357,0.053940,0.054738
