vet-ins,vet-fnd,avl-ins,avl-fnd,hst-ins,hst-fnd,htr-ins,htr-fnd
0.000880,0.000031,0.002620,0.000745,0.001337,0.000064,0.001926,0.000510
0.003670,0.000277,0.012989,0.008959,0.006380,0.000645,0.010631,0.006304
0.007548,0.000325,0.029492,0.010516,0.011366,0.000543,0.023143,0.006101
0.014329,0.000669,0.060505,0.027013,0.021887,0.001348,0.056296,0.019076
0.016875,0.002006,0.060489,0.082148,0.022702,0.004667,0.057508,0.056401
