vet-ins,vet-fnd,avl-ins,avl-fnd,hst-ins,hst-fnd,htr-ins,htr-fnd
0.000526,0.000020,0.001905,0.000659,0.000788,0.003165,0.002068,0.000664
0.002307,0.000189,0.011454,0.007835,0.003664,0.146474,0.012838,0.008551
0.003858,0.000204,0.025777,0.008879,0.007077,0.224931,0.028132,0.008980
0.008520,0.000484,0.061902,0.024299,0.013449,0.543989,0.060380,0.024291
0.007524,0.001443,0.058475,0.072542,0.012627,2.203737,0.063208,0.085583
