vet-ins,vet-fnd,avl-ins,avl-fnd,hst-ins,hst-fnd,htr-ins,htr-fnd
0.000962,0.000033,0.002659,0.000862,0.001179,0.000063,0.001887,0.000436
0.003931,0.000267,0.013995,0.009357,0.005420,0.000540,0.010070,0.005415
0.006286,0.000263,0.026208,0.009799,0.011873,0.000598,0.024809,0.006957
0.013355,0.000656,0.058766,0.026905,0.019754,0.001352,0.057282,0.020004
0.016395,0.001971,0.059655,0.084336,0.019285,0.004106,0.050924,0.053554
