vet-ins,vet-fnd,avl-ins,avl-fnd,hst-ins,hst-fnd,htr-ins,htr-fnd
0.000904,0.000031,0.003581,0.001144,0.002148,0.000079,0.002772,0.000695
0.006063,0.000469,0.016920,0.008643,0.005908,0.000539,0.010509,0.005468
0.007443,0.000335,0.029473,0.009939,0.011649,0.000539,0.023750,0.006173
0.013373,0.000670,0.059647,0.025859,0.022388,0.001655,0.055436,0.018525
0.016438,0.002012,0.062995,0.081432,0.020714,0.004080,0.054240,0.053636
