vet-ins,vet-fnd,avl-ins,avl-fnd,hst-ins,hst-fnd,htr-ins,htr-fnd
0.002064,0.000079,0.005644,0.002033,0.003242,0.000136,0.004204,0.001097
0.004666,0.000267,0.012309,0.008998,0.005896,0.000541,0.010330,0.005435
0.009086,0.000313,0.028310,0.009214,0.011235,0.000539,0.022690,0.006042
0.013167,0.000672,0.060253,0.026895,0.023882,0.001619,0.058258,0.018090
0.017576,0.002353,0.064878,0.081615,0.022697,0.004095,0.053723,0.056259
