vet-ins,vet-fnd,avl-ins,avl-fnd,hst-ins,hst-fnd,htr-ins,htr-fnd
0.000565,0.000019,0.001889,0.000661,0.000882,0.003095,0.002072,0.000668
0.002320,0.000190,0.011391,0.007833,0.003660,0.141889,0.012379,0.007963
0.004048,0.000202,0.025725,0.008665,0.007163,0.224329,0.027243,0.008676
0.008162,0.000488,0.058229,0.024183,0.013075,0.729665,0.063444,0.025468
0.007573,0.001421,0.058429,0.072861,0.013059,2.175383,0.062433,0.079298
