vet-ins,vet-fnd,avl-ins,avl-fnd,hst-ins,hst-fnd,htr-ins,htr-fnd
0.000532,0.000020,0.001945,0.000668,0.000760,0.004180,0.002195,0.000703
0.002312,0.000188,0.011464,0.008083,0.003889,0.187557,0.013514,0.008463
0.003896,0.000205,0.029007,0.009510,0.007019,0.294868,0.030299,0.010189
0.008117,0.000493,0.059171,0.025375,0.014135,0.548277,0.061020,0.024377
0.008493,0.001845,0.062201,0.074702,0.013594,1.667239,0.059847,0.072059
