vet-ins,vet-fnd,avl-ins,avl-fnd,hst-ins,hst-fnd,htr-ins,htr-fnd
0.000898,0.000032,0.002511,0.000842,0.001511,0.000068,0.001645,0.000513
0.004162,0.000323,0.013816,0.009042,0.005883,0.000543,0.010693,0.005962
0.006476,0.000272,0.026794,0.010403,0.012553,0.000542,0.025595,0.006490
0.015020,0.000689,0.064776,0.029936,0.024097,0.001629,0.056405,0.017804
0.019224,0.002493,0.065260,0.078696,0.020771,0.004071,0.057293,0.055710
