vet-ins,vet-fnd,avl-ins,avl-fnd,hst-ins,hst-fnd,htr-ins,htr-fnd
0.000793,0.000026,0.002199,0.000753,0.001165,0.000057,0.001908,0.000516
0.003607,0.000263,0.012457,0.008734,0.006031,0.000597,0.011783,0.006064
0.006767,0.000263,0.026865,0.009759,0.010237,0.000546,0.022604,0.006062
0.013322,0.000655,0.060542,0.030489,0.021852,0.001355,0.053681,0.018112
0.016882,0.001968,0.061385,0.080101,0.019033,0.004121,0.052254,0.054018
