vet-ins,vet-fnd,avl-ins,avl-fnd,hst-ins,hst-fnd,htr-ins,htr-fnd
0.000536,0.000020,0.001910,0.000665,0.000828,0.003194,0.002054,0.000698
0.002318,0.000188,0.011401,0.007912,0.003669,0.141803,0.012415,0.007938
0.003995,0.000200,0.025568,0.008715,0.007069,0.223034,0.026902,0.008647
0.008214,0.000495,0.058140,0.024345,0.013745,0.541998,0.060164,0.024554
0.007804,0.001426,0.061679,0.073944,0.012321,2.199649,0.060881,0.074888
