vet-ins,vet-fnd,avl-ins,avl-fnd,hst-ins,hst-fnd,htr-ins,htr-fnd
0.002086,0.000066,0.005771,0.001961,0.003014,0.000134,0.004190,0.001263
0.005248,0.000263,0.012344,0.008738,0.005367,0.000544,0.010042,0.005391
0.006649,0.000307,0.027288,0.010328,0.011377,0.000585,0.024396,0.007791
0.013685,0.000656,0.059799,0.027051,0.020394,0.001337,0.053091,0.017775
0.016281,0.001994,0.060458,0.079362,0.018550,0.004019,0.050807,0.053910
