vet-ins,vet-fnd,avl-ins,avl-fnd,hst-ins,hst-fnd,htr-ins,htr-fnd
0.002020,0.000066,0.005781,0.001981,0.002981,0.000135,0.005160,0.001082
0.004463,0.000307,0.014219,0.009034,0.005570,0.000648,0.011311,0.005902
0.006503,0.000270,0.026001,0.009475,0.010249,0.000540,0.022287,0.006026
0.012951,0.000655,0.059925,0.026129,0.019735,0.001354,0.052133,0.018028
0.016420,0.001966,0.059634,0.080346,0.019397,0.004077,0.051668,0.054034
