vet-ins,vet-fnd,avl-ins,avl-fnd,hst-ins,hst-fnd,htr-ins,htr-fnd
0.002205,0.000073,0.006022,0.002028,0.003402,0.000146,0.004375,0.001186
0.004720,0.000267,0.012532,0.008641,0.005889,0.000539,0.011691,0.006154
0.006608,0.000314,0.028542,0.009562,0.011294,0.000631,0.022861,0.006060
0.013202,0.000669,0.066134,0.025875,0.022126,0.001345,0.053069,0.019653
0.018126,0.002336,0.062607,0.080373,0.022146,0.004152,0.054871,0.058312
