vet-ins,vet-fnd,avl-ins,avl-fnd,hst-ins,hst-fnd,htr-ins,htr-fnd
0.000820,0.000027,0.002326,0.000875,0.001536,0.000068,0.001760,0.000487
0.004213,0.000318,0.014167,0.009065,0.006608,0.000665,0.011917,0.006354
0.006868,0.000314,0.027794,0.009218,0.011255,0.000544,0.023209,0.006070
0.013643,0.000774,0.062213,0.028759,0.023403,0.001621,0.056634,0.018136
0.017027,0.002004,0.064811,0.081578,0.022111,0.004565,0.057702,0.060168
