vet-ins,vet-fnd,avl-ins,avl-fnd,hst-ins,hst-fnd,htr-ins,htr-fnd
0.000792,0.000027,0.002188,0.000750,0.001168,0.000053,0.001626,0.000435
0.003560,0.000262,0.012379,0.008735,0.005415,0.000536,0.010125,0.005418
0.006766,0.000307,0.027309,0.009559,0.010221,0.000536,0.022455,0.006035
0.013374,0.000656,0.066824,0.026461,0.019639,0.001341,0.051476,0.018305
0.017329,0.002159,0.062534,0.078972,0.018632,0.004092,0.051345,0.054133
