vet-ins,vet-fnd,avl-ins,avl-fnd,hst-ins,hst-fnd,htr-ins,htr-fnd
0.000554,0.000020,0.001971,0.000699,0.000841,0.003339,0.002142,0.000716
0.002343,0.000189,0.011361,0.007855,0.003633,0.141897,0.012403,0.008442
0.003938,0.000201,0.025803,0.008688,0.006897,0.290984,0.027572,0.009132
0.008369,0.000506,0.058480,0.024278,0.012949,0.727049,0.060918,0.024953
0.008067,0.001535,0.059216,0.073178,0.012885,2.200775,0.062552,0.076402
