vet-ins,vet-fnd,avl-ins,avl-fnd,hst-ins,hst-fnd,htr-ins,htr-fnd
0.000830,0.000026,0.002175,0.000751,0.001169,0.000063,0.001906,0.000488
0.003686,0.000262,0.012705,0.009119,0.005396,0.000540,0.010114,0.005401
0.006350,0.000262,0.025810,0.009247,0.010519,0.000534,0.022095,0.006407
0.013034,0.000761,0.059060,0.026113,0.020531,0.001399,0.056921,0.018650
0.016380,0.001967,0.060735,0.086823,0.019491,0.004223,0.051931,0.053627
