vet-ins,vet-fnd,avl-ins,avl-fnd,hst-ins,hst-fnd,htr-ins,htr-fnd
0.000550,0.000019,0.001880,0.000668,0.000859,0.003148,0.002054,0.000672
0.002435,0.000195,0.011474,0.008051,0.003820,0.144196,0.013289,0.008401
0.004038,0.000204,0.025986,0.008749,0.007257,0.222972,0.026812,0.008682
0.008123,0.000494,0.058743,0.024308,0.013432,0.547923,0.060060,0.024197
0.007578,0.001426,0.059026,0.073281,0.013191,1.665597,0.060681,0.072621
