vet-ins,vet-fnd,avl-ins,avl-fnd,hst-ins,hst-fnd,htr-ins,htr-fnd
0.000988,0.000033,0.002241,0.000880,0.001453,0.000054,0.001779,0.000543
0.004235,0.000268,0.013134,0.009712,0.006665,0.000541,0.010747,0.005760
0.007252,0.000268,0.026056,0.009554,0.011310,0.000542,0.025025,0.006507
0.014713,0.000783,0.064892,0.027165,0.022092,0.001355,0.057397,0.018409
0.017367,0.002011,0.060851,0.081315,0.023713,0.004257,0.059953,0.056710
