vet-ins,vet-fnd,avl-ins,avl-fnd,hst-ins,hst-fnd,htr-ins,htr-fnd
0.000523,0.000019,0.001866,0.000665,0.000764,0.004185,0.002130,0.000707
0.002312,0.000191,0.011309,0.007880,0.003586,0.187251,0.012974,0.008366
0.004006,0.000205,0.025411,0.008722,0.007126,0.293991,0.029578,0.009279
0.008203,0.000498,0.062957,0.026544,0.013768,0.732112,0.061224,0.024985
0.007505,0.001483,0.057894,0.076623,0.012724,2.164186,0.062902,0.077879
