vet-ins,vet-fnd,avl-ins,avl-fnd,hst-ins,hst-fnd,htr-ins,htr-fnd
0.000526,0.000020,0.001928,0.000674,0.000760,0.004226,0.002148,0.000704
0.002307,0.000188,0.011366,0.007833,0.003586,0.186861,0.012861,0.008346
0.004076,0.000199,0.025572,0.008574,0.006709,0.290642,0.028438,0.009133
0.008113,0.000487,0.058368,0.024226,0.013289,0.726949,0.061685,0.025217
0.007549,0.001456,0.058524,0.073418,0.012736,2.189293,0.061500,0.075329
