vet-ins,vet-fnd,avl-ins,avl-fnd,hst-ins,hst-fnd,htr-ins,htr-fnd
0.000931,0.000031,0.002557,0.000876,0.001375,0.000064,0.001868,0.000515
0.004029,0.000327,0.014173,0.009672,0.005881,0.000540,0.010452,0.005414
0.006266,0.000262,0.025951,0.009261,0.010239,0.000540,0.022036,0.006049
0.012967,0.000656,0.060370,0.026336,0.019982,0.001349,0.051923,0.017994
0.016343,0.001969,0.059424,0.080843,0.019055,0.004077,0.051766,0.053991
