vet-ins,vet-fnd,avl-ins,avl-fnd,hst-ins,hst-fnd,htr-ins,htr-fnd
0.000797,0.000027,0.002167,0.000755,0.001160,0.000054,0.001890,0.000475
0.003553,0.000262,0.012259,0.009251,0.005836,0.000535,0.010521,0.005891
0.006816,0.000263,0.026991,0.009421,0.010625,0.000536,0.024219,0.006024
0.014714,0.000765,0.064441,0.029782,0.021146,0.001384,0.052620,0.018308
0.016389,0.001973,0.063879,0.080131,0.018968,0.004154,0.051264,0.054071
