vet-ins,vet-fnd,avl-ins,avl-fnd,hst-ins,hst-fnd,htr-ins,htr-fnd
0.000890,0.000027,0.002215,0.000746,0.001319,0.000063,0.001956,0.000464
0.003813,0.000267,0.013568,0.009088,0.006067,0.000663,0.010805,0.005442
0.006849,0.000269,0.026222,0.009160,0.011671,0.000540,0.022957,0.006059
0.013162,0.000668,0.060877,0.025964,0.022188,0.001351,0.054050,0.018030
0.019245,0.002351,0.069816,0.087646,0.024422,0.004750,0.061096,0.062892
