vet-ins,vet-fnd,avl-ins,avl-fnd,hst-ins,hst-fnd,htr-ins,htr-fnd
0.000623,0.000020,0.001911,0.000701,0.000826,0.003179,0.002058,0.000667
0.002347,0.000190,0.011587,0.007851,0.003680,0.141513,0.012495,0.007958
0.004001,0.000203,0.025562,0.008659,0.007262,0.223713,0.026729,0.008599
0.008204,0.000490,0.061488,0.024414,0.013158,0.728729,0.061764,0.026211
0.007483,0.001424,0.060643,0.074230,0.013684,1.687308,0.063067,0.079595
