vet-ins,vet-fnd,avl-ins,avl-fnd,hst-ins,hst-fnd,htr-ins,htr-fnd
0.000952,0.000033,0.002462,0.000888,0.001386,0.000054,0.001816,0.000510
0.004076,0.000268,0.013921,0.009453,0.005904,0.000537,0.010443,0.005453
0.006695,0.000269,0.027205,0.009602,0.012499,0.000636,0.026437,0.006990
0.014755,0.000736,0.062600,0.026969,0.022187,0.001348,0.054522,0.018809
0.018265,0.002210,0.061278,0.081855,0.021486,0.004547,0.057049,0.061113
