vet-ins,vet-fnd,avl-ins,avl-fnd,hst-ins,hst-fnd,htr-ins,htr-fnd
0.002027,0.000067,0.005846,0.001960,0.003236,0.000158,0.004331,0.001081
0.004491,0.000269,0.012691,0.009167,0.006159,0.000552,0.012986,0.005958
0.007047,0.000336,0.026841,0.009222,0.011247,0.000536,0.026241,0.006047
0.014968,0.000792,0.063871,0.025796,0.021812,0.001343,0.064181,0.018862
0.018475,0.002343,0.068997,0.092315,0.024331,0.004781,0.066199,0.061230
