vet-ins,vet-fnd,avl-ins,avl-fnd,hst-ins,hst-fnd,htr-ins,htr-fnd
0.000562,0.000020,0.001872,0.000671,0.000761,0.004271,0.002128,0.000704
0.002349,0.000203,0.011488,0.008002,0.003639,0.190994,0.013391,0.008472
0.004087,0.000199,0.025653,0.008709,0.007156,0.222871,0.026636,0.008625
0.008103,0.000490,0.059012,0.024292,0.013766,0.548617,0.060059,0.024219
0.007652,0.001463,0.058909,0.073984,0.012355,2.209173,0.059974,0.074679
