vet-ins,vet-fnd,avl-ins,avl-fnd,hst-ins,hst-fnd,htr-ins,htr-fnd
0.000526,0.000020,0.001916,0.000667,0.000762,0.004248,0.002135,0.000708
0.002308,0.000188,0.011415,0.007870,0.003588,0.187892,0.013000,0.009475
0.004196,0.000204,0.025843,0.008666,0.007089,0.291035,0.028134,0.009101
0.008275,0.000502,0.058582,0.024640,0.013359,0.729433,0.061093,0.025616
0.007849,0.001492,0.059175,0.073946,0.013710,1.658020,0.059480,0.072509
