vet-ins,vet-fnd,avl-ins,avl-fnd,hst-ins,hst-fnd,htr-ins,htr-fnd
0.000532,0.000019,0.001879,0.000690,0.000779,0.004236,0.002098,0.000697
0.002140,0.000189,0.011501,0.007918,0.003605,0.188342,0.013352,0.008448
0.004177,0.000201,0.025571,0.008657,0.006976,0.287869,0.028358,0.009115
0.008104,0.000489,0.058137,0.024228,0.013165,0.718838,0.063276,0.026418
0.007989,0.001509,0.059375,0.073472,0.013101,2.176591,0.062429,0.075836
