vet-ins,vet-fnd,avl-ins,avl-fnd,hst-ins,hst-fnd,htr-ins,htr-fnd
0.002205,0.000079,0.005913,0.001901,0.003307,0.000158,0.004312,0.001081
0.005078,0.000314,0.012742,0.008941,0.006512,0.000585,0.011351,0.005779
0.006426,0.000269,0.026174,0.009128,0.011676,0.000700,0.023179,0.006030
0.013339,0.000671,0.060865,0.028484,0.023770,0.001383,0.054129,0.018127
0.018170,0.002010,0.061308,0.085861,0.022282,0.004035,0.055296,0.056198
