vet-ins,vet-fnd,avl-ins,avl-fnd,hst-ins,hst-fnd,htr-ins,htr-fnd
0.000793,0.000026,0.002186,0.000873,0.001326,0.000054,0.001697,0.000510
0.005269,0.000458,0.019453,0.009737,0.006110,0.000633,0.011596,0.005412
0.006762,0.000263,0.025867,0.009232,0.010222,0.000542,0.022095,0.006031
0.012737,0.000655,0.064091,0.027191,0.019725,0.001350,0.052278,0.018019
0.016766,0.001965,0.060536,0.078434,0.019693,0.004113,0.051477,0.053291
