vet-ins,vet-fnd,avl-ins,avl-fnd,hst-ins,hst-fnd,htr-ins,htr-fnd
0.000586,0.000019,0.001879,0.000666,0.000811,0.003145,0.002064,0.000670
0.002356,0.000188,0.011456,0.007969,0.003752,0.142304,0.012782,0.009184
0.003980,0.000202,0.025857,0.008751,0.007155,0.223336,0.026822,0.008684
0.008154,0.000485,0.061911,0.024690,0.013141,0.548798,0.061045,0.024014
0.007515,0.001451,0.063267,0.086384,0.013973,1.675215,0.067877,0.072323
