vet-ins,vet-fnd,avl-ins,avl-fnd,hst-ins,hst-fnd,htr-ins,htr-fnd
0.000530,0.000020,0.001874,0.000680,0.000794,0.003080,0.002024,0.000675
0.002321,0.000193,0.011451,0.007946,0.003862,0.141948,0.012408,0.008934
0.003991,0.000204,0.025927,0.008687,0.007273,0.223243,0.026924,0.008653
0.008026,0.000485,0.062551,0.024865,0.013562,0.548454,0.059553,0.024198
0.007567,0.001442,0.058127,0.072598,0.013103,1.682036,0.059551,0.071521
