vet-ins,vet-fnd,avl-ins,avl-fnd,hst-ins,hst-fnd,htr-ins,htr-fnd
0.000553,0.000020,0.001959,0.000709,0.000833,0.003267,0.002148,0.000702
0.002375,0.000193,0.011483,0.007977,0.003690,0.142100,0.012300,0.008066
0.004107,0.000195,0.025762,0.008674,0.007289,0.227557,0.026699,0.008622
0.008057,0.000488,0.058333,0.024359,0.013554,0.548306,0.059602,0.024193
0.007918,0.001429,0.058218,0.076299,0.012362,2.191756,0.059590,0.074565
