vet-ins,vet-fnd,avl-ins,avl-fnd,hst-ins,hst-fnd,htr-ins,htr-fnd
0.002028,0.000079,0.005760,0.002081,0.003261,0.000135,0.004138,0.001122
0.005853,0.000314,0.012639,0.008607,0.005889,0.000540,0.010743,0.005855
0.006517,0.000268,0.027155,0.011379,0.012795,0.000538,0.023842,0.006041
0.013124,0.000668,0.060612,0.029619,0.023748,0.001563,0.057037,0.018397
0.017292,0.002145,0.060821,0.079049,0.021176,0.004048,0.053790,0.056439
