vet-ins,vet-fnd,avl-ins,avl-fnd,hst-ins,hst-fnd,htr-ins,htr-fnd
0.000935,0.000033,0.002465,0.000847,0.001491,0.000054,0.001704,0.000526
0.003910,0.000268,0.012767,0.008923,0.006198,0.000542,0.010227,0.005438
0.007071,0.000314,0.028037,0.010358,0.013005,0.000544,0.024292,0.006466
0.013710,0.000722,0.059544,0.026617,0.023630,0.001352,0.056052,0.018744
0.018243,0.002336,0.066954,0.084098,0.021224,0.004046,0.052486,0.055682
