vet-ins,vet-fnd,avl-ins,avl-fnd,hst-ins,hst-fnd,htr-ins,htr-fnd
0.002118,0.000072,0.005999,0.002041,0.003140,0.000148,0.004365,0.001178
0.004575,0.000262,0.012560,0.008717,0.005391,0.000542,0.010194,0.005398
0.006384,0.000263,0.026347,0.009253,0.010180,0.000540,0.024293,0.006758
0.012693,0.000655,0.060891,0.029339,0.022337,0.001348,0.052180,0.017662
0.016170,0.001971,0.067466,0.079855,0.018663,0.004048,0.051943,0.053404
