vet-ins,vet-fnd,avl-ins,avl-fnd,hst-ins,hst-fnd,htr-ins,htr-fnd
0.000934,0.000033,0.002425,0.000912,0.001223,0.000054,0.001859,0.000469
0.003917,0.000266,0.013717,0.009453,0.005374,0.000537,0.010044,0.005386
0.006572,0.000264,0.025918,0.009307,0.010159,0.000537,0.024074,0.006813
0.012704,0.000661,0.059271,0.026183,0.019716,0.001344,0.051979,0.017914
0.016458,0.001974,0.060211,0.080513,0.018615,0.004037,0.051258,0.053245
