vet-ins,vet-fnd,avl-ins,avl-fnd,hst-ins,hst-fnd,htr-ins,htr-fnd
0.000884,0.000032,0.002498,0.000800,0.001513,0.000068,0.001697,0.000525
0.003909,0.000268,0.012700,0.008981,0.005908,0.000542,0.010458,0.005568
0.006524,0.000269,0.026615,0.009226,0.011254,0.000541,0.022917,0.006165
0.014237,0.000668,0.061384,0.028074,0.022610,0.001482,0.053316,0.018397
0.017370,0.002031,0.067988,0.082439,0.021150,0.004063,0.057227,0.057386
