vet-ins,vet-fnd,avl-ins,avl-fnd,hst-ins,hst-fnd,htr-ins,htr-fnd
0.000540,0.000019,0.001866,0.000663,0.000779,0.004167,0.002110,0.000709
0.002356,0.000189,0.011383,0.007911,0.003659,0.188104,0.013290,0.008395
0.004020,0.000204,0.025474,0.008668,0.007088,0.290327,0.028037,0.009039
0.008418,0.000593,0.058891,0.024202,0.012728,0.726709,0.059711,0.024605
0.007528,0.001440,0.060052,0.072599,0.012670,2.156566,0.061479,0.079239
