vet-ins,vet-fnd,avl-ins,avl-fnd,hst-ins,hst-fnd,htr-ins,htr-fnd
0.002135,0.000068,0.005779,0.001926,0.003249,0.000135,0.005049,0.001094
0.004869,0.000268,0.012869,0.008664,0.006579,0.000632,0.013697,0.006047
0.007184,0.000268,0.026806,0.009538,0.011221,0.000539,0.028799,0.006361
0.013125,0.000668,0.061193,0.030459,0.024830,0.001447,0.065348,0.020897
0.016576,0.002009,0.063945,0.078426,0.020755,0.004053,0.058195,0.054665
