vet-ins,vet-fnd,avl-ins,avl-fnd,hst-ins,hst-fnd,htr-ins,htr-fnd
0.002128,0.000073,0.005961,0.002094,0.003283,0.000150,0.004399,0.001214
0.004211,0.000307,0.013567,0.009002,0.005968,0.000637,0.010731,0.005638
0.006226,0.000263,0.026954,0.010488,0.011646,0.000540,0.022702,0.006001
0.012834,0.000660,0.059259,0.028132,0.021200,0.001355,0.051602,0.018905
0.017082,0.001974,0.061948,0.084589,0.019778,0.004063,0.051539,0.053533
