vet-ins,vet-fnd,avl-ins,avl-fnd,hst-ins,hst-fnd,htr-ins,htr-fnd
0.000550,0.000020,0.002070,0.000660,0.000763,0.004177,0.002215,0.000708
0.002340,0.000188,0.011803,0.007974,0.003631,0.187190,0.013429,0.008374
0.004175,0.000202,0.026113,0.008742,0.006812,0.292017,0.029576,0.009312
0.008395,0.000531,0.059482,0.025481,0.013150,0.731995,0.062965,0.025177
0.007994,0.001535,0.059920,0.075181,0.012470,2.202583,0.061305,0.074801
