vet-ins,vet-fnd,avl-ins,avl-fnd,hst-ins,hst-fnd,htr-ins,htr-fnd
0.000829,0.000029,0.002198,0.000749,0.001255,0.000053,0.001802,0.000550
0.004036,0.000287,0.012474,0.008626,0.005894,0.000539,0.010485,0.005434
0.006783,0.000268,0.026559,0.009155,0.011236,0.000541,0.025186,0.006347
0.013221,0.000668,0.059125,0.027883,0.023215,0.001580,0.059484,0.018772
0.017669,0.002010,0.061012,0.082014,0.021733,0.004090,0.053580,0.055885
