vet-ins,vet-fnd,avl-ins,avl-fnd,hst-ins,hst-fnd,htr-ins,htr-fnd
0.002008,0.000065,0.005271,0.001836,0.003118,0.000143,0.003999,0.000991
0.005669,0.000267,0.012334,0.009486,0.006161,0.000674,0.011328,0.006353
0.007522,0.000269,0.027155,0.009543,0.011278,0.000539,0.024227,0.006138
0.013505,0.000670,0.060226,0.029822,0.024852,0.001426,0.053965,0.018096
0.019172,0.002274,0.067620,0.083825,0.023527,0.004944,0.063555,0.065403
