vet-ins,vet-fnd,avl-ins,avl-fnd,hst-ins,hst-fnd,htr-ins,htr-fnd
0.000791,0.000027,0.002178,0.000756,0.001178,0.000063,0.001864,0.000436
0.003570,0.000262,0.012791,0.009044,0.005539,0.000540,0.010056,0.005417
0.006368,0.000263,0.027126,0.009397,0.011487,0.000590,0.025651,0.007013
0.012650,0.000656,0.059649,0.026763,0.019715,0.001355,0.055959,0.019064
0.016745,0.001965,0.060500,0.081113,0.019685,0.004082,0.052376,0.054074
