vet-ins,vet-fnd,avl-ins,avl-fnd,hst-ins,hst-fnd,htr-ins,htr-fnd
0.000958,0.000031,0.002472,0.000872,0.001470,0.000054,0.001782,0.000510
0.004220,0.000313,0.014139,0.009449,0.006420,0.000540,0.010826,0.005453
0.006591,0.000267,0.029993,0.010269,0.011410,0.000540,0.024106,0.006255
0.013467,0.000668,0.060762,0.030366,0.022265,0.001347,0.060779,0.020867
0.017730,0.002245,0.060354,0.078872,0.024269,0.004754,0.061412,0.061846
