vet-ins,vet-fnd,avl-ins,avl-fnd,hst-ins,hst-fnd,htr-ins,htr-fnd
0.001227,0.000039,0.003086,0.001038,0.001741,0.000075,0.002254,0.000609
0.005029,0.000371,0.017120,0.010141,0.006881,0.000633,0.012220,0.006413
0.007739,0.000330,0.030975,0.010006,0.011278,0.000539,0.023287,0.006145
0.013141,0.000674,0.065775,0.029996,0.025438,0.001578,0.060694,0.018727
0.017909,0.002005,0.063857,0.089510,0.023299,0.004398,0.056205,0.055220
