vet-ins,vet-fnd,avl-ins,avl-fnd,hst-ins,hst-fnd,htr-ins,htr-fnd
0.000529,0.000020,0.001915,0.000670,0.000799,0.003172,0.002039,0.000691
0.002376,0.000192,0.011503,0.007977,0.003730,0.143848,0.012368,0.007874
0.004060,0.000201,0.025728,0.008692,0.007191,0.228137,0.026716,0.008652
0.008203,0.000503,0.058422,0.024694,0.013880,0.547328,0.060184,0.024221
0.007574,0.001462,0.058832,0.077200,0.012641,2.194191,0.063179,0.076446
