vet-ins,vet-fnd,avl-ins,avl-fnd,hst-ins,hst-fnd,htr-ins,htr-fnd
0.002191,0.000073,0.005890,0.002040,0.003393,0.000146,0.004346,0.001196
0.004477,0.000314,0.013010,0.008685,0.006292,0.000571,0.010308,0.005465
0.006750,0.000268,0.025887,0.009213,0.011706,0.000538,0.024009,0.006063
0.013083,0.000670,0.059016,0.027108,0.021815,0.001342,0.054674,0.017914
0.016604,0.002018,0.061328,0.087875,0.021129,0.004066,0.052258,0.055742
