vet-ins,vet-fnd,avl-ins,avl-fnd,hst-ins,hst-fnd,htr-ins,htr-fnd
0.001990,0.000067,0.005764,0.001882,0.002946,0.000134,0.004256,0.001125
0.005205,0.000262,0.012706,0.008785,0.005405,0.000535,0.010163,0.005390
0.006693,0.000263,0.026277,0.009560,0.011156,0.000536,0.023305,0.006006
0.012593,0.000657,0.059499,0.026040,0.019719,0.001338,0.052253,0.017881
0.016407,0.001975,0.063473,0.079615,0.018844,0.004093,0.055663,0.056218
