vet-ins,vet-fnd,avl-ins,avl-fnd,hst-ins,hst-fnd,htr-ins,htr-fnd
0.000924,0.000031,0.003177,0.001042,0.001613,0.000074,0.002197,0.000605
0.004629,0.000369,0.017061,0.009289,0.005782,0.000535,0.010057,0.005407
0.006395,0.000262,0.025874,0.009278,0.010236,0.000541,0.022297,0.006002
0.013053,0.000656,0.059187,0.026170,0.019737,0.001340,0.051693,0.018161
0.016395,0.001973,0.060217,0.085980,0.019583,0.004427,0.051475,0.053735
