vet-ins,vet-fnd,avl-ins,avl-fnd,hst-ins,hst-fnd,htr-ins,htr-fnd
0.000803,0.000027,0.003164,0.001046,0.001598,0.000074,0.002194,0.000605
0.004082,0.000307,0.013952,0.010312,0.006072,0.000661,0.011099,0.006487
0.006214,0.000263,0.026110,0.009270,0.010137,0.000537,0.021882,0.006035
0.012806,0.000660,0.060920,0.027209,0.019943,0.001337,0.051137,0.017788
0.016111,0.001966,0.060177,0.079955,0.021751,0.004729,0.056569,0.054415
