vet-ins,vet-fnd,avl-ins,avl-fnd,hst-ins,hst-fnd,htr-ins,htr-fnd
0.000804,0.000031,0.002616,0.000907,0.001381,0.000067,0.001684,0.000436
0.003543,0.000263,0.012338,0.008791,0.005389,0.000535,0.010059,0.005414
0.006988,0.000325,0.027688,0.009670,0.010495,0.000536,0.022815,0.006052
0.012648,0.000657,0.058840,0.026265,0.020140,0.001365,0.051692,0.018371
0.017013,0.002132,0.059431,0.079479,0.018635,0.004031,0.051382,0.055030
