vet-ins,vet-fnd,avl-ins,avl-fnd,hst-ins,hst-fnd,htr-ins,htr-fnd
0.000525,0.000020,0.001872,0.000670,0.000794,0.004293,0.002112,0.000702
0.002368,0.000194,0.012196,0.008240,0.003606,0.186797,0.013364,0.008476
0.004096,0.000201,0.025487,0.008818,0.007064,0.221147,0.026714,0.008846
0.008024,0.000493,0.058198,0.024425,0.013684,0.540561,0.059558,0.024172
0.007509,0.001450,0.061213,0.073890,0.012304,2.205509,0.059875,0.086510
