vet-ins,vet-fnd,avl-ins,avl-fnd,hst-ins,hst-fnd,htr-ins,htr-fnd
0.000869,0.000031,0.003471,0.001136,0.002174,0.000095,0.002694,0.000767
0.005857,0.000467,0.017082,0.008652,0.005898,0.000547,0.011675,0.006124
0.006405,0.000268,0.026763,0.009521,0.011906,0.000581,0.023395,0.006042
0.014477,0.000820,0.059517,0.025617,0.021837,0.001352,0.054255,0.017847
0.016886,0.002004,0.061543,0.080543,0.022320,0.004127,0.053071,0.052947
