vet-ins,vet-fnd,avl-ins,avl-fnd,hst-ins,hst-fnd,htr-ins,htr-fnd
0.002227,0.000075,0.006255,0.002087,0.003459,0.000150,0.004552,0.001203
0.004450,0.000272,0.013220,0.008738,0.006300,0.000536,0.010987,0.005865
0.006520,0.000269,0.028722,0.010772,0.012724,0.000574,0.026656,0.007174
0.015379,0.000832,0.072071,0.030692,0.025764,0.001572,0.063703,0.020641
0.018523,0.002015,0.067148,0.082602,0.021193,0.004098,0.054940,0.055886
