vet-ins,vet-fnd,avl-ins,avl-fnd,hst-ins,hst-fnd,htr-ins,htr-fnd
0.002113,0.000072,0.005919,0.002076,0.003127,0.000147,0.004312,0.001172
0.004050,0.000303,0.012710,0.010197,0.006041,0.000541,0.011294,0.005658
0.006596,0.000263,0.026989,0.009239,0.010559,0.000548,0.022299,0.005967
0.013606,0.000785,0.067433,0.026849,0.020353,0.001368,0.056651,0.018112
0.017783,0.002035,0.061397,0.081838,0.018617,0.004086,0.052867,0.052863
