vet-ins,vet-fnd,avl-ins,avl-fnd,hst-ins,hst-fnd,htr-ins,htr-fnd
0.000792,0.000026,0.002166,0.000752,0.001175,0.000063,0.001894,0.000494
0.003696,0.000262,0.013150,0.009140,0.005394,0.000541,0.010064,0.005404
0.006275,0.000263,0.025986,0.009398,0.010665,0.000663,0.022102,0.006026
0.012599,0.000664,0.061154,0.026540,0.019813,0.001344,0.051853,0.018699
0.016620,0.002003,0.058705,0.078823,0.018674,0.004835,0.054190,0.054087
