vet-ins,vet-fnd,avl-ins,avl-fnd,hst-ins,hst-fnd,htr-ins,htr-fnd
0.000549,0.000020,0.002221,0.000821,0.000879,0.003068,0.002024,0.000665
0.002341,0.000240,0.011971,0.008039,0.003717,0.142103,0.012185,0.007884
0.004026,0.000214,0.025432,0.008683,0.007117,0.224862,0.026674,0.008714
0.008111,0.000489,0.058087,0.024414,0.013789,0.546085,0.059761,0.024533
0.007619,0.001441,0.061636,0.073819,0.012357,2.189970,0.060059,0.074712
