vet-ins,vet-fnd,avl-ins,avl-fnd,hst-ins,hst-fnd,htr-ins,htr-fnd
0.002116,0.000067,0.005678,0.001926,0.003305,0.000158,0.004192,0.001086
0.004974,0.000268,0.012505,0.010140,0.006664,0.000620,0.011347,0.005460
0.006542,0.000321,0.029229,0.009922,0.011637,0.000541,0.023228,0.006114
0.013286,0.000818,0.060940,0.026016,0.021868,0.001347,0.054144,0.021382
0.016953,0.002006,0.061371,0.083616,0.023826,0.004060,0.054015,0.054191
