vet-ins,vet-fnd,avl-ins,avl-fnd,hst-ins,hst-fnd,htr-ins,htr-fnd
0.002030,0.000064,0.005626,0.001814,0.002877,0.000131,0.003840,0.001056
0.005909,0.000342,0.012705,0.008690,0.005455,0.000541,0.010034,0.005407
0.006291,0.000271,0.026015,0.012531,0.011073,0.000616,0.025587,0.006784
0.012645,0.000656,0.058521,0.026382,0.019778,0.001358,0.057985,0.018655
0.018153,0.003224,0.066966,0.081725,0.020830,0.004086,0.050880,0.059816
