vet-ins,vet-fnd,avl-ins,avl-fnd,hst-ins,hst-fnd,htr-ins,htr-fnd
0.002189,0.000073,0.005976,0.002026,0.003391,0.000147,0.004433,0.001187
0.004294,0.000322,0.013161,0.009342,0.005887,0.000541,0.010475,0.005635
0.006652,0.000268,0.026117,0.009208,0.011192,0.000539,0.023414,0.006773
0.013646,0.000668,0.061650,0.026103,0.022414,0.001347,0.054056,0.017862
0.016643,0.002009,0.060562,0.081159,0.020724,0.004057,0.053995,0.056173
