vet-ins,vet-fnd,avl-ins,avl-fnd,hst-ins,hst-fnd,htr-ins,htr-fnd
0.001902,0.000064,0.005247,0.001828,0.002823,0.000130,0.003887,0.001048
0.005106,0.000262,0.012380,0.008737,0.005776,0.000535,0.010217,0.005421
0.006987,0.000262,0.027746,0.009675,0.010221,0.000536,0.023166,0.006068
0.012933,0.000660,0.060414,0.026622,0.019751,0.001342,0.053037,0.018006
0.016354,0.002006,0.059477,0.085977,0.018633,0.004033,0.053050,0.064111
