vet-ins,vet-fnd,avl-ins,avl-fnd,hst-ins,hst-fnd,htr-ins,htr-fnd
0.002101,0.000068,0.005786,0.001954,0.003111,0.000135,0.004095,0.001091
0.004363,0.000273,0.012705,0.010117,0.006662,0.000655,0.011511,0.005553
0.007326,0.000289,0.027059,0.009727,0.011545,0.000539,0.024243,0.006300
0.014709,0.000818,0.060708,0.025693,0.022710,0.001555,0.055056,0.018280
0.016972,0.002010,0.061361,0.082656,0.021855,0.004054,0.056078,0.054353
