vet-ins,vet-fnd,avl-ins,avl-fnd,hst-ins,hst-fnd,htr-ins,htr-fnd
0.000583,0.000020,0.001965,0.000699,0.000795,0.004419,0.002224,0.000742
0.002376,0.000189,0.011503,0.007877,0.003545,0.187218,0.013146,0.008349
0.003931,0.000200,0.026191,0.008969,0.007130,0.292533,0.028245,0.009121
0.008175,0.000483,0.059416,0.024321,0.012768,0.724629,0.061965,0.024987
0.007602,0.001430,0.057360,0.072061,0.012895,2.173395,0.062237,0.076526
