vet-ins,vet-fnd,avl-ins,avl-fnd,hst-ins,hst-fnd,htr-ins,htr-fnd
0.000580,0.000020,0.001966,0.000704,0.000808,0.004528,0.002223,0.000747
0.002364,0.000188,0.011372,0.007923,0.003571,0.189161,0.013289,0.009406
0.004154,0.000207,0.025757,0.009131,0.007049,0.294762,0.028096,0.009149
0.008211,0.000509,0.058138,0.024369,0.013255,0.730590,0.061238,0.025329
0.008035,0.001544,0.058804,0.073427,0.013027,2.186840,0.061418,0.077563
