vet-ins,vet-fnd,avl-ins,avl-fnd,hst-ins,hst-fnd,htr-ins,htr-fnd
0.002107,0.000072,0.005673,0.001835,0.002771,0.000134,0.003819,0.001050
0.005723,0.000274,0.014355,0.009604,0.006032,0.000538,0.010418,0.005760
0.006403,0.000307,0.026376,0.010121,0.010487,0.000536,0.022647,0.006029
0.012565,0.000656,0.061535,0.026347,0.019627,0.001340,0.055403,0.018275
0.017231,0.002278,0.067526,0.085910,0.021291,0.004660,0.055510,0.053540
