vet-ins,vet-fnd,avl-ins,avl-fnd,hst-ins,hst-fnd,htr-ins,htr-fnd
0.002171,0.000075,0.003180,0.000900,0.001345,0.000054,0.001834,0.000525
0.004098,0.000288,0.014328,0.009858,0.006143,0.000584,0.010409,0.006390
0.006740,0.000329,0.028666,0.010509,0.011145,0.000540,0.024791,0.008104
0.014196,0.000808,0.076052,0.029222,0.021728,0.001491,0.057712,0.018494
0.018576,0.002134,0.073649,0.099470,0.022330,0.004811,0.066053,0.069521
