vet-ins,vet-fnd,avl-ins,avl-fnd,hst-ins,hst-fnd,htr-ins,htr-fnd
0.002074,0.000067,0.005826,0.001922,0.003240,0.000158,0.004404,0.001091
0.004758,0.000268,0.012365,0.008692,0.005915,0.000539,0.010422,0.005485
0.006948,0.000269,0.027087,0.009235,0.011276,0.000539,0.022892,0.006139
0.013569,0.000668,0.059594,0.026018,0.021846,0.001362,0.061468,0.018883
0.016901,0.002004,0.060477,0.083427,0.021846,0.004040,0.054895,0.060694
