vet-ins,vet-fnd,avl-ins,avl-fnd,hst-ins,hst-fnd,htr-ins,htr-fnd
0.002124,0.000067,0.005782,0.001977,0.003329,0.000158,0.004344,0.001088
0.004901,0.000313,0.013064,0.008646,0.005889,0.000539,0.010415,0.005470
0.006855,0.000269,0.026250,0.009164,0.011241,0.000538,0.023956,0.006072
0.014751,0.000670,0.062959,0.026240,0.022136,0.001619,0.054689,0.017862
0.017630,0.002397,0.068228,0.084610,0.022560,0.004531,0.055851,0.053760
