vet-ins,vet-fnd,avl-ins,avl-fnd,hst-ins,hst-fnd,htr-ins,htr-fnd
0.002117,0.000072,0.005877,0.002058,0.003165,0.000153,0.004287,0.001189
0.004297,0.000263,0.012813,0.009009,0.005489,0.000663,0.010451,0.006150
0.007048,0.000311,0.027807,0.009761,0.010455,0.000541,0.021912,0.006058
0.012742,0.000663,0.060489,0.026272,0.019675,0.001350,0.052180,0.017932
0.016115,0.001969,0.059325,0.087384,0.019315,0.004136,0.052740,0.054708
