vet-ins,vet-fnd,avl-ins,avl-fnd,hst-ins,hst-fnd,htr-ins,htr-fnd
0.000515,0.000020,0.001902,0.000664,0.000784,0.003082,0.002021,0.000690
0.002626,0.000204,0.011783,0.007967,0.003778,0.146450,0.012952,0.008159
0.003982,0.000203,0.026333,0.010547,0.007540,0.224647,0.027247,0.008745
0.008131,0.000492,0.058330,0.024362,0.013961,0.546877,0.060105,0.024491
0.007515,0.001453,0.062701,0.074563,0.014399,1.654254,0.060920,0.072237
