vet-ins,vet-fnd,avl-ins,avl-fnd,hst-ins,hst-fnd,htr-ins,htr-fnd
0.000570,0.000020,0.001852,0.000658,0.000760,0.004311,0.002152,0.000721
0.002549,0.000192,0.011387,0.007846,0.003580,0.188188,0.013210,0.008482
0.003927,0.000201,0.025692,0.008673,0.007002,0.288472,0.028162,0.009069
0.008234,0.000489,0.057953,0.024213,0.013248,0.721996,0.061676,0.025620
0.007598,0.001430,0.059545,0.073515,0.013639,1.662683,0.059603,0.072222
