vet-ins,vet-fnd,avl-ins,avl-fnd,hst-ins,hst-fnd,htr-ins,htr-fnd
0.000524,0.000019,0.001860,0.000665,0.000760,0.004132,0.002118,0.000709
0.002419,0.000194,0.011629,0.008123,0.003683,0.186704,0.012864,0.008318
0.004059,0.000204,0.025463,0.008798,0.007058,0.290491,0.028906,0.009874
0.008316,0.000487,0.060163,0.024428,0.012964,0.724491,0.061151,0.025246
0.007668,0.001420,0.057460,0.072917,0.013042,2.170399,0.063760,0.078084
