vet-ins,vet-fnd,avl-ins,avl-fnd,hst-ins,hst-fnd,htr-ins,htr-fnd
0.001291,0.000037,0.003038,0.001049,0.001742,0.000099,0.002677,0.000605
0.005194,0.000370,0.017025,0.009535,0.005974,0.000536,0.011362,0.005385
0.006291,0.000262,0.026436,0.010160,0.010822,0.000711,0.023552,0.006353
0.013189,0.000656,0.062277,0.026363,0.020434,0.001522,0.061456,0.020611
0.018537,0.002337,0.073157,0.083434,0.019098,0.004086,0.056309,0.058988
