vet-ins,vet-fnd,avl-ins,avl-fnd,hst-ins,hst-fnd,htr-ins,htr-fnd
0.000537,0.000019,0.001860,0.000656,0.000791,0.003192,0.002055,0.000665
0.002307,0.000187,0.011241,0.008061,0.003742,0.141953,0.012465,0.007927
0.003958,0.000200,0.025768,0.008636,0.007176,0.225319,0.026666,0.008597
0.008158,0.000487,0.058540,0.024350,0.013415,0.546625,0.059799,0.024035
0.007487,0.001445,0.058189,0.076293,0.012921,1.666123,0.058943,0.070768
