vet-ins,vet-fnd,avl-ins,avl-fnd,hst-ins,hst-fnd,htr-ins,htr-fnd
0.001147,0.000036,0.002991,0.001061,0.001472,0.000067,0.001666,0.000504
0.004094,0.000262,0.012631,0.009300,0.005389,0.000543,0.010084,0.005774
0.006762,0.000308,0.027794,0.010379,0.010558,0.000606,0.024469,0.007468
0.014045,0.000655,0.063499,0.026513,0.020545,0.001390,0.054213,0.019041
0.016754,0.002296,0.066299,0.081759,0.020203,0.004214,0.051414,0.054180
