vet-ins,vet-fnd,avl-ins,avl-fnd,hst-ins,hst-fnd,htr-ins,htr-fnd
0.001156,0.000044,0.003105,0.001051,0.001618,0.000075,0.002317,0.000605
0.004915,0.000369,0.017194,0.010317,0.006342,0.000631,0.011927,0.006391
0.007228,0.000309,0.030592,0.011064,0.011941,0.000628,0.027217,0.007307
0.014836,0.000780,0.070121,0.031306,0.022933,0.001338,0.058344,0.020241
0.017331,0.001969,0.066445,0.084870,0.019928,0.004748,0.056843,0.062178
