vet-ins,vet-fnd,avl-ins,avl-fnd,hst-ins,hst-fnd,htr-ins,htr-fnd
0.000942,0.000030,0.003502,0.001197,0.001813,0.000079,0.002326,0.000652
0.005516,0.000419,0.017800,0.010239,0.006347,0.000633,0.011926,0.006317
0.007538,0.000309,0.030677,0.011204,0.011857,0.000633,0.026066,0.007258
0.014772,0.000791,0.066254,0.028361,0.020846,0.001348,0.057109,0.019704
0.017034,0.001972,0.064085,0.086279,0.019961,0.004609,0.054707,0.059567
