vet-ins,vet-fnd,avl-ins,avl-fnd,hst-ins,hst-fnd,htr-ins,htr-fnd
0.001904,0.000064,0.005247,0.001826,0.002877,0.000131,0.003875,0.001061
0.005051,0.000319,0.014922,0.010599,0.006481,0.000633,0.012240,0.006640
0.007334,0.000308,0.032202,0.010940,0.012014,0.000633,0.025993,0.007065
0.014853,0.000723,0.068268,0.030126,0.023186,0.001582,0.062389,0.021632
0.018563,0.002314,0.071787,0.095459,0.021964,0.004816,0.057344,0.066168
