vet-ins,vet-fnd,avl-ins,avl-fnd,hst-ins,hst-fnd,htr-ins,htr-fnd
0.002091,0.000072,0.005876,0.002057,0.003107,0.000146,0.004321,0.001183
0.004452,0.000280,0.013977,0.009443,0.005716,0.000543,0.010612,0.005773
0.006219,0.000263,0.026520,0.010129,0.011238,0.000535,0.023418,0.006526
0.014519,0.000801,0.072122,0.032117,0.023104,0.001603,0.062096,0.019105
0.016469,0.002009,0.061097,0.080533,0.019358,0.004555,0.059661,0.056511
