vet-ins,vet-fnd,avl-ins,avl-fnd,hst-ins,hst-fnd,htr-ins,htr-fnd
0.001263,0.000036,0.003067,0.001055,0.001600,0.000075,0.002263,0.000602
0.004870,0.000364,0.017007,0.008753,0.005408,0.000536,0.010260,0.005388
0.006272,0.000263,0.026185,0.009307,0.010208,0.000535,0.022481,0.005971
0.012682,0.000656,0.074089,0.032893,0.023480,0.001608,0.067148,0.023515
0.019190,0.002295,0.073771,0.099239,0.022187,0.004879,0.061357,0.059004
