vet-ins,vet-fnd,avl-ins,avl-fnd,hst-ins,hst-fnd,htr-ins,htr-fnd
0.000518,0.000019,0.001854,0.000661,0.000825,0.003240,0.002051,0.000666
0.002306,0.000186,0.011440,0.008144,0.003762,0.159093,0.015278,0.011410
0.004567,0.000339,0.029635,0.009505,0.008237,0.236014,0.030001,0.009524
0.008140,0.000492,0.069799,0.024474,0.012966,0.723510,0.061503,0.025393
0.007934,0.001546,0.063363,0.075518,0.013391,1.668917,0.058335,0.070764
