vet-ins,vet-fnd,avl-ins,avl-fnd,hst-ins,hst-fnd,htr-ins,htr-fnd
0.000792,0.000026,0.002182,0.000753,0.001196,0.000063,0.001890,0.000435
0.003615,0.000262,0.012654,0.009047,0.005716,0.000551,0.010118,0.005418
0.007295,0.000321,0.029214,0.009239,0.010248,0.000541,0.023224,0.006677
0.014638,0.000773,0.068809,0.030152,0.023013,0.001592,0.060108,0.020689
0.016106,0.001994,0.060569,0.081750,0.018620,0.004087,0.051440,0.053266
