vet-ins,vet-fnd,avl-ins,avl-fnd,hst-ins,hst-fnd,htr-ins,htr-fnd
0.000538,0.000019,0.001869,0.000668,0.000757,0.004235,0.002115,0.000699
0.002314,0.000188,0.011301,0.007970,0.003573,0.186728,0.012850,0.008244
0.004253,0.000211,0.025529,0.008746,0.007124,0.295754,0.028233,0.009105
0.007951,0.000496,0.058443,0.024505,0.013099,0.739608,0.065102,0.025239
0.007554,0.001421,0.057943,0.073224,0.013471,1.698356,0.063665,0.080287
