vet-ins,vet-fnd,avl-ins,avl-fnd,hst-ins,hst-fnd,htr-ins,htr-fnd
0.000878,0.000031,0.003461,0.001274,0.001968,0.000096,0.002473,0.000765
0.005638,0.000413,0.017201,0.009015,0.005409,0.000544,0.010548,0.005391
0.006273,0.000263,0.026553,0.009334,0.010456,0.000670,0.023622,0.006901
0.013609,0.000657,0.060449,0.026570,0.020148,0.001423,0.053991,0.018377
0.017610,0.001970,0.060455,0.080705,0.019286,0.004048,0.052626,0.054351
