vet-ins,vet-fnd,avl-ins,avl-fnd,hst-ins,hst-fnd,htr-ins,htr-fnd
0.001127,0.000037,0.003094,0.001042,0.001739,0.000074,0.002289,0.000605
0.005031,0.000371,0.017376,0.010204,0.006478,0.000539,0.012132,0.006307
0.007632,0.000314,0.031619,0.011026,0.013194,0.000635,0.027749,0.007272
0.015311,0.000800,0.072639,0.030625,0.024898,0.001614,0.058404,0.018280
0.017286,0.002012,0.062445,0.084956,0.020694,0.004395,0.063360,0.063510
