vet-ins,vet-fnd,avl-ins,avl-fnd,hst-ins,hst-fnd,htr-ins,htr-fnd
0.002111,0.000071,0.006282,0.002061,0.003124,0.000147,0.004317,0.001181
0.004295,0.000307,0.014194,0.010071,0.006227,0.000668,0.011381,0.006421
0.007175,0.000309,0.028625,0.010301,0.010741,0.000541,0.024941,0.006508
0.013879,0.000656,0.065532,0.028062,0.021631,0.001581,0.055305,0.019258
0.017199,0.002218,0.063747,0.085702,0.019948,0.004895,0.054489,0.060492
