vet-ins,vet-fnd,avl-ins,avl-fnd,hst-ins,hst-fnd,htr-ins,htr-fnd
0.000907,0.000033,0.002436,0.000756,0.001261,0.000054,0.001664,0.000438
0.003553,0.000268,0.012519,0.008702,0.005902,0.000538,0.010567,0.005478
0.006972,0.000326,0.026664,0.009706,0.011664,0.000665,0.024776,0.006421
0.013186,0.000670,0.059174,0.025706,0.022114,0.001352,0.058435,0.017778
0.016600,0.002011,0.060050,0.081421,0.021530,0.004108,0.053170,0.054708
