vet-ins,vet-fnd,avl-ins,avl-fnd,hst-ins,hst-fnd,htr-ins,htr-fnd
0.002146,0.000066,0.005818,0.001873,0.003074,0.000136,0.004158,0.001184
0.004207,0.000329,0.013936,0.009913,0.006095,0.000540,0.010953,0.006167
0.007106,0.000308,0.029384,0.010468,0.011547,0.000546,0.024804,0.006825
0.014571,0.000732,0.067316,0.029262,0.022086,0.001541,0.056369,0.019335
0.017061,0.002032,0.076893,0.096769,0.022077,0.004790,0.061751,0.065349
