vet-ins,vet-fnd,avl-ins,avl-fnd,hst-ins,hst-fnd,htr-ins,htr-fnd
0.001178,0.000044,0.003160,0.001044,0.001614,0.000076,0.002214,0.000618
0.004875,0.000364,0.017284,0.009198,0.005760,0.000649,0.010852,0.006074
0.007368,0.000266,0.028185,0.010702,0.011531,0.000540,0.025064,0.007040
0.013452,0.000672,0.066150,0.031073,0.022429,0.001634,0.057977,0.019941
0.018802,0.002260,0.067139,0.092506,0.021799,0.004753,0.060717,0.063215
