vet-ins,vet-fnd,avl-ins,avl-fnd,hst-ins,hst-fnd,htr-ins,htr-fnd
0.001987,0.000067,0.005599,0.001858,0.003101,0.000135,0.004193,0.001099
0.005939,0.000268,0.012407,0.008640,0.005886,0.000536,0.010409,0.005468
0.006578,0.000269,0.026044,0.009474,0.011219,0.000539,0.025944,0.006794
0.013502,0.000674,0.059380,0.026123,0.022097,0.001343,0.055395,0.019008
0.016616,0.002014,0.061843,0.082563,0.022835,0.004340,0.053099,0.054486
