vet-ins,vet-fnd,avl-ins,avl-fnd,hst-ins,hst-fnd,htr-ins,htr-fnd
0.000794,0.000026,0.002192,0.000752,0.001200,0.000063,0.001914,0.000481
0.003561,0.000262,0.013266,0.009196,0.005402,0.000535,0.010160,0.005430
0.006438,0.000263,0.026441,0.010177,0.011698,0.000627,0.025199,0.006743
0.014059,0.000655,0.066098,0.027697,0.019731,0.001343,0.058770,0.020061
0.016780,0.001996,0.062383,0.081549,0.018616,0.004034,0.058302,0.058593
