vet-ins,vet-fnd,avl-ins,avl-fnd,hst-ins,hst-fnd,htr-ins,htr-fnd
0.000539,0.000019,0.001886,0.000663,0.000784,0.004209,0.002126,0.000699
0.002430,0.000192,0.011336,0.007886,0.003423,0.185734,0.013365,0.008575
0.004373,0.000232,0.025668,0.008691,0.006936,0.286070,0.028118,0.009092
0.008340,0.000493,0.058790,0.024377,0.013468,0.729387,0.061133,0.025089
0.007752,0.001421,0.059234,0.073809,0.013325,2.179825,0.061891,0.076455
