vet-ins,vet-fnd,avl-ins,avl-fnd,hst-ins,hst-fnd,htr-ins,htr-fnd
0.001201,0.000046,0.002997,0.001044,0.001683,0.000077,0.002196,0.000612
0.005115,0.000383,0.016870,0.009071,0.005897,0.000557,0.010467,0.005427
0.006683,0.000277,0.026537,0.009610,0.010674,0.000654,0.024530,0.007248
0.013873,0.000709,0.059594,0.026551,0.020729,0.001383,0.052464,0.020544
0.022457,0.002408,0.061758,0.098348,0.020670,0.005001,0.061763,0.067039
