vet-ins,vet-fnd,avl-ins,avl-fnd,hst-ins,hst-fnd,htr-ins,htr-fnd
0.000818,0.000027,0.002220,0.000745,0.001314,0.000063,0.001973,0.000507
0.004227,0.000313,0.014272,0.009754,0.006559,0.000674,0.011642,0.005423
0.007262,0.000289,0.028467,0.009362,0.011270,0.000539,0.023010,0.006245
0.013558,0.000669,0.066500,0.026025,0.022168,0.001347,0.054452,0.019294
0.017605,0.002045,0.062222,0.080415,0.020761,0.004052,0.053223,0.054289
