vet-ins,vet-fnd,avl-ins,avl-fnd,hst-ins,hst-fnd,htr-ins,htr-fnd
0.000873,0.000031,0.003089,0.001036,0.001740,0.000074,0.002240,0.000605
0.005009,0.000376,0.017123,0.008775,0.005903,0.000537,0.010356,0.006501
0.006493,0.000269,0.026730,0.009562,0.011260,0.000537,0.022748,0.006086
0.013440,0.000671,0.059600,0.027670,0.023275,0.001340,0.053078,0.017957
0.017532,0.002013,0.059580,0.077525,0.020770,0.004090,0.057895,0.054096
