vet-ins,vet-fnd,avl-ins,avl-fnd,hst-ins,hst-fnd,htr-ins,htr-fnd
0.002174,0.000068,0.005829,0.001923,0.003290,0.000135,0.004107,0.001192
0.004642,0.000268,0.012481,0.009012,0.005879,0.000541,0.010472,0.005458
0.006814,0.000269,0.027002,0.010445,0.012577,0.000666,0.025436,0.006077
0.014107,0.000784,0.064000,0.027416,0.022872,0.001356,0.054883,0.018096
0.016833,0.002014,0.062553,0.078960,0.020809,0.004092,0.053432,0.057445
