vet-ins,vet-fnd,avl-ins,avl-fnd,hst-ins,hst-fnd,htr-ins,htr-fnd
0.002058,0.000077,0.005847,0.001994,0.003108,0.000137,0.004135,0.001178
0.004390,0.000277,0.014025,0.010476,0.006032,0.000656,0.011445,0.005797
0.006624,0.000263,0.028519,0.009301,0.010596,0.000542,0.022398,0.005988
0.013563,0.000711,0.060389,0.027184,0.019874,0.001590,0.052321,0.018044
0.016457,0.001971,0.061231,0.085667,0.018902,0.004123,0.052243,0.056295
