vet-ins,vet-fnd,avl-ins,avl-fnd,hst-ins,hst-fnd,htr-ins,htr-fnd
0.000515,0.000019,0.001879,0.000688,0.000794,0.003204,0.002015,0.000670
0.002311,0.000188,0.011848,0.009095,0.003998,0.142553,0.013215,0.008727
0.004076,0.000205,0.025812,0.008672,0.006707,0.293260,0.027759,0.009323
0.008631,0.000491,0.061363,0.024304,0.013547,0.738974,0.061380,0.026207
0.007571,0.001428,0.059123,0.074673,0.013208,2.209172,0.068512,0.077448
