vet-ins,vet-fnd,avl-ins,avl-fnd,hst-ins,hst-fnd,htr-ins,htr-fnd
0.000550,0.000020,0.001975,0.000709,0.000834,0.003241,0.002126,0.000699
0.002331,0.000189,0.011398,0.007846,0.003613,0.141862,0.012337,0.007925
0.004037,0.000204,0.025783,0.008688,0.007037,0.222043,0.026762,0.008625
0.008071,0.000492,0.058376,0.024286,0.013686,0.545147,0.059966,0.024250
0.008020,0.001548,0.059113,0.073430,0.012230,2.154469,0.059841,0.074448
