vet-ins,vet-fnd,avl-ins,avl-fnd,hst-ins,hst-fnd,htr-ins,htr-fnd
0.000902,0.000027,0.002186,0.000755,0.001162,0.000054,0.001871,0.000544
0.003691,0.000267,0.012685,0.008740,0.005894,0.000542,0.010493,0.005413
0.006291,0.000263,0.026650,0.009271,0.010231,0.000536,0.024148,0.006800
0.012972,0.000656,0.062725,0.029891,0.022721,0.001636,0.059437,0.020309
0.018338,0.002392,0.068088,0.091771,0.021652,0.004746,0.058875,0.060674
