vet-ins,vet-fnd,avl-ins,avl-fnd,hst-ins,hst-fnd,htr-ins,htr-fnd
0.000999,0.000033,0.002342,0.000902,0.001266,0.000054,0.001893,0.000540
0.004050,0.000268,0.013763,0.009008,0.005894,0.000540,0.010430,0.005430
0.006620,0.000278,0.026552,0.009454,0.011263,0.000538,0.022798,0.006008
0.014557,0.000724,0.062551,0.025826,0.021757,0.001350,0.053764,0.018400
0.017740,0.002236,0.063282,0.084626,0.021046,0.004095,0.053453,0.052891
