vet-ins,vet-fnd,avl-ins,avl-fnd,hst-ins,hst-fnd,htr-ins,htr-fnd
0.000919,0.000031,0.003258,0.001201,0.001901,0.000093,0.002655,0.000755
0.005810,0.000461,0.016646,0.009018,0.005675,0.000669,0.010103,0.005392
0.006582,0.000267,0.026365,0.009296,0.010602,0.000535,0.022699,0.005981
0.013693,0.000769,0.067343,0.027258,0.020164,0.001342,0.052676,0.018433
0.016997,0.001974,0.060873,0.080641,0.019125,0.004029,0.052028,0.054414
