vet-ins,vet-fnd,avl-ins,avl-fnd,hst-ins,hst-fnd,htr-ins,htr-fnd
0.000529,0.000020,0.001913,0.000671,0.000766,0.004319,0.002179,0.000706
0.002357,0.000206,0.011496,0.008010,0.003504,0.192766,0.014526,0.009872
0.004291,0.000206,0.028222,0.010029,0.006973,0.294392,0.030370,0.009404
0.008242,0.000504,0.060197,0.025193,0.013181,0.723307,0.061646,0.025287
0.007556,0.001451,0.059146,0.073719,0.013306,1.682913,0.061289,0.071539
