vet-ins,vet-fnd,avl-ins,avl-fnd,hst-ins,hst-fnd,htr-ins,htr-fnd
0.000529,0.000019,0.001926,0.000670,0.000794,0.003165,0.002051,0.000662
0.002141,0.000187,0.011552,0.007904,0.003643,0.142518,0.012422,0.007924
0.004157,0.000205,0.025809,0.008682,0.007175,0.220981,0.026834,0.008736
0.008253,0.000511,0.058731,0.024276,0.013588,0.542715,0.060714,0.024995
0.007862,0.001474,0.060120,0.074766,0.012633,2.172342,0.061391,0.075705
