vet-ins,vet-fnd,avl-ins,avl-fnd,hst-ins,hst-fnd,htr-ins,htr-fnd
0.000521,0.000020,0.001895,0.000664,0.000760,0.004272,0.002127,0.000704
0.002402,0.000194,0.011418,0.007906,0.003624,0.189031,0.013378,0.008503
0.004145,0.000207,0.026099,0.008865,0.007365,0.294231,0.028219,0.009161
0.008325,0.000490,0.058550,0.024799,0.012897,0.730987,0.060129,0.024839
0.007638,0.001463,0.057720,0.073836,0.013256,1.671443,0.060526,0.071670
