vet-ins,vet-fnd,avl-ins,avl-fnd,hst-ins,hst-fnd,htr-ins,htr-fnd
0.000821,0.000027,0.002156,0.000752,0.001547,0.000064,0.001901,0.000508
0.004088,0.000296,0.012646,0.009477,0.006227,0.000540,0.010373,0.005432
0.007333,0.000322,0.027861,0.009176,0.011293,0.000539,0.022822,0.006045
0.013213,0.000668,0.058945,0.026115,0.021925,0.001357,0.055952,0.019526
0.016827,0.002004,0.059682,0.083970,0.020810,0.004092,0.052759,0.053097
