vet-ins,vet-fnd,avl-ins,avl-fnd,hst-ins,hst-fnd,htr-ins,htr-fnd
0.001186,0.000036,0.003028,0.001059,0.001646,0.000075,0.002253,0.000603
0.004963,0.000364,0.015108,0.010650,0.006458,0.000638,0.011649,0.006912
0.007492,0.000307,0.035420,0.013005,0.012227,0.000640,0.027934,0.007587
0.013893,0.000783,0.072002,0.033875,0.024164,0.001599,0.063405,0.024170
0.019434,0.001966,0.070467,0.095550,0.022883,0.004939,0.069618,0.071815
