vet-ins,vet-fnd,avl-ins,avl-fnd,hst-ins,hst-fnd,htr-ins,htr-fnd
0.002012,0.000079,0.005858,0.002119,0.003227,0.000136,0.004281,0.001121
0.004282,0.000274,0.012837,0.008638,0.005894,0.000539,0.010481,0.005448
0.006641,0.000280,0.027802,0.009172,0.011848,0.000539,0.023381,0.006637
0.015357,0.000794,0.073746,0.031191,0.026265,0.001628,0.064718,0.021242
0.016943,0.002005,0.059839,0.078716,0.021125,0.004061,0.053476,0.056216
