vet-ins,vet-fnd,avl-ins,avl-fnd,hst-ins,hst-fnd,htr-ins,htr-fnd
0.000563,0.000019,0.001878,0.000666,0.000746,0.004175,0.002138,0.000700
0.002343,0.000189,0.011996,0.008044,0.003653,0.194798,0.013652,0.009327
0.004138,0.000208,0.026018,0.008777,0.007327,0.290696,0.028209,0.009056
0.008179,0.000488,0.058218,0.024543,0.013332,0.728559,0.064824,0.027840
0.007630,0.001439,0.059582,0.075104,0.013369,1.675292,0.062419,0.071085
