vet-ins,vet-fnd,avl-ins,avl-fnd,hst-ins,hst-fnd,htr-ins,htr-fnd
0.001319,0.000046,0.003590,0.001202,0.002004,0.000092,0.002658,0.000748
0.005723,0.000384,0.017384,0.009829,0.005966,0.000643,0.011300,0.006120
0.006315,0.000263,0.026483,0.009199,0.010591,0.000536,0.022320,0.005966
0.012982,0.000656,0.063612,0.030529,0.020541,0.001364,0.052944,0.018317
0.016722,0.002002,0.060382,0.080443,0.019429,0.004054,0.052221,0.053903
