vet-ins,vet-fnd,avl-ins,avl-fnd,hst-ins,hst-fnd,htr-ins,htr-fnd
0.000555,0.000020,0.001985,0.000707,0.000797,0.004352,0.002149,0.000700
0.002304,0.000188,0.011420,0.007933,0.003362,0.187147,0.013196,0.008350
0.004110,0.000199,0.025840,0.008756,0.007157,0.292428,0.028502,0.009059
0.007986,0.000511,0.059098,0.024401,0.013273,0.728884,0.062349,0.025167
0.007971,0.001499,0.059953,0.073955,0.013064,2.183112,0.063702,0.075938
