vet-ins,vet-fnd,avl-ins,avl-fnd,hst-ins,hst-fnd,htr-ins,htr-fnd
0.000961,0.000033,0.002343,0.000881,0.001493,0.000054,0.001782,0.000525
0.003943,0.000268,0.012605,0.009025,0.005876,0.000540,0.010693,0.005466
0.006640,0.000268,0.026739,0.009656,0.011219,0.000543,0.023689,0.006050
0.013136,0.000705,0.058813,0.025921,0.022138,0.001581,0.054014,0.017813
0.016559,0.002012,0.060563,0.084358,0.021000,0.004124,0.052207,0.054023
