vet-ins,vet-fnd,avl-ins,avl-fnd,hst-ins,hst-fnd,htr-ins,htr-fnd
0.000546,0.000019,0.001861,0.000666,0.000820,0.003135,0.002074,0.000667
0.002344,0.000201,0.011363,0.007917,0.003745,0.144637,0.012992,0.008150
0.004142,0.000221,0.026669,0.009048,0.007481,0.227626,0.028889,0.009024
0.008739,0.000529,0.060535,0.025671,0.013308,0.738096,0.061099,0.025136
0.007489,0.001429,0.059021,0.073359,0.013092,2.166372,0.059891,0.074744
