vet-ins,vet-fnd,avl-ins,avl-fnd,hst-ins,hst-fnd,htr-ins,htr-fnd
0.001107,0.000047,0.003791,0.001279,0.001983,0.000095,0.002744,0.000760
0.005746,0.000402,0.016699,0.008678,0.006082,0.000670,0.010571,0.005517
0.006501,0.000269,0.026409,0.009533,0.011238,0.000538,0.023128,0.006047
0.013040,0.000701,0.059946,0.026726,0.021765,0.001350,0.054022,0.017785
0.016814,0.002070,0.065435,0.090899,0.024305,0.004761,0.062903,0.062291
