vet-ins,vet-fnd,avl-ins,avl-fnd,hst-ins,hst-fnd,htr-ins,htr-fnd
0.000521,0.000019,0.001863,0.000664,0.000794,0.003134,0.002014,0.000669
0.002311,0.000194,0.011283,0.007863,0.003652,0.141596,0.012136,0.007884
0.003966,0.000201,0.025602,0.008675,0.007103,0.222695,0.026915,0.008750
0.008102,0.000488,0.057958,0.024366,0.013853,0.553005,0.059453,0.024251
0.007534,0.001446,0.058983,0.075778,0.013060,1.664782,0.059167,0.071922
