vet-ins,vet-fnd,avl-ins,avl-fnd,hst-ins,hst-fnd,htr-ins,htr-fnd
0.002070,0.000066,0.005942,0.001927,0.003936,0.000159,0.004575,0.001073
0.004752,0.000307,0.013863,0.010155,0.005976,0.000643,0.010963,0.005565
0.007297,0.000263,0.028779,0.009665,0.011131,0.000542,0.023938,0.006571
0.013556,0.000657,0.071840,0.028456,0.021017,0.001358,0.057738,0.018804
0.017672,0.001965,0.065272,0.084930,0.019802,0.004469,0.054472,0.056585
