vet-ins,vet-fnd,avl-ins,avl-fnd,hst-ins,hst-fnd,htr-ins,htr-fnd
0.000518,0.000020,0.001872,0.000690,0.000754,0.004250,0.002112,0.000727
0.002333,0.000194,0.011472,0.007934,0.003635,0.189187,0.013309,0.008537
0.004033,0.000203,0.026005,0.008694,0.007148,0.290596,0.029175,0.011734
0.008357,0.000491,0.059455,0.024807,0.013344,0.727694,0.061688,0.025237
0.007637,0.001441,0.059064,0.074531,0.013500,1.666042,0.060789,0.071657
