vet-ins,vet-fnd,avl-ins,avl-fnd,hst-ins,hst-fnd,htr-ins,htr-fnd
0.000926,0.000032,0.002612,0.000878,0.001477,0.000062,0.001834,0.000436
0.003962,0.000295,0.013847,0.009798,0.006479,0.000630,0.010649,0.005914
0.006721,0.000269,0.026246,0.009170,0.011233,0.000537,0.023046,0.006445
0.013307,0.000670,0.061202,0.025661,0.021794,0.001343,0.053259,0.019004
0.018734,0.002363,0.061553,0.082873,0.020742,0.004083,0.052997,0.053015
