vet-ins,vet-fnd,avl-ins,avl-fnd,hst-ins,hst-fnd,htr-ins,htr-fnd
0.002121,0.000072,0.005979,0.002047,0.003115,0.000146,0.004349,0.001186
0.004025,0.000307,0.014364,0.010095,0.005873,0.000545,0.010489,0.005378
0.006581,0.000263,0.027579,0.009682,0.010144,0.000536,0.022094,0.006105
0.012972,0.000656,0.063810,0.026009,0.020051,0.001341,0.054232,0.018490
0.016087,0.001973,0.061273,0.081288,0.019121,0.004356,0.051899,0.056291
