vet-ins,vet-fnd,avl-ins,avl-fnd,hst-ins,hst-fnd,htr-ins,htr-fnd
0.000990,0.000027,0.002203,0.000743,0.001258,0.000054,0.001689,0.000509
0.004060,0.000269,0.012897,0.009771,0.006101,0.000614,0.010983,0.005563
0.006495,0.000269,0.026739,0.009232,0.011219,0.000538,0.022647,0.006046
0.013661,0.000675,0.063515,0.025583,0.022080,0.001343,0.055641,0.017848
0.017850,0.002258,0.060381,0.080417,0.021047,0.004042,0.052600,0.053652
