vet-ins,vet-fnd,avl-ins,avl-fnd,hst-ins,hst-fnd,htr-ins,htr-fnd
0.000992,0.000033,0.002634,0.000880,0.001543,0.000064,0.001894,0.000513
0.004373,0.000313,0.018412,0.011189,0.007098,0.000653,0.012511,0.006672
0.007446,0.000314,0.030389,0.010910,0.012910,0.000631,0.026611,0.007019
0.013633,0.000672,0.065518,0.029685,0.024112,0.001365,0.056515,0.018865
0.017623,0.002010,0.063666,0.093717,0.024268,0.004552,0.063309,0.065612
