vet-ins,vet-fnd,avl-ins,avl-fnd,hst-ins,hst-fnd,htr-ins,htr-fnd
0.000526,0.000019,0.001944,0.000794,0.000761,0.004215,0.002097,0.000723
0.002348,0.000191,0.011349,0.009997,0.003662,0.189588,0.013451,0.008587
0.004030,0.000205,0.025652,0.008679,0.007069,0.289808,0.028534,0.010324
0.008081,0.000494,0.058196,0.024478,0.012889,0.735880,0.061497,0.025335
0.007844,0.001458,0.064070,0.076136,0.013445,1.681366,0.064474,0.071916
