vet-ins,vet-fnd,avl-ins,avl-fnd,hst-ins,hst-fnd,htr-ins,htr-fnd
0.000520,0.000019,0.001854,0.000666,0.000791,0.003049,0.002021,0.000663
0.002301,0.000192,0.011211,0.007818,0.003647,0.142639,0.012560,0.008080
0.003975,0.000205,0.025576,0.008616,0.007140,0.222814,0.026534,0.008592
0.008156,0.000488,0.058018,0.024422,0.013778,0.545767,0.060092,0.024221
0.007527,0.001470,0.058744,0.073352,0.012943,1.667031,0.063834,0.077525
