vet-ins,vet-fnd,avl-ins,avl-fnd,hst-ins,hst-fnd,htr-ins,htr-fnd
0.002115,0.000072,0.005916,0.002075,0.003128,0.000146,0.004333,0.001191
0.004316,0.000307,0.014118,0.009113,0.005767,0.000631,0.010864,0.006667
0.007350,0.000262,0.028844,0.010086,0.010897,0.000541,0.024568,0.006048
0.014381,0.000826,0.064811,0.029101,0.021471,0.001651,0.055631,0.019470
0.017244,0.001968,0.066802,0.087721,0.020545,0.004796,0.060915,0.059928
