vet-ins,vet-fnd,avl-ins,avl-fnd,hst-ins,hst-fnd,htr-ins,htr-fnd
0.000822,0.000027,0.002724,0.001039,0.001739,0.000075,0.002240,0.000606
0.004842,0.000372,0.017148,0.009092,0.005891,0.000538,0.011126,0.005459
0.006635,0.000269,0.025936,0.009198,0.011627,0.000538,0.022671,0.006047
0.013592,0.000703,0.059744,0.025592,0.022148,0.001341,0.053221,0.017851
0.018089,0.002014,0.060722,0.092206,0.024357,0.004036,0.059931,0.056892
