vet-ins,vet-fnd,avl-ins,avl-fnd,hst-ins,hst-fnd,htr-ins,htr-fnd
0.000521,0.000019,0.002134,0.000683,0.000792,0.004345,0.002291,0.000703
0.002365,0.000188,0.011574,0.007992,0.003657,0.189553,0.013423,0.008458
0.004074,0.000205,0.025828,0.008951,0.007061,0.291141,0.028406,0.009190
0.008174,0.000493,0.058924,0.024411,0.013018,0.727328,0.061833,0.025384
0.007617,0.001476,0.059222,0.074057,0.013245,1.643823,0.060031,0.072244
