vet-ins,vet-fnd,avl-ins,avl-fnd,hst-ins,hst-fnd,htr-ins,htr-fnd
0.000543,0.000019,0.001847,0.000670,0.000789,0.003184,0.002042,0.000668
0.002319,0.000188,0.011355,0.007840,0.003472,0.139368,0.012476,0.007971
0.004140,0.000203,0.026074,0.008905,0.007525,0.224304,0.026515,0.008597
0.007977,0.000493,0.058039,0.024400,0.013287,0.729023,0.061088,0.025314
0.007478,0.001451,0.058565,0.072908,0.013254,1.658341,0.058904,0.071598
