vet-ins,vet-fnd,avl-ins,avl-fnd,hst-ins,hst-fnd,htr-ins,htr-fnd
0.000525,0.000020,0.001882,0.000669,0.000789,0.004221,0.002131,0.000701
0.002362,0.000194,0.011488,0.007983,0.003615,0.189353,0.013683,0.008528
0.003923,0.000200,0.025962,0.008860,0.007024,0.289656,0.028330,0.009069
0.008035,0.000489,0.059066,0.024433,0.012888,0.725902,0.061002,0.024917
0.007571,0.001461,0.060670,0.076999,0.013824,1.655479,0.060033,0.073137
