vet-ins,vet-fnd,avl-ins,avl-fnd,hst-ins,hst-fnd,htr-ins,htr-fnd
0.000521,0.000019,0.001879,0.000663,0.000784,0.003155,0.002028,0.000665
0.002308,0.000188,0.011368,0.007821,0.003515,0.140993,0.015428,0.008609
0.004185,0.000197,0.026475,0.008725,0.007051,0.219765,0.026694,0.008653
0.008011,0.000493,0.058557,0.024484,0.013243,0.541789,0.059369,0.024069
0.007537,0.001489,0.058420,0.073648,0.012948,1.681734,0.059872,0.071664
