vet-ins,vet-fnd,avl-ins,avl-fnd,hst-ins,hst-fnd,htr-ins,htr-fnd
0.000525,0.000019,0.001856,0.000664,0.000806,0.003122,0.002072,0.000666
0.002330,0.000194,0.011240,0.007878,0.003667,0.143944,0.012830,0.008129
0.004019,0.000197,0.025682,0.008695,0.006858,0.293209,0.028412,0.009363
0.008165,0.000490,0.059075,0.024964,0.012986,0.729819,0.060686,0.025018
0.007782,0.001450,0.058165,0.072600,0.012854,2.204493,0.065078,0.076274
