vet-ins,vet-fnd,avl-ins,avl-fnd,hst-ins,hst-fnd,htr-ins,htr-fnd
0.001311,0.000045,0.002995,0.001050,0.001610,0.000076,0.002202,0.000601
0.004860,0.000365,0.016890,0.009354,0.005423,0.000540,0.010349,0.005389
0.006470,0.000263,0.026802,0.010549,0.012004,0.000633,0.025931,0.006638
0.013479,0.000656,0.060239,0.027243,0.020380,0.001364,0.054176,0.018929
0.019215,0.002380,0.072370,0.095257,0.021944,0.004800,0.060884,0.063772
