vet-ins,vet-fnd,avl-ins,avl-fnd,hst-ins,hst-fnd,htr-ins,htr-fnd
0.000792,0.000027,0.003010,0.001318,0.001850,0.000094,0.002646,0.000759
0.005796,0.000465,0.017585,0.010039,0.005590,0.000615,0.010607,0.005632
0.006543,0.000263,0.028905,0.010963,0.011862,0.000628,0.026630,0.007416
0.014701,0.000769,0.069072,0.031173,0.022894,0.001453,0.057909,0.020651
0.017564,0.001970,0.068004,0.085562,0.020233,0.004607,0.057390,0.060147
