vet-ins,vet-fnd,avl-ins,avl-fnd,hst-ins,hst-fnd,htr-ins,htr-fnd
0.000532,0.000019,0.001894,0.000660,0.000762,0.004148,0.002147,0.000699
0.002149,0.000212,0.011587,0.007922,0.003588,0.187086,0.012974,0.008276
0.003846,0.000218,0.025686,0.008629,0.006933,0.287927,0.028386,0.009257
0.008074,0.000494,0.058318,0.024197,0.012602,0.720679,0.061075,0.024846
0.007568,0.001460,0.058450,0.072452,0.012877,2.164623,0.062344,0.076671
