vet-ins,vet-fnd,avl-ins,avl-fnd,hst-ins,hst-fnd,htr-ins,htr-fnd
0.000923,0.000032,0.002405,0.000875,0.001384,0.000067,0.001783,0.000510
0.004066,0.000262,0.014158,0.010075,0.006082,0.000535,0.011097,0.006018
0.006979,0.000312,0.027863,0.010526,0.011624,0.000675,0.028064,0.009091
0.014649,0.000681,0.071356,0.031164,0.022720,0.001605,0.066072,0.022659
0.018023,0.002327,0.066120,0.094569,0.021427,0.004289,0.057067,0.058830
