vet-ins,vet-fnd,avl-ins,avl-fnd,hst-ins,hst-fnd,htr-ins,htr-fnd
0.000792,0.000027,0.002182,0.000755,0.001161,0.000054,0.001833,0.000531
0.003653,0.000262,0.012757,0.009016,0.005682,0.000540,0.010147,0.005427
0.006193,0.000263,0.025870,0.009288,0.010241,0.000545,0.022101,0.006038
0.013096,0.000655,0.059447,0.027528,0.022384,0.001537,0.059958,0.020992
0.018336,0.002208,0.062644,0.089405,0.019000,0.004089,0.054822,0.062909
