vet-ins,vet-fnd,avl-ins,avl-fnd,hst-ins,hst-fnd,htr-ins,htr-fnd
0.000527,0.000020,0.001908,0.000683,0.000791,0.003097,0.002039,0.000672
0.002314,0.000189,0.011370,0.007936,0.003650,0.141418,0.012359,0.007953
0.003845,0.000204,0.025688,0.008682,0.007083,0.223819,0.026916,0.008675
0.008107,0.000496,0.058074,0.024450,0.014130,0.541909,0.060845,0.024615
0.007519,0.001462,0.059294,0.075224,0.012871,1.657818,0.059454,0.072370
