vet-ins,vet-fnd,avl-ins,avl-fnd,hst-ins,hst-fnd,htr-ins,htr-fnd
0.000531,0.000020,0.001871,0.000692,0.000790,0.004282,0.002126,0.000737
0.002420,0.000195,0.011544,0.007995,0.003658,0.187802,0.013184,0.008417
0.004067,0.000223,0.025591,0.008727,0.007187,0.292443,0.028441,0.009197
0.008306,0.000491,0.058431,0.024430,0.013031,0.733566,0.062790,0.025585
0.007822,0.001473,0.058213,0.072818,0.013147,2.178624,0.065268,0.080720
