vet-ins,vet-fnd,avl-ins,avl-fnd,hst-ins,hst-fnd,htr-ins,htr-fnd
0.000877,0.000032,0.002510,0.000803,0.001513,0.000068,0.001704,0.000512
0.003689,0.000291,0.013073,0.008924,0.005907,0.000539,0.010445,0.005926
0.006497,0.000269,0.026350,0.009157,0.011248,0.000539,0.022970,0.006291
0.013418,0.000668,0.059634,0.025923,0.021882,0.001355,0.056112,0.018821
0.016943,0.002009,0.059887,0.078524,0.020748,0.004055,0.052708,0.053346
