vet-ins,vet-fnd,avl-ins,avl-fnd,hst-ins,hst-fnd,htr-ins,htr-fnd
0.002218,0.000064,0.005459,0.001829,0.002798,0.000129,0.004098,0.001107
0.004814,0.000308,0.014896,0.011091,0.006335,0.000639,0.012406,0.006483
0.007378,0.000309,0.031941,0.011823,0.011997,0.000628,0.027158,0.007717
0.014600,0.000768,0.070492,0.030923,0.022942,0.001577,0.061389,0.021184
0.019074,0.002356,0.070895,0.095414,0.021559,0.004520,0.057787,0.058487
