vet-ins,vet-fnd,avl-ins,avl-fnd,hst-ins,hst-fnd,htr-ins,htr-fnd
0.000540,0.000019,0.001867,0.000663,0.000808,0.003122,0.002016,0.000669
0.002345,0.000189,0.011221,0.007849,0.003673,0.143727,0.012480,0.007998
0.003984,0.000208,0.025550,0.008690,0.006783,0.222435,0.026228,0.008527
0.008103,0.000490,0.057938,0.024118,0.013892,0.549767,0.061841,0.025291
0.007527,0.001440,0.060397,0.072961,0.013048,2.181595,0.061167,0.075994
