vet-ins,vet-fnd,avl-ins,avl-fnd,hst-ins,hst-fnd,htr-ins,htr-fnd
0.001315,0.000040,0.003555,0.001301,0.002129,0.000095,0.002714,0.000634
0.005404,0.000400,0.016944,0.008621,0.005920,0.000539,0.010656,0.005967
0.006502,0.000268,0.027535,0.009242,0.011234,0.000542,0.023345,0.006318
0.013060,0.000669,0.063536,0.026188,0.022462,0.001349,0.053439,0.017982
0.017125,0.002005,0.059318,0.079552,0.021102,0.004046,0.052593,0.052815
