vet-ins,vet-fnd,avl-ins,avl-fnd,hst-ins,hst-fnd,htr-ins,htr-fnd
0.000986,0.000032,0.003256,0.001043,0.001739,0.000079,0.002243,0.000607
0.005040,0.000371,0.017296,0.009247,0.006465,0.000632,0.012293,0.006669
0.007558,0.000314,0.030986,0.011327,0.013233,0.000632,0.026635,0.007284
0.015210,0.000788,0.069521,0.030833,0.025354,0.001586,0.063230,0.021493
0.020003,0.002350,0.069249,0.094886,0.024029,0.004622,0.065013,0.064679
