vet-ins,vet-fnd,avl-ins,avl-fnd,hst-ins,hst-fnd,htr-ins,htr-fnd
0.000524,0.000019,0.001881,0.000677,0.000811,0.003369,0.002011,0.000659
0.002249,0.000190,0.011622,0.008252,0.003672,0.145077,0.012423,0.008093
0.004414,0.000204,0.026491,0.008696,0.007030,0.220357,0.027300,0.008614
0.008107,0.000492,0.058871,0.024504,0.013632,0.537592,0.060912,0.024453
0.007627,0.001454,0.059197,0.073426,0.012728,1.641731,0.060347,0.071626
