vet-ins,vet-fnd,avl-ins,avl-fnd,hst-ins,hst-fnd,htr-ins,htr-fnd
0.002126,0.000066,0.005895,0.002039,0.003131,0.000147,0.004342,0.001180
0.005436,0.000309,0.014312,0.008776,0.006111,0.000540,0.010412,0.006549
0.006855,0.000262,0.032107,0.012022,0.012185,0.000661,0.027693,0.008341
0.014850,0.000774,0.067491,0.030019,0.022537,0.001550,0.060074,0.020944
0.018654,0.002139,0.071062,0.095530,0.019881,0.004875,0.058768,0.063708
