vet-ins,vet-fnd,avl-ins,avl-fnd,hst-ins,hst-fnd,htr-ins,htr-fnd
0.001991,0.000064,0.005264,0.001826,0.002814,0.000130,0.003967,0.001148
0.005815,0.000332,0.013725,0.008894,0.006241,0.000626,0.011576,0.006123
0.007083,0.000313,0.029737,0.010460,0.010916,0.000641,0.025566,0.006988
0.014441,0.000840,0.071437,0.032630,0.023042,0.001553,0.061902,0.021580
0.019132,0.002343,0.071323,0.091673,0.021445,0.004842,0.054735,0.064874
