vet-ins,vet-fnd,avl-ins,avl-fnd,hst-ins,hst-fnd,htr-ins,htr-fnd
0.000524,0.000019,0.001884,0.000659,0.000760,0.004299,0.002116,0.000725
0.002425,0.000190,0.011678,0.008014,0.003592,0.187309,0.012868,0.008357
0.004007,0.000204,0.025705,0.008633,0.007145,0.292931,0.028219,0.009120
0.008225,0.000495,0.058103,0.024200,0.012991,0.731315,0.060572,0.025007
0.007548,0.001427,0.057722,0.072218,0.013213,2.168266,0.063265,0.078976
