vet-ins,vet-fnd,avl-ins,avl-fnd,hst-ins,hst-fnd,htr-ins,htr-fnd
0.002020,0.000069,0.005475,0.001971,0.002955,0.000142,0.003878,0.001015
0.005187,0.000262,0.014432,0.009722,0.006343,0.000688,0.010852,0.005696
0.006809,0.000263,0.027849,0.010232,0.010820,0.000541,0.024292,0.007017
0.014088,0.000772,0.070669,0.031061,0.022404,0.001358,0.058856,0.021190
0.020185,0.002374,0.077741,0.104866,0.021404,0.004521,0.059233,0.060978
