vet-ins,vet-fnd,avl-ins,avl-fnd,hst-ins,hst-fnd,htr-ins,htr-fnd
0.000550,0.000020,0.001960,0.000709,0.000832,0.003219,0.002146,0.000703
0.002321,0.000187,0.011314,0.007889,0.003617,0.141987,0.012610,0.008018
0.004039,0.000203,0.025570,0.008943,0.007100,0.224537,0.027015,0.008669
0.008252,0.000493,0.058255,0.024546,0.013070,0.731945,0.061458,0.025049
0.007873,0.001522,0.058402,0.073444,0.012945,2.167281,0.059632,0.074774
