vet-ins,vet-fnd,avl-ins,avl-fnd,hst-ins,hst-fnd,htr-ins,htr-fnd
0.002089,0.000077,0.005865,0.002051,0.003177,0.000136,0.004047,0.001220
0.004716,0.000263,0.012800,0.009179,0.005859,0.000684,0.010710,0.005841
0.006212,0.000262,0.027328,0.009506,0.010367,0.000674,0.026903,0.007546
0.013166,0.000655,0.064639,0.030648,0.023282,0.001614,0.063932,0.025166
0.019730,0.002312,0.076348,0.100809,0.021253,0.004525,0.056309,0.059924
