vet-ins,vet-fnd,avl-ins,avl-fnd,hst-ins,hst-fnd,htr-ins,htr-fnd
0.002246,0.000077,0.006397,0.002213,0.003156,0.000158,0.004677,0.001274
0.004157,0.000307,0.014637,0.010379,0.006468,0.000633,0.012104,0.006532
0.007459,0.000361,0.030886,0.011130,0.012121,0.000636,0.026541,0.007215
0.014867,0.000768,0.069435,0.030595,0.023016,0.001585,0.060822,0.020008
0.018577,0.002105,0.067729,0.088536,0.022005,0.004814,0.059134,0.062993
