vet-ins,vet-fnd,avl-ins,avl-fnd,hst-ins,hst-fnd,htr-ins,htr-fnd
0.002018,0.000078,0.005765,0.002050,0.003385,0.000134,0.004196,0.001126
0.004624,0.000281,0.013132,0.008693,0.006207,0.000538,0.010265,0.005472
0.006424,0.000269,0.026125,0.009488,0.011579,0.000539,0.022480,0.006042
0.013184,0.000745,0.068702,0.030139,0.025748,0.001589,0.059487,0.018198
0.017751,0.002359,0.068946,0.080804,0.024042,0.004831,0.060229,0.062222
