vet-ins,vet-fnd,avl-ins,avl-fnd,hst-ins,hst-fnd,htr-ins,htr-fnd
0.000561,0.000019,0.001864,0.000666,0.000795,0.003145,0.002057,0.000668
0.002402,0.000193,0.011300,0.007895,0.003658,0.142973,0.013057,0.008329
0.003940,0.000228,0.025791,0.008736,0.007068,0.222458,0.026829,0.008633
0.008083,0.000489,0.057857,0.024310,0.013132,0.722686,0.061373,0.025396
0.007497,0.001439,0.058338,0.072994,0.013621,1.650198,0.060158,0.073540
