vet-ins,vet-fnd,avl-ins,avl-fnd,hst-ins,hst-fnd,htr-ins,htr-fnd
0.000792,0.000026,0.002169,0.000759,0.001161,0.000054,0.001629,0.000510
0.003948,0.000262,0.012331,0.009144,0.005637,0.000581,0.010298,0.005473
0.006289,0.000262,0.026208,0.009725,0.010232,0.000540,0.022450,0.006374
0.012921,0.000804,0.059906,0.026998,0.020352,0.001350,0.052593,0.018695
0.016264,0.001968,0.060060,0.081255,0.018928,0.004053,0.058280,0.057742
