vet-ins,vet-fnd,avl-ins,avl-fnd,hst-ins,hst-fnd,htr-ins,htr-fnd
0.000954,0.000046,0.003629,0.001291,0.001939,0.000079,0.002481,0.000713
0.005563,0.000393,0.017766,0.009810,0.006040,0.000604,0.011371,0.005998
0.006280,0.000262,0.026234,0.009562,0.010214,0.000540,0.022470,0.006327
0.014618,0.000799,0.062453,0.026554,0.019974,0.001349,0.052627,0.017954
0.017167,0.002220,0.060876,0.082905,0.018989,0.004130,0.052737,0.055591
