vet-ins,vet-fnd,avl-ins,avl-fnd,hst-ins,hst-fnd,htr-ins,htr-fnd
0.000816,0.000027,0.002573,0.000780,0.001268,0.000054,0.001641,0.000435
0.003671,0.000269,0.013303,0.008640,0.005891,0.000538,0.011182,0.005451
0.006513,0.000283,0.026707,0.009157,0.011247,0.000539,0.023488,0.006069
0.013818,0.000671,0.060204,0.025646,0.021787,0.001343,0.056416,0.018468
0.016886,0.002011,0.061338,0.082476,0.020699,0.004036,0.053435,0.053302
