vet-ins,vet-fnd,avl-ins,avl-fnd,hst-ins,hst-fnd,htr-ins,htr-fnd
0.000531,0.000019,0.001876,0.000668,0.000821,0.003207,0.002644,0.000934
0.002443,0.000199,0.013030,0.008598,0.003795,0.151434,0.016196,0.009334
0.004090,0.000206,0.027059,0.009479,0.006853,0.297756,0.028552,0.010195
0.008290,0.000495,0.063237,0.026691,0.013254,0.738247,0.066371,0.027125
0.008039,0.001492,0.063778,0.079964,0.014006,1.666126,0.061006,0.073149
