vet-ins,vet-fnd,avl-ins,avl-fnd,hst-ins,hst-fnd,htr-ins,htr-fnd
0.000587,0.000020,0.002062,0.000780,0.000868,0.003286,0.002054,0.000736
0.002329,0.000191,0.012079,0.008032,0.003790,0.141635,0.014459,0.008320
0.004134,0.000203,0.026536,0.009626,0.007060,0.229299,0.026929,0.008929
0.008096,0.000489,0.058090,0.024236,0.013337,0.544689,0.059328,0.024269
0.007520,0.001428,0.060982,0.073572,0.013170,1.661514,0.060031,0.072316
