vet-ins,vet-fnd,avl-ins,avl-fnd,hst-ins,hst-fnd,htr-ins,htr-fnd
0.001195,0.000038,0.003141,0.001094,0.001852,0.000079,0.002354,0.000634
0.005119,0.000396,0.017852,0.010249,0.006369,0.000628,0.012165,0.006544
0.007434,0.000307,0.033180,0.011848,0.012189,0.000636,0.026314,0.007049
0.014865,0.000767,0.068310,0.030461,0.022996,0.001566,0.060085,0.021034
0.018714,0.002382,0.069162,0.092198,0.019556,0.004050,0.056199,0.063159
