vet-ins,vet-fnd,avl-ins,avl-fnd,hst-ins,hst-fnd,htr-ins,htr-fnd
0.000951,0.000032,0.002527,0.000749,0.001435,0.000064,0.001867,0.000491
0.003929,0.000326,0.014152,0.008913,0.006191,0.000632,0.011048,0.006253
0.007077,0.000278,0.027384,0.009296,0.011199,0.000539,0.022945,0.006041
0.013155,0.000668,0.060081,0.027339,0.023145,0.001416,0.054394,0.018107
0.016848,0.002008,0.061427,0.079601,0.021506,0.004087,0.059364,0.062057
