vet-ins,vet-fnd,avl-ins,avl-fnd,hst-ins,hst-fnd,htr-ins,htr-fnd
0.001400,0.000040,0.003585,0.001205,0.002180,0.000094,0.002472,0.000738
0.006051,0.000395,0.017263,0.009193,0.005901,0.000538,0.010464,0.005793
0.006852,0.000269,0.028332,0.010314,0.011953,0.000648,0.022938,0.006086
0.013169,0.000705,0.060019,0.026054,0.023205,0.001465,0.055399,0.018180
0.018308,0.002110,0.065077,0.083968,0.022354,0.004409,0.055279,0.053501
