vet-ins,vet-fnd,avl-ins,avl-fnd,hst-ins,hst-fnd,htr-ins,htr-fnd
0.001231,0.000040,0.003435,0.001254,0.001866,0.000092,0.002614,0.000635
0.005891,0.000392,0.018291,0.010257,0.006533,0.000700,0.012167,0.006300
0.007327,0.000343,0.028491,0.010981,0.013250,0.000639,0.026941,0.007091
0.015326,0.000783,0.069412,0.029923,0.025444,0.001585,0.062497,0.020820
0.018546,0.002013,0.060424,0.078788,0.022638,0.004384,0.056610,0.053468
