vet-ins,vet-fnd,avl-ins,avl-fnd,hst-ins,hst-fnd,htr-ins,htr-fnd
0.000829,0.000027,0.002202,0.000755,0.001503,0.000067,0.001745,0.000435
0.003695,0.000275,0.012502,0.009021,0.005934,0.000538,0.010486,0.005455
0.006526,0.000268,0.026213,0.009185,0.011304,0.000539,0.025188,0.006157
0.014760,0.000791,0.064140,0.026085,0.021796,0.001349,0.054339,0.017860
0.017262,0.002017,0.060644,0.082814,0.022174,0.004089,0.056515,0.053587
