vet-ins,vet-fnd,avl-ins,avl-fnd,hst-ins,hst-fnd,htr-ins,htr-fnd
0.001015,0.000047,0.003541,0.001116,0.001946,0.000079,0.002744,0.000650
0.005808,0.000393,0.017232,0.008640,0.007140,0.000657,0.012307,0.006254
0.007059,0.000267,0.027896,0.009621,0.011908,0.000539,0.023602,0.006442
0.014904,0.000673,0.065754,0.029104,0.023496,0.001485,0.055132,0.019652
0.016645,0.002045,0.059655,0.077902,0.020770,0.004057,0.052384,0.053666
