vet-ins,vet-fnd,avl-ins,avl-fnd,hst-ins,hst-fnd,htr-ins,htr-fnd
0.002116,0.000072,0.005914,0.002046,0.003149,0.000147,0.004329,0.001188
0.004144,0.000307,0.014584,0.010281,0.006346,0.000635,0.012567,0.006768
0.007199,0.000308,0.030772,0.011255,0.011916,0.000633,0.026073,0.007442
0.014730,0.000767,0.072782,0.031694,0.021860,0.001349,0.056922,0.018365
0.016443,0.001972,0.062905,0.086715,0.022069,0.004858,0.064962,0.064611
