vet-ins,vet-fnd,avl-ins,avl-fnd,hst-ins,hst-fnd,htr-ins,htr-fnd
0.000518,0.000019,0.001940,0.000659,0.000787,0.003166,0.002054,0.000665
0.002304,0.000189,0.011338,0.007814,0.003653,0.141603,0.012413,0.007949
0.003999,0.000207,0.025773,0.008645,0.007136,0.221654,0.026786,0.008709
0.008057,0.000494,0.058358,0.024217,0.013064,0.542850,0.060545,0.024626
0.007512,0.001435,0.058166,0.072891,0.012708,2.184307,0.061712,0.075613
