vet-ins,vet-fnd,btr-ins,btr-fnd,hst-ins,hst-fnd,htr-ins,htr-fnd
0.002175,0.000073,0.006473,0.001983,0.003130,0.000148,0.004466,0.001188
0.004336,0.000349,0.014693,0.008497,0.005619,0.000544,0.010366,0.005832
0.006384,0.000277,0.028595,0.008990,0.010118,0.000544,0.022600,0.005992
0.013218,0.000671,0.068703,0.025857,0.019412,0.001360,0.051992,0.017525
0.016311,0.002010,0.064494,0.076455,0.018458,0.004085,0.051042,0.052523
