vet-ins,vet-fnd,avl-ins,avl-fnd,hst-ins,hst-fnd,htr-ins,htr-fnd
0.001353,0.000044,0.003085,0.001035,0.001748,0.000075,0.002290,0.000605
0.005058,0.000372,0.017002,0.009105,0.005936,0.000540,0.010534,0.005454
0.006993,0.000269,0.027553,0.009335,0.011862,0.000537,0.023485,0.006082
0.013095,0.000670,0.060323,0.026252,0.022174,0.001352,0.055080,0.018369
0.017689,0.002268,0.065737,0.078031,0.020758,0.004284,0.053380,0.056033
