vet-ins,vet-fnd,avl-ins,avl-fnd,hst-ins,hst-fnd,htr-ins,htr-fnd
0.000550,0.000020,0.002195,0.000710,0.000797,0.004250,0.002129,0.000704
0.002127,0.000191,0.012503,0.008027,0.003718,0.187736,0.013193,0.008376
0.004142,0.000203,0.027301,0.008612,0.006542,0.288118,0.028238,0.009159
0.008049,0.000496,0.062042,0.024322,0.013118,0.720093,0.064177,0.025496
0.007569,0.001480,0.062225,0.073461,0.012555,2.195835,0.064056,0.076362
