vet-ins,vet-fnd,avl-ins,avl-fnd,hst-ins,hst-fnd,htr-ins,htr-fnd
0.000793,0.000026,0.002157,0.000753,0.001231,0.000063,0.001919,0.000541
0.003597,0.000263,0.012263,0.008780,0.005404,0.000540,0.010128,0.005448
0.006258,0.000263,0.027943,0.009300,0.011333,0.000632,0.025147,0.006074
0.012586,0.000661,0.059278,0.026592,0.019705,0.001352,0.056815,0.018677
0.016389,0.001971,0.060520,0.082427,0.018656,0.004053,0.051238,0.054008
