vet-ins,vet-fnd,avl-ins,avl-fnd,hst-ins,hst-fnd,htr-ins,htr-fnd
0.000520,0.000019,0.001882,0.000661,0.000758,0.004155,0.002110,0.000711
0.002157,0.000190,0.011537,0.007813,0.003586,0.187291,0.012952,0.009029
0.004336,0.000196,0.027216,0.009698,0.007014,0.296968,0.028168,0.009103
0.008596,0.000543,0.062962,0.025783,0.012644,0.748327,0.079630,0.030070
0.008325,0.001425,0.071155,0.081280,0.014387,1.655633,0.060153,0.072042
