vet-ins,vet-fnd,avl-ins,avl-fnd,hst-ins,hst-fnd,htr-ins,htr-fnd
0.000522,0.000019,0.001858,0.000686,0.000756,0.004277,0.002110,0.000727
0.002134,0.000188,0.011609,0.007902,0.003604,0.187125,0.013223,0.008463
0.004320,0.000205,0.025725,0.008659,0.006936,0.288006,0.028576,0.009088
0.008046,0.000491,0.058416,0.024350,0.012898,0.718613,0.061043,0.025105
0.007523,0.001466,0.057093,0.072642,0.013574,1.650044,0.059993,0.071832
