vet-ins,vet-fnd,avl-ins,avl-fnd,hst-ins,hst-fnd,htr-ins,htr-fnd
0.001402,0.000039,0.003555,0.001193,0.002137,0.000087,0.002597,0.000637
0.006128,0.000430,0.017547,0.009996,0.006423,0.000673,0.012025,0.005888
0.007673,0.000334,0.029057,0.010622,0.012416,0.000632,0.025911,0.006410
0.014273,0.000680,0.065123,0.027897,0.024055,0.001643,0.063477,0.021081
0.018950,0.002350,0.066823,0.084387,0.021890,0.004526,0.059927,0.064840
