vet-ins,vet-fnd,avl-ins,avl-fnd,hst-ins,hst-fnd,htr-ins,htr-fnd
0.002187,0.000077,0.006072,0.002175,0.003379,0.000158,0.004647,0.001267
0.004197,0.000264,0.014273,0.010050,0.006247,0.000632,0.012035,0.006408
0.007282,0.000309,0.031124,0.011474,0.011840,0.000639,0.026820,0.007424
0.014733,0.000779,0.072463,0.031927,0.022970,0.001572,0.063943,0.021884
0.018962,0.002304,0.071780,0.095484,0.021589,0.004752,0.061584,0.066483
