vet-ins,vet-fnd,avl-ins,avl-fnd,hst-ins,hst-fnd,htr-ins,htr-fnd
0.000577,0.000021,0.001993,0.000706,0.000847,0.003306,0.002143,0.000744
0.002393,0.000199,0.011399,0.007951,0.003649,0.142536,0.012370,0.007955
0.003999,0.000200,0.025316,0.008637,0.007166,0.223437,0.026441,0.008635
0.008311,0.000507,0.057943,0.024299,0.013243,0.727447,0.062168,0.025533
0.007905,0.001517,0.058653,0.072991,0.013622,1.674474,0.058253,0.072647
