vet-ins,vet-fnd,avl-ins,avl-fnd,hst-ins,hst-fnd,htr-ins,htr-fnd
0.001169,0.000038,0.003209,0.001102,0.001690,0.000080,0.002445,0.000635
0.005109,0.000430,0.017892,0.010448,0.006303,0.000634,0.011695,0.006437
0.007567,0.000314,0.030262,0.012028,0.012139,0.000633,0.025734,0.007173
0.014670,0.000800,0.068811,0.030713,0.021610,0.001373,0.056192,0.019433
0.017313,0.002035,0.063544,0.086188,0.019739,0.004569,0.056522,0.057442
