vet-ins,vet-fnd,avl-ins,avl-fnd,hst-ins,hst-fnd,htr-ins,htr-fnd
0.002122,0.000080,0.005693,0.002077,0.003267,0.000135,0.004249,0.001218
0.005070,0.000267,0.013251,0.009447,0.006240,0.000540,0.010388,0.005479
0.006603,0.000269,0.026280,0.009530,0.011244,0.000538,0.023232,0.006192
0.013141,0.000673,0.069767,0.028303,0.021780,0.001356,0.054810,0.017846
0.017956,0.002008,0.064298,0.080373,0.021676,0.004838,0.056454,0.054502
