vet-ins,vet-fnd,avl-ins,avl-fnd,hst-ins,hst-fnd,htr-ins,htr-fnd
0.000821,0.000027,0.002570,0.000747,0.001479,0.000067,0.001724,0.000502
0.004201,0.000334,0.014285,0.009775,0.006620,0.000540,0.010528,0.006294
0.007268,0.000314,0.027896,0.009479,0.011952,0.000538,0.024322,0.006924
0.014445,0.000733,0.061545,0.026281,0.023024,0.001346,0.054380,0.018785
0.016976,0.002009,0.066146,0.083361,0.021414,0.004501,0.054994,0.059514
