vet-ins,vet-fnd,avl-ins,avl-fnd,hst-ins,hst-fnd,htr-ins,htr-fnd
0.000837,0.000027,0.003223,0.001123,0.001884,0.000086,0.002782,0.000736
0.005445,0.000408,0.017394,0.009288,0.005915,0.000539,0.010451,0.005479
0.006635,0.000269,0.026188,0.009586,0.011286,0.000544,0.022961,0.006082
0.013118,0.000667,0.064457,0.027356,0.022619,0.001350,0.054648,0.019784
0.016644,0.002017,0.061083,0.081631,0.021515,0.004061,0.053913,0.053193
