vet-ins,vet-fnd,avl-ins,avl-fnd,hst-ins,hst-fnd,htr-ins,htr-fnd
0.000553,0.000019,0.001913,0.000666,0.000763,0.004291,0.002149,0.000703
0.002362,0.000221,0.011439,0.007921,0.003642,0.190274,0.013057,0.008373
0.004426,0.000201,0.025518,0.008599,0.007211,0.288966,0.028165,0.009056
0.008066,0.000491,0.058533,0.024647,0.013660,0.729122,0.062449,0.025575
0.007659,0.001439,0.058596,0.073539,0.013203,2.195257,0.065142,0.075503
