vet-ins,vet-fnd,avl-ins,avl-fnd,hst-ins,hst-fnd,htr-ins,htr-fnd
0.001014,0.000032,0.003213,0.001207,0.001986,0.000079,0.002555,0.000641
0.005606,0.000406,0.017836,0.010505,0.006969,0.000670,0.012273,0.006507
0.006848,0.000268,0.026953,0.009425,0.011317,0.000542,0.025247,0.006331
0.015032,0.000740,0.071194,0.030883,0.026071,0.001661,0.062756,0.021041
0.018542,0.002181,0.065987,0.080999,0.021767,0.004380,0.059317,0.062960
