vet-ins,vet-fnd,avl-ins,avl-fnd,hst-ins,hst-fnd,htr-ins,htr-fnd
0.002119,0.000071,0.005811,0.002044,0.003010,0.000148,0.004311,0.001193
0.004287,0.000262,0.012250,0.009089,0.005381,0.000540,0.010447,0.005403
0.006350,0.000262,0.026349,0.009665,0.010158,0.000539,0.022495,0.006188
0.013166,0.000746,0.062404,0.027570,0.021064,0.001359,0.055596,0.018010
0.018123,0.002377,0.061865,0.081264,0.020266,0.004578,0.061275,0.058653
