vet-ins,vet-fnd,avl-ins,avl-fnd,hst-ins,hst-fnd,htr-ins,htr-fnd
0.001165,0.000047,0.003730,0.001319,0.001991,0.000094,0.002660,0.000760
0.005804,0.000473,0.016818,0.008697,0.005901,0.000539,0.010575,0.006318
0.006982,0.000269,0.027114,0.009391,0.011631,0.000539,0.022488,0.006117
0.014808,0.000669,0.063976,0.028469,0.022068,0.001593,0.058246,0.019665
0.016995,0.002011,0.068101,0.092134,0.024305,0.004817,0.060720,0.062775
