vet-ins,vet-fnd,avl-ins,avl-fnd,hst-ins,hst-fnd,htr-ins,htr-fnd
0.000954,0.000033,0.002397,0.000933,0.001183,0.000054,0.001908,0.000437
0.004014,0.000308,0.014050,0.010312,0.006337,0.000632,0.011271,0.006274
0.007161,0.000307,0.029526,0.009632,0.010291,0.000637,0.022753,0.006064
0.012825,0.000809,0.061976,0.026578,0.020697,0.001370,0.053122,0.018134
0.016521,0.002070,0.061299,0.081882,0.018809,0.004537,0.051971,0.054790
