vet-ins,vet-fnd,avl-ins,avl-fnd,hst-ins,hst-fnd,htr-ins,htr-fnd
0.000550,0.000020,0.001971,0.000711,0.000797,0.004400,0.002248,0.000727
0.002305,0.000187,0.011391,0.007891,0.003549,0.188566,0.012948,0.008361
0.004063,0.000201,0.026419,0.008809,0.006997,0.292037,0.028481,0.009189
0.008352,0.000503,0.058575,0.024566,0.013111,0.729388,0.061785,0.025249
0.007878,0.001501,0.060376,0.073609,0.013088,2.178821,0.062114,0.077224
