vet-ins,vet-fnd,avl-ins,avl-fnd,hst-ins,hst-fnd,htr-ins,htr-fnd
0.000549,0.000020,0.001883,0.000671,0.000810,0.004286,0.002116,0.000710
0.002395,0.000200,0.011543,0.007992,0.003639,0.189274,0.013182,0.008517
0.004109,0.000204,0.025678,0.008785,0.007115,0.291938,0.028192,0.009621
0.008346,0.000501,0.060153,0.024956,0.013442,0.729985,0.060902,0.025144
0.008723,0.001578,0.060817,0.073953,0.013681,1.658874,0.059608,0.072641
