vet-ins,vet-fnd,avl-ins,avl-fnd,hst-ins,hst-fnd,htr-ins,htr-fnd
0.000528,0.000020,0.001891,0.000667,0.000797,0.003206,0.002021,0.000692
0.002368,0.000193,0.011337,0.007916,0.003562,0.142198,0.012387,0.007916
0.004140,0.000199,0.025453,0.008707,0.006645,0.220007,0.026310,0.008463
0.008021,0.000493,0.058731,0.024336,0.013520,0.538679,0.059763,0.024272
0.007599,0.001430,0.058441,0.073562,0.012658,2.172299,0.061849,0.076327
