vet-ins,vet-fnd,avl-ins,avl-fnd,hst-ins,hst-fnd,htr-ins,htr-fnd
0.000526,0.000020,0.001880,0.000694,0.000795,0.003159,0.002055,0.000668
0.002369,0.000195,0.011341,0.007910,0.003657,0.141149,0.012511,0.007941
0.003965,0.000207,0.025717,0.008800,0.007255,0.222301,0.026872,0.008619
0.008204,0.000492,0.059112,0.024559,0.013951,0.545992,0.060312,0.024323
0.007542,0.001446,0.058773,0.073725,0.012921,1.663540,0.059631,0.071569
