vet-ins,vet-fnd,avl-ins,avl-fnd,hst-ins,hst-fnd,htr-ins,htr-fnd
0.000548,0.000020,0.001865,0.000670,0.000786,0.003198,0.002075,0.000662
0.002336,0.000194,0.011504,0.008170,0.003682,0.141404,0.012287,0.007905
0.004027,0.000201,0.025630,0.008731,0.007077,0.222944,0.027322,0.008658
0.008112,0.000485,0.058594,0.024395,0.013449,0.553218,0.063889,0.025492
0.007602,0.001467,0.063566,0.075128,0.013372,1.687290,0.061120,0.079305
