vet-ins,vet-fnd,avl-ins,avl-fnd,hst-ins,hst-fnd,htr-ins,htr-fnd
0.000966,0.000044,0.003144,0.001040,0.001615,0.000074,0.002203,0.000601
0.004859,0.000363,0.017077,0.009245,0.005394,0.000536,0.010392,0.005401
0.006605,0.000262,0.029695,0.010350,0.010760,0.000536,0.022850,0.006020
0.013072,0.000655,0.059964,0.026563,0.019959,0.001352,0.057836,0.018308
0.016321,0.002176,0.060286,0.085012,0.019705,0.004020,0.051913,0.056702
