vet-ins,vet-fnd,avl-ins,avl-fnd,hst-ins,hst-fnd,htr-ins,htr-fnd
0.000521,0.000019,0.001860,0.000659,0.000796,0.003099,0.002014,0.000674
0.002117,0.000192,0.011432,0.007891,0.003671,0.143719,0.012852,0.008774
0.004199,0.000202,0.026480,0.009546,0.007006,0.218594,0.026768,0.008645
0.008027,0.000493,0.057986,0.024560,0.012888,0.554898,0.066321,0.026187
0.007690,0.001461,0.063850,0.080152,0.013701,2.222602,0.063470,0.077093
