vet-ins,vet-fnd,avl-ins,avl-fnd,hst-ins,hst-fnd,htr-ins,htr-fnd
0.001123,0.000045,0.003073,0.001038,0.001748,0.000076,0.002258,0.000609
0.005096,0.000371,0.017050,0.008683,0.005888,0.000573,0.012670,0.006236
0.006495,0.000268,0.027308,0.009273,0.011580,0.000539,0.022845,0.006063
0.013024,0.000668,0.059482,0.027459,0.021780,0.001347,0.053292,0.017879
0.016601,0.002005,0.062452,0.079728,0.021218,0.004516,0.059522,0.053183
