vet-ins,vet-fnd,avl-ins,avl-fnd,hst-ins,hst-fnd,htr-ins,htr-fnd
0.000940,0.000031,0.002550,0.000886,0.001366,0.000064,0.001882,0.000510
0.004137,0.000309,0.014473,0.010312,0.006300,0.000634,0.011763,0.006355
0.007445,0.000310,0.026853,0.010299,0.010988,0.000541,0.022634,0.006661
0.013787,0.000683,0.065482,0.030859,0.022953,0.001595,0.059737,0.020482
0.018573,0.002312,0.068066,0.087972,0.018864,0.004378,0.058129,0.061375
