vet-ins,vet-fnd,avl-ins,avl-fnd,hst-ins,hst-fnd,htr-ins,htr-fnd
0.002107,0.000079,0.005764,0.001995,0.003323,0.000136,0.004248,0.001102
0.005552,0.000267,0.012894,0.009374,0.005937,0.000551,0.011261,0.005589
0.006832,0.000313,0.029586,0.010701,0.012595,0.000634,0.025676,0.006741
0.014170,0.000669,0.066128,0.028424,0.023308,0.001443,0.056564,0.018193
0.017666,0.002009,0.063091,0.079679,0.020851,0.004066,0.057475,0.057621
