vet-ins,vet-fnd,avl-ins,avl-fnd,hst-ins,hst-fnd,htr-ins,htr-fnd
0.000529,0.000020,0.001932,0.000688,0.000776,0.004448,0.002260,0.000720
0.002339,0.000202,0.011503,0.007889,0.003577,0.187855,0.013081,0.008348
0.004075,0.000207,0.026096,0.008758,0.007215,0.223079,0.026900,0.008624
0.008274,0.000492,0.059125,0.024648,0.013938,0.549171,0.060969,0.024521
0.007579,0.001451,0.059192,0.073625,0.012380,2.193915,0.060869,0.074703
