vet-ins,vet-fnd,avl-ins,avl-fnd,hst-ins,hst-fnd,htr-ins,htr-fnd
0.000554,0.000020,0.001984,0.000694,0.000796,0.004442,0.003739,0.001345
0.002184,0.000191,0.011520,0.007839,0.003537,0.187436,0.012854,0.008263
0.003926,0.000208,0.025654,0.008889,0.006880,0.288185,0.028173,0.009020
0.008053,0.000488,0.058305,0.024187,0.013033,0.719589,0.062206,0.025135
0.007976,0.001522,0.059570,0.073166,0.013636,1.657376,0.059462,0.072223
