vet-ins,vet-fnd,avl-ins,avl-fnd,hst-ins,hst-fnd,htr-ins,htr-fnd
0.001090,0.000037,0.003014,0.001043,0.001721,0.000075,0.002206,0.000604
0.004918,0.000370,0.017286,0.010025,0.006423,0.000676,0.011646,0.006386
0.007339,0.000335,0.030068,0.011289,0.012025,0.000627,0.025984,0.007246
0.014478,0.000839,0.066948,0.030668,0.022748,0.001587,0.057290,0.019864
0.018571,0.002219,0.069531,0.086059,0.020363,0.004191,0.059394,0.063102
