vet-ins,vet-fnd,avl-ins,avl-fnd,hst-ins,hst-fnd,htr-ins,htr-fnd
0.002206,0.000067,0.006051,0.002083,0.003427,0.000157,0.004457,0.001240
0.004705,0.000314,0.014322,0.009925,0.006683,0.000639,0.011929,0.005921
0.007227,0.000268,0.027682,0.009503,0.011548,0.000638,0.023170,0.006069
0.013488,0.000678,0.064712,0.026122,0.021878,0.001358,0.054175,0.018229
0.017821,0.002202,0.064625,0.079474,0.021556,0.004052,0.057872,0.053756
