vet-ins,vet-fnd,avl-ins,avl-fnd,hst-ins,hst-fnd,htr-ins,htr-fnd
0.001097,0.000037,0.003049,0.001048,0.001601,0.000075,0.002208,0.000606
0.004836,0.000369,0.016921,0.008943,0.005386,0.000536,0.011029,0.005660
0.006514,0.000262,0.026941,0.009272,0.010489,0.000536,0.025337,0.006793
0.013063,0.000658,0.059355,0.027395,0.020135,0.001337,0.052642,0.018356
0.016451,0.001972,0.060891,0.082828,0.020498,0.004408,0.052305,0.053593
