vet-ins,vet-fnd,avl-ins,avl-fnd,hst-ins,hst-fnd,htr-ins,htr-fnd
0.000549,0.000019,0.001902,0.000663,0.000802,0.003133,0.002027,0.000672
0.002365,0.000196,0.011406,0.007992,0.003708,0.142047,0.012358,0.007935
0.003984,0.000202,0.025540,0.008675,0.006850,0.222646,0.026664,0.008493
0.008140,0.000491,0.058502,0.024087,0.013297,0.731033,0.062313,0.025185
0.007502,0.001459,0.056746,0.072109,0.013658,1.662409,0.058186,0.071879
