vet-ins,vet-fnd,avl-ins,avl-fnd,hst-ins,hst-fnd,htr-ins,htr-fnd
0.001240,0.000067,0.005699,0.001966,0.003298,0.000135,0.004439,0.001184
0.007760,0.000380,0.013948,0.009076,0.005871,0.000539,0.010662,0.005463
0.007309,0.000268,0.028030,0.009212,0.011543,0.000540,0.022906,0.006076
0.013183,0.000668,0.061303,0.026606,0.021791,0.001346,0.052600,0.022155
0.016984,0.002040,0.058816,0.078250,0.020787,0.004098,0.052356,0.055586
