vet-ins,vet-fnd,avl-ins,avl-fnd,hst-ins,hst-fnd,htr-ins,htr-fnd
0.000561,0.000019,0.001910,0.000664,0.000759,0.004245,0.002132,0.000705
0.002349,0.000189,0.011285,0.007926,0.003431,0.184980,0.013149,0.008401
0.004097,0.000204,0.025545,0.008716,0.007083,0.219884,0.026764,0.008674
0.008036,0.000488,0.060383,0.025547,0.014634,0.551406,0.060993,0.024548
0.007597,0.001462,0.058561,0.073841,0.013257,1.660548,0.061437,0.072540
