vet-ins,vet-fnd,avl-ins,avl-fnd,hst-ins,hst-fnd,htr-ins,htr-fnd
0.002208,0.000073,0.006641,0.002030,0.003400,0.000147,0.004417,0.001186
0.004096,0.000268,0.013761,0.008652,0.005903,0.000542,0.010392,0.005446
0.006623,0.000268,0.027974,0.009204,0.011239,0.000543,0.022810,0.006419
0.013049,0.000668,0.069873,0.028548,0.022641,0.001350,0.054226,0.018722
0.017339,0.002005,0.066925,0.081522,0.021392,0.004050,0.056027,0.053754
