vet-ins,vet-fnd,avl-ins,avl-fnd,hst-ins,hst-fnd,htr-ins,htr-fnd
0.000932,0.000031,0.002537,0.000890,0.001353,0.000063,0.001865,0.000512
0.003997,0.000312,0.014513,0.010233,0.006287,0.000632,0.011791,0.006370
0.007451,0.000309,0.030292,0.010852,0.011880,0.000629,0.025867,0.007067
0.014704,0.000768,0.069033,0.030853,0.023002,0.001630,0.060881,0.021036
0.018924,0.002316,0.069487,0.091136,0.021716,0.004781,0.059496,0.061558
