vet-ins,vet-fnd,avl-ins,avl-fnd,hst-ins,hst-fnd,htr-ins,htr-fnd
0.000530,0.000020,0.001905,0.000667,0.000787,0.004308,0.002138,0.000711
0.002379,0.000196,0.011585,0.007897,0.003574,0.187938,0.013659,0.008756
0.004032,0.000208,0.026476,0.008907,0.007328,0.223229,0.026781,0.008590
0.008135,0.000498,0.058627,0.024330,0.013284,0.550064,0.068908,0.027073
0.008058,0.001514,0.066613,0.087689,0.012898,2.266926,0.074621,0.087095
