vet-ins,vet-fnd,avl-ins,avl-fnd,hst-ins,hst-fnd,htr-ins,htr-fnd
0.000526,0.000019,0.001907,0.000667,0.000762,0.004252,0.002141,0.000703
0.002113,0.000189,0.011416,0.007921,0.003581,0.188069,0.013232,0.008476
0.004101,0.000206,0.025422,0.008662,0.006700,0.221971,0.026767,0.008513
0.008276,0.000506,0.059258,0.024197,0.013695,0.539397,0.059796,0.024589
0.008066,0.001580,0.059858,0.078546,0.013537,1.682220,0.064914,0.073652
