vet-ins,vet-fnd,avl-ins,avl-fnd,hst-ins,hst-fnd,htr-ins,htr-fnd
0.000800,0.000027,0.002554,0.000891,0.001409,0.000067,0.001703,0.000482
0.003963,0.000307,0.012666,0.008733,0.005404,0.000544,0.010094,0.005391
0.006171,0.000262,0.026777,0.009755,0.010594,0.000539,0.021994,0.006002
0.013771,0.000655,0.065366,0.029018,0.021337,0.001352,0.052002,0.017894
0.016364,0.001970,0.060584,0.080110,0.018628,0.004049,0.051361,0.053203
