vet-ins,vet-fnd,avl-ins,avl-fnd,hst-ins,hst-fnd,htr-ins,htr-fnd
0.001223,0.000046,0.003626,0.001237,0.001853,0.000095,0.002495,0.000758
0.005313,0.000459,0.017626,0.009722,0.006099,0.000606,0.011258,0.005407
0.006209,0.000308,0.026503,0.009246,0.010583,0.000541,0.023887,0.006005
0.015012,0.000767,0.071204,0.031311,0.023051,0.001625,0.063869,0.021230
0.018614,0.002306,0.071475,0.095942,0.020291,0.004440,0.060117,0.061614
