vet-ins,vet-fnd,avl-ins,avl-fnd,hst-ins,hst-fnd,htr-ins,htr-fnd
0.000930,0.000031,0.003478,0.001155,0.002170,0.000078,0.002742,0.000713
0.005544,0.000420,0.017551,0.010236,0.006913,0.000630,0.012204,0.006126
0.006638,0.000269,0.028720,0.010462,0.012390,0.000650,0.024378,0.006480
0.013841,0.000676,0.059302,0.025627,0.022136,0.001357,0.054202,0.019408
0.017126,0.002351,0.060718,0.078701,0.022956,0.004112,0.053685,0.053488
