vet-ins,vet-fnd,avl-ins,avl-fnd,hst-ins,hst-fnd,htr-ins,htr-fnd
0.000558,0.000019,0.001862,0.000666,0.000776,0.004450,0.002484,0.000727
0.002335,0.000189,0.013067,0.008257,0.004265,0.190365,0.013620,0.008653
0.004074,0.000209,0.025637,0.011075,0.007224,0.299077,0.028297,0.009200
0.008185,0.000491,0.062014,0.027734,0.014088,0.551710,0.060068,0.025170
0.007594,0.001436,0.058368,0.073446,0.013161,1.659365,0.059454,0.073093
