vet-ins,vet-fnd,avl-ins,avl-fnd,hst-ins,hst-fnd,htr-ins,htr-fnd
0.000520,0.000019,0.001852,0.000662,0.000814,0.003145,0.002049,0.000668
0.002174,0.000199,0.011761,0.008582,0.003719,0.142066,0.012627,0.009211
0.003799,0.000204,0.025757,0.008842,0.008238,0.222055,0.027002,0.008653
0.008063,0.000489,0.059464,0.024210,0.013731,0.539689,0.059831,0.029573
0.007495,0.001463,0.058115,0.073111,0.012430,2.196255,0.059829,0.074708
