vet-ins,vet-fnd,avl-ins,avl-fnd,hst-ins,hst-fnd,htr-ins,htr-fnd
0.002234,0.000068,0.005800,0.001861,0.003488,0.000135,0.004484,0.001078
0.004939,0.000272,0.013467,0.008945,0.005892,0.000539,0.010676,0.006719
0.006531,0.000269,0.026846,0.009176,0.011670,0.000539,0.024043,0.006072
0.013657,0.000783,0.062746,0.028342,0.023318,0.001364,0.053609,0.018462
0.017334,0.002010,0.063155,0.079046,0.021051,0.004056,0.053143,0.053971
