vet-ins,vet-fnd,avl-ins,avl-fnd,hst-ins,hst-fnd,htr-ins,htr-fnd
0.000957,0.000032,0.002420,0.000887,0.001425,0.000054,0.001800,0.000510
0.003554,0.000267,0.014247,0.009113,0.005895,0.000540,0.012301,0.006817
0.007450,0.000315,0.030813,0.010683,0.012034,0.000539,0.024106,0.006591
0.013807,0.000671,0.065699,0.027968,0.023173,0.001349,0.058633,0.020604
0.017511,0.002004,0.065684,0.083907,0.023520,0.004797,0.059587,0.060198
