vet-ins,vet-fnd,avl-ins,avl-fnd,hst-ins,hst-fnd,htr-ins,htr-fnd
0.000550,0.000020,0.001973,0.000703,0.000836,0.003329,0.002143,0.000706
0.002333,0.000189,0.011366,0.007896,0.003626,0.142943,0.012559,0.008165
0.004027,0.000201,0.026576,0.009284,0.007278,0.224356,0.026805,0.008703
0.008083,0.000490,0.058648,0.024673,0.012406,0.726956,0.060522,0.024759
0.007713,0.001474,0.058777,0.073009,0.012718,2.156765,0.059964,0.074498
