vet-ins,vet-fnd,avl-ins,avl-fnd,hst-ins,hst-fnd,htr-ins,htr-fnd
0.000920,0.000031,0.002564,0.000878,0.001355,0.000063,0.001878,0.000509
0.004130,0.000316,0.014531,0.010197,0.006293,0.000628,0.011836,0.006336
0.007410,0.000308,0.030189,0.010677,0.011818,0.000627,0.025454,0.006724
0.013533,0.000775,0.067529,0.029218,0.022806,0.001574,0.059375,0.019944
0.018627,0.002336,0.068489,0.090539,0.021757,0.004715,0.058765,0.061126
