vet-ins,vet-fnd,avl-ins,avl-fnd,hst-ins,hst-fnd,htr-ins,htr-fnd
0.000981,0.000032,0.003384,0.001223,0.002160,0.000080,0.002650,0.000718
0.006077,0.000391,0.017821,0.008850,0.005964,0.000540,0.010678,0.005468
0.006730,0.000268,0.026134,0.009200,0.011187,0.000542,0.023209,0.006176
0.013208,0.000668,0.065225,0.028311,0.023716,0.001354,0.055566,0.018355
0.017809,0.002010,0.062128,0.078981,0.022802,0.004884,0.060228,0.058103
