vet-ins,vet-fnd,avl-ins,avl-fnd,hst-ins,hst-fnd,htr-ins,htr-fnd
0.000908,0.000027,0.002337,0.000939,0.001360,0.000054,0.001935,0.000442
0.005023,0.000365,0.017858,0.011638,0.006446,0.000786,0.013239,0.007057
0.007454,0.000460,0.035388,0.013435,0.011970,0.000632,0.030868,0.008822
0.014385,0.000721,0.065907,0.028588,0.021570,0.001382,0.057724,0.020305
0.018889,0.002318,0.071065,0.096929,0.022041,0.004838,0.062177,0.062556
