vet-ins,vet-fnd,avl-ins,avl-fnd,hst-ins,hst-fnd,htr-ins,htr-fnd
0.000517,0.000019,0.001867,0.000667,0.000749,0.004175,0.002261,0.000732
0.002322,0.000187,0.011497,0.007992,0.003572,0.187219,0.013163,0.008313
0.003870,0.000213,0.025721,0.008734,0.007119,0.221162,0.026978,0.008706
0.008092,0.000487,0.058455,0.024530,0.013293,0.541553,0.061437,0.024253
0.007535,0.001445,0.058085,0.073877,0.012350,2.231912,0.064707,0.080812
