vet-ins,vet-fnd,avl-ins,avl-fnd,hst-ins,hst-fnd,htr-ins,htr-fnd
0.002113,0.000071,0.005941,0.002049,0.003134,0.000147,0.004371,0.001174
0.004362,0.000262,0.012407,0.008772,0.005374,0.000544,0.010178,0.005412
0.006349,0.000263,0.026378,0.010029,0.010672,0.000540,0.022220,0.005997
0.012585,0.000656,0.058747,0.026132,0.020048,0.001408,0.062240,0.019558
0.016660,0.002233,0.067816,0.082229,0.020084,0.004051,0.051021,0.059608
