vet-ins,vet-fnd,avl-ins,avl-fnd,hst-ins,hst-fnd,htr-ins,htr-fnd
0.002212,0.000067,0.005663,0.001978,0.003296,0.000135,0.004149,0.001081
0.005527,0.000267,0.012894,0.008657,0.006048,0.000540,0.010474,0.005602
0.006996,0.000268,0.026185,0.010026,0.011228,0.000539,0.022790,0.006073
0.013183,0.000675,0.058839,0.025603,0.022121,0.001347,0.053450,0.018208
0.016621,0.002005,0.060189,0.078090,0.020724,0.004052,0.057599,0.053833
