vet-ins,vet-fnd,avl-ins,avl-fnd,hst-ins,hst-fnd,htr-ins,htr-fnd
0.000531,0.000020,0.001907,0.000672,0.000760,0.004300,0.002209,0.000703
0.002326,0.000187,0.011433,0.007954,0.003590,0.188594,0.013309,0.008533
0.004127,0.000202,0.025580,0.008708,0.006673,0.290345,0.028237,0.009106
0.008118,0.000492,0.058249,0.024475,0.013303,0.725496,0.061448,0.026113
0.007663,0.001467,0.058903,0.073552,0.012550,2.192141,0.061078,0.076312
