vet-ins,vet-fnd,avl-ins,avl-fnd,hst-ins,hst-fnd,htr-ins,htr-fnd
0.000526,0.000020,0.001876,0.000661,0.000796,0.003189,0.002068,0.000676
0.002166,0.000196,0.011698,0.007953,0.003675,0.142122,0.012244,0.007907
0.004094,0.000201,0.025739,0.008639,0.006998,0.220562,0.027030,0.008872
0.008037,0.000505,0.058693,0.024211,0.013637,0.538953,0.060713,0.024454
0.007532,0.001467,0.059189,0.074562,0.012739,1.639147,0.059563,0.071471
