vet-ins,vet-fnd,avl-ins,avl-fnd,hst-ins,hst-fnd,htr-ins,htr-fnd
0.000530,0.000020,0.001892,0.000686,0.000756,0.004197,0.002166,0.000734
0.002367,0.000189,0.011382,0.007950,0.003627,0.187445,0.013090,0.008427
0.003907,0.000216,0.025762,0.008692,0.006996,0.288855,0.028213,0.009146
0.008033,0.000492,0.058160,0.024425,0.013863,0.541336,0.060054,0.024731
0.007529,0.001436,0.058546,0.075168,0.013431,1.634135,0.059588,0.072674
