vet-ins,vet-fnd,avl-ins,avl-fnd,hst-ins,hst-fnd,htr-ins,htr-fnd
0.002071,0.000067,0.005935,0.002012,0.003335,0.000153,0.004243,0.001181
0.004833,0.000286,0.014061,0.009773,0.006582,0.000636,0.010838,0.005466
0.006517,0.000279,0.026200,0.009511,0.011969,0.000633,0.026320,0.006834
0.013185,0.000670,0.059607,0.026107,0.021822,0.001355,0.056426,0.019504
0.018243,0.002358,0.066799,0.081689,0.021226,0.004069,0.055851,0.063387
