vet-ins,vet-fnd,btr-ins,btr-fnd,hst-ins,hst-fnd,htr-ins,htr-fnd
0.002129,0.000067,0.006297,0.001933,0.003034,0.000160,0.004214,0.001084
0.005179,0.000328,0.014198,0.008468,0.005358,0.000545,0.010601,0.005393
0.006264,0.000267,0.028759,0.009407,0.010132,0.000546,0.022126,0.005964
0.012892,0.000674,0.063870,0.025457,0.020409,0.001363,0.051289,0.018321
0.016368,0.002411,0.064362,0.082499,0.019646,0.004092,0.050643,0.055339
