vet-ins,vet-fnd,avl-ins,avl-fnd,hst-ins,hst-fnd,htr-ins,htr-fnd
0.001042,0.000048,0.003632,0.001155,0.002116,0.000094,0.002815,0.000760
0.005572,0.000401,0.016652,0.008667,0.005923,0.000542,0.011781,0.005911
0.006773,0.000267,0.026551,0.009225,0.011558,0.000637,0.023607,0.006768
0.013336,0.000675,0.059093,0.026258,0.021870,0.001346,0.056853,0.018477
0.016702,0.002005,0.060864,0.081725,0.023597,0.004560,0.058003,0.054115
