vet-ins,vet-fnd,avl-ins,avl-fnd,hst-ins,hst-fnd,htr-ins,htr-fnd
0.002126,0.000066,0.005732,0.002201,0.003096,0.000158,0.004402,0.001200
0.004777,0.000290,0.014144,0.009666,0.005879,0.000678,0.011169,0.005747
0.007176,0.000328,0.029918,0.010674,0.010771,0.000657,0.025004,0.007116
0.014408,0.000706,0.066774,0.029687,0.021725,0.001358,0.056403,0.022419
0.017246,0.001966,0.064219,0.084644,0.019823,0.004363,0.055835,0.060109
