vet-ins,vet-fnd,avl-ins,avl-fnd,hst-ins,hst-fnd,htr-ins,htr-fnd
0.000882,0.000031,0.002466,0.000795,0.001499,0.000054,0.001670,0.000507
0.003961,0.000331,0.013771,0.009356,0.006520,0.000540,0.011442,0.006050
0.006628,0.000268,0.027344,0.009182,0.011253,0.000539,0.023492,0.006073
0.013208,0.000669,0.062840,0.025846,0.023827,0.001645,0.058042,0.018302
0.017336,0.002011,0.061289,0.082310,0.023050,0.004208,0.057278,0.056756
