vet-ins,vet-fnd,avl-ins,avl-fnd,hst-ins,hst-fnd,htr-ins,htr-fnd
0.000796,0.000027,0.002465,0.000750,0.001217,0.000064,0.001923,0.000433
0.003886,0.000303,0.013293,0.009464,0.005974,0.000535,0.010801,0.006023
0.006596,0.000264,0.027024,0.009792,0.010531,0.000536,0.023369,0.006658
0.013550,0.000665,0.063662,0.026756,0.020941,0.001341,0.057570,0.019785
0.016376,0.001976,0.063097,0.084090,0.019381,0.004436,0.054349,0.057632
