vet-ins,vet-fnd,avl-ins,avl-fnd,hst-ins,hst-fnd,htr-ins,htr-fnd
0.000513,0.000019,0.001857,0.000664,0.000751,0.004212,0.002113,0.001041
0.002132,0.000190,0.011474,0.008014,0.004109,0.188583,0.013467,0.008431
0.004164,0.000200,0.026578,0.008862,0.007160,0.220121,0.029130,0.010888
0.008217,0.000526,0.067076,0.027720,0.014794,0.555460,0.064254,0.024878
0.007721,0.001419,0.058878,0.074231,0.013284,1.676680,0.061085,0.072075
