vet-ins,vet-fnd,avl-ins,avl-fnd,hst-ins,hst-fnd,htr-ins,htr-fnd
0.000999,0.000039,0.002358,0.000883,0.001266,0.000064,0.001921,0.000543
0.004084,0.000267,0.012425,0.008685,0.005907,0.000538,0.010397,0.005458
0.007262,0.000314,0.028006,0.009678,0.011434,0.000647,0.023187,0.006069
0.015181,0.000671,0.063851,0.028599,0.023465,0.001444,0.056846,0.020110
0.016546,0.002017,0.059228,0.081193,0.020700,0.004090,0.052686,0.053049
