vet-ins,vet-fnd,avl-ins,avl-fnd,hst-ins,hst-fnd,htr-ins,htr-fnd
0.000867,0.000026,0.002635,0.000885,0.001404,0.000063,0.001895,0.000510
0.008898,0.000713,0.019640,0.010194,0.006289,0.000634,0.011813,0.006312
0.007428,0.000307,0.030574,0.011002,0.011903,0.000634,0.026213,0.007254
0.014746,0.000768,0.070190,0.030721,0.023052,0.001590,0.062016,0.020677
0.016166,0.002103,0.060001,0.082348,0.020135,0.004459,0.056654,0.054800
