vet-ins,vet-fnd,avl-ins,avl-fnd,hst-ins,hst-fnd,htr-ins,htr-fnd
0.001198,0.000037,0.003123,0.001024,0.002050,0.000075,0.002515,0.000377
0.004779,0.000364,0.017151,0.008580,0.006643,0.000535,0.011261,0.003410
0.006596,0.000263,0.027327,0.009101,0.012703,0.000533,0.024684,0.003867
0.012749,0.000656,0.059951,0.025396,0.024678,0.001332,0.055776,0.012567
0.011780,0.001963,0.061111,0.077335,0.024655,0.004007,0.055379,0.036691
