vet-ins,vet-fnd,avl-ins,avl-fnd,hst-ins,hst-fnd,htr-ins,htr-fnd
0.000866,0.000031,0.003618,0.001209,0.002200,0.000102,0.002762,0.000652
0.005379,0.000402,0.017532,0.008615,0.005902,0.000537,0.010411,0.005444
0.006795,0.000272,0.028086,0.009388,0.011632,0.000546,0.023131,0.006048
0.014097,0.000670,0.070262,0.029696,0.025412,0.001585,0.062261,0.020633
0.018983,0.002358,0.069107,0.087300,0.020775,0.004036,0.052932,0.054157
