vet-ins,vet-fnd,avl-ins,avl-fnd,hst-ins,hst-fnd,htr-ins,htr-fnd
0.000547,0.000019,0.001870,0.000662,0.000820,0.003138,0.002034,0.000657
0.002330,0.000218,0.011385,0.007903,0.003685,0.141782,0.012363,0.007867
0.004027,0.000203,0.025742,0.008796,0.007273,0.223396,0.026701,0.008575
0.008315,0.000491,0.058403,0.024398,0.013932,0.547789,0.060446,0.024303
0.007569,0.001531,0.058956,0.074362,0.013196,1.638119,0.059907,0.071784
