vet-ins,vet-fnd,avl-ins,avl-fnd,hst-ins,hst-fnd,htr-ins,htr-fnd
0.000952,0.000030,0.002490,0.000752,0.001269,0.000063,0.001909,0.000509
0.004008,0.000325,0.014207,0.010120,0.005384,0.000543,0.011381,0.005811
0.007113,0.000266,0.028390,0.010670,0.011382,0.000633,0.024944,0.006934
0.014326,0.000655,0.071791,0.032121,0.022237,0.001528,0.056844,0.019353
0.016474,0.001968,0.060508,0.084210,0.020263,0.004053,0.056891,0.059294
