vet-ins,vet-fnd,avl-ins,avl-fnd,hst-ins,hst-fnd,htr-ins,htr-fnd
0.002216,0.000067,0.005743,0.001872,0.003350,0.000158,0.004285,0.001085
0.004660,0.000267,0.012393,0.008659,0.005892,0.000544,0.010344,0.005452
0.006425,0.000270,0.026118,0.009170,0.011582,0.000539,0.022681,0.006073
0.013195,0.000668,0.058748,0.025702,0.022235,0.001345,0.057259,0.019558
0.016918,0.002005,0.059961,0.081086,0.020767,0.004045,0.052566,0.052982
