vet-ins,vet-fnd,avl-ins,avl-fnd,hst-ins,hst-fnd,htr-ins,htr-fnd
0.000934,0.000031,0.002559,0.000953,0.001369,0.000063,0.001909,0.000560
0.003999,0.000262,0.014487,0.010111,0.006375,0.000535,0.010449,0.006182
0.006366,0.000329,0.027445,0.010260,0.011003,0.000582,0.023684,0.006018
0.014850,0.000773,0.066395,0.027347,0.020130,0.001338,0.053196,0.018440
0.017412,0.001972,0.060387,0.086530,0.019696,0.004411,0.051446,0.053936
