vet-ins,vet-fnd,avl-ins,avl-fnd,hst-ins,hst-fnd,htr-ins,htr-fnd
0.000522,0.000019,0.002135,0.000663,0.000842,0.003615,0.002567,0.000804
0.003072,0.000207,0.013440,0.008357,0.003760,0.144659,0.013832,0.008196
0.004535,0.000208,0.029326,0.010184,0.007199,0.225148,0.031125,0.009730
0.008249,0.000514,0.061318,0.025537,0.014130,0.557051,0.065368,0.024557
0.007607,0.001446,0.060994,0.073270,0.012370,2.200029,0.064445,0.075456
