vet-ins,vet-fnd,avl-ins,avl-fnd,hst-ins,hst-fnd,htr-ins,htr-fnd
0.002141,0.000072,0.006217,0.002037,0.003151,0.000147,0.004344,0.001179
0.004657,0.000311,0.014799,0.010388,0.006345,0.000635,0.012242,0.006423
0.007423,0.000307,0.031356,0.011258,0.012325,0.000694,0.027015,0.007227
0.015026,0.000776,0.072204,0.031676,0.023133,0.001584,0.063543,0.021834
0.017027,0.001969,0.066332,0.088876,0.021813,0.004760,0.059186,0.063312
