vet-ins,vet-fnd,avl-ins,avl-fnd,hst-ins,hst-fnd,htr-ins,htr-fnd
0.001097,0.000036,0.003033,0.001046,0.001612,0.000076,0.002211,0.000603
0.004859,0.000365,0.017164,0.010802,0.006419,0.000578,0.011222,0.006134
0.006496,0.000263,0.029589,0.010653,0.011476,0.000544,0.022555,0.006285
0.014343,0.000749,0.073600,0.031485,0.023263,0.001357,0.056770,0.019704
0.017630,0.002422,0.065762,0.080434,0.018997,0.004083,0.053444,0.057080
