vet-ins,vet-fnd,avl-ins,avl-fnd,hst-ins,hst-fnd,htr-ins,htr-fnd
0.002061,0.000078,0.005704,0.002036,0.003250,0.000135,0.004186,0.001091
0.004349,0.000268,0.012360,0.008668,0.006206,0.000540,0.010312,0.005670
0.006540,0.000268,0.028419,0.011169,0.012206,0.000539,0.022557,0.006331
0.013102,0.000673,0.058604,0.025850,0.022224,0.001346,0.056583,0.018857
0.016763,0.002005,0.063444,0.079683,0.020716,0.004057,0.051871,0.053638
