vet-ins,vet-fnd,avl-ins,avl-fnd,hst-ins,hst-fnd,htr-ins,htr-fnd
0.000818,0.000027,0.002204,0.000745,0.001372,0.000064,0.001993,0.000545
0.003986,0.000267,0.014022,0.009645,0.006608,0.000631,0.011969,0.006169
0.006876,0.000268,0.026594,0.009158,0.011219,0.000539,0.023079,0.006354
0.014085,0.000668,0.063342,0.026347,0.021877,0.001347,0.058062,0.019827
0.016870,0.002010,0.061840,0.078991,0.020713,0.004049,0.053776,0.054413
