vet-ins,vet-fnd,avl-ins,avl-fnd,hst-ins,hst-fnd,htr-ins,htr-fnd
0.000521,0.000019,0.001891,0.000669,0.000787,0.003171,0.002030,0.000674
0.002355,0.000195,0.012202,0.011400,0.003753,0.148678,0.013890,0.008557
0.003979,0.000199,0.026575,0.008809,0.006865,0.230269,0.029034,0.009022
0.008234,0.000493,0.058642,0.024226,0.013903,0.555284,0.067113,0.025885
0.007704,0.001463,0.060848,0.080216,0.013215,1.678008,0.061963,0.074303
