vet-ins,vet-fnd,avl-ins,avl-fnd,hst-ins,hst-fnd,htr-ins,htr-fnd
0.000531,0.000019,0.001866,0.000661,0.000822,0.003181,0.002060,0.000665
0.002192,0.000199,0.011810,0.007932,0.003704,0.142010,0.012347,0.007911
0.004141,0.000206,0.025451,0.008689,0.006752,0.288028,0.027687,0.009071
0.008100,0.000489,0.058470,0.024278,0.013214,0.718043,0.061340,0.025520
0.007689,0.001450,0.059034,0.073804,0.013720,1.663123,0.060448,0.072477
