vet-ins,vet-fnd,avl-ins,avl-fnd,hst-ins,hst-fnd,htr-ins,htr-fnd
0.000794,0.000026,0.002471,0.000847,0.001400,0.000053,0.001613,0.000435
0.003823,0.000263,0.013372,0.009964,0.006022,0.000546,0.011819,0.006398
0.006949,0.000317,0.029692,0.010767,0.011919,0.000550,0.026407,0.007313
0.013696,0.000720,0.067342,0.030382,0.023534,0.001633,0.061227,0.020967
0.019345,0.002370,0.067682,0.084674,0.019365,0.004221,0.054026,0.061416
