vet-ins,vet-fnd,avl-ins,avl-fnd,hst-ins,hst-fnd,htr-ins,htr-fnd
0.000804,0.000028,0.002739,0.000907,0.001215,0.004273,0.002955,0.000996
0.002593,0.000217,0.012820,0.009363,0.004001,0.149465,0.013927,0.008636
0.004340,0.000207,0.028202,0.010477,0.007157,0.236601,0.032650,0.010468
0.008489,0.000498,0.062306,0.025850,0.013744,0.549521,0.061247,0.024434
0.007597,0.001452,0.058989,0.074357,0.012740,2.251222,0.061362,0.080344
