vet-ins,vet-fnd,avl-ins,avl-fnd,hst-ins,hst-fnd,htr-ins,htr-fnd
0.000922,0.000030,0.002587,0.000910,0.001251,0.000054,0.001760,0.000514
0.003974,0.000262,0.014511,0.010244,0.006306,0.000627,0.011818,0.006337
0.007342,0.000308,0.030251,0.010798,0.011844,0.000627,0.025758,0.007024
0.014817,0.000839,0.068064,0.030101,0.022942,0.001601,0.060387,0.021220
0.016818,0.002000,0.059647,0.078958,0.020494,0.004579,0.052231,0.053292
