vet-ins,vet-fnd,btr-ins,btr-fnd,hst-ins,hst-fnd,htr-ins,htr-fnd
0.002166,0.000073,0.006419,0.001992,0.003119,0.000148,0.004430,0.001187
0.004166,0.000288,0.014973,0.008442,0.005356,0.000545,0.010298,0.005400
0.006408,0.000267,0.028666,0.012254,0.011916,0.000545,0.025371,0.006682
0.013118,0.000668,0.063508,0.025055,0.019410,0.001360,0.052077,0.017552
0.016379,0.002016,0.064459,0.075703,0.018798,0.004084,0.050900,0.052630
