vet-ins,vet-fnd,avl-ins,avl-fnd,hst-ins,hst-fnd,htr-ins,htr-fnd
0.000956,0.000032,0.002544,0.000878,0.001474,0.000063,0.001883,0.000512
0.004292,0.000313,0.014468,0.010190,0.006881,0.000632,0.012270,0.006532
0.007077,0.000268,0.029426,0.010014,0.011680,0.000540,0.023315,0.006061
0.013133,0.000668,0.059887,0.025962,0.021828,0.001348,0.056378,0.017922
0.016585,0.002094,0.062718,0.080052,0.020774,0.004041,0.052456,0.056444
