vet-ins,vet-fnd,avl-ins,avl-fnd,hst-ins,hst-fnd,htr-ins,htr-fnd
0.000945,0.000032,0.003641,0.001299,0.002050,0.000079,0.002781,0.000667
0.005397,0.000402,0.016875,0.008637,0.006279,0.000543,0.010848,0.006165
0.007126,0.000338,0.027223,0.009176,0.011195,0.000542,0.023313,0.006444
0.013263,0.000669,0.063420,0.027841,0.022680,0.001603,0.055467,0.019984
0.016608,0.002038,0.060932,0.080786,0.021967,0.004051,0.052534,0.054155
