vet-ins,vet-fnd,avl-ins,avl-fnd,hst-ins,hst-fnd,htr-ins,htr-fnd
0.000542,0.000020,0.001865,0.000659,0.000840,0.003105,0.002055,0.000665
0.002323,0.000187,0.011342,0.007831,0.003653,0.142389,0.012591,0.008009
0.003986,0.000201,0.025666,0.008592,0.007207,0.223216,0.026761,0.008750
0.008144,0.000487,0.059711,0.025584,0.013776,0.553268,0.059582,0.024189
0.007538,0.001435,0.058365,0.072415,0.012376,2.191072,0.060019,0.074064
