vet-ins,vet-fnd,avl-ins,avl-fnd,hst-ins,hst-fnd,htr-ins,htr-fnd
0.000563,0.000019,0.001922,0.000667,0.000799,0.003207,0.002066,0.000665
0.002331,0.000187,0.011507,0.007956,0.003676,0.142186,0.012819,0.007999
0.003863,0.000203,0.025941,0.008702,0.006759,0.224674,0.026776,0.008502
0.008208,0.000505,0.058868,0.024255,0.013889,0.542014,0.060312,0.024435
0.007619,0.001428,0.059249,0.074018,0.013207,1.654455,0.059138,0.070515
