vet-ins,vet-fnd,avl-ins,avl-fnd,hst-ins,hst-fnd,htr-ins,htr-fnd
0.001147,0.000046,0.003592,0.001291,0.001795,0.000094,0.002675,0.000757
0.005806,0.000459,0.016997,0.009274,0.005377,0.000541,0.010545,0.005906
0.006263,0.000264,0.027748,0.010112,0.010182,0.000541,0.023692,0.006400
0.013082,0.000768,0.063118,0.028347,0.022247,0.001583,0.057881,0.019372
0.018323,0.002146,0.066188,0.088267,0.020305,0.004722,0.058592,0.056239
