vet-ins,vet-fnd,avl-ins,avl-fnd,hst-ins,hst-fnd,htr-ins,htr-fnd
0.002029,0.000066,0.005953,0.002043,0.003049,0.000158,0.004301,0.001167
0.004704,0.000308,0.014422,0.009770,0.006042,0.000686,0.011879,0.006159
0.007193,0.000308,0.030574,0.011094,0.011600,0.000655,0.026329,0.006907
0.014634,0.000739,0.067782,0.029728,0.022570,0.001354,0.059028,0.020544
0.017474,0.001967,0.066589,0.086699,0.020148,0.004398,0.054430,0.057068
