vet-ins,vet-fnd,avl-ins,avl-fnd,hst-ins,hst-fnd,htr-ins,htr-fnd
0.000817,0.000027,0.002527,0.000744,0.001397,0.000063,0.001864,0.000441
0.004000,0.000267,0.013329,0.009541,0.006511,0.000544,0.010775,0.005915
0.006826,0.000272,0.028545,0.011549,0.013174,0.000708,0.026937,0.007325
0.015358,0.000825,0.076033,0.032157,0.025464,0.001473,0.061897,0.019845
0.017129,0.002018,0.065632,0.087995,0.024355,0.004766,0.062797,0.065699
