vet-ins,vet-fnd,avl-ins,avl-fnd,hst-ins,hst-fnd,htr-ins,htr-fnd
0.001126,0.000040,0.003289,0.001111,0.001966,0.000094,0.002727,0.000648
0.006038,0.000409,0.018200,0.009029,0.006323,0.000542,0.010473,0.005448
0.007593,0.000319,0.029705,0.010054,0.012049,0.000539,0.024465,0.006360
0.013674,0.000682,0.059833,0.025790,0.021769,0.001349,0.053981,0.017607
0.016578,0.002219,0.060095,0.082122,0.021393,0.004130,0.056176,0.054177
