vet-ins,vet-fnd,avl-ins,avl-fnd,hst-ins,hst-fnd,htr-ins,htr-fnd
0.000584,0.000020,0.001962,0.000686,0.000848,0.003153,0.002133,0.000789
0.002543,0.000194,0.012452,0.008482,0.004108,0.148659,0.012699,0.009051
0.004038,0.000204,0.028563,0.009741,0.007673,0.232845,0.030806,0.009519
0.008419,0.000491,0.065456,0.027314,0.013729,0.564022,0.066692,0.027284
0.007573,0.001451,0.063546,0.080278,0.013358,2.257986,0.062246,0.075739
