vet-ins,vet-fnd,avl-ins,avl-fnd,hst-ins,hst-fnd,htr-ins,htr-fnd
0.001886,0.000063,0.005263,0.001830,0.002805,0.000132,0.003878,0.001048
0.005060,0.000307,0.014514,0.010200,0.006469,0.000644,0.011843,0.006376
0.007429,0.000307,0.030491,0.011059,0.011939,0.000633,0.026081,0.007520
0.014924,0.000723,0.071378,0.031418,0.022865,0.001585,0.061400,0.021362
0.018407,0.002310,0.069111,0.100298,0.022358,0.004829,0.061670,0.062098
