vet-ins,vet-fnd,avl-ins,avl-fnd,hst-ins,hst-fnd,htr-ins,htr-fnd
0.000519,0.000019,0.001875,0.000686,0.000796,0.003177,0.002018,0.000663
0.002823,0.000216,0.013075,0.008652,0.003738,0.142607,0.012875,0.008032
0.004698,0.000220,0.026975,0.008971,0.006928,0.224141,0.029813,0.010181
0.008145,0.000490,0.062813,0.026885,0.014037,0.548158,0.061406,0.026305
0.007731,0.001450,0.069836,0.076865,0.013109,1.644078,0.057897,0.071025
