vet-ins,vet-fnd,avl-ins,avl-fnd,hst-ins,hst-fnd,htr-ins,htr-fnd
0.001929,0.000077,0.005820,0.002058,0.003242,0.000134,0.004181,0.001081
0.004623,0.000317,0.013543,0.009294,0.005815,0.000535,0.010127,0.005401
0.007187,0.000263,0.027282,0.009764,0.010245,0.000536,0.022553,0.006382
0.012789,0.000656,0.063136,0.028450,0.020785,0.001339,0.054976,0.018982
0.018689,0.002131,0.070409,0.095430,0.021814,0.004738,0.061653,0.065145
