vet-ins,vet-fnd,avl-ins,avl-fnd,hst-ins,hst-fnd,htr-ins,htr-fnd
0.002195,0.000073,0.005853,0.002029,0.003396,0.000147,0.004371,0.001187
0.004869,0.000268,0.014448,0.009840,0.006775,0.000632,0.010968,0.006757
0.006846,0.000314,0.030102,0.011189,0.012925,0.000539,0.025129,0.007377
0.014777,0.000668,0.066539,0.030629,0.025061,0.001641,0.060727,0.019249
0.017891,0.002009,0.066053,0.090143,0.023603,0.004709,0.061194,0.062007
