vet-ins,vet-fnd,avl-ins,avl-fnd,hst-ins,hst-fnd,htr-ins,htr-fnd
0.002128,0.000072,0.005898,0.002052,0.003124,0.000146,0.004282,0.001193
0.004373,0.000326,0.012480,0.008768,0.005396,0.000628,0.010273,0.005416
0.006700,0.000271,0.025944,0.009303,0.010547,0.000536,0.021857,0.006006
0.013022,0.000718,0.061803,0.029016,0.020359,0.001567,0.056197,0.017797
0.015961,0.001974,0.060465,0.088284,0.020190,0.004852,0.053240,0.054477
