vet-ins,vet-fnd,avl-ins,avl-fnd,hst-ins,hst-fnd,htr-ins,htr-fnd
0.000992,0.000031,0.003314,0.001099,0.001688,0.000079,0.002522,0.000706
0.005109,0.000383,0.017865,0.010409,0.006512,0.000640,0.011890,0.006364
0.007372,0.000308,0.031215,0.011193,0.011899,0.000638,0.026820,0.007119
0.014641,0.000768,0.070033,0.030423,0.022975,0.001581,0.061044,0.021074
0.018710,0.002310,0.070045,0.092456,0.019661,0.004109,0.052880,0.059686
