vet-ins,vet-fnd,avl-ins,avl-fnd,hst-ins,hst-fnd,htr-ins,htr-fnd
0.001003,0.000030,0.002572,0.000884,0.001390,0.000063,0.001962,0.000531
0.004273,0.000308,0.014762,0.010395,0.006354,0.000628,0.012175,0.006537
0.007361,0.000348,0.031269,0.011141,0.011936,0.000660,0.026702,0.007336
0.014888,0.000779,0.071731,0.031593,0.023354,0.001606,0.064048,0.022419
0.018760,0.002310,0.069384,0.093365,0.021487,0.004790,0.060666,0.067624
