vet-ins,vet-fnd,avl-ins,avl-fnd,hst-ins,hst-fnd,htr-ins,htr-fnd
0.000862,0.000032,0.003336,0.001286,0.002081,0.000095,0.002632,0.000771
0.005789,0.000402,0.017264,0.008658,0.005929,0.000539,0.010291,0.005467
0.006504,0.000269,0.026508,0.009219,0.011263,0.000535,0.022548,0.006411
0.013801,0.000671,0.058656,0.026723,0.023199,0.001340,0.055069,0.018410
0.018095,0.002391,0.065392,0.084512,0.021519,0.004610,0.055116,0.054096
