vet-ins,vet-fnd,avl-ins,avl-fnd,hst-ins,hst-fnd,htr-ins,htr-fnd
0.000926,0.000031,0.002544,0.000887,0.001359,0.000063,0.001878,0.000514
0.004218,0.000377,0.014639,0.010495,0.006207,0.000628,0.011477,0.005877
0.006494,0.000264,0.026940,0.012078,0.011312,0.000616,0.026351,0.008124
0.014460,0.000768,0.069277,0.028325,0.020305,0.001350,0.052111,0.019851
0.017645,0.002108,0.059824,0.080309,0.020865,0.004310,0.052032,0.053670
