vet-ins,vet-fnd,avl-ins,avl-fnd,hst-ins,hst-fnd,htr-ins,htr-fnd
0.002066,0.000079,0.005804,0.001974,0.003271,0.000158,0.004223,0.001084
0.004436,0.000268,0.012517,0.008652,0.005905,0.000539,0.010516,0.005446
0.006599,0.000272,0.026651,0.009160,0.011272,0.000543,0.023084,0.006054
0.013804,0.000668,0.059200,0.025478,0.021797,0.001347,0.054235,0.017719
0.017854,0.002009,0.060067,0.078577,0.020796,0.004046,0.057048,0.053434
