vet-ins,vet-fnd,avl-ins,avl-fnd,hst-ins,hst-fnd,htr-ins,htr-fnd
0.001432,0.000048,0.003621,0.001278,0.002093,0.000079,0.002500,0.000673
0.005922,0.000468,0.016153,0.010183,0.006984,0.000631,0.012387,0.006503
0.007565,0.000342,0.031007,0.011036,0.013200,0.000635,0.027015,0.007254
0.015295,0.000782,0.072203,0.029580,0.023558,0.001572,0.057465,0.019120
0.017961,0.002469,0.073853,0.099072,0.024465,0.004757,0.068072,0.069192
