vet-ins,vet-fnd,avl-ins,avl-fnd,hst-ins,hst-fnd,htr-ins,htr-fnd
0.001235,0.000047,0.003697,0.001303,0.001991,0.000095,0.002680,0.000681
0.005813,0.000468,0.016796,0.008666,0.005911,0.000542,0.010348,0.005450
0.006654,0.000269,0.025869,0.009589,0.011245,0.000539,0.022742,0.006055
0.013536,0.000668,0.059221,0.026166,0.021912,0.001347,0.053836,0.018567
0.016625,0.002005,0.059325,0.082747,0.021408,0.004393,0.052179,0.054421
