vet-ins,vet-fnd,avl-ins,avl-fnd,hst-ins,hst-fnd,htr-ins,htr-fnd
0.000972,0.000031,0.002316,0.000798,0.001504,0.000067,0.001750,0.000512
0.004100,0.000313,0.016722,0.011875,0.006688,0.000634,0.011893,0.005768
0.006490,0.000268,0.027135,0.009458,0.011260,0.000538,0.024919,0.006407
0.013083,0.000668,0.059041,0.025909,0.022179,0.001343,0.054623,0.018136
0.016560,0.002006,0.059113,0.079398,0.020755,0.004055,0.055404,0.057262
