vet-ins,vet-fnd,avl-ins,avl-fnd,hst-ins,hst-fnd,htr-ins,htr-fnd
0.001229,0.000039,0.003065,0.001052,0.001639,0.000076,0.002256,0.000617
0.005037,0.000318,0.014864,0.010221,0.006377,0.000652,0.011853,0.006438
0.007613,0.000320,0.030589,0.011495,0.011864,0.000549,0.029453,0.008607
0.014855,0.000795,0.073978,0.030218,0.021764,0.001672,0.058165,0.019297
0.018534,0.002075,0.065089,0.080041,0.018989,0.004154,0.063381,0.067219
