vet-ins,vet-fnd,avl-ins,avl-fnd,hst-ins,hst-fnd,htr-ins,htr-fnd
0.000530,0.000020,0.001862,0.000668,0.000790,0.003166,0.002024,0.000670
0.002339,0.000189,0.011401,0.007925,0.003655,0.141889,0.012229,0.008037
0.004090,0.000205,0.025438,0.008738,0.007270,0.222456,0.026893,0.008668
0.008124,0.000493,0.058218,0.024301,0.014068,0.549054,0.059780,0.024597
0.007511,0.001446,0.058347,0.073748,0.012907,1.658243,0.059018,0.071851
