vet-ins,vet-fnd,avl-ins,avl-fnd,hst-ins,hst-fnd,htr-ins,htr-fnd
0.000934,0.000026,0.002331,0.000892,0.001153,0.000054,0.001840,0.000541
0.003914,0.000262,0.013672,0.009473,0.005386,0.000548,0.010372,0.005421
0.007029,0.000322,0.029601,0.010556,0.010586,0.000632,0.024946,0.006560
0.012856,0.000656,0.059685,0.027390,0.022518,0.001546,0.053272,0.018013
0.016554,0.001966,0.060073,0.080004,0.019021,0.004095,0.052874,0.053347
