vet-ins,vet-fnd,avl-ins,avl-fnd,hst-ins,hst-fnd,htr-ins,htr-fnd
0.002117,0.000072,0.005947,0.002040,0.003120,0.000150,0.004332,0.001181
0.004606,0.000312,0.014525,0.010225,0.006293,0.000628,0.012133,0.006411
0.007382,0.000309,0.029549,0.010311,0.010510,0.000535,0.022306,0.005958
0.012710,0.000749,0.064996,0.030925,0.020639,0.001571,0.054244,0.017592
0.016086,0.001973,0.066937,0.093000,0.021012,0.004702,0.056579,0.058522
