vet-ins,vet-fnd,avl-ins,avl-fnd,hst-ins,hst-fnd,htr-ins,htr-fnd
0.000825,0.000027,0.002202,0.000746,0.001489,0.000068,0.001686,0.000446
0.004031,0.000275,0.012863,0.010256,0.006647,0.000548,0.010539,0.005454
0.007159,0.000268,0.026212,0.009184,0.011258,0.000541,0.023118,0.006080
0.013689,0.000670,0.063654,0.027910,0.022136,0.001348,0.054821,0.018064
0.021170,0.002020,0.062241,0.077488,0.020704,0.004124,0.055995,0.055791
