vet-ins,vet-fnd,avl-ins,avl-fnd,hst-ins,hst-fnd,htr-ins,htr-fnd
0.002045,0.000067,0.005835,0.002023,0.003306,0.000153,0.004338,0.001208
0.004656,0.000314,0.014351,0.009748,0.006521,0.000536,0.011829,0.006038
0.007457,0.000351,0.037448,0.012514,0.012800,0.000639,0.025211,0.006690
0.014057,0.000750,0.065316,0.026986,0.022237,0.001342,0.062022,0.020198
0.017586,0.002127,0.064839,0.088482,0.021458,0.004547,0.058949,0.062225
