vet-ins,vet-fnd,avl-ins,avl-fnd,hst-ins,hst-fnd,htr-ins,htr-fnd
0.000521,0.000019,0.001863,0.000661,0.000793,0.004161,0.002114,0.000707
0.002386,0.000190,0.011284,0.007865,0.003573,0.187468,0.013018,0.008403
0.004098,0.000202,0.025720,0.008682,0.007329,0.223736,0.026810,0.008710
0.007990,0.000491,0.058212,0.024306,0.013991,0.547542,0.061929,0.024485
0.007852,0.001466,0.060256,0.073742,0.012643,2.195634,0.064685,0.074971
