vet-ins,vet-fnd,avl-ins,avl-fnd,hst-ins,hst-fnd,htr-ins,htr-fnd
0.000530,0.000019,0.001893,0.000665,0.000759,0.004280,0.002164,0.000706
0.002327,0.000216,0.011367,0.007921,0.003610,0.186841,0.012983,0.008294
0.004036,0.000199,0.025474,0.008680,0.008044,0.294420,0.028255,0.009103
0.008079,0.000493,0.059214,0.024756,0.012949,0.746436,0.061613,0.025131
0.007582,0.001439,0.057109,0.073274,0.013632,1.688047,0.066571,0.075787
