vet-ins,vet-fnd,avl-ins,avl-fnd,hst-ins,hst-fnd,htr-ins,htr-fnd
0.000524,0.000019,0.001914,0.000668,0.000758,0.004597,0.002204,0.000728
0.002370,0.000189,0.011608,0.008033,0.003588,0.187554,0.012983,0.009623
0.003991,0.000216,0.026350,0.008884,0.007139,0.288965,0.028268,0.009074
0.008022,0.000494,0.059627,0.025691,0.013556,0.727680,0.061499,0.025090
0.007578,0.001432,0.058863,0.081914,0.013371,2.187170,0.062023,0.076005
