vet-ins,vet-fnd,avl-ins,avl-fnd,hst-ins,hst-fnd,htr-ins,htr-fnd
0.001178,0.000039,0.003175,0.001092,0.001835,0.000079,0.002370,0.000638
0.005286,0.000391,0.017486,0.010201,0.007025,0.000638,0.011666,0.005755
0.006611,0.000268,0.027203,0.009195,0.011662,0.000540,0.023316,0.006279
0.014704,0.000668,0.062441,0.026628,0.022511,0.001358,0.054658,0.019801
0.018297,0.002399,0.070139,0.087836,0.023392,0.004560,0.054791,0.054673
