vet-ins,vet-fnd,avl-ins,avl-fnd,hst-ins,hst-fnd,htr-ins,htr-fnd
0.000921,0.000031,0.002558,0.000881,0.001356,0.000064,0.001876,0.000508
0.004147,0.000315,0.014513,0.010325,0.006447,0.000599,0.012113,0.006233
0.006305,0.000263,0.027702,0.010580,0.011508,0.000694,0.025144,0.006388
0.014529,0.000812,0.061406,0.026532,0.020150,0.001350,0.055217,0.019184
0.017272,0.002174,0.066955,0.081722,0.018909,0.004114,0.051213,0.052973
