vet-ins,vet-fnd,avl-ins,avl-fnd,hst-ins,hst-fnd,htr-ins,htr-fnd
0.000573,0.000020,0.001916,0.000662,0.000808,0.003197,0.002096,0.000710
0.002423,0.000187,0.011495,0.007961,0.003720,0.143464,0.012816,0.008129
0.004078,0.000210,0.026312,0.008868,0.007417,0.225399,0.026963,0.008638
0.008196,0.000489,0.058218,0.024329,0.013970,0.546252,0.060403,0.024371
0.007519,0.001437,0.058734,0.073824,0.012487,2.161531,0.059858,0.075737
