vet-ins,vet-fnd,avl-ins,avl-fnd,hst-ins,hst-fnd,htr-ins,htr-fnd
0.000546,0.000019,0.001872,0.000669,0.000821,0.003157,0.002035,0.000664
0.002330,0.000189,0.011287,0.007868,0.003661,0.141546,0.012388,0.007902
0.003836,0.000203,0.025813,0.009401,0.007482,0.224464,0.026772,0.008666
0.008073,0.000504,0.058377,0.024323,0.013703,0.541887,0.061031,0.025144
0.007558,0.001434,0.058988,0.074247,0.012656,2.180691,0.063122,0.075843
