vet-ins,vet-fnd,avl-ins,avl-fnd,hst-ins,hst-fnd,htr-ins,htr-fnd
0.000975,0.000034,0.002436,0.000932,0.001271,0.000054,0.001892,0.000545
0.004137,0.000267,0.014284,0.009865,0.006075,0.000540,0.011383,0.006227
0.007146,0.000268,0.026646,0.009467,0.011538,0.000612,0.022967,0.006129
0.014616,0.000668,0.061395,0.027692,0.022504,0.001448,0.056743,0.019815
0.016908,0.002041,0.061106,0.080757,0.021037,0.004049,0.053047,0.053407
