vet-ins,vet-fnd,avl-ins,avl-fnd,hst-ins,hst-fnd,htr-ins,htr-fnd
0.001167,0.000038,0.002990,0.001042,0.001747,0.000075,0.002245,0.000605
0.004821,0.000371,0.014558,0.009022,0.006452,0.000540,0.010831,0.005449
0.006939,0.000267,0.031114,0.010644,0.012708,0.000656,0.025639,0.006648
0.014106,0.000680,0.062065,0.026829,0.021807,0.001348,0.056109,0.017786
0.017520,0.002250,0.060142,0.080353,0.020733,0.004062,0.058709,0.056132
