vet-ins,vet-fnd,avl-ins,avl-fnd,hst-ins,hst-fnd,htr-ins,htr-fnd
0.000955,0.000031,0.002591,0.000877,0.001478,0.000063,0.001921,0.000513
0.004281,0.000314,0.014678,0.010202,0.006881,0.000628,0.012231,0.006409
0.007570,0.000314,0.030885,0.011046,0.013322,0.000636,0.027395,0.007299
0.015228,0.000822,0.070147,0.030489,0.025186,0.001579,0.058908,0.018735
0.016902,0.002014,0.060715,0.087740,0.024781,0.004802,0.062446,0.062235
