vet-ins,vet-fnd,avl-ins,avl-fnd,hst-ins,hst-fnd,htr-ins,htr-fnd
0.000925,0.000031,0.002656,0.000881,0.001465,0.000054,0.001774,0.000531
0.003821,0.000267,0.013455,0.009000,0.006203,0.000539,0.010519,0.005466
0.006591,0.000268,0.026142,0.009162,0.011232,0.000538,0.023796,0.007062
0.013439,0.000670,0.063145,0.025886,0.021910,0.001352,0.056755,0.019610
0.018863,0.002286,0.063674,0.080827,0.021356,0.004054,0.055371,0.057621
