vet-ins,vet-fnd,avl-ins,avl-fnd,hst-ins,hst-fnd,htr-ins,htr-fnd
0.000875,0.000032,0.003066,0.001040,0.001740,0.000075,0.002274,0.000607
0.005030,0.000371,0.017181,0.009194,0.005884,0.000539,0.011050,0.005473
0.006556,0.000268,0.026064,0.009607,0.011919,0.000539,0.026115,0.006804
0.013082,0.000709,0.060187,0.025796,0.021794,0.001346,0.053712,0.020165
0.016665,0.002009,0.059963,0.083474,0.020749,0.004146,0.052531,0.053514
