vet-ins,vet-fnd,avl-ins,avl-fnd,hst-ins,hst-fnd,htr-ins,htr-fnd
0.000521,0.000019,0.002220,0.000665,0.000761,0.004122,0.002122,0.000728
0.002491,0.000194,0.011433,0.008056,0.003609,0.194221,0.013938,0.008740
0.004126,0.000201,0.027126,0.009469,0.007361,0.225518,0.028293,0.009633
0.008683,0.000493,0.058556,0.026223,0.013673,0.555383,0.077918,0.030170
0.008214,0.001521,0.063367,0.075103,0.013178,1.697055,0.064731,0.074939
