vet-ins,vet-fnd,avl-ins,avl-fnd,hst-ins,hst-fnd,htr-ins,htr-fnd
0.002268,0.000079,0.005866,0.002012,0.003337,0.000150,0.004422,0.001263
0.004399,0.000314,0.013976,0.009544,0.006294,0.000536,0.011139,0.006232
0.007817,0.000314,0.029544,0.010704,0.012165,0.000624,0.026793,0.006711
0.013790,0.000794,0.064378,0.028117,0.022854,0.001339,0.061013,0.020570
0.017463,0.002285,0.065058,0.086438,0.021871,0.004505,0.057581,0.059403
