vet-ins,vet-fnd,avl-ins,avl-fnd,hst-ins,hst-fnd,htr-ins,htr-fnd
0.002121,0.000067,0.005808,0.001923,0.003229,0.000135,0.004300,0.001214
0.004856,0.000267,0.012553,0.010012,0.006442,0.000660,0.011780,0.006846
0.006769,0.000269,0.026607,0.009169,0.011215,0.000541,0.023232,0.006063
0.013426,0.000668,0.059249,0.027200,0.022053,0.001351,0.053507,0.017856
0.017479,0.002040,0.060472,0.079255,0.021069,0.004052,0.053808,0.055118
