vet-ins,vet-fnd,avl-ins,avl-fnd,hst-ins,hst-fnd,htr-ins,htr-fnd
0.000561,0.000019,0.001868,0.000671,0.000819,0.003172,0.002059,0.000662
0.002217,0.000190,0.011498,0.007990,0.003729,0.141884,0.012330,0.007877
0.004139,0.000206,0.025629,0.008643,0.007113,0.221921,0.028709,0.008893
0.008107,0.000507,0.058799,0.025385,0.013713,0.544454,0.060211,0.024341
0.007579,0.001445,0.061685,0.075647,0.013401,1.644186,0.059767,0.072903
