vet-ins,vet-fnd,avl-ins,avl-fnd,hst-ins,hst-fnd,htr-ins,htr-fnd
0.000919,0.000031,0.002555,0.000880,0.001360,0.000063,0.001876,0.000508
0.004154,0.000308,0.014455,0.010231,0.006294,0.000639,0.012093,0.006258
0.006829,0.000325,0.030842,0.010979,0.011927,0.000635,0.026028,0.007099
0.015139,0.000801,0.068494,0.029444,0.022981,0.001634,0.060929,0.020771
0.018524,0.002303,0.068791,0.090911,0.021677,0.004718,0.059942,0.060377
