vet-ins,vet-fnd,avl-ins,avl-fnd,hst-ins,hst-fnd,htr-ins,htr-fnd
0.000524,0.000019,0.001887,0.000680,0.000794,0.003242,0.002043,0.000671
0.002364,0.000199,0.011607,0.008053,0.003688,0.141859,0.012730,0.008097
0.004110,0.000200,0.025830,0.008640,0.007219,0.222154,0.027256,0.008658
0.008171,0.000513,0.058773,0.024565,0.013488,0.544649,0.059884,0.024290
0.007506,0.001436,0.058662,0.073242,0.012891,1.659468,0.059835,0.071998
