vet-ins,vet-fnd,avl-ins,avl-fnd,hst-ins,hst-fnd,htr-ins,htr-fnd
0.001409,0.000048,0.003438,0.001142,0.001900,0.000079,0.002457,0.000755
0.006107,0.000429,0.017338,0.010018,0.006258,0.000703,0.010650,0.005749
0.006550,0.000267,0.026251,0.009162,0.011247,0.000538,0.022943,0.006051
0.013392,0.000709,0.059243,0.025739,0.021809,0.001347,0.053849,0.017850
0.017599,0.002010,0.060110,0.085482,0.022242,0.004030,0.054220,0.053975
