vet-ins,vet-fnd,avl-ins,avl-fnd,hst-ins,hst-fnd,htr-ins,htr-fnd
0.001894,0.000064,0.005231,0.001812,0.002796,0.000132,0.003839,0.001057
0.005938,0.000327,0.014195,0.010007,0.005422,0.000540,0.010370,0.005960
0.006965,0.000332,0.026874,0.011116,0.011094,0.000665,0.023655,0.005996
0.013640,0.000659,0.062314,0.027489,0.021121,0.001537,0.055792,0.019029
0.016857,0.002257,0.068738,0.083590,0.019355,0.004581,0.053984,0.055821
