vet-ins,vet-fnd,avl-ins,avl-fnd,hst-ins,hst-fnd,htr-ins,htr-fnd
0.002195,0.000067,0.005829,0.001896,0.003267,0.000135,0.004436,0.001158
0.004998,0.000289,0.013211,0.008651,0.005880,0.000539,0.010466,0.005447
0.006571,0.000268,0.026308,0.009177,0.011247,0.000540,0.022995,0.006049
0.013229,0.000668,0.059577,0.025580,0.021804,0.001361,0.053438,0.017732
0.018956,0.002208,0.065439,0.078997,0.021661,0.004221,0.053053,0.060983
