vet-ins,vet-fnd,avl-ins,avl-fnd,hst-ins,hst-fnd,htr-ins,htr-fnd
0.000523,0.000019,0.001887,0.000667,0.000791,0.003192,0.002038,0.000666
0.002358,0.000194,0.011481,0.007959,0.003721,0.142474,0.012652,0.008233
0.003868,0.000206,0.026277,0.008843,0.007091,0.221246,0.026925,0.008783
0.008165,0.000485,0.058258,0.024416,0.013803,0.541884,0.062549,0.024388
0.007595,0.001436,0.058905,0.073480,0.012244,2.159481,0.061033,0.074405
