vet-ins,vet-fnd,avl-ins,avl-fnd,hst-ins,hst-fnd,htr-ins,htr-fnd
0.000526,0.000019,0.001908,0.000661,0.000762,0.004236,0.002155,0.000705
0.002256,0.000199,0.011606,0.007943,0.003649,0.190035,0.013185,0.008361
0.003922,0.000204,0.026028,0.008787,0.006926,0.288544,0.029526,0.009902
0.008244,0.000640,0.060375,0.024886,0.013197,0.721138,0.063319,0.025833
0.007744,0.001465,0.059262,0.073649,0.013153,2.196423,0.062202,0.076360
