vet-ins,vet-fnd,avl-ins,avl-fnd,hst-ins,hst-fnd,htr-ins,htr-fnd
0.001015,0.000036,0.002616,0.000872,0.001479,0.000064,0.001911,0.000435
0.004001,0.000302,0.014410,0.009735,0.006606,0.000633,0.010594,0.005437
0.006527,0.000275,0.026172,0.009161,0.011299,0.000539,0.023915,0.006033
0.013074,0.000672,0.062934,0.026308,0.022032,0.001524,0.055004,0.019791
0.017295,0.002010,0.060414,0.081049,0.021225,0.004049,0.055646,0.054027
