vet-ins,vet-fnd,avl-ins,avl-fnd,hst-ins,hst-fnd,htr-ins,htr-fnd
0.000819,0.000026,0.002306,0.000746,0.001308,0.000064,0.001973,0.000436
0.003674,0.000267,0.013654,0.009356,0.006198,0.000540,0.010952,0.005450
0.006578,0.000282,0.027156,0.009175,0.011249,0.000539,0.026097,0.006080
0.013157,0.000670,0.061197,0.025610,0.022063,0.001442,0.057365,0.017864
0.016600,0.002015,0.061532,0.077448,0.021340,0.004673,0.055077,0.056572
