vet-ins,vet-fnd,avl-ins,avl-fnd,hst-ins,hst-fnd,htr-ins,htr-fnd
0.000554,0.000019,0.001956,0.000706,0.000803,0.004403,0.002237,0.000733
0.002325,0.000188,0.011341,0.007880,0.003559,0.187652,0.013113,0.008417
0.004118,0.000206,0.025537,0.008687,0.007100,0.290657,0.028161,0.009083
0.008409,0.000500,0.059287,0.025285,0.013574,0.730251,0.061114,0.025257
0.007693,0.001430,0.061007,0.073392,0.012764,2.184798,0.060844,0.075210
