vet-ins,vet-fnd,avl-ins,avl-fnd,hst-ins,hst-fnd,htr-ins,htr-fnd
0.000555,0.000021,0.001978,0.000704,0.000833,0.003388,0.002130,0.000670
0.002110,0.000191,0.011476,0.007922,0.003623,0.141909,0.012105,0.008012
0.004111,0.000203,0.026353,0.009006,0.006984,0.220257,0.026698,0.008671
0.008113,0.000497,0.058966,0.024473,0.013243,0.539100,0.060132,0.025265
0.007594,0.001456,0.060376,0.074063,0.013154,1.669797,0.060570,0.072910
