vet-ins,vet-fnd,avl-ins,avl-fnd,hst-ins,hst-fnd,htr-ins,htr-fnd
0.000521,0.000020,0.001891,0.000664,0.000793,0.003110,0.002039,0.000672
0.002325,0.000191,0.011352,0.007827,0.003678,0.141804,0.012564,0.008001
0.003860,0.000201,0.028065,0.009065,0.006958,0.288463,0.027509,0.009062
0.008116,0.000492,0.058880,0.024499,0.013350,0.723435,0.061141,0.025067
0.007554,0.001443,0.062210,0.078032,0.013291,2.183666,0.062575,0.084122
