vet-ins,vet-fnd,avl-ins,avl-fnd,hst-ins,hst-fnd,htr-ins,htr-fnd
0.002182,0.000074,0.006147,0.002198,0.003399,0.000147,0.004641,0.001299
0.004212,0.000307,0.013088,0.009340,0.005893,0.000537,0.011060,0.006036
0.006830,0.000269,0.027650,0.009817,0.011250,0.000538,0.024259,0.006684
0.013270,0.000671,0.061853,0.027851,0.022906,0.001596,0.059592,0.019447
0.016981,0.002015,0.066696,0.087096,0.021186,0.004165,0.058574,0.063281
