vet-ins,vet-fnd,avl-ins,avl-fnd,hst-ins,hst-fnd,htr-ins,htr-fnd
0.001025,0.000047,0.003590,0.001280,0.002116,0.000094,0.002797,0.000638
0.006057,0.000476,0.016760,0.008888,0.005904,0.000542,0.010455,0.005460
0.006617,0.000268,0.025997,0.009221,0.011257,0.000594,0.023918,0.006050
0.013160,0.000668,0.058692,0.025732,0.022146,0.001350,0.053879,0.017923
0.016626,0.002040,0.063593,0.080425,0.021409,0.004065,0.053235,0.052889
