vet-ins,vet-fnd,avl-ins,avl-fnd,hst-ins,hst-fnd,htr-ins,htr-fnd
0.000541,0.000020,0.001888,0.000665,0.000798,0.003157,0.002046,0.000666
0.002336,0.000195,0.011467,0.008079,0.003709,0.142624,0.012003,0.007870
0.004047,0.000198,0.025809,0.008972,0.007243,0.225563,0.026897,0.008651
0.008146,0.000487,0.058672,0.024358,0.013788,0.546329,0.060833,0.024783
0.007953,0.001542,0.060449,0.075237,0.012655,2.195755,0.060786,0.074179
