vet-ins,vet-fnd,avl-ins,avl-fnd,hst-ins,hst-fnd,htr-ins,htr-fnd
0.000955,0.000029,0.002277,0.000929,0.001188,0.000054,0.001828,0.000534
0.004229,0.000307,0.013987,0.009805,0.006286,0.000645,0.011018,0.005823
0.006520,0.000307,0.030948,0.010582,0.011755,0.000674,0.025046,0.006884
0.013732,0.000750,0.062860,0.028704,0.021960,0.001432,0.055462,0.019150
0.017066,0.001970,0.062710,0.083230,0.019782,0.004495,0.053469,0.056522
