vet-ins,vet-fnd,avl-ins,avl-fnd,hst-ins,hst-fnd,htr-ins,htr-fnd
0.000828,0.000027,0.002447,0.000931,0.001356,0.000063,0.001902,0.000435
0.004044,0.000313,0.013485,0.008919,0.005922,0.000539,0.010447,0.005450
0.006531,0.000314,0.026554,0.009173,0.011317,0.000538,0.023301,0.006959
0.013178,0.000669,0.059644,0.025847,0.021881,0.001351,0.055178,0.020224
0.016866,0.002009,0.060302,0.080025,0.021360,0.004056,0.054173,0.052662
