vet-ins,vet-fnd,avl-ins,avl-fnd,hst-ins,hst-fnd,htr-ins,htr-fnd
0.000521,0.000019,0.001852,0.000663,0.000779,0.004196,0.002119,0.000705
0.002338,0.000186,0.011353,0.007922,0.003566,0.188406,0.013113,0.008342
0.003903,0.000203,0.025716,0.008620,0.006951,0.286808,0.028586,0.009167
0.008123,0.000505,0.058470,0.024307,0.012821,0.719034,0.061423,0.024984
0.007578,0.001451,0.057636,0.072017,0.012948,2.159883,0.062726,0.075964
