vet-ins,vet-fnd,avl-ins,avl-fnd,hst-ins,hst-fnd,htr-ins,htr-fnd
0.000529,0.000019,0.001916,0.000662,0.000761,0.004158,0.002135,0.000699
0.002329,0.000187,0.011416,0.007864,0.003652,0.189171,0.013384,0.008467
0.004507,0.000223,0.026776,0.008924,0.006612,0.295065,0.028258,0.009066
0.008133,0.000492,0.063813,0.026867,0.014056,0.545143,0.060584,0.024424
0.007814,0.001471,0.060282,0.082319,0.013662,1.663251,0.064281,0.076844
