vet-ins,vet-fnd,avl-ins,avl-fnd,hst-ins,hst-fnd,htr-ins,htr-fnd
0.002164,0.000066,0.005703,0.002082,0.003277,0.000157,0.004248,0.001129
0.005000,0.000266,0.013388,0.009417,0.006280,0.000536,0.011267,0.005999
0.007509,0.000312,0.031756,0.011989,0.012083,0.000628,0.027549,0.008165
0.015073,0.000779,0.076506,0.035442,0.022675,0.001347,0.055646,0.019511
0.017755,0.002147,0.064832,0.086718,0.019968,0.004395,0.058853,0.056722
