vet-ins,vet-fnd,avl-ins,avl-fnd,hst-ins,hst-fnd,htr-ins,htr-fnd
0.001210,0.000037,0.003017,0.001051,0.001651,0.000075,0.002267,0.000606
0.004907,0.000364,0.016945,0.010419,0.006503,0.000632,0.012210,0.006628
0.007374,0.000307,0.031074,0.011138,0.011969,0.000627,0.026525,0.007351
0.015161,0.000780,0.071684,0.030758,0.022526,0.001506,0.060532,0.020961
0.017585,0.001994,0.063380,0.086653,0.019792,0.004441,0.056092,0.062573
