vet-ins,vet-fnd,avl-ins,avl-fnd,hst-ins,hst-fnd,htr-ins,htr-fnd
0.000865,0.000031,0.003464,0.001261,0.001965,0.000095,0.002620,0.000728
0.005288,0.000425,0.017762,0.008696,0.005400,0.000539,0.010053,0.005498
0.006716,0.000308,0.028282,0.010694,0.011566,0.000646,0.024409,0.006437
0.013573,0.000658,0.064031,0.025969,0.020389,0.001564,0.050836,0.018595
0.017237,0.002204,0.067153,0.090674,0.021322,0.004846,0.056621,0.054689
