vet-ins,vet-fnd,avl-ins,avl-fnd,hst-ins,hst-fnd,htr-ins,htr-fnd
0.000526,0.000019,0.001864,0.000689,0.000799,0.003177,0.002034,0.000663
0.002337,0.000187,0.011290,0.007837,0.003680,0.143356,0.012881,0.008097
0.004154,0.000200,0.025882,0.008662,0.007132,0.221604,0.027269,0.008616
0.008122,0.000506,0.058094,0.024509,0.014247,0.545293,0.061584,0.024524
0.007619,0.001427,0.058682,0.072952,0.012376,2.208364,0.060029,0.073631
