vet-ins,vet-fnd,avl-ins,avl-fnd,hst-ins,hst-fnd,htr-ins,htr-fnd
0.000852,0.000031,0.003280,0.001046,0.001608,0.000074,0.002223,0.000605
0.004996,0.000369,0.017446,0.010268,0.006379,0.000549,0.012005,0.006727
0.007434,0.000307,0.031117,0.011378,0.011864,0.000628,0.025963,0.007600
0.014899,0.000768,0.082652,0.035996,0.023884,0.001633,0.067162,0.023227
0.018297,0.002325,0.063981,0.091183,0.021557,0.004773,0.062016,0.064612
