vet-ins,vet-fnd,avl-ins,avl-fnd,hst-ins,hst-fnd,htr-ins,htr-fnd
0.001288,0.000038,0.003009,0.001049,0.001614,0.000075,0.002208,0.000605
0.005054,0.000376,0.016790,0.011452,0.006343,0.000634,0.012784,0.006432
0.007488,0.000309,0.031073,0.011157,0.012133,0.000639,0.026093,0.007210
0.015038,0.000771,0.070581,0.031318,0.023982,0.001592,0.066928,0.022067
0.020650,0.002324,0.076669,0.099796,0.022652,0.004720,0.063736,0.069332
