vet-ins,vet-fnd,avl-ins,avl-fnd,hst-ins,hst-fnd,htr-ins,htr-fnd
0.000524,0.000019,0.001907,0.000660,0.000780,0.004186,0.002135,0.000702
0.002360,0.000188,0.011285,0.007839,0.003693,0.187760,0.013413,0.008403
0.004032,0.000198,0.025596,0.008657,0.007400,0.292364,0.028380,0.009107
0.007959,0.000486,0.057879,0.024338,0.013893,0.739163,0.067281,0.027141
0.008361,0.001424,0.060459,0.081521,0.014361,1.663140,0.060218,0.072650
