vet-ins,vet-fnd,avl-ins,avl-fnd,hst-ins,hst-fnd,htr-ins,htr-fnd
0.000526,0.000020,0.001897,0.000663,0.000792,0.003272,0.002041,0.000666
0.002339,0.000196,0.011404,0.007848,0.003711,0.143241,0.012460,0.008021
0.003887,0.000201,0.026011,0.008712,0.007105,0.220894,0.026869,0.008663
0.008408,0.000499,0.058529,0.024366,0.013626,0.547465,0.059410,0.024204
0.007695,0.001440,0.058660,0.072579,0.013236,1.656967,0.060563,0.072816
