vet-ins,vet-fnd,avl-ins,avl-fnd,hst-ins,hst-fnd,htr-ins,htr-fnd
0.001555,0.000038,0.004046,0.001926,0.003154,0.000146,0.003069,0.000501
0.003837,0.000263,0.013924,0.009487,0.005793,0.000630,0.011196,0.005965
0.006665,0.000270,0.027374,0.009543,0.010796,0.000535,0.023157,0.006277
0.013734,0.000672,0.075392,0.033188,0.023793,0.001606,0.071382,0.024428
0.021574,0.002376,0.080586,0.105427,0.022175,0.004599,0.063485,0.070202
