vet-ins,vet-fnd,avl-ins,avl-fnd,hst-ins,hst-fnd,htr-ins,htr-fnd
0.001432,0.000047,0.003622,0.001220,0.002179,0.000079,0.002734,0.000704
0.005368,0.000400,0.015975,0.008722,0.005911,0.000539,0.010368,0.005493
0.006919,0.000267,0.026043,0.009264,0.011269,0.000537,0.024872,0.007506
0.013947,0.000669,0.059013,0.025684,0.021819,0.001346,0.056284,0.018802
0.016574,0.002116,0.059280,0.079860,0.022728,0.004158,0.055359,0.054828
