vet-ins,vet-fnd,avl-ins,avl-fnd,hst-ins,hst-fnd,htr-ins,htr-fnd
0.001896,0.000064,0.005306,0.001821,0.002807,0.000131,0.003897,0.001056
0.004947,0.000308,0.014727,0.010419,0.006376,0.000690,0.012091,0.006259
0.007320,0.000307,0.031330,0.011251,0.011646,0.000633,0.025297,0.006487
0.013427,0.000659,0.068329,0.031124,0.022690,0.001394,0.058678,0.020510
0.017149,0.001964,0.068601,0.095041,0.021937,0.004777,0.061868,0.064767
