vet-ins,vet-fnd,avl-ins,avl-fnd,hst-ins,hst-fnd,htr-ins,htr-fnd
0.000867,0.000031,0.002431,0.000785,0.001355,0.000063,0.001774,0.000506
0.006103,0.000263,0.013497,0.009859,0.005942,0.000589,0.011915,0.006228
0.007040,0.000307,0.030608,0.010506,0.011273,0.000645,0.024929,0.006718
0.015019,0.000783,0.077375,0.032965,0.023452,0.001598,0.067522,0.022971
0.019580,0.002348,0.076476,0.100244,0.021563,0.004440,0.060818,0.060760
