vet-ins,vet-fnd,avl-ins,avl-fnd,hst-ins,hst-fnd,htr-ins,htr-fnd
0.001346,0.000040,0.003334,0.001171,0.002170,0.000081,0.002394,0.000652
0.005718,0.000398,0.017340,0.008967,0.005905,0.000543,0.010649,0.005456
0.006416,0.000268,0.026442,0.009854,0.011558,0.000539,0.024044,0.006579
0.013263,0.000679,0.059778,0.025929,0.022219,0.001351,0.053903,0.019005
0.016887,0.002006,0.060997,0.082681,0.021170,0.004045,0.052947,0.052631
