vet-ins,vet-fnd,avl-ins,avl-fnd,hst-ins,hst-fnd,htr-ins,htr-fnd
0.000993,0.000034,0.002378,0.000900,0.001270,0.000063,0.001905,0.000545
0.003946,0.000281,0.014074,0.009628,0.006789,0.000538,0.010636,0.005763
0.006568,0.000315,0.027071,0.009205,0.011854,0.000542,0.023483,0.006471
0.014837,0.000676,0.060552,0.026692,0.021896,0.001623,0.053613,0.018208
0.017583,0.002404,0.061999,0.080535,0.022235,0.004265,0.058691,0.056857
