vet-ins,vet-fnd,avl-ins,avl-fnd,hst-ins,hst-fnd,htr-ins,htr-fnd
0.000555,0.000020,0.001969,0.000704,0.000839,0.003298,0.002152,0.000705
0.002322,0.000187,0.011475,0.007971,0.003674,0.142494,0.012319,0.007976
0.003926,0.000202,0.025684,0.008798,0.006878,0.289261,0.027642,0.009092
0.008163,0.000493,0.058369,0.024392,0.013170,0.730996,0.062598,0.026416
0.008081,0.001516,0.059626,0.073843,0.013701,1.663056,0.060032,0.073673
