vet-ins,vet-fnd,avl-ins,avl-fnd,hst-ins,hst-fnd,htr-ins,htr-fnd
0.000859,0.000031,0.002508,0.000826,0.001385,0.000068,0.001691,0.000510
0.003619,0.000262,0.012324,0.009473,0.005413,0.000540,0.010785,0.005393
0.006400,0.000263,0.026430,0.009509,0.011228,0.000672,0.022585,0.006156
0.013065,0.000724,0.065950,0.033978,0.023226,0.001493,0.060955,0.021499
0.022760,0.002309,0.084438,0.108216,0.023103,0.005387,0.067431,0.056117
