vet-ins,vet-fnd,avl-ins,avl-fnd,hst-ins,hst-fnd,htr-ins,htr-fnd
0.002118,0.000072,0.005853,0.002054,0.003120,0.000146,0.004301,0.001191
0.004484,0.000307,0.014144,0.010313,0.005736,0.000535,0.010705,0.005955
0.006733,0.000262,0.026630,0.009979,0.010743,0.000608,0.023194,0.007474
0.013390,0.000659,0.070233,0.031688,0.023305,0.001629,0.063128,0.021869
0.020387,0.002943,0.084431,0.108771,0.022392,0.004806,0.065356,0.054200
