vet-ins,vet-fnd,avl-ins,avl-fnd,hst-ins,hst-fnd,htr-ins,htr-fnd
0.001898,0.000064,0.005293,0.001813,0.002852,0.000130,0.003875,0.001061
0.006139,0.000328,0.012440,0.009081,0.005447,0.000545,0.010906,0.005452
0.007089,0.000262,0.027764,0.009779,0.011409,0.000674,0.024224,0.006571
0.014533,0.000677,0.062191,0.026417,0.020719,0.001599,0.059578,0.023166
0.020399,0.002389,0.077460,0.100595,0.022268,0.004743,0.064253,0.066053
