vet-ins,vet-fnd,avl-ins,avl-fnd,hst-ins,hst-fnd,htr-ins,htr-fnd
0.000819,0.000027,0.003207,0.001222,0.002047,0.000095,0.002650,0.000658
0.005981,0.000468,0.017594,0.010346,0.006871,0.000632,0.012042,0.006397
0.007558,0.000314,0.030563,0.010789,0.013144,0.000641,0.026822,0.007215
0.014722,0.000669,0.068977,0.030406,0.022116,0.001353,0.057153,0.018105
0.018989,0.002256,0.067590,0.087932,0.022184,0.004515,0.054901,0.054051
