vet-ins,vet-fnd,avl-ins,avl-fnd,hst-ins,hst-fnd,htr-ins,htr-fnd
0.002016,0.000078,0.006168,0.002087,0.003336,0.000135,0.004458,0.001125
0.004598,0.000272,0.012843,0.008650,0.005921,0.000539,0.010648,0.005904
0.006485,0.000269,0.026676,0.009488,0.011249,0.000540,0.023626,0.006174
0.013119,0.000669,0.062544,0.029102,0.023809,0.001609,0.056964,0.018639
0.016840,0.002011,0.063259,0.079076,0.021101,0.004055,0.056284,0.055492
