vet-ins,vet-fnd,avl-ins,avl-fnd,hst-ins,hst-fnd,htr-ins,htr-fnd
0.000846,0.000032,0.003226,0.001200,0.002167,0.000094,0.002620,0.000766
0.006105,0.000393,0.017631,0.008645,0.005889,0.000539,0.010505,0.005457
0.006507,0.000268,0.026152,0.009642,0.011238,0.000537,0.022982,0.006456
0.015200,0.000675,0.059916,0.025587,0.022444,0.001343,0.058185,0.018090
0.016521,0.002011,0.064218,0.082134,0.020834,0.004032,0.053014,0.054879
