vet-ins,vet-fnd,avl-ins,avl-fnd,hst-ins,hst-fnd,htr-ins,htr-fnd
0.000521,0.000019,0.001918,0.000668,0.000788,0.003217,0.002050,0.000665
0.002363,0.000190,0.011440,0.007918,0.003671,0.142150,0.012530,0.007941
0.003999,0.000202,0.026262,0.008713,0.007197,0.224002,0.027355,0.008722
0.008115,0.000493,0.058683,0.024393,0.013900,0.547084,0.061561,0.024546
0.007527,0.001459,0.058861,0.073815,0.012486,2.187987,0.060651,0.074998
