vet-ins,vet-fnd,avl-ins,avl-fnd,hst-ins,hst-fnd,htr-ins,htr-fnd
0.000836,0.000032,0.002525,0.000752,0.001521,0.000068,0.001701,0.000512
0.004162,0.000334,0.013987,0.009022,0.006337,0.000633,0.011684,0.006156
0.006495,0.000268,0.026996,0.009157,0.011239,0.000538,0.023548,0.007162
0.013128,0.000705,0.060855,0.027210,0.021777,0.001346,0.054205,0.017882
0.017600,0.002112,0.060732,0.078785,0.021163,0.004104,0.057484,0.054605
