vet-ins,vet-fnd,avl-ins,avl-fnd,hst-ins,hst-fnd,htr-ins,htr-fnd
0.001103,0.000036,0.003123,0.001014,0.001727,0.000063,0.001934,0.000511
0.004905,0.000437,0.017179,0.011396,0.006451,0.000641,0.012159,0.007042
0.007543,0.000262,0.033314,0.012237,0.012274,0.000634,0.028086,0.008876
0.015424,0.000775,0.075882,0.032813,0.023449,0.001602,0.067247,0.023052
0.017391,0.002267,0.064572,0.089378,0.021828,0.004869,0.060623,0.061361
