vet-ins,vet-fnd,avl-ins,avl-fnd,hst-ins,hst-fnd,htr-ins,htr-fnd
0.000817,0.000027,0.002228,0.000751,0.001260,0.000054,0.001804,0.000544
0.003838,0.000280,0.013265,0.009687,0.006583,0.000629,0.011843,0.005477
0.006400,0.000282,0.026656,0.010271,0.012730,0.000574,0.025930,0.007043
0.013262,0.000676,0.059370,0.026169,0.021898,0.001343,0.056505,0.018225
0.016879,0.002015,0.062988,0.082504,0.020830,0.004046,0.053402,0.053959
