vet-ins,vet-fnd,avl-ins,avl-fnd,hst-ins,hst-fnd,htr-ins,htr-fnd
0.000549,0.000019,0.001930,0.000727,0.000787,0.004363,0.002168,0.000704
0.002474,0.000198,0.011965,0.008367,0.003796,0.191582,0.013543,0.008672
0.004070,0.000207,0.026532,0.009137,0.007137,0.292284,0.028478,0.009246
0.008313,0.000517,0.060887,0.024556,0.013959,0.544250,0.060440,0.024690
0.007538,0.001450,0.058568,0.073280,0.013223,1.660070,0.064603,0.071890
