vet-ins,vet-fnd,avl-ins,avl-fnd,hst-ins,hst-fnd,htr-ins,htr-fnd
0.000831,0.000027,0.002579,0.000745,0.001422,0.000064,0.001908,0.000463
0.004164,0.000339,0.014117,0.008760,0.006261,0.000636,0.011658,0.005461
0.007189,0.000334,0.028433,0.010093,0.011886,0.000540,0.024847,0.006844
0.013437,0.000680,0.059381,0.025636,0.021750,0.001350,0.054116,0.017752
0.016957,0.002010,0.059584,0.080995,0.021097,0.004050,0.053010,0.054847
