vet-ins,vet-fnd,avl-ins,avl-fnd,hst-ins,hst-fnd,htr-ins,htr-fnd
0.000527,0.000019,0.001898,0.000659,0.000760,0.004228,0.002178,0.000706
0.002370,0.000194,0.011464,0.007957,0.003626,0.191771,0.013320,0.008391
0.004117,0.000202,0.026079,0.008671,0.007079,0.291816,0.028321,0.008998
0.008164,0.000490,0.057928,0.024785,0.013261,0.731549,0.061039,0.025064
0.007520,0.001432,0.057426,0.072831,0.014133,1.638115,0.059989,0.071769
