vet-ins,vet-fnd,avl-ins,avl-fnd,hst-ins,hst-fnd,htr-ins,htr-fnd
0.002110,0.000072,0.005951,0.002042,0.003118,0.000146,0.004318,0.001185
0.003925,0.000262,0.012386,0.011221,0.006296,0.000589,0.010511,0.005810
0.007152,0.000332,0.027701,0.009511,0.010761,0.000535,0.022353,0.005957
0.012670,0.000661,0.059856,0.028846,0.021753,0.001337,0.052478,0.019082
0.017698,0.002055,0.065777,0.083877,0.021382,0.004748,0.059796,0.059062
