vet-ins,vet-fnd,avl-ins,avl-fnd,hst-ins,hst-fnd,htr-ins,htr-fnd
0.000539,0.000019,0.001902,0.000665,0.000788,0.003137,0.002036,0.000692
0.002155,0.000193,0.011447,0.007869,0.003663,0.141987,0.015022,0.008837
0.003812,0.000199,0.026288,0.009607,0.007262,0.225346,0.026989,0.008717
0.008048,0.000486,0.064226,0.025648,0.013299,0.546942,0.066035,0.025336
0.007665,0.001441,0.066201,0.075536,0.012787,2.220423,0.065810,0.085020
