vet-ins,vet-fnd,avl-ins,avl-fnd,hst-ins,hst-fnd,htr-ins,htr-fnd
0.000567,0.000019,0.001868,0.000665,0.000809,0.003160,0.002066,0.000668
0.002316,0.000187,0.011278,0.007808,0.003665,0.141761,0.012388,0.007892
0.003980,0.000201,0.025368,0.008600,0.006574,0.290254,0.027384,0.009060
0.008258,0.000492,0.057981,0.024141,0.013406,0.727988,0.060910,0.025103
0.007532,0.001458,0.058765,0.073280,0.012486,2.187207,0.060166,0.074555
