vet-ins,vet-fnd,avl-ins,avl-fnd,hst-ins,hst-fnd,htr-ins,htr-fnd
0.001188,0.000040,0.003215,0.001092,0.001838,0.000079,0.002351,0.000638
0.005267,0.000402,0.017450,0.010152,0.006893,0.000633,0.012075,0.006413
0.007542,0.000313,0.030678,0.011857,0.013057,0.000631,0.026241,0.007062
0.015189,0.000758,0.066004,0.026070,0.022376,0.001347,0.057715,0.020724
0.018739,0.002353,0.064480,0.080204,0.020772,0.004049,0.055248,0.055283
