vet-ins,vet-fnd,avl-ins,avl-fnd,hst-ins,hst-fnd,htr-ins,htr-fnd
0.000821,0.000027,0.002202,0.000747,0.001261,0.000054,0.001803,0.000509
0.003766,0.000268,0.013209,0.009071,0.005897,0.000543,0.010403,0.005457
0.006399,0.000269,0.026278,0.009180,0.011740,0.000538,0.023172,0.006046
0.014582,0.000712,0.062958,0.025567,0.021820,0.001342,0.053369,0.019743
0.016976,0.002053,0.059753,0.080421,0.022707,0.004211,0.053833,0.054124
