vet-ins,vet-fnd,avl-ins,avl-fnd,hst-ins,hst-fnd,htr-ins,htr-fnd
0.000985,0.000033,0.002371,0.000930,0.001284,0.000054,0.001866,0.000544
0.003808,0.000269,0.013347,0.009206,0.005897,0.000539,0.010636,0.005821
0.006446,0.000268,0.026223,0.009598,0.011249,0.000538,0.022769,0.006369
0.015060,0.000671,0.064284,0.026746,0.022541,0.001420,0.058502,0.019555
0.018131,0.002320,0.060931,0.081756,0.021516,0.004136,0.058221,0.064029
