vet-ins,vet-fnd,avl-ins,avl-fnd,hst-ins,hst-fnd,htr-ins,htr-fnd
0.000524,0.000020,0.001904,0.000669,0.000759,0.004285,0.002150,0.000710
0.002307,0.000189,0.011340,0.007909,0.003384,0.185391,0.013424,0.008616
0.004064,0.000205,0.025442,0.008784,0.006489,0.289419,0.033567,0.009867
0.007986,0.000504,0.063948,0.026359,0.013364,0.748043,0.063605,0.025666
0.007544,0.001439,0.058239,0.076172,0.012478,2.200836,0.068379,0.085979
