vet-ins,vet-fnd,avl-ins,avl-fnd,hst-ins,hst-fnd,htr-ins,htr-fnd
0.000533,0.000020,0.001917,0.000674,0.000802,0.004345,0.002205,0.000794
0.002394,0.000198,0.011645,0.008157,0.003709,0.188315,0.012849,0.008341
0.003988,0.000204,0.026064,0.008648,0.007025,0.293712,0.028823,0.009137
0.008103,0.000489,0.059263,0.024871,0.012889,0.723525,0.063897,0.024976
0.007654,0.001441,0.058567,0.072890,0.013056,2.215585,0.063460,0.076453
