vet-ins,vet-fnd,avl-ins,avl-fnd,hst-ins,hst-fnd,htr-ins,htr-fnd
0.000948,0.000027,0.003071,0.001044,0.001741,0.000075,0.002281,0.000605
0.005033,0.000371,0.017448,0.010517,0.006599,0.000714,0.012224,0.006213
0.007704,0.000314,0.030642,0.010370,0.012417,0.000633,0.027989,0.007286
0.015153,0.000816,0.074495,0.031642,0.025026,0.001624,0.064735,0.020962
0.019011,0.002422,0.071126,0.092981,0.024786,0.004596,0.061792,0.062417
