vet-ins,vet-fnd,avl-ins,avl-fnd,hst-ins,hst-fnd,htr-ins,htr-fnd
0.001268,0.000046,0.003706,0.001310,0.001784,0.000095,0.002626,0.000753
0.005629,0.000459,0.017123,0.009342,0.005871,0.000540,0.010513,0.005986
0.006586,0.000264,0.028312,0.009991,0.011411,0.000641,0.024296,0.007208
0.014383,0.000772,0.069217,0.031360,0.022416,0.001578,0.062025,0.019980
0.017433,0.001973,0.063888,0.088409,0.023142,0.004940,0.058783,0.061907
