vet-ins,vet-fnd,avl-ins,avl-fnd,hst-ins,hst-fnd,htr-ins,htr-fnd
0.002019,0.000067,0.005766,0.002008,0.003310,0.000142,0.004228,0.001085
0.004634,0.000268,0.012936,0.008660,0.005890,0.000540,0.010997,0.005467
0.006623,0.000268,0.026185,0.009153,0.011228,0.000542,0.023152,0.006269
0.013399,0.000674,0.061577,0.029220,0.021769,0.001356,0.054389,0.018368
0.016590,0.002006,0.061857,0.079532,0.021081,0.004047,0.056250,0.055087
