vet-ins,vet-fnd,avl-ins,avl-fnd,hst-ins,hst-fnd,htr-ins,htr-fnd
0.002198,0.000073,0.006713,0.001996,0.003439,0.000147,0.004476,0.001186
0.004244,0.000274,0.012587,0.008676,0.005876,0.000539,0.010499,0.005478
0.006434,0.000268,0.026346,0.009190,0.011209,0.000547,0.023113,0.006459
0.014246,0.000672,0.063694,0.025667,0.021791,0.001347,0.057102,0.018761
0.017088,0.002011,0.059791,0.079122,0.020734,0.004047,0.054041,0.053493
