vet-ins,vet-fnd,avl-ins,avl-fnd,hst-ins,hst-fnd,htr-ins,htr-fnd
0.000510,0.000019,0.001865,0.000663,0.000788,0.003161,0.002053,0.000668
0.002303,0.000188,0.011473,0.007902,0.003665,0.142807,0.012675,0.008098
0.003997,0.000203,0.025624,0.008667,0.007208,0.222883,0.026592,0.008622
0.008338,0.000494,0.058172,0.024560,0.013915,0.548824,0.059929,0.026694
0.007506,0.001445,0.058825,0.074747,0.012933,1.688993,0.061173,0.072524
