vet-ins,vet-fnd,avl-ins,avl-fnd,hst-ins,hst-fnd,htr-ins,htr-fnd
0.000528,0.000020,0.001907,0.000662,0.000762,0.004261,0.002157,0.000703
0.002310,0.000187,0.011390,0.007858,0.003429,0.185233,0.013401,0.008514
0.004164,0.000205,0.025694,0.008642,0.006923,0.289834,0.028827,0.009308
0.008366,0.000490,0.061801,0.026249,0.013835,0.768014,0.078786,0.031094
0.007775,0.001446,0.067532,0.076020,0.013438,2.228891,0.068142,0.083539
