vet-ins,vet-fnd,avl-ins,avl-fnd,hst-ins,hst-fnd,htr-ins,htr-fnd
0.000525,0.000019,0.001909,0.000684,0.000800,0.004226,0.002132,0.000702
0.002388,0.000192,0.011759,0.008301,0.003646,0.188542,0.013229,0.008452
0.004080,0.000206,0.026052,0.008868,0.006694,0.291187,0.028264,0.009204
0.008087,0.000496,0.060655,0.030086,0.015573,0.564763,0.072834,0.028195
0.007516,0.001457,0.058902,0.076877,0.013099,1.687770,0.074253,0.086209
