vet-ins,vet-fnd,avl-ins,avl-fnd,hst-ins,hst-fnd,htr-ins,htr-fnd
0.002099,0.000067,0.005732,0.001997,0.003371,0.000135,0.004235,0.001248
0.004975,0.000272,0.013623,0.008655,0.005943,0.000540,0.010448,0.005450
0.006507,0.000269,0.027444,0.010677,0.012145,0.000570,0.023795,0.006062
0.013120,0.000669,0.060599,0.025504,0.022737,0.001530,0.058150,0.017889
0.016812,0.002007,0.062173,0.079196,0.021269,0.004045,0.056122,0.052773
