vet-ins,vet-fnd,avl-ins,avl-fnd,hst-ins,hst-fnd,htr-ins,htr-fnd
0.000531,0.000020,0.002173,0.000657,0.000805,0.003144,0.002264,0.000663
0.002318,0.000188,0.012591,0.007822,0.003694,0.141955,0.013444,0.007946
0.004017,0.000235,0.027575,0.008661,0.007248,0.222884,0.028782,0.008523
0.008214,0.000489,0.061239,0.024309,0.012924,0.727247,0.064897,0.025026
0.007542,0.001432,0.061922,0.072792,0.013815,1.642101,0.061737,0.070601
