vet-ins,vet-fnd,avl-ins,avl-fnd,hst-ins,hst-fnd,htr-ins,htr-fnd
0.000920,0.000032,0.003072,0.001037,0.001745,0.000078,0.002258,0.000607
0.005022,0.000372,0.017190,0.009582,0.005876,0.000540,0.010399,0.005461
0.006827,0.000268,0.026535,0.011028,0.011323,0.000543,0.023384,0.006076
0.013205,0.000675,0.060945,0.026672,0.022173,0.001342,0.054600,0.018748
0.016642,0.002017,0.059262,0.077926,0.022122,0.004474,0.054790,0.054788
