vet-ins,vet-fnd,avl-ins,avl-fnd,hst-ins,hst-fnd,htr-ins,htr-fnd
0.000789,0.000026,0.002157,0.000758,0.001157,0.000054,0.001609,0.000511
0.004065,0.000262,0.012243,0.009313,0.005392,0.000535,0.010594,0.006287
0.006791,0.000263,0.028579,0.009753,0.011440,0.000543,0.023562,0.006231
0.012913,0.000655,0.059140,0.026563,0.020398,0.001352,0.053460,0.018177
0.016132,0.001974,0.063650,0.086720,0.020632,0.004333,0.059499,0.064946
