vet-ins,vet-fnd,avl-ins,avl-fnd,hst-ins,hst-fnd,htr-ins,htr-fnd
0.002182,0.000073,0.005909,0.002030,0.003401,0.000147,0.004365,0.001183
0.004339,0.000271,0.012364,0.008646,0.006254,0.000540,0.010371,0.005457
0.006650,0.000268,0.026297,0.009616,0.011216,0.000548,0.023140,0.006060
0.013234,0.000669,0.058914,0.025502,0.021839,0.001347,0.058058,0.018226
0.016637,0.002009,0.059234,0.081740,0.021061,0.004145,0.053362,0.052949
