vet-ins,vet-fnd,avl-ins,avl-fnd,hst-ins,hst-fnd,htr-ins,htr-fnd
0.001133,0.000047,0.003571,0.001301,0.002086,0.000094,0.002774,0.000758
0.005991,0.000401,0.016837,0.008647,0.005877,0.000539,0.010789,0.005678
0.006512,0.000277,0.026022,0.009175,0.011224,0.000543,0.022733,0.006388
0.013143,0.000680,0.062561,0.026178,0.021820,0.001350,0.053779,0.018082
0.017505,0.002010,0.063111,0.077462,0.021657,0.004799,0.054615,0.053825
