vet-ins,vet-fnd,avl-ins,avl-fnd,hst-ins,hst-fnd,htr-ins,htr-fnd
0.000656,0.000018,0.002195,0.000679,0.000794,0.004385,0.002155,0.000705
0.002409,0.000201,0.011698,0.008831,0.003615,0.194192,0.014147,0.008745
0.004404,0.000299,0.027766,0.009925,0.007051,0.301149,0.031410,0.010890
0.008853,0.000511,0.061141,0.024357,0.012917,0.754936,0.081736,0.029033
0.007708,0.001429,0.065204,0.082228,0.013877,2.186126,0.062952,0.075856
