vet-ins,vet-fnd,avl-ins,avl-fnd,hst-ins,hst-fnd,htr-ins,htr-fnd
0.002161,0.000068,0.005786,0.001936,0.003284,0.000135,0.004243,0.001224
0.004966,0.000267,0.012561,0.008627,0.005892,0.000539,0.010473,0.005473
0.006460,0.000267,0.026649,0.009169,0.011214,0.000542,0.022880,0.006042
0.013538,0.000674,0.059966,0.025716,0.021800,0.001348,0.056458,0.019028
0.016885,0.002045,0.061084,0.079324,0.020821,0.004053,0.054284,0.054144
