vet-ins,vet-fnd,avl-ins,avl-fnd,hst-ins,hst-fnd,htr-ins,htr-fnd
0.000820,0.000027,0.002170,0.000859,0.001520,0.000060,0.001713,0.000518
0.003987,0.000269,0.012696,0.009878,0.006258,0.000642,0.011096,0.005467
0.007016,0.000282,0.027216,0.009225,0.011219,0.000537,0.023252,0.006280
0.013421,0.000672,0.060395,0.025962,0.021810,0.001369,0.054120,0.018137
0.016863,0.002010,0.059870,0.079854,0.022154,0.004131,0.053377,0.053454
