vet-ins,vet-fnd,avl-ins,avl-fnd,hst-ins,hst-fnd,htr-ins,htr-fnd
0.000825,0.000026,0.002459,0.000773,0.001203,0.000063,0.001906,0.000460
0.003709,0.000263,0.012811,0.009262,0.005922,0.000536,0.010144,0.005432
0.006412,0.000270,0.025951,0.010614,0.011730,0.000536,0.022534,0.006284
0.012807,0.000656,0.059344,0.026096,0.019717,0.001340,0.052729,0.017956
0.016467,0.001978,0.060914,0.078735,0.018620,0.004102,0.051385,0.055000
