vet-ins,vet-fnd,avl-ins,avl-fnd,hst-ins,hst-fnd,htr-ins,htr-fnd
0.000963,0.000033,0.002358,0.000934,0.001175,0.000063,0.001925,0.000543
0.003941,0.000262,0.013743,0.009166,0.005862,0.000540,0.010058,0.005413
0.006911,0.000263,0.027779,0.010028,0.011546,0.000669,0.022849,0.006629
0.014078,0.000802,0.060960,0.026264,0.020074,0.001363,0.052198,0.017777
0.017670,0.002230,0.065984,0.079624,0.018631,0.004111,0.055137,0.055724
