vet-ins,vet-fnd,avl-ins,avl-fnd,hst-ins,hst-fnd,htr-ins,htr-fnd
0.002131,0.000073,0.005957,0.002040,0.003153,0.000175,0.004416,0.001229
0.004177,0.000308,0.014716,0.010378,0.006328,0.000632,0.012199,0.006536
0.007650,0.000308,0.031473,0.011403,0.010864,0.000540,0.026788,0.006816
0.012985,0.000656,0.060048,0.026322,0.020615,0.001554,0.053263,0.021918
0.019658,0.002365,0.076835,0.097952,0.022273,0.004749,0.066394,0.067226
