vet-ins,vet-fnd,avl-ins,avl-fnd,hst-ins,hst-fnd,htr-ins,htr-fnd
0.000942,0.000031,0.003290,0.001045,0.001617,0.000075,0.002233,0.000606
0.004942,0.000364,0.016777,0.010164,0.005631,0.000535,0.011256,0.005978
0.006779,0.000264,0.028990,0.011437,0.011858,0.000633,0.025924,0.007364
0.014332,0.000845,0.069332,0.031057,0.023290,0.001567,0.060807,0.020100
0.016470,0.002040,0.063907,0.080988,0.019251,0.004216,0.057979,0.054437
