vet-ins,vet-fnd,avl-ins,avl-fnd,hst-ins,hst-fnd,htr-ins,htr-fnd
0.000821,0.000027,0.002277,0.000909,0.001523,0.000064,0.002000,0.000511
0.004146,0.000340,0.012934,0.008986,0.005928,0.000539,0.011545,0.005452
0.006922,0.000267,0.026563,0.009521,0.011344,0.000632,0.023153,0.006078
0.014480,0.000680,0.060155,0.025823,0.021875,0.001351,0.058147,0.018041
0.016852,0.002005,0.060102,0.084043,0.023008,0.004234,0.056919,0.053508
