vet-ins,vet-fnd,avl-ins,avl-fnd,hst-ins,hst-fnd,htr-ins,htr-fnd
0.002118,0.000071,0.005904,0.002055,0.003120,0.000146,0.004279,0.001187
0.003976,0.000263,0.012725,0.008717,0.005827,0.000536,0.010015,0.005407
0.006470,0.000263,0.026302,0.009182,0.010473,0.000546,0.024818,0.009425
0.013614,0.000787,0.075925,0.031591,0.023247,0.001559,0.061504,0.023109
0.018877,0.002149,0.083221,0.101895,0.021584,0.004856,0.061116,0.062557
