vet-ins,vet-fnd,avl-ins,avl-fnd,hst-ins,hst-fnd,htr-ins,htr-fnd
0.000833,0.000032,0.003320,0.001199,0.002118,0.000098,0.002733,0.000745
0.005422,0.000400,0.017251,0.009098,0.005896,0.000539,0.011022,0.005703
0.006525,0.000273,0.026175,0.009156,0.011711,0.000541,0.023194,0.006456
0.013147,0.000669,0.059517,0.025655,0.022117,0.001349,0.054251,0.018200
0.016723,0.002005,0.061286,0.084892,0.021365,0.004044,0.053181,0.057992
