vet-ins,vet-fnd,avl-ins,avl-fnd,hst-ins,hst-fnd,htr-ins,htr-fnd
0.002018,0.000077,0.005811,0.002059,0.003141,0.000135,0.004162,0.001145
0.005422,0.000327,0.013861,0.010063,0.006013,0.000573,0.011004,0.005719
0.006963,0.000307,0.030092,0.010496,0.011081,0.000542,0.025048,0.007320
0.014787,0.000768,0.072113,0.031425,0.023270,0.001596,0.062450,0.021283
0.019522,0.002307,0.070727,0.094206,0.021713,0.004759,0.061063,0.063078
