vet-ins,vet-fnd,avl-ins,avl-fnd,hst-ins,hst-fnd,htr-ins,htr-fnd
0.002203,0.000091,0.006179,0.002062,0.003423,0.000147,0.004321,0.001066
0.004898,0.000273,0.012742,0.009073,0.005936,0.000541,0.010576,0.005817
0.006941,0.000269,0.026303,0.009642,0.011330,0.000540,0.024178,0.006167
0.014113,0.000726,0.061016,0.026303,0.022606,0.001605,0.063539,0.018475
0.017806,0.002050,0.060902,0.092368,0.022133,0.004855,0.058509,0.058814
