vet-ins,vet-fnd,avl-ins,avl-fnd,hst-ins,hst-fnd,htr-ins,htr-fnd
0.001970,0.000087,0.006017,0.002020,0.003222,0.000147,0.004362,0.001273
0.004445,0.000328,0.013678,0.009628,0.005487,0.000633,0.010639,0.005990
0.007058,0.000310,0.027856,0.009227,0.010615,0.000540,0.022288,0.006034
0.014994,0.000797,0.061947,0.028634,0.021993,0.001603,0.064040,0.021366
0.019035,0.002264,0.073399,0.099565,0.022172,0.004779,0.064787,0.065987
