vet-ins,vet-fnd,avl-ins,avl-fnd,hst-ins,hst-fnd,htr-ins,htr-fnd
0.000827,0.000027,0.002203,0.000753,0.001260,0.000054,0.001651,0.000491
0.004073,0.000269,0.023924,0.010223,0.006584,0.000541,0.011910,0.006075
0.007171,0.000315,0.027416,0.009197,0.011645,0.000540,0.023200,0.006436
0.013700,0.000674,0.060146,0.025907,0.021902,0.001351,0.054934,0.018059
0.016874,0.002021,0.060567,0.080249,0.020800,0.004097,0.053388,0.055087
