vet-ins,vet-fnd,avl-ins,avl-fnd,hst-ins,hst-fnd,htr-ins,htr-fnd
0.002549,0.000079,0.006284,0.002151,0.003423,0.000146,0.004420,0.001191
0.004587,0.000314,0.015030,0.010685,0.007121,0.000698,0.012654,0.006677
0.007923,0.000314,0.031916,0.011392,0.013616,0.000637,0.027616,0.007129
0.014727,0.000797,0.061045,0.025671,0.022259,0.001343,0.058375,0.018617
0.016896,0.002353,0.062171,0.078620,0.021084,0.004087,0.062606,0.066172
