vet-ins,vet-fnd,avl-ins,avl-fnd,hst-ins,hst-fnd,htr-ins,htr-fnd
0.000529,0.000020,0.001864,0.000669,0.000825,0.003178,0.002022,0.000670
0.002171,0.000228,0.011596,0.007967,0.003726,0.142970,0.012457,0.007984
0.004103,0.000219,0.025549,0.008720,0.006722,0.287052,0.027881,0.009482
0.008103,0.000490,0.058648,0.024454,0.012850,0.720890,0.061033,0.025226
0.007769,0.001468,0.057575,0.073315,0.013176,2.171396,0.061732,0.075927
