vet-ins,vet-fnd,avl-ins,avl-fnd,hst-ins,hst-fnd,htr-ins,htr-fnd
0.001194,0.000039,0.003620,0.001241,0.001845,0.000080,0.002668,0.000754
0.005487,0.000389,0.018596,0.009257,0.006088,0.000653,0.010677,0.005695
0.006395,0.000263,0.028195,0.010026,0.011165,0.000541,0.025696,0.007096
0.013142,0.000768,0.069962,0.033327,0.022237,0.001350,0.056693,0.019000
0.018142,0.002127,0.075495,0.097441,0.021136,0.004662,0.057438,0.061476
