vet-ins,vet-fnd,avl-ins,avl-fnd,hst-ins,hst-fnd,htr-ins,htr-fnd
0.000944,0.000031,0.002470,0.000771,0.001395,0.000067,0.001612,0.000490
0.004095,0.000320,0.013865,0.009500,0.005438,0.000544,0.010511,0.005561
0.007025,0.000326,0.028483,0.010402,0.010837,0.000541,0.023200,0.006444
0.013741,0.000656,0.065114,0.029284,0.021480,0.001630,0.055882,0.019411
0.017567,0.002041,0.066210,0.086336,0.019765,0.004053,0.059875,0.060736
