vet-ins,vet-fnd,avl-ins,avl-fnd,hst-ins,hst-fnd,htr-ins,htr-fnd
0.000822,0.000030,0.002559,0.000745,0.001489,0.000067,0.001709,0.000488
0.004190,0.000335,0.013959,0.008645,0.005908,0.000538,0.010887,0.005445
0.006517,0.000279,0.030920,0.011199,0.013475,0.000698,0.027818,0.007290
0.015628,0.000801,0.068751,0.030802,0.025905,0.001569,0.063322,0.021268
0.017025,0.002010,0.061940,0.080478,0.020701,0.004069,0.053048,0.055086
