vet-ins,vet-fnd,avl-ins,avl-fnd,hst-ins,hst-fnd,htr-ins,htr-fnd
0.002112,0.000072,0.005915,0.002045,0.003137,0.000146,0.004324,0.001185
0.004277,0.000263,0.012349,0.008738,0.005388,0.000538,0.010104,0.005409
0.006336,0.000264,0.026730,0.010075,0.010696,0.000536,0.022114,0.006049
0.012835,0.000655,0.060345,0.027940,0.022770,0.001450,0.053944,0.018182
0.016296,0.002137,0.060019,0.086637,0.019303,0.004014,0.051494,0.054021
