vet-ins,vet-fnd,avl-ins,avl-fnd,hst-ins,hst-fnd,htr-ins,htr-fnd
0.000510,0.000019,0.001867,0.000654,0.000742,0.004242,0.002155,0.000709
0.002307,0.000188,0.011350,0.007796,0.004191,0.193863,0.013877,0.008627
0.004261,0.000202,0.026100,0.008822,0.007827,0.298202,0.028705,0.009484
0.008221,0.000495,0.058293,0.024318,0.013556,0.732073,0.064402,0.025527
0.007576,0.001424,0.059483,0.074510,0.014101,1.657674,0.066740,0.076341
