vet-ins,vet-fnd,avl-ins,avl-fnd,hst-ins,hst-fnd,htr-ins,htr-fnd
0.001938,0.000063,0.005350,0.001819,0.002810,0.000131,0.003869,0.001054
0.005565,0.000275,0.012872,0.009124,0.006503,0.000698,0.013337,0.005988
0.007010,0.000263,0.030331,0.010252,0.011606,0.000661,0.024105,0.007150
0.014530,0.000818,0.063745,0.029398,0.020890,0.001357,0.055892,0.021235
0.017614,0.002070,0.063749,0.085625,0.020377,0.004610,0.057341,0.055720
