vet-ins,vet-fnd,avl-ins,avl-fnd,hst-ins,hst-fnd,htr-ins,htr-fnd
0.002115,0.000071,0.005915,0.002025,0.002979,0.000134,0.004167,0.001238
0.004948,0.000262,0.014580,0.010085,0.005882,0.000628,0.011605,0.006355
0.006548,0.000263,0.028718,0.010436,0.011053,0.000535,0.024837,0.007209
0.014452,0.000775,0.067177,0.029474,0.021360,0.001437,0.056264,0.018596
0.017463,0.001970,0.066720,0.084734,0.020998,0.004297,0.053599,0.058957
