vet-ins,vet-fnd,avl-ins,avl-fnd,hst-ins,hst-fnd,htr-ins,htr-fnd
0.000526,0.000019,0.001899,0.000664,0.000798,0.003194,0.002034,0.000695
0.002421,0.000195,0.011466,0.007898,0.003696,0.144086,0.012308,0.008029
0.003978,0.000204,0.025790,0.008677,0.007240,0.223284,0.026797,0.009136
0.008222,0.000588,0.058497,0.024298,0.013117,0.548812,0.058219,0.023921
0.007482,0.001451,0.058673,0.073123,0.013201,1.660530,0.059861,0.072603
