vet-ins,vet-fnd,avl-ins,avl-fnd,hst-ins,hst-fnd,htr-ins,htr-fnd
0.001144,0.000037,0.003036,0.001048,0.001610,0.000074,0.002237,0.000604
0.005758,0.000458,0.017720,0.009892,0.006159,0.000553,0.011761,0.006596
0.007390,0.000309,0.032596,0.011698,0.012174,0.000629,0.028213,0.008030
0.014720,0.000774,0.076849,0.033593,0.023430,0.001571,0.069446,0.024959
0.020142,0.002308,0.077240,0.099481,0.021093,0.004498,0.065326,0.074759
