vet-ins,vet-fnd,avl-ins,avl-fnd,hst-ins,hst-fnd,htr-ins,htr-fnd
0.000820,0.000026,0.002214,0.000746,0.001369,0.000063,0.001937,0.000435
0.003675,0.000272,0.012878,0.008953,0.005886,0.000539,0.010462,0.005448
0.006492,0.000268,0.027095,0.010259,0.011995,0.000537,0.023285,0.006058
0.014838,0.000688,0.062118,0.025850,0.022190,0.001346,0.056499,0.018025
0.018693,0.002009,0.061459,0.080460,0.021416,0.004140,0.053185,0.054165
