vet-ins,vet-fnd,avl-ins,avl-fnd,hst-ins,hst-fnd,htr-ins,htr-fnd
0.000537,0.000019,0.001902,0.000662,0.000759,0.004190,0.002140,0.000710
0.002316,0.000232,0.011344,0.007884,0.003574,0.187208,0.012870,0.008415
0.003920,0.000201,0.025601,0.008667,0.007016,0.288956,0.028185,0.009144
0.008093,0.000487,0.058074,0.024400,0.013457,0.542583,0.059543,0.024370
0.007526,0.001417,0.058225,0.072975,0.013223,1.651902,0.060018,0.073291
