vet-ins,vet-fnd,avl-ins,avl-fnd,hst-ins,hst-fnd,htr-ins,htr-fnd
0.001207,0.000040,0.003260,0.001200,0.002160,0.000095,0.002583,0.000760
0.005705,0.000407,0.016181,0.009017,0.006023,0.000658,0.010467,0.005505
0.006500,0.000268,0.027263,0.009222,0.011581,0.000539,0.023705,0.007117
0.016878,0.000842,0.062041,0.027786,0.021754,0.001351,0.053353,0.018811
0.016551,0.002006,0.059445,0.079372,0.023787,0.004515,0.054962,0.053436
