vet-ins,vet-fnd,avl-ins,avl-fnd,hst-ins,hst-fnd,htr-ins,htr-fnd
0.000787,0.000026,0.002184,0.000757,0.001195,0.000063,0.001871,0.000437
0.003426,0.000263,0.012387,0.009162,0.005837,0.000687,0.010167,0.005454
0.006767,0.000263,0.026259,0.009317,0.010176,0.000544,0.023054,0.007140
0.014975,0.000772,0.068440,0.030510,0.023034,0.001584,0.060538,0.020728
0.018676,0.002311,0.072543,0.090937,0.021163,0.004782,0.056887,0.059227
