vet-ins,vet-fnd,avl-ins,avl-fnd,hst-ins,hst-fnd,htr-ins,htr-fnd
0.000951,0.000031,0.002613,0.000890,0.001444,0.000063,0.001949,0.000511
0.005584,0.000401,0.017546,0.010619,0.006447,0.000640,0.012199,0.006452
0.007347,0.000262,0.031632,0.011878,0.012105,0.000557,0.026592,0.006893
0.014242,0.000808,0.064893,0.029844,0.022018,0.001422,0.067610,0.024782
0.021409,0.002448,0.081867,0.094320,0.021456,0.004753,0.060373,0.061321
