vet-ins,vet-fnd,avl-ins,avl-fnd,hst-ins,hst-fnd,htr-ins,htr-fnd
0.001893,0.000070,0.005272,0.001826,0.002780,0.000135,0.003867,0.001049
0.005695,0.000262,0.013168,0.008692,0.005428,0.000545,0.010167,0.005401
0.006414,0.000262,0.025896,0.009236,0.010466,0.000545,0.022970,0.006185
0.013328,0.000656,0.072313,0.034590,0.023239,0.001595,0.070603,0.024475
0.018101,0.002167,0.063130,0.079326,0.020857,0.004084,0.055250,0.054463
