vet-ins,vet-fnd,avl-ins,avl-fnd,hst-ins,hst-fnd,htr-ins,htr-fnd
0.001033,0.000047,0.003753,0.001291,0.002026,0.000095,0.002723,0.000763
0.006092,0.000474,0.017517,0.008882,0.006785,0.000609,0.011350,0.005733
0.006888,0.000268,0.027278,0.010081,0.011968,0.000675,0.023576,0.006940
0.014968,0.000823,0.065661,0.029225,0.024985,0.001634,0.062090,0.021426
0.016944,0.002009,0.061338,0.087898,0.025125,0.004926,0.062442,0.063141
