vet-ins,vet-fnd,avl-ins,avl-fnd,hst-ins,hst-fnd,htr-ins,htr-fnd
0.001234,0.000037,0.003031,0.001047,0.001619,0.000075,0.002233,0.000599
0.004886,0.000364,0.017172,0.009089,0.005419,0.000540,0.010085,0.005498
0.006994,0.000262,0.026885,0.009318,0.010582,0.000540,0.021984,0.006084
0.012720,0.000797,0.060370,0.029013,0.019923,0.001354,0.052369,0.019107
0.018856,0.002253,0.065292,0.080139,0.019031,0.004437,0.059233,0.055987
