vet-ins,vet-fnd,avl-ins,avl-fnd,hst-ins,hst-fnd,htr-ins,htr-fnd
0.000938,0.000031,0.003249,0.001116,0.001690,0.000079,0.002373,0.000735
0.005102,0.000384,0.017613,0.010301,0.006275,0.000637,0.011985,0.006478
0.007337,0.000308,0.030911,0.011081,0.012021,0.000610,0.024925,0.007035
0.013729,0.000824,0.069657,0.031027,0.021988,0.001628,0.057925,0.020238
0.018517,0.002258,0.067830,0.091931,0.023006,0.004868,0.062989,0.061424
