vet-ins,vet-fnd,avl-ins,avl-fnd,hst-ins,hst-fnd,htr-ins,htr-fnd
0.000518,0.000020,0.001869,0.000661,0.000777,0.004218,0.002108,0.000705
0.002404,0.000197,0.011647,0.007890,0.003593,0.189628,0.013318,0.008514
0.003881,0.000204,0.025752,0.008617,0.006752,0.223658,0.030609,0.009404
0.008131,0.000489,0.059726,0.024297,0.013811,0.548043,0.060026,0.024733
0.007642,0.001636,0.063458,0.075117,0.012627,2.191898,0.061137,0.074853
