vet-ins,vet-fnd,avl-ins,avl-fnd,hst-ins,hst-fnd,htr-ins,htr-fnd
0.000825,0.000027,0.002169,0.000752,0.001257,0.000054,0.001613,0.000486
0.004034,0.000268,0.013060,0.009845,0.006322,0.000635,0.010625,0.005929
0.006535,0.000269,0.026060,0.009539,0.011587,0.000536,0.022798,0.006053
0.013452,0.000677,0.061524,0.028927,0.022983,0.001656,0.059461,0.018607
0.017035,0.002017,0.060011,0.078375,0.021036,0.004083,0.052333,0.056008
