vet-ins,vet-fnd,avl-ins,avl-fnd,hst-ins,hst-fnd,htr-ins,htr-fnd
0.001347,0.000040,0.003455,0.001142,0.001956,0.000082,0.002472,0.000726
0.005662,0.000461,0.017943,0.010586,0.007150,0.000646,0.012645,0.006686
0.007764,0.000329,0.031416,0.011053,0.013615,0.000631,0.027532,0.007443
0.014476,0.000820,0.064221,0.029295,0.025217,0.001630,0.056601,0.018122
0.016854,0.002005,0.062391,0.082468,0.022562,0.004840,0.055450,0.059612
