vet-ins,vet-fnd,avl-ins,avl-fnd,hst-ins,hst-fnd,htr-ins,htr-fnd
0.002112,0.000072,0.005919,0.002052,0.003122,0.000147,0.004293,0.001185
0.004156,0.000262,0.012378,0.008677,0.005348,0.000543,0.010065,0.005399
0.006226,0.000263,0.026198,0.009200,0.010124,0.000545,0.022459,0.006508
0.013513,0.000655,0.062969,0.026146,0.019579,0.001350,0.051535,0.017703
0.017057,0.001970,0.059406,0.083970,0.018862,0.004848,0.053757,0.053766
