vet-ins,vet-fnd,avl-ins,avl-fnd,hst-ins,hst-fnd,htr-ins,htr-fnd
0.001063,0.000045,0.003115,0.001034,0.001758,0.000075,0.002254,0.000612
0.005049,0.000371,0.017039,0.008625,0.005944,0.000633,0.010667,0.005454
0.006450,0.000268,0.025829,0.009166,0.011258,0.000539,0.023103,0.006054
0.013589,0.000704,0.060198,0.025894,0.021873,0.001355,0.058125,0.018342
0.017083,0.002015,0.063492,0.078151,0.021120,0.004089,0.052255,0.055870
