vet-ins,vet-fnd,avl-ins,avl-fnd,hst-ins,hst-fnd,htr-ins,htr-fnd
0.000524,0.000020,0.001906,0.000664,0.000798,0.003170,0.002054,0.000667
0.002364,0.000199,0.011381,0.007894,0.003673,0.149854,0.012835,0.008104
0.003977,0.000202,0.025727,0.008639,0.007306,0.224142,0.026579,0.008630
0.008221,0.000491,0.058406,0.025961,0.013954,0.564249,0.059214,0.024641
0.007518,0.001442,0.060512,0.073779,0.012677,2.254216,0.068187,0.084382
