vet-ins,vet-fnd,avl-ins,avl-fnd,hst-ins,hst-fnd,htr-ins,htr-fnd
0.000521,0.000019,0.001864,0.000674,0.000792,0.003164,0.002025,0.000672
0.002146,0.000195,0.011442,0.007865,0.003663,0.141921,0.012262,0.008078
0.004117,0.000202,0.025829,0.008810,0.007046,0.219812,0.026898,0.008594
0.008025,0.000510,0.058243,0.024539,0.013814,0.538185,0.060849,0.024605
0.007512,0.001455,0.058480,0.073382,0.013180,1.649989,0.059489,0.073030
