vet-ins,vet-fnd,avl-ins,avl-fnd,hst-ins,hst-fnd,htr-ins,htr-fnd
0.000942,0.000031,0.002417,0.000871,0.001385,0.000054,0.001710,0.000532
0.003925,0.000327,0.012774,0.009496,0.005595,0.000544,0.010058,0.005784
0.006347,0.000263,0.026521,0.009621,0.010244,0.000542,0.023407,0.006718
0.012566,0.000656,0.059574,0.027546,0.020447,0.001353,0.053319,0.018294
0.016700,0.001981,0.062559,0.081766,0.018893,0.004105,0.051728,0.054640
