vet-ins,vet-fnd,avl-ins,avl-fnd,hst-ins,hst-fnd,htr-ins,htr-fnd
0.002183,0.000073,0.005884,0.002040,0.003412,0.000147,0.004376,0.001186
0.003982,0.000315,0.013652,0.008638,0.005888,0.000539,0.010332,0.005457
0.006649,0.000267,0.026021,0.009233,0.011232,0.000539,0.023044,0.006121
0.013813,0.000789,0.061973,0.026001,0.021791,0.001347,0.052987,0.018658
0.016930,0.002009,0.062037,0.080988,0.021872,0.004065,0.053703,0.053865
