vet-ins,vet-fnd,avl-ins,avl-fnd,hst-ins,hst-fnd,htr-ins,htr-fnd
0.000529,0.000019,0.001922,0.000667,0.000757,0.004383,0.002325,0.000711
0.002308,0.000189,0.011509,0.007876,0.003550,0.187439,0.013026,0.008397
0.004077,0.000202,0.025481,0.008700,0.006613,0.290789,0.028684,0.009134
0.008100,0.000494,0.058274,0.024548,0.013042,0.729393,0.061868,0.025287
0.007518,0.001461,0.058636,0.073418,0.013188,1.666469,0.061696,0.071934
