vet-ins,vet-fnd,avl-ins,avl-fnd,hst-ins,hst-fnd,htr-ins,htr-fnd
0.000521,0.000019,0.001862,0.000665,0.000779,0.004246,0.002189,0.000707
0.002440,0.000197,0.011469,0.007931,0.003630,0.190354,0.013317,0.008520
0.004029,0.000208,0.025326,0.008615,0.007156,0.292604,0.028148,0.009110
0.008207,0.000487,0.058072,0.026448,0.013886,0.737693,0.061400,0.025279
0.007533,0.001434,0.058463,0.073406,0.013235,2.221377,0.068602,0.083018
