vet-ins,vet-fnd,avl-ins,avl-fnd,hst-ins,hst-fnd,htr-ins,htr-fnd
0.000580,0.000020,0.001922,0.000666,0.000763,0.004387,0.002123,0.000710
0.002330,0.000187,0.011382,0.007867,0.003384,0.184261,0.012963,0.008425
0.004089,0.000208,0.026070,0.008690,0.006819,0.287732,0.028722,0.009227
0.008266,0.000522,0.060825,0.025542,0.013615,0.729985,0.061774,0.025605
0.007582,0.001464,0.059879,0.074913,0.013004,2.242927,0.068394,0.079734
