vet-ins,vet-fnd,avl-ins,avl-fnd,hst-ins,hst-fnd,htr-ins,htr-fnd
0.000939,0.000031,0.002595,0.000883,0.001422,0.000054,0.001782,0.000511
0.004206,0.000267,0.013307,0.009066,0.005914,0.000539,0.010407,0.005474
0.006457,0.000272,0.025973,0.009237,0.011230,0.000543,0.022916,0.006108
0.015223,0.000715,0.065850,0.026183,0.022192,0.001349,0.054104,0.018294
0.017644,0.002310,0.060103,0.083953,0.021521,0.004277,0.053886,0.055328
