vet-ins,vet-fnd,avl-ins,avl-fnd,hst-ins,hst-fnd,htr-ins,htr-fnd
0.000960,0.000032,0.002358,0.000870,0.001515,0.000067,0.001756,0.000511
0.003868,0.000338,0.012738,0.008985,0.006452,0.000546,0.010225,0.005471
0.007198,0.000341,0.028672,0.009221,0.011539,0.000540,0.025738,0.006421
0.013113,0.000680,0.061200,0.028638,0.022571,0.001346,0.054830,0.018288
0.016589,0.002009,0.059454,0.081862,0.021094,0.004049,0.051656,0.053900
