vet-ins,vet-fnd,avl-ins,avl-fnd,hst-ins,hst-fnd,htr-ins,htr-fnd
0.000568,0.000019,0.001900,0.000685,0.000778,0.004336,0.002104,0.000710
0.002337,0.000190,0.011471,0.007855,0.003578,0.188195,0.013177,0.008418
0.004021,0.000205,0.025483,0.008640,0.006761,0.223479,0.026460,0.008785
0.008126,0.000489,0.057986,0.024286,0.013849,0.546274,0.060245,0.024604
0.007508,0.001439,0.058484,0.073625,0.012546,2.181164,0.060895,0.076027
