vet-ins,vet-fnd,avl-ins,avl-fnd,hst-ins,hst-fnd,htr-ins,htr-fnd
0.000527,0.000020,0.001880,0.000669,0.000778,0.004609,0.002311,0.000706
0.002350,0.000190,0.011475,0.007915,0.003591,0.188277,0.013372,0.008679
0.004169,0.000198,0.025890,0.008695,0.007657,0.289544,0.028633,0.009127
0.008217,0.000501,0.060979,0.025037,0.013163,0.727056,0.061089,0.024723
0.007664,0.001457,0.059281,0.073852,0.013357,1.841275,0.060872,0.072860
