vet-ins,vet-fnd,avl-ins,avl-fnd,hst-ins,hst-fnd,htr-ins,htr-fnd
0.001219,0.000039,0.003354,0.001052,0.001659,0.000075,0.002291,0.000634
0.005170,0.000387,0.017863,0.010146,0.006571,0.000632,0.012569,0.006092
0.007303,0.000314,0.032768,0.012505,0.011742,0.000633,0.029017,0.007892
0.013584,0.000655,0.060322,0.026588,0.020002,0.001353,0.056150,0.024018
0.019393,0.002327,0.080941,0.098526,0.021152,0.004733,0.052722,0.060628
