vet-ins,vet-fnd,avl-ins,avl-fnd,hst-ins,hst-fnd,htr-ins,htr-fnd
0.000567,0.000021,0.001933,0.000669,0.000824,0.003257,0.002040,0.000696
0.002446,0.000198,0.011566,0.007923,0.003712,0.143989,0.012855,0.008282
0.004044,0.000203,0.025852,0.008800,0.007179,0.223344,0.027956,0.008723
0.008121,0.000494,0.059768,0.024467,0.013012,0.549267,0.059774,0.023917
0.007487,0.001448,0.059587,0.073219,0.012601,2.182550,0.062162,0.076300
