vet-ins,vet-fnd,avl-ins,avl-fnd,hst-ins,hst-fnd,htr-ins,htr-fnd
0.001186,0.000045,0.003089,0.001040,0.001794,0.000075,0.002290,0.000608
0.005067,0.000372,0.017285,0.010449,0.006976,0.000633,0.012303,0.006513
0.007650,0.000314,0.032796,0.012110,0.013361,0.000629,0.026324,0.007707
0.014261,0.000669,0.062475,0.027550,0.022880,0.001436,0.059814,0.019584
0.018439,0.002264,0.063298,0.088464,0.023685,0.004310,0.056790,0.057425
