vet-ins,vet-fnd,avl-ins,avl-fnd,hst-ins,hst-fnd,htr-ins,htr-fnd
0.000556,0.000019,0.001905,0.000670,0.000826,0.003174,0.002052,0.000676
0.002407,0.000195,0.011482,0.008034,0.003823,0.144840,0.012653,0.008075
0.004089,0.000202,0.026520,0.009062,0.007078,0.223582,0.026462,0.008703
0.008279,0.000492,0.058332,0.024202,0.013723,0.548169,0.059727,0.025127
0.007572,0.001466,0.058676,0.073866,0.012883,1.661474,0.059606,0.072376
