vet-ins,vet-fnd,avl-ins,avl-fnd,hst-ins,hst-fnd,htr-ins,htr-fnd
0.002140,0.000079,0.005482,0.002083,0.003258,0.000135,0.004105,0.001175
0.005649,0.000268,0.012315,0.008720,0.005890,0.000539,0.010558,0.005528
0.006535,0.000267,0.026781,0.009811,0.011246,0.000542,0.025489,0.007007
0.014942,0.000697,0.066704,0.027391,0.024741,0.001347,0.054609,0.017886
0.016764,0.002011,0.059726,0.077838,0.020723,0.004065,0.052173,0.053569
