vet-ins,vet-fnd,avl-ins,avl-fnd,hst-ins,hst-fnd,htr-ins,htr-fnd
0.000803,0.000027,0.002183,0.000751,0.001166,0.000054,0.001740,0.000514
0.003936,0.000263,0.012776,0.009864,0.006368,0.000661,0.010178,0.005786
0.007109,0.000263,0.027281,0.009668,0.010196,0.000536,0.022931,0.006653
0.012699,0.000665,0.062878,0.027321,0.020374,0.001336,0.052783,0.018282
0.016619,0.001973,0.060851,0.080926,0.018922,0.004016,0.052282,0.054183
