vet-ins,vet-fnd,avl-ins,avl-fnd,hst-ins,hst-fnd,htr-ins,htr-fnd
0.000818,0.000027,0.002169,0.000747,0.001268,0.000054,0.001623,0.000436
0.003673,0.000268,0.012695,0.008629,0.005918,0.000540,0.010394,0.005434
0.006512,0.000269,0.025954,0.010251,0.012994,0.000651,0.025618,0.006335
0.013523,0.000670,0.058729,0.026057,0.022615,0.001499,0.057854,0.018396
0.016871,0.002017,0.061031,0.084431,0.022200,0.004117,0.052863,0.053423
