vet-ins,vet-fnd,avl-ins,avl-fnd,hst-ins,hst-fnd,htr-ins,htr-fnd
0.000817,0.000027,0.002242,0.000901,0.001517,0.000063,0.001947,0.000511
0.003811,0.000267,0.013382,0.009691,0.006572,0.000570,0.010932,0.005843
0.006528,0.000268,0.026228,0.009163,0.011222,0.000539,0.023739,0.007085
0.013652,0.000679,0.059996,0.026302,0.022214,0.001351,0.057864,0.018415
0.017022,0.002040,0.061315,0.080733,0.020986,0.004241,0.055731,0.056055
