vet-ins,vet-fnd,avl-ins,avl-fnd,hst-ins,hst-fnd,htr-ins,htr-fnd
0.002109,0.000067,0.005811,0.002059,0.003460,0.000135,0.004472,0.001161
0.004660,0.000267,0.012916,0.008652,0.005925,0.000541,0.010407,0.006008
0.006579,0.000268,0.026895,0.009192,0.011669,0.000540,0.022831,0.006080
0.013468,0.000669,0.059952,0.026112,0.023036,0.001433,0.055508,0.018711
0.016612,0.002010,0.061855,0.081680,0.020738,0.004060,0.052440,0.053127
