vet-ins,vet-fnd,avl-ins,avl-fnd,hst-ins,hst-fnd,htr-ins,htr-fnd
0.001974,0.000066,0.005838,0.001885,0.003056,0.000131,0.003959,0.001065
0.006102,0.000334,0.012433,0.008720,0.005925,0.000539,0.010509,0.005460
0.006649,0.000268,0.026682,0.010624,0.011826,0.000545,0.023062,0.006404
0.013228,0.000668,0.060607,0.026998,0.022569,0.001346,0.061073,0.020040
0.019939,0.002349,0.070745,0.093325,0.024705,0.004814,0.068114,0.066155
