vet-ins,vet-fnd,avl-ins,avl-fnd,hst-ins,hst-fnd,htr-ins,htr-fnd
0.000925,0.000031,0.002533,0.000883,0.001357,0.000063,0.001886,0.000513
0.004270,0.000311,0.014481,0.010270,0.006444,0.000627,0.011839,0.006353
0.007222,0.000309,0.030322,0.011421,0.011850,0.000628,0.025874,0.007059
0.014862,0.000767,0.068281,0.030428,0.023181,0.001627,0.058559,0.020094
0.016992,0.001996,0.063409,0.093312,0.021856,0.004766,0.058263,0.061071
