vet-ins,vet-fnd,avl-ins,avl-fnd,hst-ins,hst-fnd,htr-ins,htr-fnd
0.001234,0.000037,0.003020,0.001057,0.001548,0.000063,0.001961,0.000509
0.004041,0.000328,0.014213,0.009853,0.006262,0.000608,0.011112,0.005445
0.006171,0.000262,0.025993,0.009625,0.010192,0.000535,0.022028,0.006067
0.012737,0.000656,0.061410,0.026402,0.019736,0.001342,0.052577,0.018211
0.016478,0.002084,0.060608,0.079721,0.018720,0.004014,0.057472,0.060023
