vet-ins,vet-fnd,avl-ins,avl-fnd,hst-ins,hst-fnd,htr-ins,htr-fnd
0.001347,0.000046,0.003715,0.001157,0.001980,0.000095,0.002660,0.000766
0.005729,0.000440,0.017283,0.009375,0.005643,0.000542,0.010372,0.006103
0.007060,0.000316,0.028819,0.009621,0.011219,0.000546,0.023285,0.006242
0.013705,0.000656,0.062892,0.027352,0.020836,0.001337,0.055704,0.018804
0.016903,0.001971,0.064174,0.081858,0.019040,0.004044,0.052320,0.054378
