vet-ins,vet-fnd,avl-ins,avl-fnd,hst-ins,hst-fnd,htr-ins,htr-fnd
0.000547,0.000020,0.002020,0.000697,0.000830,0.003312,0.002150,0.000705
0.002309,0.000188,0.011435,0.007959,0.003584,0.139507,0.012891,0.008122
0.004053,0.000204,0.026096,0.008743,0.007025,0.219561,0.026871,0.008696
0.008016,0.000485,0.058725,0.024504,0.013807,0.547297,0.061417,0.024476
0.007586,0.001451,0.062333,0.075315,0.013769,1.654852,0.067991,0.083069
