vet-ins,vet-fnd,avl-ins,avl-fnd,hst-ins,hst-fnd,htr-ins,htr-fnd
0.001000,0.000037,0.002564,0.000892,0.001464,0.000062,0.001897,0.000435
0.004188,0.000314,0.014344,0.010259,0.006915,0.000532,0.011356,0.005787
0.006813,0.000281,0.026208,0.009137,0.011687,0.000532,0.023202,0.006052
0.014189,0.000671,0.062081,0.026530,0.022276,0.001613,0.061012,0.018798
0.017687,0.002011,0.060971,0.078588,0.020711,0.004058,0.054192,0.053979
