vet-ins,vet-fnd,avl-ins,avl-fnd,hst-ins,hst-fnd,htr-ins,htr-fnd
0.002094,0.000065,0.005788,0.001927,0.003028,0.000136,0.004228,0.001229
0.004436,0.000307,0.013063,0.008740,0.005398,0.000540,0.010003,0.005833
0.006274,0.000262,0.025756,0.009291,0.010268,0.000698,0.024624,0.006616
0.014820,0.000677,0.068629,0.027956,0.019908,0.001349,0.050807,0.017673
0.017148,0.002143,0.061299,0.083272,0.019295,0.004449,0.052293,0.055659
