vet-ins,vet-fnd,avl-ins,avl-fnd,hst-ins,hst-fnd,htr-ins,htr-fnd
0.000817,0.000027,0.002524,0.000815,0.001378,0.000063,0.001843,0.000436
0.004266,0.000315,0.014134,0.009399,0.006016,0.000630,0.010733,0.005456
0.006837,0.000269,0.026820,0.010182,0.011556,0.000538,0.023023,0.006484
0.014368,0.000789,0.061941,0.026939,0.024617,0.001560,0.059415,0.018440
0.018307,0.002191,0.065712,0.079298,0.020787,0.004144,0.054162,0.055816
