vet-ins,vet-fnd,avl-ins,avl-fnd,hst-ins,hst-fnd,htr-ins,htr-fnd
0.001983,0.000078,0.005849,0.002094,0.003065,0.000158,0.004070,0.001080
0.004620,0.000262,0.012345,0.008761,0.005415,0.000573,0.012109,0.006200
0.006748,0.000307,0.030262,0.011338,0.011058,0.000556,0.024487,0.007136
0.014324,0.000747,0.063190,0.030421,0.020586,0.001339,0.055401,0.020679
0.016389,0.001968,0.061005,0.080366,0.018617,0.004078,0.051076,0.058308
