vet-ins,vet-fnd,avl-ins,avl-fnd,hst-ins,hst-fnd,htr-ins,htr-fnd
0.002342,0.000073,0.006031,0.002028,0.003419,0.000146,0.004430,0.001187
0.004254,0.000330,0.014223,0.009741,0.006850,0.000539,0.011924,0.005852
0.007342,0.000277,0.028249,0.009801,0.012776,0.000631,0.027596,0.007736
0.014666,0.000671,0.069528,0.032288,0.025322,0.001576,0.059956,0.020439
0.018299,0.002310,0.069566,0.088679,0.022464,0.004688,0.058206,0.063702
