vet-ins,vet-fnd,avl-ins,avl-fnd,hst-ins,hst-fnd,htr-ins,htr-fnd
0.000937,0.000031,0.002581,0.000895,0.001399,0.000063,0.001947,0.000510
0.003964,0.000303,0.014419,0.010119,0.006426,0.000635,0.011926,0.006340
0.007534,0.000307,0.029842,0.010751,0.011648,0.000628,0.025065,0.007048
0.013179,0.000657,0.062796,0.028760,0.022593,0.001560,0.052878,0.018083
0.016789,0.002207,0.066754,0.082355,0.020616,0.004742,0.054988,0.055113
