vet-ins,vet-fnd,avl-ins,avl-fnd,hst-ins,hst-fnd,htr-ins,htr-fnd
0.000586,0.000020,0.001968,0.000705,0.000831,0.004491,0.002240,0.000746
0.002455,0.000194,0.011570,0.008001,0.003632,0.188803,0.012806,0.008336
0.004030,0.000206,0.025775,0.009103,0.006781,0.291748,0.028142,0.009084
0.008147,0.000491,0.058181,0.024313,0.013138,0.722795,0.061714,0.025420
0.007613,0.001480,0.058532,0.073632,0.013375,1.663587,0.058532,0.070912
