vet-ins,vet-fnd,avl-ins,avl-fnd,hst-ins,hst-fnd,htr-ins,htr-fnd
0.000964,0.000033,0.002348,0.000930,0.001159,0.000055,0.001590,0.000434
0.003559,0.000263,0.012359,0.009103,0.005420,0.000535,0.010405,0.005430
0.006332,0.000263,0.026646,0.009404,0.010506,0.000663,0.022346,0.006018
0.013113,0.000718,0.060465,0.026604,0.020221,0.001336,0.054264,0.020240
0.016799,0.002234,0.060513,0.081256,0.020563,0.004632,0.051730,0.054558
