vet-ins,vet-fnd,avl-ins,avl-fnd,hst-ins,hst-fnd,htr-ins,htr-fnd
0.000530,0.000019,0.001906,0.000655,0.000759,0.004230,0.002126,0.000703
0.002229,0.000188,0.011526,0.007859,0.003618,0.186269,0.013236,0.008362
0.004252,0.000220,0.025672,0.008692,0.006572,0.287374,0.028245,0.009116
0.008257,0.000494,0.059662,0.024626,0.013096,0.719331,0.061795,0.025985
0.008147,0.001525,0.059621,0.073313,0.012490,2.185650,0.060687,0.075453
