vet-ins,vet-fnd,avl-ins,avl-fnd,hst-ins,hst-fnd,htr-ins,htr-fnd
0.002179,0.000074,0.005999,0.002031,0.003378,0.000147,0.004444,0.001185
0.004481,0.000282,0.012911,0.009718,0.006705,0.000539,0.011130,0.005750
0.006507,0.000268,0.026844,0.009183,0.011636,0.000546,0.023307,0.006064
0.013391,0.000668,0.067036,0.026517,0.021728,0.001349,0.053642,0.017821
0.017336,0.002365,0.063350,0.082338,0.023084,0.004554,0.055261,0.055978
