vet-ins,vet-fnd,avl-ins,avl-fnd,hst-ins,hst-fnd,htr-ins,htr-fnd
0.000938,0.000033,0.002679,0.000916,0.001167,0.000054,0.001826,0.000531
0.003889,0.000281,0.014304,0.009679,0.006103,0.000667,0.011673,0.006404
0.007197,0.000286,0.030173,0.011296,0.011761,0.000627,0.023857,0.006630
0.014161,0.000779,0.069418,0.032084,0.022150,0.001338,0.054437,0.021390
0.019845,0.002310,0.074131,0.097875,0.022075,0.004795,0.063185,0.065046
