vet-ins,vet-fnd,avl-ins,avl-fnd,hst-ins,hst-fnd,htr-ins,htr-fnd
0.000530,0.000020,0.001875,0.000695,0.000793,0.003214,0.002140,0.000716
0.002357,0.000195,0.011404,0.008025,0.003609,0.187325,0.012903,0.008344
0.004035,0.000205,0.025622,0.008688,0.007163,0.297541,0.028809,0.009207
0.008323,0.000493,0.058153,0.025678,0.013721,0.734515,0.069286,0.026047
0.007663,0.001463,0.059484,0.075604,0.013754,1.679699,0.062359,0.075885
