vet-ins,vet-fnd,avl-ins,avl-fnd,hst-ins,hst-fnd,htr-ins,htr-fnd
0.000566,0.000020,0.001973,0.000712,0.000857,0.003391,0.002168,0.000706
0.002354,0.000188,0.011442,0.007932,0.003677,0.141787,0.012615,0.008064
0.004043,0.000205,0.025586,0.008686,0.007145,0.223149,0.026814,0.008656
0.008369,0.000524,0.058312,0.024518,0.013382,0.546306,0.059106,0.024071
0.007947,0.001506,0.059656,0.073644,0.013339,1.656151,0.059897,0.072716
