vet-ins,vet-fnd,avl-ins,avl-fnd,hst-ins,hst-fnd,htr-ins,htr-fnd
0.000555,0.000019,0.001864,0.000660,0.000761,0.004239,0.002119,0.000701
0.002413,0.000186,0.011342,0.007851,0.003596,0.186120,0.013170,0.008388
0.004060,0.000200,0.025687,0.008686,0.007093,0.291548,0.028148,0.009099
0.008225,0.000496,0.058226,0.024833,0.012904,0.728388,0.060633,0.025227
0.007998,0.001550,0.058540,0.074689,0.013779,1.666637,0.059040,0.072434
