vet-ins,vet-fnd,avl-ins,avl-fnd,hst-ins,hst-fnd,htr-ins,htr-fnd
0.000853,0.000031,0.003645,0.001225,0.002000,0.000079,0.002732,0.000719
0.005768,0.000384,0.016885,0.009871,0.006182,0.000661,0.011303,0.006149
0.006194,0.000263,0.025745,0.009215,0.010199,0.000545,0.022022,0.005986
0.013129,0.000657,0.063678,0.026246,0.019772,0.001338,0.052010,0.018037
0.017891,0.002214,0.062592,0.080869,0.018726,0.004390,0.055545,0.057023
