vet-ins,vet-fnd,avl-ins,avl-fnd,hst-ins,hst-fnd,htr-ins,htr-fnd
0.000792,0.000026,0.002186,0.000753,0.001157,0.000054,0.001884,0.000434
0.003749,0.000263,0.012800,0.009150,0.005404,0.000544,0.010496,0.005399
0.006262,0.000263,0.026344,0.010071,0.010207,0.000540,0.023770,0.006470
0.013971,0.000777,0.060557,0.026461,0.020041,0.001352,0.053262,0.018664
0.016994,0.002267,0.060601,0.082414,0.019445,0.004058,0.051978,0.054179
