vet-ins,vet-fnd,avl-ins,avl-fnd,hst-ins,hst-fnd,htr-ins,htr-fnd
0.000819,0.000027,0.002224,0.000750,0.001257,0.000054,0.001793,0.000538
0.003626,0.000268,0.012890,0.008693,0.005870,0.000539,0.010575,0.005459
0.006605,0.000269,0.026341,0.009212,0.011200,0.000539,0.023200,0.006039
0.013661,0.000832,0.064704,0.025672,0.021784,0.001345,0.054525,0.018026
0.017615,0.002031,0.061515,0.079895,0.021810,0.004042,0.054192,0.054671
