vet-ins,vet-fnd,avl-ins,avl-fnd,hst-ins,hst-fnd,htr-ins,htr-fnd
0.000536,0.000019,0.002056,0.000697,0.000816,0.003539,0.002135,0.000766
0.002547,0.000201,0.012443,0.009414,0.003907,0.151427,0.013017,0.008737
0.003918,0.000200,0.026972,0.009375,0.007404,0.232933,0.029028,0.009765
0.008579,0.000585,0.066951,0.026242,0.013368,0.563968,0.061869,0.025493
0.007661,0.001429,0.061805,0.077721,0.013222,1.691820,0.063058,0.076826
