vet-ins,vet-fnd,avl-ins,avl-fnd,hst-ins,hst-fnd,htr-ins,htr-fnd
0.000535,0.000020,0.001873,0.000702,0.000760,0.004226,0.002093,0.000705
0.002337,0.000187,0.011393,0.007867,0.003595,0.188139,0.012930,0.008429
0.004041,0.000206,0.025547,0.008697,0.007073,0.292120,0.028277,0.009106
0.008102,0.000487,0.058897,0.024414,0.013209,0.550758,0.061181,0.025045
0.007723,0.001483,0.059206,0.074638,0.012790,2.186256,0.061601,0.075821
