vet-ins,vet-fnd,avl-ins,avl-fnd,hst-ins,hst-fnd,htr-ins,htr-fnd
0.000791,0.000026,0.002514,0.000753,0.001157,0.000053,0.001742,0.000530
0.004033,0.000327,0.012808,0.008855,0.005618,0.000535,0.010117,0.005751
0.006518,0.000263,0.026752,0.009634,0.010652,0.000536,0.022962,0.006374
0.012683,0.000655,0.059274,0.026314,0.019906,0.001516,0.055352,0.018933
0.016438,0.001973,0.060102,0.083986,0.020089,0.004198,0.051724,0.053303
