vet-ins,vet-fnd,avl-ins,avl-fnd,hst-ins,hst-fnd,htr-ins,htr-fnd
0.001331,0.000039,0.003644,0.001147,0.001820,0.000095,0.002630,0.000734
0.005784,0.000403,0.018349,0.009722,0.006124,0.000669,0.010842,0.005854
0.006521,0.000263,0.026320,0.009580,0.010189,0.000540,0.023338,0.006478
0.013188,0.000656,0.065585,0.027805,0.020058,0.001370,0.053093,0.018070
0.017178,0.002354,0.065527,0.081710,0.019248,0.004048,0.052270,0.055282
