vet-ins,vet-fnd,avl-ins,avl-fnd,hst-ins,hst-fnd,htr-ins,htr-fnd
0.002149,0.000068,0.005734,0.001990,0.003256,0.000136,0.004216,0.001252
0.005440,0.000268,0.012514,0.008653,0.005939,0.000539,0.010355,0.005963
0.007265,0.000334,0.030575,0.009951,0.012048,0.000539,0.022968,0.006425
0.013019,0.000667,0.065851,0.025652,0.021800,0.001346,0.055957,0.018888
0.017187,0.002011,0.063993,0.083327,0.020732,0.004499,0.053062,0.053806
