vet-ins,vet-fnd,avl-ins,avl-fnd,hst-ins,hst-fnd,htr-ins,htr-fnd
0.000941,0.000031,0.002634,0.000782,0.001219,0.000064,0.001917,0.000469
0.004024,0.000307,0.013888,0.009672,0.005745,0.000562,0.010724,0.005416
0.006289,0.000263,0.027268,0.009462,0.010668,0.000586,0.022665,0.006295
0.013063,0.000659,0.060067,0.026417,0.020297,0.001348,0.053839,0.018107
0.018391,0.002198,0.066122,0.090202,0.021772,0.004868,0.059081,0.062014
