vet-ins,vet-fnd,avl-ins,avl-fnd,hst-ins,hst-fnd,htr-ins,htr-fnd
0.000546,0.000020,0.001891,0.000663,0.000812,0.003163,0.002033,0.000673
0.002371,0.000188,0.011458,0.007909,0.003709,0.142481,0.012435,0.007943
0.004016,0.000202,0.025740,0.008676,0.007207,0.223205,0.026805,0.008717
0.008135,0.000490,0.058263,0.024317,0.013185,0.732052,0.062803,0.026005
0.007478,0.001444,0.058803,0.073003,0.013207,2.211472,0.060441,0.074935
