vet-ins,vet-fnd,avl-ins,avl-fnd,hst-ins,hst-fnd,htr-ins,htr-fnd
0.000570,0.000020,0.001967,0.000700,0.000798,0.004478,0.002202,0.000744
0.002390,0.000188,0.011328,0.008026,0.003401,0.185102,0.012927,0.008352
0.004162,0.000213,0.025432,0.008657,0.006545,0.286568,0.028252,0.009091
0.008185,0.000519,0.058417,0.024320,0.013247,0.718858,0.061480,0.025123
0.007950,0.001541,0.058949,0.073530,0.012528,2.196502,0.060684,0.074928
