vet-ins,vet-fnd,avl-ins,avl-fnd,hst-ins,hst-fnd,htr-ins,htr-fnd
0.000950,0.000033,0.002268,0.000754,0.001167,0.000055,0.001891,0.000517
0.003861,0.000262,0.013603,0.010142,0.005758,0.000540,0.010627,0.005435
0.006805,0.000308,0.027448,0.009817,0.010496,0.000637,0.022702,0.006467
0.013344,0.000769,0.062661,0.028000,0.020155,0.001351,0.054833,0.019228
0.016327,0.001966,0.060658,0.083894,0.018956,0.004515,0.052291,0.054819
