vet-ins,vet-fnd,avl-ins,avl-fnd,hst-ins,hst-fnd,htr-ins,htr-fnd
0.002125,0.000067,0.005784,0.002037,0.003254,0.000136,0.004364,0.001146
0.004758,0.000268,0.012391,0.008646,0.005919,0.000542,0.010368,0.005447
0.006602,0.000268,0.025989,0.009716,0.011219,0.000539,0.023596,0.006035
0.014568,0.000680,0.062073,0.027710,0.021816,0.001352,0.054197,0.018161
0.016825,0.002299,0.059423,0.081533,0.021183,0.004044,0.053642,0.053188
