vet-ins,vet-fnd,avl-ins,avl-fnd,hst-ins,hst-fnd,htr-ins,htr-fnd
0.002181,0.000078,0.005695,0.002071,0.003327,0.000135,0.004210,0.001269
0.005043,0.000274,0.013489,0.009051,0.006237,0.000540,0.012416,0.006924
0.007177,0.000268,0.031677,0.011856,0.012960,0.000539,0.026350,0.007376
0.014423,0.000672,0.069965,0.028678,0.023783,0.001351,0.058705,0.020099
0.018102,0.002353,0.066411,0.095983,0.022381,0.004329,0.058445,0.059358
