vet-ins,vet-fnd,avl-ins,avl-fnd,hst-ins,hst-fnd,htr-ins,htr-fnd
0.000518,0.000019,0.001858,0.000701,0.000754,0.004216,0.002125,0.000735
0.002332,0.000187,0.011383,0.007879,0.003550,0.186943,0.013020,0.008373
0.004117,0.000202,0.025499,0.008657,0.007108,0.221730,0.026784,0.008743
0.008188,0.000500,0.060239,0.024661,0.013340,0.546266,0.059544,0.024438
0.007609,0.001453,0.058506,0.073368,0.012311,2.186498,0.059579,0.073913
