vet-ins,vet-fnd,avl-ins,avl-fnd,hst-ins,hst-fnd,htr-ins,htr-fnd
0.002113,0.000072,0.005966,0.002069,0.003112,0.000147,0.004324,0.001178
0.004481,0.000308,0.012977,0.009128,0.005389,0.000540,0.010095,0.005852
0.006271,0.000263,0.026553,0.009726,0.010448,0.000542,0.022937,0.006699
0.012979,0.000656,0.060880,0.026785,0.020098,0.001365,0.052226,0.018062
0.016836,0.001971,0.064860,0.082900,0.018930,0.004101,0.052433,0.054087
