vet-ins,vet-fnd,avl-ins,avl-fnd,hst-ins,hst-fnd,htr-ins,htr-fnd
0.001389,0.000047,0.003682,0.001134,0.002187,0.000081,0.002709,0.000741
0.005658,0.000400,0.016216,0.008657,0.006637,0.000655,0.010396,0.005442
0.006508,0.000268,0.027134,0.009226,0.011233,0.000541,0.022692,0.006084
0.013105,0.000668,0.059698,0.025745,0.021786,0.001349,0.052875,0.018237
0.016934,0.002048,0.059694,0.078101,0.020730,0.004050,0.058510,0.053334
