vet-ins,vet-fnd,avl-ins,avl-fnd,hst-ins,hst-fnd,htr-ins,htr-fnd
0.000522,0.000019,0.001859,0.000663,0.000803,0.003316,0.002127,0.000703
0.002380,0.000199,0.011340,0.007846,0.003658,0.141981,0.012407,0.007987
0.004041,0.000200,0.025546,0.008758,0.007110,0.222566,0.026794,0.008983
0.008274,0.000508,0.058990,0.024328,0.013739,0.545890,0.060036,0.024241
0.007930,0.001506,0.060523,0.073739,0.013105,1.650105,0.060045,0.072820
