vet-ins,vet-fnd,avl-ins,avl-fnd,hst-ins,hst-fnd,htr-ins,htr-fnd
0.000998,0.000035,0.002332,0.000873,0.001472,0.000054,0.001863,0.000544
0.003710,0.000280,0.012505,0.008780,0.006670,0.000538,0.011201,0.005467
0.006748,0.000269,0.026778,0.009191,0.011245,0.000544,0.023155,0.006816
0.014911,0.000786,0.066267,0.026749,0.021793,0.001347,0.055268,0.017871
0.016549,0.002018,0.059638,0.078099,0.020737,0.004108,0.053235,0.053164
