vet-ins,vet-fnd,avl-ins,avl-fnd,hst-ins,hst-fnd,htr-ins,htr-fnd
0.000550,0.000020,0.001883,0.000668,0.000862,0.003218,0.002074,0.000671
0.002393,0.000192,0.011463,0.008282,0.003767,0.143542,0.012811,0.008166
0.003995,0.000205,0.026306,0.008851,0.006901,0.223777,0.026688,0.008642
0.008212,0.000487,0.058821,0.024682,0.014206,0.551951,0.062429,0.025138
0.007512,0.001454,0.059505,0.074327,0.012601,2.179031,0.062486,0.075865
