vet-ins,vet-fnd,avl-ins,avl-fnd,hst-ins,hst-fnd,htr-ins,htr-fnd
0.002146,0.000080,0.005806,0.002030,0.003237,0.000135,0.004321,0.001161
0.005769,0.000334,0.014059,0.009435,0.006505,0.000621,0.012073,0.006502
0.007389,0.000313,0.030272,0.010997,0.012646,0.000633,0.026357,0.007349
0.015327,0.000670,0.066407,0.027883,0.025202,0.001667,0.064465,0.020817
0.018405,0.002338,0.062911,0.083447,0.022284,0.004049,0.056475,0.055884
