vet-ins,vet-fnd,avl-ins,avl-fnd,hst-ins,hst-fnd,htr-ins,htr-fnd
0.000527,0.000019,0.001928,0.000683,0.000790,0.004273,0.002102,0.000709
0.002499,0.000212,0.013029,0.008398,0.004645,0.199699,0.014193,0.009037
0.004043,0.000202,0.025800,0.008637,0.006618,0.301459,0.033459,0.010887
0.008338,0.000497,0.067122,0.027929,0.013768,0.742196,0.068349,0.028556
0.008125,0.001487,0.065843,0.080595,0.012992,2.261946,0.062518,0.076446
