vet-ins,vet-fnd,avl-ins,avl-fnd,hst-ins,hst-fnd,htr-ins,htr-fnd
0.000526,0.000019,0.001875,0.000691,0.000763,0.004334,0.002123,0.000731
0.002345,0.000189,0.011467,0.007910,0.003582,0.189294,0.013424,0.008542
0.004123,0.000205,0.026093,0.008831,0.007042,0.290480,0.028289,0.009048
0.008292,0.000519,0.058785,0.024412,0.013374,0.733566,0.062132,0.025835
0.007649,0.001421,0.059389,0.074313,0.013070,2.176846,0.065441,0.079363
