vet-ins,vet-fnd,avl-ins,avl-fnd,hst-ins,hst-fnd,htr-ins,htr-fnd
0.002135,0.000089,0.005950,0.002070,0.003145,0.000146,0.004344,0.001174
0.004545,0.000262,0.014407,0.009084,0.005833,0.000630,0.010166,0.005381
0.007436,0.000262,0.026551,0.009185,0.010584,0.000536,0.023762,0.007608
0.012871,0.000655,0.060082,0.026450,0.020325,0.001429,0.056660,0.018773
0.016836,0.002000,0.064092,0.080391,0.019262,0.004427,0.054166,0.055476
