vet-ins,vet-fnd,avl-ins,avl-fnd,hst-ins,hst-fnd,htr-ins,htr-fnd
0.000857,0.000029,0.002446,0.000751,0.001334,0.000063,0.002645,0.000647
0.005198,0.000393,0.018142,0.008727,0.006456,0.000536,0.010036,0.005733
0.007245,0.000336,0.028403,0.009686,0.010213,0.000537,0.022397,0.006415
0.012968,0.000666,0.060919,0.026664,0.020104,0.001596,0.053357,0.019634
0.016467,0.002317,0.059973,0.084708,0.020257,0.004020,0.051684,0.054944
