vet-ins,vet-fnd,avl-ins,avl-fnd,hst-ins,hst-fnd,htr-ins,htr-fnd
0.000945,0.000034,0.002358,0.000758,0.001165,0.000056,0.001718,0.000510
0.003790,0.000267,0.012752,0.009110,0.005430,0.000550,0.010562,0.005397
0.006870,0.000314,0.026520,0.009305,0.011896,0.000546,0.022764,0.006559
0.013572,0.000711,0.062494,0.031605,0.021924,0.001384,0.052511,0.017786
0.016573,0.002013,0.060371,0.080408,0.019114,0.004200,0.055508,0.062427
