vet-ins,vet-fnd,avl-ins,avl-fnd,hst-ins,hst-fnd,htr-ins,htr-fnd
0.001114,0.000047,0.003706,0.001210,0.002021,0.000095,0.002643,0.000662
0.005793,0.000437,0.017753,0.010389,0.006918,0.000632,0.012329,0.006543
0.007769,0.000314,0.032349,0.011932,0.013251,0.000632,0.028138,0.007841
0.015455,0.000783,0.080278,0.032564,0.026040,0.001581,0.071679,0.022461
0.020307,0.002406,0.072793,0.093977,0.022892,0.004617,0.060458,0.064236
