vet-ins,vet-fnd,avl-ins,avl-fnd,hst-ins,hst-fnd,htr-ins,htr-fnd
0.000812,0.000031,0.002615,0.000893,0.001338,0.000055,0.001830,0.000560
0.003797,0.000263,0.013137,0.008804,0.006145,0.000583,0.011578,0.006233
0.007192,0.000264,0.027263,0.009936,0.010554,0.000542,0.022616,0.006397
0.013371,0.000701,0.067032,0.031008,0.022436,0.001637,0.062526,0.021903
0.017878,0.002055,0.068261,0.092270,0.020382,0.004607,0.056635,0.057447
