vet-ins,vet-fnd,avl-ins,avl-fnd,hst-ins,hst-fnd,htr-ins,htr-fnd
0.000544,0.000019,0.001869,0.000695,0.000812,0.003169,0.002046,0.000667
0.002361,0.000187,0.011478,0.007985,0.003473,0.138823,0.012398,0.007965
0.004090,0.000203,0.026025,0.008739,0.007381,0.225141,0.026871,0.008640
0.008236,0.000519,0.059470,0.024504,0.013995,0.549847,0.059376,0.024176
0.007775,0.001426,0.058484,0.074432,0.013039,1.678095,0.060562,0.071474
