vet-ins,vet-fnd,avl-ins,avl-fnd,hst-ins,hst-fnd,htr-ins,htr-fnd
0.000910,0.000031,0.002576,0.000887,0.001392,0.000068,0.001802,0.000508
0.003636,0.000307,0.013708,0.009922,0.006219,0.000656,0.011636,0.006094
0.006799,0.000263,0.028542,0.010328,0.011060,0.000611,0.024607,0.007128
0.014125,0.000767,0.066003,0.027223,0.020229,0.001414,0.053543,0.018459
0.018359,0.001968,0.060847,0.080683,0.019008,0.004046,0.053540,0.054315
