vet-ins,vet-fnd,avl-ins,avl-fnd,hst-ins,hst-fnd,htr-ins,htr-fnd
0.000818,0.000026,0.002200,0.000848,0.001506,0.000067,0.001730,0.000507
0.004404,0.000314,0.014126,0.008634,0.006327,0.000540,0.010771,0.005791
0.006696,0.000276,0.029883,0.009491,0.011915,0.000539,0.025682,0.006856
0.014132,0.000801,0.062467,0.028369,0.022120,0.001347,0.055205,0.018067
0.016761,0.002382,0.064230,0.084084,0.023137,0.004053,0.055390,0.058285
