vet-ins,vet-fnd,avl-ins,avl-fnd,hst-ins,hst-fnd,htr-ins,htr-fnd
0.002120,0.000083,0.005782,0.001984,0.003198,0.000135,0.004260,0.001232
0.005152,0.000268,0.014220,0.009784,0.006649,0.000630,0.011618,0.005720
0.006456,0.000268,0.026492,0.009182,0.011235,0.000537,0.023378,0.006077
0.013327,0.000670,0.064852,0.026427,0.021862,0.001342,0.053756,0.018452
0.016990,0.002192,0.060131,0.078319,0.021293,0.004527,0.053911,0.052912
