vet-ins,vet-fnd,avl-ins,avl-fnd,hst-ins,hst-fnd,htr-ins,htr-fnd
0.002140,0.000068,0.005711,0.002012,0.003244,0.000135,0.004241,0.001233
0.005306,0.000281,0.012725,0.008668,0.005880,0.000540,0.010361,0.005440
0.006513,0.000282,0.026148,0.009143,0.011229,0.000541,0.023125,0.006393
0.013207,0.000677,0.058794,0.025364,0.021756,0.001446,0.060515,0.018161
0.016529,0.002015,0.060355,0.083938,0.020720,0.004047,0.052543,0.055089
