vet-ins,vet-fnd,avl-ins,avl-fnd,hst-ins,hst-fnd,htr-ins,htr-fnd
0.002189,0.000079,0.005799,0.002028,0.003430,0.000135,0.004329,0.001180
0.004656,0.000267,0.012772,0.008949,0.005876,0.000542,0.010486,0.005456
0.006631,0.000268,0.026576,0.011676,0.012244,0.000540,0.025019,0.006918
0.013539,0.000668,0.058935,0.026108,0.022967,0.001348,0.054506,0.017797
0.016542,0.002004,0.062538,0.079047,0.020753,0.004047,0.053999,0.060442
