vet-ins,vet-fnd,avl-ins,avl-fnd,hst-ins,hst-fnd,htr-ins,htr-fnd
0.002249,0.000077,0.006349,0.002199,0.003330,0.000159,0.004632,0.001267
0.004379,0.000307,0.014539,0.010209,0.006306,0.000639,0.011889,0.006415
0.007243,0.000308,0.030449,0.010796,0.011879,0.000634,0.025933,0.007053
0.014893,0.000768,0.068843,0.030285,0.022198,0.001462,0.058588,0.020001
0.018830,0.002356,0.070204,0.092548,0.021830,0.004779,0.059563,0.061869
