vet-ins,vet-fnd,avl-ins,avl-fnd,hst-ins,hst-fnd,htr-ins,htr-fnd
0.000586,0.000021,0.002000,0.000704,0.000869,0.003245,0.002175,0.000664
0.002387,0.000188,0.011463,0.007977,0.003673,0.187014,0.013459,0.008472
0.004101,0.000200,0.025647,0.008863,0.006639,0.289398,0.028359,0.009054
0.008172,0.000494,0.058811,0.024483,0.013230,0.723955,0.061459,0.025265
0.007659,0.001460,0.059082,0.074076,0.013097,1.663961,0.059777,0.072639
