vet-ins,vet-fnd,avl-ins,avl-fnd,hst-ins,hst-fnd,htr-ins,htr-fnd
0.000521,0.000019,0.001851,0.000661,0.000791,0.004193,0.002134,0.000700
0.002344,0.000188,0.011343,0.007897,0.003574,0.185931,0.013468,0.008704
0.004139,0.000203,0.026356,0.008663,0.007052,0.287825,0.028423,0.009077
0.008468,0.000519,0.062013,0.026202,0.013548,0.727666,0.066271,0.025802
0.007680,0.001437,0.059493,0.075053,0.012894,2.195286,0.062389,0.075670
