vet-ins,vet-fnd,avl-ins,avl-fnd,hst-ins,hst-fnd,htr-ins,htr-fnd
0.002116,0.000072,0.005968,0.002048,0.003152,0.000147,0.004353,0.001182
0.004626,0.000312,0.014391,0.009674,0.005769,0.000548,0.010599,0.005977
0.007336,0.000307,0.030752,0.011068,0.011529,0.000679,0.025042,0.006914
0.014103,0.000776,0.063785,0.027797,0.020987,0.001641,0.054712,0.017776
0.016567,0.001965,0.059445,0.085466,0.020318,0.004412,0.054091,0.057632
