vet-ins,vet-fnd,avl-ins,avl-fnd,hst-ins,hst-fnd,htr-ins,htr-fnd
0.000534,0.000020,0.001892,0.000694,0.000790,0.003170,0.002066,0.000672
0.002345,0.000189,0.011393,0.007982,0.003517,0.139409,0.012493,0.008073
0.004063,0.000205,0.025704,0.008750,0.007295,0.222840,0.026742,0.008770
0.008115,0.000505,0.058578,0.024341,0.013537,0.551872,0.059943,0.027131
0.008185,0.001630,0.067855,0.085677,0.013907,1.690179,0.062037,0.071525
