vet-ins,vet-fnd,avl-ins,avl-fnd,hst-ins,hst-fnd,htr-ins,htr-fnd
0.000844,0.000027,0.002563,0.000899,0.001372,0.000078,0.001892,0.000543
0.004041,0.000346,0.014119,0.010280,0.006373,0.000627,0.011660,0.006029
0.006673,0.000322,0.026717,0.009638,0.010596,0.000639,0.022694,0.006027
0.012764,0.000774,0.060035,0.027462,0.023611,0.001575,0.060869,0.021095
0.017169,0.001967,0.061718,0.087274,0.020192,0.004200,0.056422,0.059273
