vet-ins,vet-fnd,avl-ins,avl-fnd,hst-ins,hst-fnd,htr-ins,htr-fnd
0.000554,0.000020,0.001912,0.000712,0.000770,0.004257,0.002091,0.000742
0.002373,0.000191,0.011457,0.007936,0.003625,0.187590,0.013288,0.008520
0.004064,0.000240,0.025541,0.008590,0.007198,0.290166,0.028237,0.009192
0.008111,0.000489,0.059643,0.024282,0.012786,0.726700,0.061407,0.024964
0.007602,0.001427,0.057242,0.072529,0.013644,1.649349,0.065899,0.074493
