vet-ins,vet-fnd,avl-ins,avl-fnd,hst-ins,hst-fnd,htr-ins,htr-fnd
0.000800,0.000027,0.002148,0.000793,0.001349,0.000064,0.001755,0.000435
0.003432,0.000263,0.012657,0.009148,0.005800,0.000540,0.010017,0.005423
0.006433,0.000262,0.026049,0.009264,0.010526,0.000541,0.022381,0.006273
0.013143,0.000657,0.060374,0.026676,0.020750,0.001359,0.055993,0.018322
0.016851,0.001966,0.060527,0.083206,0.019352,0.004166,0.052163,0.054376
