vet-ins,vet-fnd,avl-ins,avl-fnd,hst-ins,hst-fnd,htr-ins,htr-fnd
0.002188,0.000073,0.006035,0.002049,0.003481,0.000147,0.004747,0.001513
0.004056,0.000268,0.012687,0.008768,0.005899,0.000540,0.010963,0.005457
0.006612,0.000268,0.026167,0.009702,0.011255,0.000539,0.022823,0.006070
0.013166,0.000673,0.058536,0.025512,0.022425,0.001348,0.053328,0.019436
0.016615,0.002005,0.059901,0.086211,0.020774,0.004059,0.053650,0.053326
