vet-ins,vet-fnd,avl-ins,avl-fnd,hst-ins,hst-fnd,htr-ins,htr-fnd
0.000560,0.000024,0.001963,0.000663,0.000791,0.003186,0.002054,0.000693
0.002335,0.000189,0.011410,0.007916,0.003604,0.141835,0.012561,0.008004
0.003992,0.000200,0.025778,0.008735,0.006680,0.227160,0.027556,0.008576
0.008052,0.000512,0.058553,0.024472,0.013005,0.725367,0.062064,0.025276
0.007537,0.001478,0.057140,0.072245,0.012721,2.196513,0.061806,0.074836
