vet-ins,vet-fnd,avl-ins,avl-fnd,hst-ins,hst-fnd,htr-ins,htr-fnd
0.000821,0.000027,0.002182,0.000748,0.001350,0.000063,0.001846,0.000436
0.003530,0.000268,0.012418,0.008692,0.005883,0.000543,0.010277,0.005452
0.006616,0.000269,0.028783,0.010332,0.012338,0.000539,0.022615,0.006070
0.013126,0.000704,0.060780,0.026267,0.021790,0.001364,0.053396,0.017854
0.018562,0.002265,0.061381,0.080222,0.020732,0.004064,0.053562,0.055647
