vet-ins,vet-fnd,avl-ins,avl-fnd,hst-ins,hst-fnd,htr-ins,htr-fnd
0.000701,0.000025,0.002432,0.000809,0.001057,0.003933,0.002595,0.000824
0.003114,0.000246,0.014189,0.009378,0.004871,0.154656,0.012704,0.008031
0.003989,0.000222,0.026015,0.008779,0.007206,0.223044,0.026544,0.008618
0.008232,0.000511,0.058552,0.024779,0.013492,0.546633,0.060323,0.024192
0.007937,0.001523,0.059098,0.073570,0.012300,2.240125,0.078386,0.089979
