vet-ins,vet-fnd,avl-ins,avl-fnd,hst-ins,hst-fnd,htr-ins,htr-fnd
0.002106,0.000071,0.005860,0.002044,0.003118,0.000148,0.004277,0.001180
0.004448,0.000263,0.012281,0.008721,0.005386,0.000544,0.009995,0.005709
0.006283,0.000263,0.028578,0.009251,0.010899,0.000600,0.025234,0.006742
0.012771,0.000655,0.059048,0.026657,0.019861,0.001348,0.051753,0.019383
0.016300,0.001971,0.060077,0.080122,0.019260,0.004066,0.052576,0.057102
