vet-ins,vet-fnd,avl-ins,avl-fnd,hst-ins,hst-fnd,htr-ins,htr-fnd
0.000600,0.000019,0.001872,0.000670,0.000783,0.004279,0.002136,0.000707
0.002476,0.000199,0.011610,0.007973,0.003682,0.189486,0.013194,0.008592
0.004129,0.000199,0.025464,0.008695,0.007080,0.291915,0.028734,0.009242
0.008458,0.000502,0.059168,0.024405,0.013833,0.545818,0.059986,0.024480
0.007647,0.001469,0.059567,0.073680,0.012715,1.639230,0.059790,0.072497
