vet-ins,vet-fnd,avl-ins,avl-fnd,hst-ins,hst-fnd,htr-ins,htr-fnd
0.000936,0.000031,0.002554,0.000887,0.001353,0.000063,0.001894,0.000506
0.003996,0.000307,0.014506,0.010260,0.006279,0.000639,0.011884,0.006312
0.007158,0.000308,0.030621,0.011018,0.011331,0.000537,0.023633,0.005981
0.013015,0.000655,0.060329,0.026528,0.020029,0.001347,0.053309,0.018258
0.017242,0.001967,0.062776,0.087763,0.021135,0.004321,0.053099,0.055046
