vet-ins,vet-fnd,avl-ins,avl-fnd,hst-ins,hst-fnd,htr-ins,htr-fnd
0.002205,0.000079,0.005643,0.002077,0.003338,0.000135,0.004161,0.001144
0.004696,0.000313,0.012569,0.008963,0.006251,0.000675,0.010246,0.005452
0.006459,0.000268,0.026274,0.009490,0.011199,0.000539,0.022895,0.006069
0.013276,0.000669,0.061175,0.026199,0.022402,0.001347,0.053828,0.017799
0.016955,0.002008,0.059038,0.078423,0.020777,0.004709,0.054529,0.053288
