vet-ins,vet-fnd,avl-ins,avl-fnd,hst-ins,hst-fnd,htr-ins,htr-fnd
0.000587,0.000021,0.001974,0.000707,0.000858,0.003375,0.002150,0.000708
0.002443,0.000197,0.011635,0.008170,0.003770,0.142940,0.012253,0.008033
0.004013,0.000198,0.025792,0.008710,0.007065,0.222456,0.026704,0.008593
0.008185,0.000488,0.061083,0.024394,0.013466,0.547357,0.059927,0.024207
0.007646,0.001438,0.058767,0.072783,0.013218,1.669992,0.061695,0.074492
