vet-ins,vet-fnd,avl-ins,avl-fnd,hst-ins,hst-fnd,htr-ins,htr-fnd
0.000531,0.000019,0.001895,0.000663,0.000791,0.003179,0.002189,0.000798
0.002373,0.000208,0.011433,0.008037,0.003689,0.145353,0.012891,0.008219
0.004010,0.000203,0.025532,0.008735,0.007282,0.224452,0.026705,0.008707
0.008200,0.000493,0.057882,0.024385,0.013381,0.548018,0.059956,0.024519
0.007880,0.001522,0.058355,0.073697,0.012367,2.184833,0.060773,0.077411
