vet-ins,vet-fnd,avl-ins,avl-fnd,hst-ins,hst-fnd,htr-ins,htr-fnd
0.000528,0.000020,0.001900,0.000667,0.000795,0.003177,0.002055,0.000671
0.002375,0.000196,0.011485,0.007954,0.003710,0.144778,0.013351,0.008317
0.004169,0.000211,0.026731,0.009088,0.007371,0.223915,0.026768,0.008615
0.008217,0.000490,0.058844,0.024433,0.012736,0.729613,0.061006,0.024892
0.007877,0.001505,0.059809,0.073175,0.012968,2.182787,0.060724,0.074311
