vet-ins,vet-fnd,avl-ins,avl-fnd,hst-ins,hst-fnd,htr-ins,htr-fnd
0.000552,0.000020,0.002185,0.000674,0.000875,0.003554,0.002148,0.000781
0.002565,0.000232,0.012542,0.009075,0.004131,0.151743,0.013307,0.009216
0.004080,0.000204,0.028172,0.009295,0.007176,0.227442,0.027748,0.008923
0.008972,0.000582,0.063692,0.027110,0.014500,0.558892,0.068536,0.025000
0.007995,0.001492,0.064420,0.092813,0.014900,1.703721,0.059541,0.073586
