vet-ins,vet-fnd,avl-ins,avl-fnd,hst-ins,hst-fnd,htr-ins,htr-fnd
0.000822,0.000026,0.002200,0.000751,0.001267,0.000054,0.001635,0.000510
0.004075,0.000334,0.014001,0.009717,0.006647,0.000542,0.010714,0.005435
0.006403,0.000268,0.027610,0.010366,0.011496,0.000539,0.024128,0.006054
0.013593,0.000670,0.059909,0.026221,0.021894,0.001361,0.054133,0.018030
0.017176,0.002012,0.065144,0.086817,0.023999,0.004766,0.065186,0.061292
