vet-ins,vet-fnd,avl-ins,avl-fnd,hst-ins,hst-fnd,htr-ins,htr-fnd
0.000592,0.000021,0.001959,0.000702,0.000862,0.003305,0.002142,0.000705
0.002170,0.000188,0.011393,0.007910,0.003742,0.141901,0.012815,0.008295
0.004152,0.000205,0.025834,0.008748,0.006722,0.220110,0.026873,0.008598
0.008151,0.000513,0.059317,0.024254,0.013633,0.538427,0.060755,0.024921
0.007988,0.001504,0.060524,0.073328,0.013112,1.650939,0.058481,0.072322
