vet-ins,vet-fnd,avl-ins,avl-fnd,hst-ins,hst-fnd,htr-ins,htr-fnd
0.000931,0.000026,0.002301,0.000881,0.001400,0.000053,0.001901,0.000514
0.004172,0.000273,0.012391,0.008960,0.006255,0.000537,0.010398,0.005448
0.006497,0.000269,0.026025,0.009493,0.011310,0.000537,0.023232,0.006075
0.013324,0.000835,0.060014,0.028295,0.022834,0.001534,0.053223,0.018150
0.017442,0.002108,0.064922,0.081370,0.021118,0.004031,0.053268,0.054140
