vet-ins,vet-fnd,avl-ins,avl-fnd,hst-ins,hst-fnd,htr-ins,htr-fnd
0.001928,0.000072,0.005605,0.002012,0.002899,0.000134,0.003939,0.001080
0.006352,0.000286,0.012510,0.009065,0.005709,0.000536,0.010133,0.005396
0.007024,0.000263,0.025943,0.011087,0.010723,0.000537,0.022639,0.005989
0.013963,0.000664,0.059385,0.028553,0.021721,0.001340,0.055686,0.018800
0.016409,0.001969,0.059959,0.084138,0.018949,0.004027,0.051468,0.053962
