vet-ins,vet-fnd,avl-ins,avl-fnd,hst-ins,hst-fnd,htr-ins,htr-fnd
0.000933,0.000031,0.003587,0.001193,0.002095,0.000079,0.002753,0.000688
0.006065,0.000495,0.017104,0.009091,0.005891,0.000538,0.010356,0.005467
0.006644,0.000268,0.026305,0.010262,0.012978,0.000540,0.025728,0.006813
0.013659,0.000674,0.059102,0.026637,0.022461,0.001366,0.057674,0.019486
0.016877,0.002116,0.065167,0.083878,0.021673,0.004263,0.052402,0.053921
