vet-ins,vet-fnd,avl-ins,avl-fnd,hst-ins,hst-fnd,htr-ins,htr-fnd
0.002187,0.000067,0.005940,0.002003,0.003253,0.000158,0.004385,0.001085
0.004370,0.000272,0.012479,0.008642,0.005891,0.000540,0.010853,0.005441
0.007606,0.000319,0.029977,0.009816,0.011701,0.000542,0.023447,0.006085
0.013023,0.000778,0.062875,0.025999,0.022241,0.001347,0.055117,0.018187
0.016687,0.002009,0.059604,0.078293,0.020687,0.004112,0.053966,0.052861
