vet-ins,vet-fnd,avl-ins,avl-fnd,hst-ins,hst-fnd,htr-ins,htr-fnd
0.000907,0.000032,0.002539,0.000771,0.001475,0.000064,0.002019,0.000512
0.004227,0.000268,0.012917,0.008688,0.005899,0.000538,0.010454,0.005454
0.006515,0.000268,0.026210,0.009188,0.011264,0.000548,0.023020,0.006033
0.013087,0.000668,0.059824,0.025683,0.021762,0.001347,0.053306,0.018021
0.018731,0.002283,0.061182,0.081365,0.021089,0.004090,0.052866,0.056746
