vet-ins,vet-fnd,avl-ins,avl-fnd,hst-ins,hst-fnd,htr-ins,htr-fnd
0.000532,0.000019,0.001912,0.000664,0.000899,0.004673,0.002160,0.000741
0.002739,0.000199,0.012933,0.009062,0.004038,0.195404,0.014167,0.008782
0.004218,0.000203,0.032445,0.009721,0.008575,0.293273,0.029471,0.010045
0.008499,0.000508,0.064247,0.026919,0.013246,0.736012,0.062006,0.025616
0.007856,0.001441,0.059680,0.074146,0.013260,2.198445,0.062458,0.077474
