vet-ins,vet-fnd,avl-ins,avl-fnd,hst-ins,hst-fnd,htr-ins,htr-fnd
0.002118,0.000072,0.005956,0.002059,0.003120,0.000146,0.004327,0.001183
0.004601,0.000327,0.013741,0.010124,0.006019,0.000591,0.011954,0.005967
0.006347,0.000263,0.026648,0.009290,0.010491,0.000559,0.022576,0.006024
0.013581,0.000656,0.061358,0.028816,0.019962,0.001337,0.053480,0.018115
0.018735,0.002226,0.068694,0.080334,0.019234,0.004064,0.052822,0.054398
