vet-ins,vet-fnd,avl-ins,avl-fnd,hst-ins,hst-fnd,htr-ins,htr-fnd
0.000802,0.000026,0.002963,0.001047,0.001604,0.000075,0.002221,0.000601
0.004926,0.000364,0.017234,0.009636,0.005912,0.000664,0.010760,0.005602
0.006840,0.000268,0.028818,0.010890,0.011479,0.000664,0.024342,0.006068
0.013934,0.000788,0.064264,0.026805,0.020736,0.001567,0.058875,0.020040
0.017562,0.002020,0.063994,0.095381,0.021921,0.004783,0.067678,0.069823
