vet-ins,vet-fnd,avl-ins,avl-fnd,hst-ins,hst-fnd,htr-ins,htr-fnd
0.001358,0.000046,0.003733,0.001214,0.001924,0.000094,0.002687,0.000768
0.005500,0.000461,0.017187,0.009665,0.005996,0.000628,0.010795,0.005850
0.006293,0.000266,0.025847,0.009287,0.010551,0.000543,0.022089,0.005987
0.012843,0.000656,0.063386,0.026441,0.019822,0.001338,0.051431,0.017675
0.016346,0.002300,0.064477,0.085177,0.018862,0.004033,0.051784,0.055657
