vet-ins,vet-fnd,avl-ins,avl-fnd,hst-ins,hst-fnd,htr-ins,htr-fnd
0.000574,0.000021,0.001969,0.000696,0.000803,0.004378,0.002101,0.000698
0.002351,0.000187,0.011319,0.007858,0.003409,0.184025,0.013221,0.008381
0.004093,0.000207,0.025405,0.008808,0.006859,0.286404,0.028210,0.009088
0.008017,0.000501,0.058621,0.024204,0.012955,0.731065,0.061082,0.024961
0.007573,0.001451,0.057420,0.072069,0.013499,1.647615,0.059969,0.073817
