vet-ins,vet-fnd,avl-ins,avl-fnd,hst-ins,hst-fnd,htr-ins,htr-fnd
0.002138,0.000067,0.005870,0.001967,0.003541,0.000158,0.004263,0.001075
0.005015,0.000318,0.014526,0.009755,0.006697,0.000632,0.011856,0.006526
0.007417,0.000299,0.028914,0.010202,0.011895,0.000538,0.024991,0.006410
0.014440,0.000669,0.068145,0.028630,0.022801,0.001353,0.055108,0.019083
0.018653,0.002365,0.067857,0.084192,0.021935,0.004047,0.055381,0.054181
