vet-ins,vet-fnd,avl-ins,avl-fnd,hst-ins,hst-fnd,htr-ins,htr-fnd
0.002262,0.000067,0.005840,0.001881,0.003385,0.000159,0.004324,0.001080
0.004646,0.000267,0.013123,0.008728,0.006051,0.000645,0.010481,0.005435
0.006658,0.000268,0.026503,0.009129,0.011228,0.000539,0.022788,0.006027
0.013117,0.000669,0.058697,0.025470,0.021766,0.001348,0.054185,0.017787
0.016584,0.002012,0.060137,0.082952,0.021313,0.004040,0.052592,0.053177
