vet-ins,vet-fnd,avl-ins,avl-fnd,hst-ins,hst-fnd,htr-ins,htr-fnd
0.000791,0.000026,0.002168,0.000756,0.001156,0.000053,0.001805,0.000544
0.004205,0.000327,0.012410,0.009187,0.005386,0.000545,0.010066,0.005759
0.006990,0.000275,0.028510,0.010336,0.010587,0.000628,0.022941,0.006012
0.012695,0.000656,0.059126,0.026829,0.020035,0.001547,0.054799,0.018330
0.016547,0.002001,0.063707,0.088929,0.019255,0.004016,0.052704,0.054798
