vet-ins,vet-fnd,avl-ins,avl-fnd,hst-ins,hst-fnd,htr-ins,htr-fnd
0.000520,0.000019,0.001886,0.000656,0.000792,0.003179,0.002034,0.000687
0.002331,0.000189,0.011453,0.007873,0.003686,0.142100,0.012750,0.008031
0.004033,0.000206,0.025730,0.008693,0.007125,0.223092,0.026764,0.008812
0.008126,0.000487,0.058570,0.024269,0.013691,0.549968,0.060500,0.025120
0.007799,0.001437,0.059084,0.073511,0.013094,1.652594,0.060801,0.072196
