vet-ins,vet-fnd,avl-ins,avl-fnd,hst-ins,hst-fnd,htr-ins,htr-fnd
0.002007,0.000077,0.005903,0.002021,0.003091,0.000145,0.004144,0.001127
0.004106,0.000262,0.012742,0.008730,0.005737,0.000541,0.010118,0.005565
0.006654,0.000262,0.026642,0.009657,0.010269,0.000546,0.022564,0.006200
0.013669,0.000767,0.063875,0.026982,0.020153,0.001351,0.053263,0.018425
0.017293,0.002341,0.062857,0.080831,0.020390,0.004196,0.055603,0.055868
