vet-ins,vet-fnd,avl-ins,avl-fnd,hst-ins,hst-fnd,htr-ins,htr-fnd
0.000835,0.000027,0.003012,0.001040,0.001744,0.000075,0.002272,0.000603
0.005026,0.000373,0.016993,0.009850,0.006578,0.000597,0.011968,0.006402
0.006752,0.000286,0.027853,0.009164,0.012268,0.000628,0.024371,0.006660
0.013469,0.000682,0.061783,0.026079,0.023629,0.001360,0.056889,0.019173
0.017360,0.002263,0.065708,0.084185,0.023990,0.004283,0.057336,0.057091
