vet-ins,vet-fnd,avl-ins,avl-fnd,hst-ins,hst-fnd,htr-ins,htr-fnd
0.002324,0.000080,0.005917,0.001984,0.003249,0.000158,0.004282,0.001080
0.004799,0.000313,0.013496,0.008637,0.005893,0.000540,0.010996,0.005777
0.006504,0.000268,0.026194,0.009177,0.011578,0.000539,0.022903,0.006073
0.014664,0.000668,0.063727,0.025662,0.022004,0.001347,0.059401,0.020131
0.018430,0.002168,0.061320,0.078219,0.021527,0.004053,0.053691,0.055707
