vet-ins,vet-fnd,avl-ins,avl-fnd,hst-ins,hst-fnd,htr-ins,htr-fnd
0.001152,0.000038,0.003042,0.001038,0.001751,0.000075,0.002269,0.000601
0.005239,0.000377,0.016873,0.010248,0.006767,0.000633,0.011753,0.006231
0.006918,0.000268,0.031286,0.010757,0.012637,0.000538,0.026200,0.006714
0.014878,0.000784,0.075337,0.030362,0.025224,0.001455,0.062301,0.021363
0.018695,0.002260,0.069803,0.088541,0.022723,0.004891,0.060569,0.060770
