vet-ins,vet-fnd,avl-ins,avl-fnd,hst-ins,hst-fnd,htr-ins,htr-fnd
0.000919,0.000031,0.002583,0.000891,0.001307,0.000054,0.001751,0.000509
0.005576,0.000393,0.018278,0.008717,0.005716,0.000542,0.010084,0.005466
0.006645,0.000263,0.026275,0.009410,0.010713,0.000679,0.022778,0.006031
0.013135,0.000655,0.059596,0.026289,0.020874,0.001349,0.053133,0.018289
0.018252,0.002366,0.066420,0.080566,0.019927,0.004892,0.053114,0.056232
