vet-ins,vet-fnd,avl-ins,avl-fnd,hst-ins,hst-fnd,htr-ins,htr-fnd
0.000799,0.000026,0.002168,0.000751,0.001337,0.000062,0.001825,0.000436
0.003910,0.000307,0.014103,0.010939,0.006073,0.000652,0.011507,0.006083
0.007431,0.000307,0.031020,0.011119,0.011883,0.000631,0.026240,0.007184
0.014810,0.000767,0.071336,0.031616,0.023219,0.001599,0.064205,0.022803
0.020027,0.002428,0.074646,0.098853,0.021345,0.004020,0.054939,0.062985
