vet-ins,vet-fnd,avl-ins,avl-fnd,hst-ins,hst-fnd,htr-ins,htr-fnd
0.000525,0.000019,0.001888,0.000664,0.000795,0.003149,0.002051,0.000669
0.002338,0.000188,0.011514,0.008164,0.003721,0.142505,0.012651,0.008098
0.004022,0.000202,0.026889,0.008800,0.007127,0.221744,0.027006,0.008736
0.008163,0.000493,0.059282,0.025028,0.012728,0.728128,0.062154,0.025100
0.007628,0.001430,0.059802,0.076792,0.013634,1.655063,0.058031,0.071618
