vet-ins,vet-fnd,avl-ins,avl-fnd,hst-ins,hst-fnd,htr-ins,htr-fnd
0.001148,0.000038,0.003062,0.001037,0.001756,0.000075,0.002276,0.000611
0.005094,0.000371,0.017855,0.010304,0.007122,0.000637,0.012377,0.006547
0.007788,0.000314,0.030784,0.010607,0.012514,0.000620,0.026488,0.007203
0.015453,0.000797,0.073318,0.031519,0.025060,0.001466,0.062466,0.021634
0.020443,0.002393,0.073058,0.086129,0.020794,0.004369,0.054320,0.063968
