vet-ins,vet-fnd,avl-ins,avl-fnd,hst-ins,hst-fnd,htr-ins,htr-fnd
0.000793,0.000027,0.002166,0.000753,0.001164,0.000055,0.001746,0.000542
0.003783,0.000263,0.012596,0.009031,0.005422,0.000542,0.010420,0.005747
0.006340,0.000263,0.025822,0.010763,0.012018,0.000552,0.024983,0.006601
0.013028,0.000657,0.060414,0.027996,0.020916,0.001355,0.053088,0.018226
0.016729,0.001978,0.060796,0.080717,0.018995,0.004097,0.054447,0.058297
