vet-ins,vet-fnd,avl-ins,avl-fnd,hst-ins,hst-fnd,htr-ins,htr-fnd
0.001161,0.000044,0.003132,0.001074,0.001614,0.000075,0.002285,0.000605
0.005004,0.000370,0.017322,0.010988,0.006623,0.000635,0.012158,0.006800
0.007231,0.000343,0.032267,0.010805,0.011817,0.000545,0.023544,0.006955
0.015135,0.000781,0.071621,0.031413,0.022738,0.001597,0.065148,0.025409
0.017796,0.002252,0.066954,0.094543,0.020640,0.004372,0.054963,0.061393
