vet-ins,vet-fnd,avl-ins,avl-fnd,hst-ins,hst-fnd,htr-ins,htr-fnd
0.001200,0.000044,0.003065,0.001143,0.001820,0.000082,0.002071,0.000542
0.003990,0.000323,0.013694,0.009581,0.005595,0.000652,0.010472,0.005407
0.006297,0.000269,0.025989,0.009248,0.010664,0.000547,0.022039,0.005990
0.012717,0.000663,0.059543,0.027013,0.020090,0.001364,0.053190,0.019722
0.017051,0.002545,0.075204,0.095785,0.022718,0.004909,0.056914,0.055614
