vet-ins,vet-fnd,avl-ins,avl-fnd,hst-ins,hst-fnd,htr-ins,htr-fnd
0.000959,0.000033,0.002476,0.000878,0.001436,0.000054,0.001807,0.000545
0.004149,0.000268,0.014429,0.009972,0.006777,0.000653,0.011471,0.006185
0.006919,0.000314,0.027444,0.010399,0.013257,0.000564,0.026845,0.007515
0.014604,0.000668,0.063587,0.029211,0.024091,0.001439,0.057010,0.018882
0.017926,0.002142,0.068187,0.085207,0.024354,0.004471,0.056094,0.063194
