vet-ins,vet-fnd,avl-ins,avl-fnd,hst-ins,hst-fnd,htr-ins,htr-fnd
0.000954,0.000032,0.002431,0.000876,0.001453,0.000054,0.001779,0.000544
0.003796,0.000268,0.012728,0.008665,0.006058,0.000662,0.010524,0.005455
0.006700,0.000267,0.026835,0.009185,0.011261,0.000538,0.023682,0.006041
0.013897,0.000668,0.061714,0.026543,0.022146,0.001357,0.056673,0.018082
0.016952,0.002006,0.060070,0.080920,0.020752,0.004055,0.053385,0.053450
