vet-ins,vet-fnd,avl-ins,avl-fnd,hst-ins,hst-fnd,htr-ins,htr-fnd
0.000909,0.000032,0.002499,0.000851,0.001503,0.000054,0.001772,0.000510
0.004262,0.000321,0.014246,0.009109,0.006818,0.000646,0.010588,0.005454
0.006522,0.000267,0.026276,0.009633,0.011807,0.000542,0.024966,0.007279
0.013162,0.000668,0.059582,0.026770,0.024479,0.001353,0.056676,0.018211
0.017281,0.002007,0.061827,0.079369,0.021178,0.004045,0.053956,0.055993
