vet-ins,vet-fnd,avl-ins,avl-fnd,hst-ins,hst-fnd,htr-ins,htr-fnd
0.002190,0.000075,0.006002,0.002036,0.002093,0.000064,0.001926,0.000510
0.004082,0.000314,0.014132,0.009042,0.005896,0.000540,0.010311,0.005452
0.006571,0.000268,0.026161,0.009140,0.011252,0.000540,0.022898,0.006036
0.013410,0.000679,0.061777,0.026023,0.021757,0.001353,0.052636,0.019578
0.016956,0.002080,0.061504,0.078262,0.020707,0.004049,0.052003,0.052796
