vet-ins,vet-fnd,avl-ins,avl-fnd,hst-ins,hst-fnd,htr-ins,htr-fnd
0.001913,0.000066,0.005505,0.001881,0.002856,0.000156,0.004059,0.001086
0.005134,0.000326,0.012641,0.008698,0.005408,0.000539,0.010416,0.005734
0.006555,0.000263,0.027649,0.009259,0.010911,0.000536,0.022948,0.006020
0.013052,0.000655,0.058492,0.025939,0.020172,0.001349,0.052296,0.018017
0.017148,0.001973,0.064641,0.080622,0.018612,0.004019,0.051529,0.054956
