vet-ins,vet-fnd,avl-ins,avl-fnd,hst-ins,hst-fnd,htr-ins,htr-fnd
0.000520,0.000019,0.001860,0.000686,0.000788,0.003070,0.002039,0.000673
0.002356,0.000187,0.011819,0.008030,0.003676,0.141220,0.012474,0.008070
0.003927,0.000204,0.025709,0.008663,0.007026,0.221396,0.026526,0.008856
0.008067,0.000492,0.060758,0.024178,0.013754,0.540479,0.060008,0.024627
0.007937,0.001530,0.059402,0.073372,0.012782,2.152139,0.061149,0.076417
