vet-ins,vet-fnd,avl-ins,avl-fnd,hst-ins,hst-fnd,htr-ins,htr-fnd
0.000587,0.000020,0.001909,0.000675,0.000831,0.003304,0.002127,0.000717
0.002365,0.000194,0.011606,0.007947,0.003693,0.144738,0.012685,0.008267
0.004046,0.000198,0.027205,0.009128,0.007373,0.225883,0.027456,0.009136
0.008215,0.000487,0.064342,0.026985,0.014002,0.555522,0.062054,0.025203
0.007599,0.001437,0.061016,0.075518,0.012403,2.228350,0.065464,0.076127
