vet-ins,vet-fnd,avl-ins,avl-fnd,hst-ins,hst-fnd,htr-ins,htr-fnd
0.000522,0.000019,0.001866,0.000689,0.000791,0.003135,0.002030,0.000669
0.002394,0.000187,0.011289,0.007898,0.003612,0.141537,0.012228,0.007991
0.004117,0.000244,0.026005,0.008768,0.007098,0.223483,0.026724,0.008591
0.008181,0.000496,0.059962,0.025269,0.012907,0.744850,0.068288,0.027913
0.008043,0.001458,0.065100,0.080493,0.013212,1.670384,0.058434,0.071612
