vet-ins,vet-fnd,avl-ins,avl-fnd,hst-ins,hst-fnd,htr-ins,htr-fnd
0.002115,0.000071,0.005902,0.002055,0.003146,0.000146,0.004310,0.001182
0.004110,0.000312,0.013247,0.009512,0.005380,0.000536,0.010094,0.005775
0.006405,0.000265,0.026419,0.012452,0.011553,0.000664,0.025514,0.006706
0.013693,0.000698,0.062639,0.026502,0.020058,0.001341,0.052895,0.018210
0.017100,0.001965,0.060803,0.080143,0.019244,0.004022,0.050737,0.054081
