vet-ins,vet-fnd,avl-ins,avl-fnd,hst-ins,hst-fnd,htr-ins,htr-fnd
0.001935,0.000065,0.005781,0.001938,0.002915,0.000149,0.004560,0.001073
0.004443,0.000262,0.012679,0.008727,0.005961,0.000549,0.010527,0.005390
0.006565,0.000262,0.026774,0.009257,0.010549,0.000535,0.024865,0.006767
0.013284,0.000657,0.059969,0.027280,0.020934,0.001632,0.054321,0.018881
0.016779,0.001977,0.061139,0.086088,0.019543,0.004580,0.051735,0.054117
