vet-ins,vet-fnd,avl-ins,avl-fnd,hst-ins,hst-fnd,htr-ins,htr-fnd
0.002115,0.000072,0.005906,0.002051,0.003125,0.000147,0.004317,0.001188
0.004182,0.000273,0.013443,0.009885,0.005710,0.000540,0.011097,0.006214
0.007234,0.000262,0.030729,0.011256,0.011870,0.000635,0.024232,0.006050
0.013197,0.000663,0.062751,0.029013,0.021148,0.001353,0.053712,0.017944
0.016760,0.002023,0.063794,0.080203,0.019211,0.004112,0.051381,0.060182
