vet-ins,vet-fnd,avl-ins,avl-fnd,hst-ins,hst-fnd,htr-ins,htr-fnd
0.000556,0.000021,0.001986,0.000702,0.000836,0.003349,0.002117,0.000705
0.002170,0.000192,0.011573,0.007984,0.003670,0.142661,0.012668,0.008062
0.004081,0.000204,0.026342,0.008840,0.006678,0.287891,0.027493,0.009083
0.008030,0.000488,0.059266,0.024435,0.012804,0.719975,0.061110,0.025238
0.007574,0.001437,0.058572,0.073036,0.013487,1.646613,0.059136,0.073970
