vet-ins,vet-fnd,avl-ins,avl-fnd,hst-ins,hst-fnd,htr-ins,htr-fnd
0.000579,0.000021,0.001971,0.000673,0.000777,0.004313,0.002148,0.000714
0.002178,0.000188,0.011347,0.007855,0.003654,0.187886,0.013282,0.008479
0.004133,0.000202,0.025816,0.008891,0.006860,0.287314,0.028406,0.009184
0.008023,0.000491,0.058303,0.024352,0.012770,0.717530,0.060673,0.024987
0.007533,0.001447,0.057480,0.072964,0.012959,2.163450,0.062800,0.077030
