vet-ins,vet-fnd,avl-ins,avl-fnd,hst-ins,hst-fnd,htr-ins,htr-fnd
0.002186,0.000073,0.006005,0.002028,0.003411,0.000147,0.004374,0.001194
0.004553,0.000329,0.013729,0.009434,0.006479,0.000630,0.010912,0.006010
0.007273,0.000307,0.028813,0.009191,0.011234,0.000539,0.022677,0.006062
0.013767,0.000668,0.061145,0.026180,0.022204,0.001345,0.053595,0.018474
0.018369,0.002141,0.062843,0.085877,0.023871,0.004763,0.055267,0.059022
