vet-ins,vet-fnd,avl-ins,avl-fnd,hst-ins,hst-fnd,htr-ins,htr-fnd
0.000823,0.000028,0.002565,0.000776,0.001405,0.000063,0.001801,0.000452
0.004052,0.000319,0.013531,0.008975,0.006187,0.000546,0.010389,0.005879
0.006540,0.000268,0.027347,0.010703,0.012189,0.000539,0.024289,0.006099
0.013129,0.000676,0.061046,0.027369,0.022765,0.001352,0.055489,0.019371
0.016934,0.002006,0.060573,0.078239,0.021062,0.004078,0.053350,0.053897
