vet-ins,vet-fnd,btr-ins,btr-fnd,hst-ins,hst-fnd,htr-ins,htr-fnd
0.002117,0.000065,0.005644,0.001763,0.002786,0.000132,0.003857,0.001071
0.006924,0.000331,0.013384,0.008458,0.005392,0.000545,0.012115,0.006160
0.007793,0.000273,0.029036,0.008970,0.011851,0.000696,0.025515,0.006487
0.014002,0.000669,0.065995,0.025317,0.019979,0.001364,0.050860,0.017629
0.017434,0.002008,0.065009,0.076908,0.018782,0.004084,0.050346,0.056223
