vet-ins,vet-fnd,avl-ins,avl-fnd,hst-ins,hst-fnd,htr-ins,htr-fnd
0.000980,0.000032,0.003485,0.001304,0.002079,0.000079,0.002730,0.000644
0.005031,0.000379,0.016542,0.009758,0.006249,0.000645,0.012022,0.006452
0.007138,0.000290,0.029650,0.010831,0.011210,0.000537,0.024500,0.007343
0.013565,0.000671,0.063793,0.028355,0.023362,0.001392,0.057371,0.024412
0.018820,0.002016,0.065885,0.086568,0.023881,0.004553,0.068363,0.060726
