vet-ins,vet-fnd,avl-ins,avl-fnd,hst-ins,hst-fnd,htr-ins,htr-fnd
0.002099,0.000072,0.005872,0.002041,0.003124,0.000148,0.004294,0.001177
0.004371,0.000262,0.012672,0.008704,0.005368,0.000546,0.010514,0.005395
0.006153,0.000263,0.026571,0.009687,0.010523,0.000540,0.022270,0.005985
0.013062,0.000655,0.060063,0.029706,0.021875,0.001351,0.052907,0.018453
0.017125,0.002365,0.062616,0.080340,0.018990,0.004228,0.053600,0.059259
