vet-ins,vet-fnd,avl-ins,avl-fnd,hst-ins,hst-fnd,htr-ins,htr-fnd
0.000574,0.000021,0.001980,0.000708,0.000869,0.003388,0.002140,0.000706
0.002481,0.000204,0.011765,0.007970,0.003573,0.142334,0.013300,0.008211
0.004292,0.000201,0.025620,0.008633,0.006990,0.219470,0.026656,0.008941
0.008089,0.000491,0.059051,0.025950,0.013509,0.554277,0.061880,0.024700
0.007718,0.001425,0.059199,0.072879,0.012967,1.667912,0.063552,0.071566
