vet-ins,vet-fnd,avl-ins,avl-fnd,hst-ins,hst-fnd,htr-ins,htr-fnd
0.001337,0.000046,0.003702,0.001306,0.002154,0.000094,0.002663,0.000761
0.006047,0.000470,0.017057,0.008673,0.006095,0.000685,0.010680,0.005485
0.006503,0.000267,0.026481,0.009175,0.011271,0.000540,0.023472,0.006074
0.013087,0.000679,0.062452,0.027257,0.022691,0.001495,0.053953,0.018223
0.016979,0.002011,0.065482,0.080175,0.021059,0.004074,0.056844,0.056478
