vet-ins,vet-fnd,avl-ins,avl-fnd,hst-ins,hst-fnd,htr-ins,htr-fnd
0.000958,0.000032,0.002548,0.000876,0.001478,0.000063,0.001896,0.000509
0.004295,0.000313,0.014508,0.010144,0.006868,0.000632,0.012101,0.006390
0.007448,0.000314,0.030517,0.010862,0.013246,0.000653,0.026954,0.007227
0.014603,0.000787,0.065946,0.030106,0.025323,0.001579,0.061154,0.020559
0.019272,0.002346,0.068450,0.087788,0.024632,0.004742,0.060924,0.061729
