vet-ins,vet-fnd,avl-ins,avl-fnd,hst-ins,hst-fnd,htr-ins,htr-fnd
0.000539,0.000019,0.001881,0.000667,0.000794,0.003120,0.002050,0.000665
0.002314,0.000188,0.011289,0.007885,0.003687,0.142339,0.012375,0.007980
0.003897,0.000202,0.025694,0.008693,0.007108,0.222365,0.026921,0.008618
0.008098,0.000489,0.058169,0.024359,0.013841,0.546437,0.060510,0.024373
0.007548,0.001418,0.058886,0.073041,0.013256,1.661563,0.060580,0.072758
