vet-ins,vet-fnd,avl-ins,avl-fnd,hst-ins,hst-fnd,htr-ins,htr-fnd
0.002181,0.000077,0.006251,0.001933,0.003203,0.000158,0.004353,0.001184
0.004268,0.000317,0.014483,0.010119,0.006273,0.000633,0.011785,0.006275
0.007066,0.000328,0.029786,0.010831,0.011435,0.000594,0.024999,0.007469
0.014556,0.000785,0.070913,0.031033,0.023055,0.001654,0.061209,0.021134
0.018726,0.002302,0.071819,0.094002,0.021352,0.004809,0.057702,0.060715
