vet-ins,vet-fnd,avl-ins,avl-fnd,hst-ins,hst-fnd,htr-ins,htr-fnd
0.000547,0.000020,0.001962,0.000692,0.000833,0.003289,0.002168,0.000702
0.002325,0.000198,0.011448,0.007832,0.003632,0.142462,0.012336,0.007917
0.003892,0.000204,0.026157,0.008884,0.007047,0.219384,0.026777,0.008580
0.008070,0.000494,0.058443,0.024224,0.013612,0.539370,0.060161,0.024226
0.007548,0.001453,0.058864,0.072436,0.012208,2.156196,0.061209,0.074711
