vet-ins,vet-fnd,avl-ins,avl-fnd,hst-ins,hst-fnd,htr-ins,htr-fnd
0.000901,0.000027,0.002370,0.000913,0.001347,0.000064,0.001910,0.000436
0.003971,0.000287,0.013833,0.008878,0.005913,0.000540,0.010627,0.005435
0.006511,0.000273,0.025918,0.010328,0.012719,0.000608,0.023726,0.006362
0.013342,0.000668,0.058702,0.025535,0.022122,0.001347,0.053821,0.017788
0.016887,0.002011,0.060573,0.079826,0.020733,0.004054,0.052479,0.057045
