vet-ins,vet-fnd,avl-ins,avl-fnd,hst-ins,hst-fnd,htr-ins,htr-fnd
0.000538,0.000019,0.001928,0.000762,0.000842,0.004414,0.002203,0.000809
0.002593,0.000199,0.012075,0.008342,0.003569,0.189670,0.013929,0.009008
0.004156,0.000209,0.027530,0.009281,0.007484,0.299530,0.029386,0.009815
0.008385,0.000498,0.062716,0.027707,0.014378,0.744232,0.063065,0.026715
0.007676,0.001436,0.057877,0.074312,0.013545,1.653836,0.059791,0.074879
