vet-ins,vet-fnd,avl-ins,avl-fnd,hst-ins,hst-fnd,htr-ins,htr-fnd
0.000797,0.000027,0.002194,0.000750,0.001165,0.000054,0.001675,0.000509
0.003742,0.000262,0.012406,0.008736,0.005387,0.000535,0.010101,0.005424
0.006400,0.000266,0.025933,0.009211,0.010188,0.000537,0.022712,0.006012
0.013438,0.000656,0.060022,0.026360,0.020244,0.001365,0.054462,0.018093
0.016523,0.002070,0.069782,0.101801,0.022031,0.004775,0.065811,0.068025
