vet-ins,vet-fnd,avl-ins,avl-fnd,hst-ins,hst-fnd,htr-ins,htr-fnd
0.000552,0.000020,0.001893,0.000670,0.000773,0.004217,0.002115,0.000705
0.002335,0.000190,0.011437,0.007898,0.003423,0.185311,0.013345,0.008446
0.004159,0.000208,0.026321,0.008918,0.006520,0.287083,0.028459,0.009088
0.008252,0.000501,0.058862,0.024282,0.013720,0.540753,0.060030,0.024679
0.007963,0.001520,0.059908,0.073790,0.012528,2.168177,0.062909,0.075562
