vet-ins,vet-fnd,avl-ins,avl-fnd,hst-ins,hst-fnd,htr-ins,htr-fnd
0.001319,0.000047,0.003679,0.001126,0.001991,0.000095,0.002588,0.000772
0.005816,0.000421,0.016394,0.008701,0.006005,0.000540,0.011302,0.005759
0.006425,0.000262,0.026520,0.009665,0.010240,0.000543,0.022547,0.006276
0.012712,0.000656,0.062704,0.028009,0.020078,0.001352,0.052522,0.019021
0.016603,0.001976,0.060388,0.082264,0.019624,0.004081,0.052069,0.054971
