vet-ins,vet-fnd,avl-ins,avl-fnd,hst-ins,hst-fnd,htr-ins,htr-fnd
0.002092,0.000066,0.005949,0.001939,0.003023,0.000135,0.004142,0.001259
0.004613,0.000308,0.012711,0.009089,0.005395,0.000540,0.010113,0.005863
0.007015,0.000263,0.026718,0.009886,0.010202,0.000540,0.023743,0.006146
0.013591,0.000774,0.063069,0.027058,0.020522,0.001374,0.054349,0.018832
0.016963,0.002217,0.061057,0.082282,0.021350,0.004722,0.052544,0.055914
