vet-ins,vet-fnd,avl-ins,avl-fnd,hst-ins,hst-fnd,htr-ins,htr-fnd
0.002184,0.000077,0.005894,0.002047,0.003395,0.000146,0.004342,0.001180
0.004371,0.000313,0.014373,0.009752,0.005905,0.000538,0.010780,0.005811
0.006602,0.000268,0.026701,0.009210,0.011247,0.000539,0.022907,0.007321
0.013814,0.000786,0.060449,0.025802,0.021823,0.001346,0.055201,0.018521
0.016596,0.002011,0.059378,0.079594,0.021091,0.004039,0.056027,0.052924
