vet-ins,vet-fnd,avl-ins,avl-fnd,hst-ins,hst-fnd,htr-ins,htr-fnd
0.002308,0.000079,0.006250,0.002174,0.003661,0.000158,0.004559,0.001268
0.004572,0.000315,0.014616,0.009889,0.006941,0.000638,0.012327,0.006332
0.007362,0.000314,0.031868,0.011591,0.013188,0.000634,0.026563,0.007350
0.015049,0.000786,0.065286,0.028241,0.023088,0.001343,0.058079,0.019787
0.018485,0.002014,0.064328,0.089398,0.023442,0.004708,0.060701,0.059437
