vet-ins,vet-fnd,avl-ins,avl-fnd,hst-ins,hst-fnd,htr-ins,htr-fnd
0.000523,0.000019,0.001884,0.000676,0.000792,0.003147,0.002044,0.000669
0.002387,0.000188,0.011378,0.007890,0.003678,0.142223,0.012818,0.008096
0.003911,0.000198,0.025748,0.008766,0.007069,0.221403,0.026684,0.008667
0.008157,0.000490,0.058371,0.024374,0.013641,0.542949,0.060036,0.025155
0.007572,0.001452,0.058690,0.073832,0.012905,1.664537,0.059412,0.072413
