vet-ins,vet-fnd,avl-ins,avl-fnd,hst-ins,hst-fnd,htr-ins,htr-fnd
0.000556,0.000020,0.001915,0.000670,0.000820,0.003287,0.002068,0.000674
0.002362,0.000188,0.011689,0.008512,0.003699,0.140853,0.013337,0.008555
0.004113,0.000208,0.026188,0.008723,0.007394,0.224516,0.026763,0.008680
0.007979,0.000490,0.058646,0.024426,0.013570,0.551204,0.061802,0.025842
0.007719,0.001449,0.059254,0.073631,0.013267,1.667263,0.063172,0.074456
