vet-ins,vet-fnd,avl-ins,avl-fnd,hst-ins,hst-fnd,htr-ins,htr-fnd
0.002150,0.000071,0.005895,0.002070,0.003129,0.000146,0.004281,0.001180
0.004120,0.000262,0.012527,0.008821,0.005391,0.000535,0.010067,0.005422
0.006362,0.000268,0.027353,0.009738,0.010490,0.000598,0.022723,0.006050
0.014546,0.000738,0.066252,0.027027,0.019958,0.001340,0.052506,0.018186
0.016458,0.001973,0.061844,0.084528,0.019190,0.004089,0.052055,0.053458
