vet-ins,vet-fnd,avl-ins,avl-fnd,hst-ins,hst-fnd,htr-ins,htr-fnd
0.002116,0.000072,0.005919,0.002042,0.003134,0.000147,0.004338,0.001203
0.004540,0.000263,0.012364,0.009170,0.005396,0.000539,0.010127,0.005850
0.006383,0.000262,0.026684,0.009898,0.010847,0.000542,0.023242,0.006816
0.012751,0.000767,0.062837,0.026778,0.020029,0.001361,0.057105,0.019530
0.018160,0.002339,0.062794,0.081114,0.019449,0.004160,0.055014,0.055314
