vet-ins,vet-fnd,avl-ins,avl-fnd,hst-ins,hst-fnd,htr-ins,htr-fnd
0.000554,0.000019,0.001920,0.000669,0.000823,0.003261,0.002056,0.000666
0.002224,0.000198,0.011711,0.007964,0.003740,0.145629,0.013484,0.008260
0.004304,0.000225,0.027276,0.009334,0.007203,0.223106,0.027000,0.008792
0.008103,0.000498,0.058334,0.024312,0.012965,0.539383,0.059660,0.023773
0.007994,0.001540,0.058913,0.073751,0.013183,1.659900,0.060485,0.073144
