vet-ins,vet-fnd,avl-ins,avl-fnd,hst-ins,hst-fnd,htr-ins,htr-fnd
0.001394,0.000040,0.003698,0.001147,0.002035,0.000080,0.002766,0.000683
0.005853,0.000475,0.018206,0.009291,0.006361,0.000540,0.010413,0.005882
0.006758,0.000269,0.026207,0.009182,0.011575,0.000540,0.022905,0.006072
0.014538,0.000739,0.060292,0.026030,0.021733,0.001347,0.057815,0.019697
0.016526,0.002005,0.060325,0.078276,0.020691,0.004354,0.052677,0.052972
