vet-ins,vet-fnd,avl-ins,avl-fnd,hst-ins,hst-fnd,htr-ins,htr-fnd
0.000580,0.000020,0.001968,0.000718,0.000822,0.003219,0.002028,0.000672
0.002449,0.000196,0.011867,0.008240,0.003867,0.145133,0.013130,0.008274
0.004041,0.000205,0.025640,0.008731,0.007076,0.222773,0.026649,0.008812
0.008155,0.000510,0.058435,0.024651,0.013750,0.544100,0.060667,0.024310
0.007595,0.001459,0.058395,0.074455,0.013105,1.645952,0.059367,0.072913
