vet-ins,vet-fnd,avl-ins,avl-fnd,hst-ins,hst-fnd,htr-ins,htr-fnd
0.000924,0.000031,0.002419,0.000916,0.001266,0.000055,0.001830,0.000517
0.004070,0.000262,0.012992,0.009486,0.005417,0.000541,0.010530,0.005396
0.006771,0.000263,0.026727,0.009716,0.010304,0.000633,0.022852,0.006010
0.013063,0.000795,0.060249,0.027599,0.021619,0.001358,0.053735,0.018115
0.017938,0.002096,0.064950,0.083085,0.019313,0.004123,0.052859,0.055395
