vet-ins,vet-fnd,avl-ins,avl-fnd,hst-ins,hst-fnd,htr-ins,htr-fnd
0.002105,0.000079,0.005947,0.002129,0.003003,0.000143,0.004363,0.001268
0.004515,0.000308,0.013051,0.008795,0.005375,0.000535,0.010223,0.005808
0.006540,0.000263,0.026054,0.009466,0.010450,0.000628,0.023272,0.006031
0.015793,0.000675,0.061422,0.026492,0.020038,0.001337,0.053951,0.018706
0.016657,0.001981,0.063434,0.083219,0.021103,0.004205,0.054780,0.058055
