vet-ins,vet-fnd,avl-ins,avl-fnd,hst-ins,hst-fnd,htr-ins,htr-fnd
0.000820,0.000027,0.002957,0.001219,0.002049,0.000094,0.002555,0.000651
0.006004,0.000490,0.018713,0.009394,0.006358,0.000538,0.010525,0.005847
0.006502,0.000276,0.026330,0.009174,0.011288,0.000540,0.023017,0.006053
0.013090,0.000670,0.062604,0.027416,0.021778,0.001347,0.053881,0.018380
0.017014,0.002052,0.062951,0.079103,0.020717,0.004034,0.059844,0.057806
