vet-ins,vet-fnd,avl-ins,avl-fnd,hst-ins,hst-fnd,htr-ins,htr-fnd
0.000527,0.000020,0.001901,0.000662,0.000791,0.003225,0.002051,0.000669
0.002312,0.000187,0.011400,0.007844,0.003666,0.142024,0.012641,0.008100
0.004025,0.000202,0.025556,0.008885,0.007230,0.224049,0.026633,0.008685
0.008221,0.000493,0.058807,0.024343,0.013416,0.547280,0.058868,0.024069
0.007735,0.001467,0.059218,0.073366,0.013403,1.669854,0.060391,0.072356
