vet-ins,vet-fnd,avl-ins,avl-fnd,hst-ins,hst-fnd,htr-ins,htr-fnd
0.001358,0.000046,0.003573,0.001298,0.001924,0.000095,0.002547,0.000758
0.005883,0.000451,0.016184,0.009023,0.005396,0.000536,0.010230,0.005695
0.006268,0.000273,0.026294,0.009624,0.010229,0.000548,0.022567,0.006398
0.012778,0.000657,0.062229,0.029187,0.021904,0.001364,0.054655,0.018582
0.016986,0.002270,0.063281,0.084226,0.019026,0.004043,0.052239,0.055956
