vet-ins,vet-fnd,avl-ins,avl-fnd,hst-ins,hst-fnd,htr-ins,htr-fnd
0.002132,0.000073,0.005328,0.001843,0.002781,0.000131,0.003819,0.001055
0.005056,0.000307,0.014734,0.010496,0.006395,0.000633,0.012108,0.006625
0.007620,0.000307,0.030972,0.011110,0.011855,0.000673,0.026708,0.007546
0.014706,0.000656,0.069100,0.032501,0.022595,0.001659,0.060080,0.020412
0.017738,0.002138,0.067838,0.085847,0.020664,0.004257,0.063097,0.068042
