vet-ins,vet-fnd,avl-ins,avl-fnd,hst-ins,hst-fnd,htr-ins,htr-fnd
0.002077,0.000068,0.005991,0.002000,0.003324,0.000158,0.004275,0.001082
0.004821,0.000314,0.013069,0.009420,0.006965,0.000636,0.011888,0.006395
0.007554,0.000336,0.027966,0.009593,0.011622,0.000539,0.023953,0.006468
0.014781,0.000669,0.066686,0.029382,0.022867,0.001398,0.053394,0.018658
0.016626,0.002042,0.061225,0.078286,0.020757,0.004450,0.053554,0.057768
