vet-ins,vet-fnd,avl-ins,avl-fnd,hst-ins,hst-fnd,htr-ins,htr-fnd
0.002187,0.000073,0.005907,0.002024,0.003406,0.000147,0.004372,0.001178
0.004334,0.000272,0.013446,0.008587,0.005886,0.000541,0.010368,0.005667
0.006660,0.000268,0.025909,0.009149,0.011575,0.000633,0.022791,0.006574
0.013593,0.000667,0.059646,0.025570,0.022678,0.001598,0.058177,0.017998
0.017034,0.002004,0.059937,0.077937,0.020833,0.004067,0.053437,0.054607
