vet-ins,vet-fnd,avl-ins,avl-fnd,hst-ins,hst-fnd,htr-ins,htr-fnd
0.000574,0.000021,0.001970,0.000701,0.000867,0.003386,0.002136,0.000725
0.002436,0.000194,0.011430,0.007931,0.003834,0.141845,0.012771,0.008231
0.004034,0.000204,0.025979,0.008783,0.006713,0.221903,0.026364,0.008522
0.008080,0.000490,0.057969,0.024392,0.013740,0.544369,0.060702,0.024562
0.007726,0.001458,0.059963,0.075391,0.013091,1.654871,0.058024,0.071683
