vet-ins,vet-fnd,avl-ins,avl-fnd,hst-ins,hst-fnd,htr-ins,htr-fnd
0.002123,0.000067,0.005715,0.001996,0.003219,0.000135,0.004306,0.001238
0.005354,0.000268,0.012528,0.008655,0.005878,0.000539,0.010580,0.005449
0.006499,0.000273,0.026423,0.009177,0.011186,0.000539,0.023518,0.006272
0.014293,0.000669,0.059360,0.025936,0.022163,0.001357,0.057366,0.017844
0.016638,0.002008,0.060776,0.078158,0.020727,0.004086,0.053876,0.056560
