vet-ins,vet-fnd,avl-ins,avl-fnd,hst-ins,hst-fnd,htr-ins,htr-fnd
0.002066,0.000079,0.005787,0.002074,0.003243,0.000135,0.004286,0.001179
0.006060,0.000313,0.014387,0.009841,0.006611,0.000587,0.012251,0.006113
0.007203,0.000313,0.027574,0.009240,0.011221,0.000539,0.023287,0.006045
0.013902,0.000668,0.059953,0.026285,0.023610,0.001346,0.055133,0.018138
0.018879,0.002115,0.060701,0.079318,0.020707,0.004104,0.053001,0.055333
