vet-ins,vet-fnd,avl-ins,avl-fnd,hst-ins,hst-fnd,htr-ins,htr-fnd
0.001971,0.000065,0.005569,0.001826,0.003072,0.000131,0.004061,0.001057
0.005579,0.000314,0.014805,0.010418,0.007147,0.000633,0.012440,0.006660
0.007798,0.000320,0.031525,0.010661,0.013463,0.000653,0.026914,0.006997
0.013864,0.000669,0.059611,0.026777,0.021848,0.001348,0.059989,0.020996
0.019817,0.002452,0.072534,0.086050,0.020722,0.004054,0.054956,0.059810
