vet-ins,vet-fnd,avl-ins,avl-fnd,hst-ins,hst-fnd,htr-ins,htr-fnd
0.000566,0.000020,0.001979,0.000702,0.000863,0.003326,0.002174,0.000704
0.002374,0.000190,0.011430,0.007952,0.003677,0.142220,0.012547,0.008053
0.003868,0.000208,0.025685,0.008715,0.007092,0.221016,0.027071,0.008868
0.008313,0.000507,0.059586,0.024637,0.013581,0.544553,0.060019,0.024456
0.008001,0.001542,0.059551,0.073513,0.013167,1.756902,0.077296,0.087162
