vet-ins,vet-fnd,avl-ins,avl-fnd,hst-ins,hst-fnd,htr-ins,htr-fnd
0.000542,0.000020,0.001903,0.000658,0.000829,0.003080,0.002126,0.000761
0.002360,0.000225,0.011408,0.008129,0.003657,0.140681,0.012567,0.007921
0.004051,0.000219,0.025620,0.008638,0.006968,0.219362,0.026775,0.008575
0.008269,0.000495,0.058538,0.024327,0.013514,0.551935,0.060726,0.024750
0.007723,0.001495,0.059335,0.074696,0.012901,2.197816,0.061328,0.075367
