vet-ins,vet-fnd,avl-ins,avl-fnd,hst-ins,hst-fnd,htr-ins,htr-fnd
0.001952,0.000077,0.005738,0.002077,0.003128,0.000158,0.003976,0.001086
0.004487,0.000262,0.012311,0.008762,0.005425,0.000539,0.010122,0.005429
0.006575,0.000264,0.029122,0.009493,0.010816,0.000627,0.022644,0.006054
0.012678,0.000657,0.059108,0.028852,0.022727,0.001622,0.055359,0.018594
0.016858,0.001968,0.059762,0.080025,0.018658,0.004072,0.051410,0.053821
