vet-ins,vet-fnd,avl-ins,avl-fnd,hst-ins,hst-fnd,htr-ins,htr-fnd
0.000564,0.000020,0.001979,0.000705,0.000813,0.004446,0.002232,0.000735
0.002383,0.000189,0.011454,0.007940,0.003609,0.188690,0.013353,0.008535
0.004042,0.000199,0.025621,0.008705,0.007094,0.290861,0.028319,0.009504
0.008364,0.000501,0.059026,0.024372,0.013192,0.727386,0.061568,0.025103
0.008037,0.001535,0.059130,0.073567,0.012966,2.184889,0.062317,0.076954
