vet-ins,vet-fnd,avl-ins,avl-fnd,hst-ins,hst-fnd,htr-ins,htr-fnd
0.000583,0.000020,0.001921,0.000668,0.000822,0.003165,0.002056,0.000668
0.002360,0.000187,0.011928,0.008407,0.003851,0.144366,0.012873,0.008242
0.004000,0.000203,0.025628,0.008694,0.007182,0.222550,0.027757,0.009516
0.008550,0.000502,0.062903,0.025794,0.014387,0.550425,0.061122,0.025113
0.008151,0.001501,0.059857,0.077290,0.013353,1.725265,0.077160,0.083565
