vet-ins,vet-fnd,avl-ins,avl-fnd,hst-ins,hst-fnd,htr-ins,htr-fnd
0.000552,0.000020,0.001891,0.000663,0.000806,0.004285,0.002141,0.000704
0.002339,0.000187,0.011427,0.007910,0.003602,0.187994,0.012899,0.008285
0.003916,0.000197,0.025887,0.008720,0.007057,0.297640,0.029411,0.009522
0.008341,0.000488,0.061552,0.025560,0.012906,0.733471,0.064701,0.025973
0.007752,0.001486,0.061082,0.080735,0.013665,1.660821,0.060215,0.073518
