vet-ins,vet-fnd,avl-ins,avl-fnd,hst-ins,hst-fnd,htr-ins,htr-fnd
0.000511,0.000019,0.001904,0.000657,0.000755,0.004773,0.002368,0.000747
0.002425,0.000193,0.012674,0.009028,0.003651,0.194640,0.013796,0.009681
0.004285,0.000204,0.033004,0.010900,0.007493,0.306349,0.032774,0.010220
0.008214,0.000491,0.065305,0.027274,0.013256,0.729736,0.073391,0.035365
0.008170,0.001526,0.068280,0.083735,0.014293,2.261698,0.075350,0.086818
