vet-ins,vet-fnd,avl-ins,avl-fnd,hst-ins,hst-fnd,htr-ins,htr-fnd
0.000547,0.000020,0.001878,0.000660,0.000774,0.004444,0.002240,0.000741
0.002363,0.000189,0.011339,0.007868,0.003569,0.187168,0.013221,0.008428
0.004047,0.000203,0.025712,0.008672,0.007043,0.291287,0.028549,0.009145
0.008130,0.000491,0.058802,0.024252,0.013117,0.730200,0.061448,0.025312
0.007589,0.001433,0.059317,0.073366,0.013691,1.670277,0.062508,0.072981
