vet-ins,vet-fnd,avl-ins,avl-fnd,hst-ins,hst-fnd,htr-ins,htr-fnd
0.000538,0.000020,0.001894,0.000666,0.000798,0.003094,0.002056,0.000673
0.002341,0.000188,0.011315,0.007809,0.003673,0.142809,0.012816,0.008088
0.004026,0.000207,0.030546,0.009367,0.007763,0.225073,0.026631,0.008622
0.008211,0.000490,0.058358,0.024684,0.013390,0.556199,0.062925,0.025021
0.007585,0.001433,0.058768,0.073733,0.012604,2.209043,0.067839,0.077315
