vet-ins,vet-fnd,avl-ins,avl-fnd,hst-ins,hst-fnd,htr-ins,htr-fnd
0.000818,0.000026,0.002514,0.000745,0.001467,0.000068,0.001741,0.000514
0.003546,0.000313,0.018585,0.012133,0.007087,0.000632,0.012267,0.006524
0.007408,0.000314,0.029666,0.010749,0.012966,0.000631,0.028297,0.007973
0.015297,0.000782,0.071648,0.031596,0.025661,0.001642,0.067143,0.020849
0.017872,0.002128,0.062847,0.082525,0.023691,0.004744,0.064762,0.065099
