vet-ins,vet-fnd,avl-ins,avl-fnd,hst-ins,hst-fnd,htr-ins,htr-fnd
0.000876,0.000027,0.002389,0.000920,0.001216,0.000063,0.001923,0.000435
0.003848,0.000266,0.013976,0.009314,0.005380,0.000545,0.011681,0.005927
0.006716,0.000263,0.027200,0.010223,0.010176,0.000536,0.022055,0.005971
0.012851,0.000655,0.061992,0.029352,0.020828,0.001597,0.053235,0.017570
0.016122,0.002000,0.059111,0.083167,0.021214,0.004629,0.055435,0.054229
