vet-ins,vet-fnd,avl-ins,avl-fnd,hst-ins,hst-fnd,htr-ins,htr-fnd
0.000522,0.000019,0.001868,0.000689,0.000787,0.003149,0.002039,0.000667
0.002325,0.000187,0.011301,0.007869,0.003604,0.144826,0.012686,0.008449
0.004075,0.000205,0.026603,0.009079,0.007206,0.224757,0.026636,0.008649
0.008054,0.000494,0.058897,0.025735,0.013872,0.560280,0.063088,0.024605
0.007591,0.001461,0.058899,0.074596,0.012848,1.675247,0.059368,0.072129
