vet-ins,vet-fnd,avl-ins,avl-fnd,hst-ins,hst-fnd,htr-ins,htr-fnd
0.000979,0.000044,0.003315,0.001044,0.001605,0.000076,0.002240,0.000622
0.004864,0.000364,0.017090,0.009329,0.005408,0.000542,0.010569,0.005373
0.006841,0.000263,0.027994,0.009300,0.010838,0.000535,0.023912,0.006402
0.014152,0.000768,0.067640,0.028303,0.021002,0.001569,0.058333,0.020079
0.017318,0.001972,0.067030,0.081249,0.019290,0.004101,0.052243,0.056013
