vet-ins,vet-fnd,avl-ins,avl-fnd,hst-ins,hst-fnd,htr-ins,htr-fnd
0.002109,0.000078,0.005919,0.002050,0.003129,0.000147,0.004296,0.001182
0.004337,0.000300,0.012688,0.008738,0.005393,0.000540,0.010497,0.005422
0.006202,0.000262,0.026040,0.009257,0.010204,0.000540,0.022265,0.005972
0.013699,0.000819,0.066086,0.027684,0.021979,0.001352,0.052301,0.017596
0.017201,0.001976,0.059639,0.079411,0.018617,0.004123,0.052545,0.055494
