vet-ins,vet-fnd,avl-ins,avl-fnd,hst-ins,hst-fnd,htr-ins,htr-fnd
0.000963,0.000032,0.003343,0.001205,0.001909,0.000063,0.001982,0.000436
0.004184,0.000268,0.014457,0.010373,0.006171,0.000635,0.012856,0.006232
0.007466,0.000268,0.029989,0.010260,0.012767,0.000539,0.024890,0.007611
0.014593,0.000739,0.060514,0.026235,0.021894,0.001347,0.062929,0.018337
0.016807,0.002126,0.060767,0.081295,0.021784,0.004047,0.054955,0.053331
