vet-ins,vet-fnd,avl-ins,avl-fnd,hst-ins,hst-fnd,htr-ins,htr-fnd
0.002306,0.000077,0.005844,0.002086,0.003209,0.000150,0.004356,0.001219
0.004394,0.000320,0.014769,0.011124,0.006458,0.000646,0.012301,0.006378
0.007384,0.000309,0.031962,0.010470,0.011525,0.000674,0.024145,0.006196
0.013946,0.000660,0.065746,0.031962,0.022665,0.001585,0.068123,0.023639
0.019903,0.002313,0.076558,0.087712,0.019334,0.004086,0.056645,0.059624
