vet-ins,vet-fnd,avl-ins,avl-fnd,hst-ins,hst-fnd,htr-ins,htr-fnd
0.001979,0.000064,0.005318,0.001826,0.002787,0.000130,0.003889,0.001056
0.006229,0.000308,0.013392,0.008776,0.005722,0.000637,0.010817,0.005423
0.006637,0.000284,0.026401,0.009291,0.010621,0.000545,0.022642,0.006290
0.013211,0.000656,0.060763,0.027169,0.020251,0.001338,0.059041,0.019152
0.016842,0.001966,0.062059,0.083748,0.018981,0.004123,0.052831,0.056161
