vet-ins,vet-fnd,avl-ins,avl-fnd,hst-ins,hst-fnd,htr-ins,htr-fnd
0.001956,0.000065,0.005320,0.001808,0.003040,0.000131,0.003966,0.001057
0.005627,0.000268,0.012598,0.008652,0.005958,0.000538,0.010606,0.005473
0.006902,0.000269,0.026781,0.009181,0.011315,0.000538,0.023259,0.006080
0.013089,0.000670,0.060359,0.028495,0.024655,0.001390,0.058719,0.019422
0.016398,0.002019,0.064422,0.086473,0.021794,0.004392,0.060800,0.059425
