vet-ins,vet-fnd,avl-ins,avl-fnd,hst-ins,hst-fnd,htr-ins,htr-fnd
0.002167,0.000077,0.005649,0.001927,0.003061,0.000135,0.004292,0.001195
0.004187,0.000262,0.012393,0.009021,0.005381,0.000544,0.010392,0.005565
0.006312,0.000263,0.027118,0.009633,0.010166,0.000541,0.022568,0.006314
0.012952,0.000656,0.065455,0.031748,0.023098,0.001591,0.065644,0.022595
0.020213,0.002304,0.074565,0.096810,0.021973,0.004815,0.065980,0.067552
