vet-ins,vet-fnd,avl-ins,avl-fnd,hst-ins,hst-fnd,htr-ins,htr-fnd
0.002431,0.000079,0.006610,0.002302,0.003722,0.000172,0.004577,0.001250
0.004501,0.000314,0.014568,0.009936,0.006915,0.000640,0.012847,0.008393
0.007605,0.000330,0.030840,0.011625,0.012890,0.000648,0.026535,0.007342
0.015364,0.000785,0.072718,0.030176,0.025052,0.001627,0.057815,0.019217
0.018370,0.002286,0.062975,0.081130,0.021974,0.004160,0.058677,0.056467
