vet-ins,vet-fnd,avl-ins,avl-fnd,hst-ins,hst-fnd,htr-ins,htr-fnd
0.000936,0.000031,0.002544,0.000887,0.001395,0.000071,0.001648,0.000511
0.004196,0.000307,0.014406,0.010376,0.006345,0.000644,0.011914,0.006415
0.007292,0.000329,0.028091,0.010203,0.011221,0.000672,0.022108,0.006164
0.014640,0.000680,0.064105,0.026855,0.020326,0.001337,0.052998,0.021725
0.017120,0.002294,0.064402,0.091119,0.021601,0.004870,0.058582,0.061600
