vet-ins,vet-fnd,avl-ins,avl-fnd,hst-ins,hst-fnd,htr-ins,htr-fnd
0.000928,0.000031,0.002571,0.000883,0.001370,0.000064,0.001774,0.000438
0.004197,0.000308,0.014499,0.010225,0.006295,0.000633,0.011902,0.006428
0.007212,0.000359,0.030197,0.010990,0.011965,0.000637,0.025971,0.007059
0.014689,0.000656,0.064250,0.027240,0.020423,0.001348,0.053972,0.018550
0.018759,0.002055,0.066192,0.091405,0.021749,0.004802,0.058970,0.061160
