vet-ins,vet-fnd,avl-ins,avl-fnd,hst-ins,hst-fnd,htr-ins,htr-fnd
0.000539,0.000020,0.001898,0.000665,0.000807,0.003147,0.002037,0.000671
0.002380,0.000188,0.011415,0.007954,0.003686,0.141019,0.012420,0.008039
0.004064,0.000203,0.025866,0.008634,0.007133,0.221209,0.026782,0.008648
0.008047,0.000493,0.058213,0.024454,0.013863,0.543853,0.059431,0.024761
0.007583,0.001460,0.058422,0.073763,0.012902,1.672096,0.062695,0.071265
