vet-ins,vet-fnd,avl-ins,avl-fnd,hst-ins,hst-fnd,htr-ins,htr-fnd
0.000936,0.000031,0.002655,0.000889,0.001334,0.000063,0.001960,0.000512
0.004225,0.000312,0.014590,0.009909,0.006385,0.000535,0.010618,0.006282
0.006537,0.000315,0.027421,0.010006,0.010392,0.000536,0.025904,0.006464
0.013869,0.000655,0.063276,0.026683,0.019787,0.001573,0.055494,0.018055
0.016988,0.001999,0.060521,0.081993,0.020043,0.004017,0.052316,0.055284
