vet-ins,vet-fnd,avl-ins,avl-fnd,hst-ins,hst-fnd,htr-ins,htr-fnd
0.000585,0.000020,0.001976,0.000696,0.000814,0.004427,0.002246,0.000740
0.002374,0.000187,0.011646,0.007992,0.003686,0.187604,0.013513,0.008476
0.004103,0.000202,0.025622,0.008608,0.006643,0.292614,0.028691,0.009107
0.008148,0.000493,0.059183,0.024597,0.013222,0.729779,0.062756,0.025630
0.008014,0.001514,0.059618,0.073999,0.012659,2.182239,0.061162,0.075581
