vet-ins,vet-fnd,avl-ins,avl-fnd,hst-ins,hst-fnd,htr-ins,htr-fnd
0.000984,0.000036,0.002252,0.000887,0.001332,0.000054,0.001800,0.000545
0.003987,0.000263,0.014146,0.009944,0.006129,0.000547,0.010449,0.005415
0.006285,0.000264,0.026563,0.009737,0.010673,0.000536,0.024962,0.006644
0.014282,0.000768,0.062382,0.027738,0.020240,0.001337,0.055034,0.020581
0.016900,0.002015,0.060051,0.080738,0.021614,0.004803,0.055445,0.057162
