vet-ins,vet-fnd,avl-ins,avl-fnd,hst-ins,hst-fnd,htr-ins,htr-fnd
0.002182,0.000074,0.005855,0.002037,0.003388,0.000147,0.004365,0.001185
0.004820,0.000316,0.013663,0.009996,0.006520,0.000667,0.010740,0.006212
0.006604,0.000314,0.028192,0.009543,0.012180,0.000605,0.024759,0.006786
0.013792,0.000668,0.065111,0.027633,0.022909,0.001347,0.057240,0.019294
0.017221,0.002009,0.062816,0.083790,0.021854,0.004615,0.055315,0.058009
