vet-ins,vet-fnd,avl-ins,avl-fnd,hst-ins,hst-fnd,htr-ins,htr-fnd
0.002140,0.000067,0.005968,0.002174,0.003273,0.000158,0.004301,0.001081
0.004634,0.000286,0.013274,0.008978,0.005908,0.000540,0.010434,0.005680
0.007312,0.000314,0.029673,0.010333,0.012003,0.000539,0.023277,0.006047
0.013266,0.000668,0.059810,0.027123,0.023869,0.001346,0.055383,0.017994
0.018100,0.002353,0.064073,0.079939,0.020858,0.004355,0.054467,0.054108
