vet-ins,vet-fnd,avl-ins,avl-fnd,hst-ins,hst-fnd,htr-ins,htr-fnd
0.000527,0.000020,0.001869,0.000666,0.000820,0.003075,0.002077,0.000670
0.002222,0.000207,0.011733,0.008064,0.003727,0.145015,0.012758,0.008109
0.004163,0.000215,0.027104,0.008866,0.007454,0.223753,0.028601,0.008780
0.008176,0.000506,0.063555,0.024503,0.013110,0.719020,0.061556,0.025158
0.007913,0.001493,0.059836,0.073225,0.013722,1.659715,0.059693,0.071874
