vet-ins,vet-fnd,avl-ins,avl-fnd,hst-ins,hst-fnd,htr-ins,htr-fnd
0.001130,0.000037,0.003004,0.001045,0.001746,0.000075,0.002242,0.000606
0.004792,0.000371,0.016860,0.008689,0.005884,0.000539,0.010506,0.006769
0.007019,0.000267,0.026757,0.009225,0.011184,0.000540,0.022658,0.006116
0.013222,0.000668,0.058548,0.027203,0.021784,0.001353,0.052643,0.017946
0.016628,0.002009,0.059836,0.080006,0.021748,0.004322,0.058611,0.053230
