vet-ins,vet-fnd,avl-ins,avl-fnd,hst-ins,hst-fnd,htr-ins,htr-fnd
0.000797,0.000026,0.002167,0.000753,0.001166,0.000054,0.001598,0.000437
0.003547,0.000262,0.013958,0.010054,0.006161,0.000620,0.011714,0.006155
0.006575,0.000263,0.026257,0.009246,0.010699,0.000536,0.022315,0.006007
0.013808,0.000700,0.059648,0.028619,0.020126,0.001600,0.053342,0.019682
0.018176,0.002001,0.064124,0.080567,0.019071,0.004361,0.053161,0.056237
