vet-ins,vet-fnd,avl-ins,avl-fnd,hst-ins,hst-fnd,htr-ins,htr-fnd
0.000526,0.000019,0.001907,0.000665,0.000781,0.004244,0.002123,0.000712
0.002333,0.000193,0.011464,0.007899,0.003617,0.188702,0.012834,0.008381
0.004076,0.000200,0.025577,0.008755,0.007279,0.295556,0.028360,0.009194
0.008091,0.000485,0.058345,0.024244,0.013106,0.735556,0.063441,0.025227
0.007656,0.001449,0.058453,0.073917,0.013049,2.215218,0.064756,0.077743
