vet-ins,vet-fnd,avl-ins,avl-fnd,hst-ins,hst-fnd,htr-ins,htr-fnd
0.000528,0.000019,0.001864,0.000667,0.000829,0.003122,0.002060,0.000672
0.002342,0.000221,0.011493,0.007984,0.003706,0.143436,0.012761,0.008111
0.004086,0.000204,0.025735,0.008773,0.007243,0.224340,0.027076,0.008758
0.008192,0.000491,0.058555,0.024437,0.013530,0.546765,0.058510,0.024597
0.007933,0.001501,0.059959,0.074534,0.013176,1.654918,0.061677,0.073141
