vet-ins,vet-fnd,avl-ins,avl-fnd,hst-ins,hst-fnd,htr-ins,htr-fnd
0.002145,0.000082,0.005796,0.001904,0.003287,0.000159,0.004297,0.001140
0.004976,0.000326,0.012416,0.009007,0.006330,0.000682,0.010947,0.006328
0.007353,0.000313,0.028410,0.009969,0.011314,0.000542,0.023199,0.006064
0.013157,0.000668,0.063404,0.026477,0.021994,0.001507,0.053944,0.018128
0.018358,0.002780,0.061868,0.082537,0.021470,0.004104,0.053812,0.053940
