vet-ins,vet-fnd,avl-ins,avl-fnd,hst-ins,hst-fnd,htr-ins,htr-fnd
0.002052,0.000079,0.005826,0.002065,0.003261,0.000135,0.004072,0.001083
0.004512,0.000267,0.012567,0.008796,0.006016,0.000540,0.010530,0.005676
0.006632,0.000278,0.026379,0.009538,0.012403,0.000644,0.025814,0.006740
0.013177,0.000669,0.060476,0.026075,0.022157,0.001351,0.057081,0.018376
0.016877,0.002082,0.064841,0.083626,0.021741,0.004059,0.052957,0.053520
