vet-ins,vet-fnd,avl-ins,avl-fnd,hst-ins,hst-fnd,htr-ins,htr-fnd
0.000572,0.000020,0.001989,0.000693,0.000811,0.004429,0.002237,0.000702
0.002406,0.000188,0.011467,0.007945,0.003676,0.187873,0.013466,0.008412
0.004033,0.000200,0.025514,0.008707,0.007133,0.291256,0.028384,0.009039
0.008189,0.000492,0.058089,0.024460,0.013294,0.731601,0.061382,0.025208
0.007569,0.001446,0.058398,0.073506,0.013590,1.657514,0.059594,0.072166
