vet-ins,vet-fnd,avl-ins,avl-fnd,hst-ins,hst-fnd,htr-ins,htr-fnd
0.000553,0.000019,0.001928,0.000673,0.000787,0.004443,0.002157,0.000703
0.002386,0.000194,0.012257,0.008044,0.003625,0.187517,0.013353,0.008442
0.004093,0.000201,0.025948,0.008703,0.007113,0.290348,0.028572,0.009223
0.008277,0.000488,0.059814,0.024460,0.013225,0.731174,0.061997,0.025108
0.007644,0.001474,0.059742,0.074033,0.013141,2.176037,0.070878,0.081839
