vet-ins,vet-fnd,avl-ins,avl-fnd,hst-ins,hst-fnd,htr-ins,htr-fnd
0.001360,0.000039,0.003672,0.001314,0.001885,0.000079,0.002721,0.000671
0.005604,0.000393,0.017128,0.008704,0.005776,0.000540,0.010467,0.005557
0.006567,0.000263,0.026398,0.009707,0.010205,0.000539,0.022976,0.007171
0.013201,0.000655,0.060648,0.030489,0.023019,0.001602,0.063804,0.021568
0.019731,0.002308,0.073525,0.098295,0.021879,0.004767,0.061694,0.066441
