vet-ins,vet-fnd,avl-ins,avl-fnd,hst-ins,hst-fnd,htr-ins,htr-fnd
0.000924,0.000031,0.002986,0.001203,0.001942,0.000094,0.002545,0.000644
0.005738,0.000458,0.017640,0.009708,0.006048,0.000549,0.010048,0.005754
0.006989,0.000287,0.027085,0.009798,0.010199,0.000536,0.024259,0.007043
0.014150,0.000809,0.063881,0.027732,0.020626,0.001455,0.053969,0.019075
0.016409,0.002161,0.062507,0.083829,0.019250,0.004366,0.056159,0.055217
