vet-ins,vet-fnd,avl-ins,avl-fnd,hst-ins,hst-fnd,htr-ins,htr-fnd
0.001138,0.000037,0.002998,0.001038,0.001769,0.000075,0.002242,0.000606
0.005023,0.000371,0.017265,0.009898,0.006318,0.000600,0.010795,0.006055
0.007160,0.000269,0.027928,0.009565,0.012669,0.000555,0.027322,0.007314
0.014963,0.000669,0.064519,0.027703,0.024009,0.001647,0.062375,0.020897
0.019245,0.002379,0.068892,0.090301,0.024542,0.004824,0.060803,0.060712
