vet-ins,vet-fnd,avl-ins,avl-fnd,hst-ins,hst-fnd,htr-ins,htr-fnd
0.000559,0.000019,0.001953,0.000661,0.000808,0.003153,0.002108,0.000661
0.002368,0.000193,0.012006,0.008099,0.003820,0.143515,0.012818,0.008069
0.004017,0.000227,0.026542,0.008782,0.007225,0.223242,0.027014,0.008606
0.008336,0.000499,0.060206,0.025285,0.013483,0.547909,0.060721,0.024236
0.007699,0.001435,0.060051,0.073735,0.013397,1.666995,0.062630,0.073349
