vet-ins,vet-fnd,avl-ins,avl-fnd,hst-ins,hst-fnd,htr-ins,htr-fnd
0.001133,0.000037,0.003162,0.001043,0.001749,0.000075,0.002320,0.000605
0.005679,0.000467,0.018209,0.009953,0.006391,0.000540,0.012219,0.005561
0.006859,0.000268,0.030296,0.011309,0.012763,0.000539,0.026176,0.006961
0.014546,0.000783,0.060643,0.026127,0.021769,0.001365,0.054068,0.018984
0.016657,0.002005,0.063050,0.080459,0.020711,0.004064,0.058190,0.057963
