vet-ins,vet-fnd,avl-ins,avl-fnd,hst-ins,hst-fnd,htr-ins,htr-fnd
0.001165,0.000038,0.003083,0.001037,0.001757,0.000075,0.002305,0.000609
0.004979,0.000291,0.014024,0.009608,0.006226,0.000540,0.010856,0.005780
0.006655,0.000268,0.026879,0.009197,0.011267,0.000539,0.023557,0.006073
0.014285,0.000836,0.064069,0.027001,0.024424,0.001474,0.061258,0.020669
0.016944,0.002318,0.060725,0.078131,0.020701,0.004052,0.054713,0.053857
