vet-ins,vet-fnd,avl-ins,avl-fnd,hst-ins,hst-fnd,htr-ins,htr-fnd
0.000555,0.000021,0.001973,0.000702,0.000835,0.003300,0.002153,0.000712
0.002339,0.000187,0.011301,0.007868,0.003748,0.141962,0.012687,0.008238
0.004070,0.000204,0.025938,0.008989,0.006859,0.289733,0.027697,0.009136
0.008171,0.000487,0.058341,0.024445,0.012777,0.726211,0.060607,0.025088
0.007724,0.001426,0.058515,0.072989,0.013602,1.649713,0.060173,0.072530
