vet-ins,vet-fnd,avl-ins,avl-fnd,hst-ins,hst-fnd,htr-ins,htr-fnd
0.002187,0.000074,0.005971,0.002026,0.003473,0.000148,0.004476,0.001189
0.004328,0.000313,0.014115,0.009864,0.006707,0.000634,0.011176,0.005887
0.006825,0.000314,0.030407,0.010333,0.012232,0.000540,0.024741,0.006248
0.014858,0.000787,0.066907,0.028696,0.024786,0.001348,0.058511,0.018739
0.017550,0.002005,0.063495,0.083884,0.023234,0.004140,0.061022,0.056513
