vet-ins,vet-fnd,avl-ins,avl-fnd,hst-ins,hst-fnd,htr-ins,htr-fnd
0.000533,0.000019,0.001867,0.000716,0.000836,0.003129,0.002039,0.000680
0.002398,0.000194,0.011345,0.007881,0.003718,0.141769,0.012459,0.008096
0.004140,0.000204,0.025654,0.008648,0.007171,0.222747,0.026721,0.008679
0.008168,0.000486,0.058867,0.024420,0.013966,0.556351,0.060640,0.024758
0.007975,0.001492,0.059685,0.074693,0.013455,1.645382,0.060775,0.072958
