vet-ins,vet-fnd,avl-ins,avl-fnd,hst-ins,hst-fnd,htr-ins,htr-fnd
0.000591,0.000020,0.001966,0.000701,0.000824,0.004490,0.002244,0.000744
0.002456,0.000196,0.011553,0.008021,0.003719,0.187407,0.013239,0.008488
0.004076,0.000205,0.026152,0.008839,0.006789,0.290117,0.028299,0.009266
0.008279,0.000506,0.058886,0.024379,0.013286,0.728139,0.061446,0.025621
0.007632,0.001460,0.059817,0.073082,0.013087,1.657426,0.060595,0.071102
