vet-ins,vet-fnd,avl-ins,avl-fnd,hst-ins,hst-fnd,htr-ins,htr-fnd
0.002178,0.000073,0.005966,0.002031,0.003400,0.000147,0.004412,0.001183
0.004443,0.000272,0.012441,0.008732,0.006104,0.000540,0.010802,0.005466
0.006672,0.000277,0.026093,0.009184,0.011531,0.000540,0.022956,0.006310
0.013109,0.000673,0.059377,0.026791,0.021805,0.001347,0.057068,0.018832
0.016630,0.002014,0.059480,0.079578,0.021940,0.004061,0.053902,0.052706
