vet-ins,vet-fnd,avl-ins,avl-fnd,hst-ins,hst-fnd,htr-ins,htr-fnd
0.000926,0.000031,0.002488,0.000884,0.001334,0.000054,0.001793,0.000540
0.003456,0.000262,0.012670,0.009163,0.005752,0.000535,0.010425,0.005394
0.006168,0.000263,0.026575,0.009266,0.010548,0.000638,0.022301,0.005982
0.013422,0.000664,0.060243,0.026837,0.020123,0.001344,0.053116,0.019759
0.017021,0.002148,0.060603,0.080605,0.020509,0.004214,0.052869,0.054533
