vet-ins,vet-fnd,avl-ins,avl-fnd,hst-ins,hst-fnd,htr-ins,htr-fnd
0.001131,0.000039,0.003219,0.001105,0.001670,0.000074,0.002320,0.000649
0.004889,0.000384,0.017948,0.010399,0.006331,0.000627,0.011973,0.006404
0.007487,0.000308,0.032080,0.011514,0.012024,0.000627,0.026640,0.007422
0.013586,0.000657,0.064455,0.029151,0.021814,0.001337,0.061815,0.021958
0.019261,0.002404,0.071627,0.097757,0.021776,0.004847,0.058485,0.058743
