vet-ins,vet-fnd,avl-ins,avl-fnd,hst-ins,hst-fnd,htr-ins,htr-fnd
0.002157,0.000079,0.005679,0.001935,0.003298,0.000135,0.004180,0.001217
0.005306,0.000268,0.012469,0.009169,0.005884,0.000567,0.011205,0.006062
0.007319,0.000291,0.028756,0.009580,0.011556,0.000539,0.023941,0.006453
0.013458,0.000679,0.061226,0.026658,0.022743,0.001359,0.056950,0.020058
0.017673,0.002388,0.063537,0.085632,0.021927,0.004685,0.057060,0.056621
