vet-ins,vet-fnd,avl-ins,avl-fnd,hst-ins,hst-fnd,htr-ins,htr-fnd
0.001392,0.000044,0.003594,0.001198,0.002195,0.000094,0.002730,0.000737
0.006002,0.000391,0.016436,0.008659,0.005926,0.000539,0.010373,0.005475
0.006845,0.000320,0.026479,0.009214,0.011285,0.000539,0.022828,0.006104
0.013072,0.000674,0.059050,0.025803,0.021883,0.001343,0.054117,0.018129
0.016809,0.002069,0.066910,0.079920,0.020702,0.004030,0.052614,0.054338
