vet-ins,vet-fnd,avl-ins,avl-fnd,hst-ins,hst-fnd,htr-ins,htr-fnd
0.000542,0.000020,0.001915,0.000665,0.000768,0.004165,0.002308,0.000706
0.002184,0.000187,0.011461,0.008018,0.003648,0.186521,0.013326,0.008871
0.004151,0.000202,0.025493,0.008647,0.006491,0.287635,0.028378,0.009180
0.008047,0.000496,0.058095,0.024898,0.013135,0.718167,0.062563,0.026235
0.007918,0.001494,0.059678,0.075139,0.013428,1.663197,0.059173,0.072358
