vet-ins,vet-fnd,avl-ins,avl-fnd,hst-ins,hst-fnd,htr-ins,htr-fnd
0.001916,0.000064,0.005260,0.001993,0.002809,0.000129,0.003848,0.001053
0.004963,0.000313,0.014751,0.010623,0.006418,0.000622,0.012068,0.006478
0.007307,0.000324,0.030891,0.011294,0.012116,0.000689,0.026379,0.007204
0.015166,0.000775,0.072753,0.031948,0.023206,0.001554,0.063226,0.021403
0.019069,0.002333,0.068214,0.090307,0.020632,0.004264,0.054837,0.059101
