vet-ins,vet-fnd,avl-ins,avl-fnd,hst-ins,hst-fnd,htr-ins,htr-fnd
0.000538,0.000019,0.001886,0.000663,0.000771,0.004297,0.002190,0.000707
0.002330,0.000189,0.011391,0.007902,0.003379,0.187303,0.013470,0.008625
0.004117,0.000205,0.025730,0.008703,0.007160,0.290792,0.028334,0.009319
0.007992,0.000490,0.059376,0.026193,0.014377,0.551923,0.059786,0.023793
0.007940,0.001506,0.059558,0.073358,0.013179,1.669031,0.064244,0.072475
