vet-ins,vet-fnd,avl-ins,avl-fnd,hst-ins,hst-fnd,htr-ins,htr-fnd
0.002131,0.000067,0.005843,0.001886,0.003255,0.000135,0.004398,0.001160
0.005027,0.000313,0.014164,0.009944,0.006615,0.000668,0.011602,0.006371
0.006796,0.000268,0.028571,0.009935,0.012388,0.000631,0.024629,0.006342
0.014235,0.000668,0.063196,0.028259,0.023503,0.001345,0.056936,0.018896
0.018790,0.002150,0.066896,0.083042,0.022121,0.004467,0.054893,0.059358
