vet-ins,vet-fnd,avl-ins,avl-fnd,hst-ins,hst-fnd,htr-ins,htr-fnd
0.002242,0.000067,0.006157,0.002143,0.003553,0.000158,0.004291,0.001078
0.005081,0.000313,0.013796,0.009081,0.005955,0.000540,0.010370,0.005573
0.006740,0.000268,0.027196,0.010327,0.013011,0.000654,0.025121,0.006215
0.016247,0.000938,0.069165,0.027202,0.024955,0.001616,0.059082,0.021871
0.020158,0.002456,0.077720,0.099293,0.024888,0.004804,0.070689,0.070497
