vet-ins,vet-fnd,avl-ins,avl-fnd,hst-ins,hst-fnd,htr-ins,htr-fnd
0.000557,0.000020,0.001918,0.000670,0.000771,0.004288,0.002135,0.000700
0.002364,0.000188,0.011399,0.008038,0.003712,0.187169,0.013294,0.008465
0.004045,0.000197,0.025708,0.008682,0.007041,0.289499,0.028405,0.009309
0.008189,0.000490,0.058705,0.024696,0.013129,0.728257,0.062119,0.025233
0.008177,0.001550,0.059345,0.073898,0.013358,1.669140,0.060044,0.072781
