vet-ins,vet-fnd,avl-ins,avl-fnd,hst-ins,hst-fnd,htr-ins,htr-fnd
0.002183,0.000073,0.005993,0.002031,0.003411,0.000147,0.004452,0.001181
0.004268,0.000272,0.012478,0.008634,0.005906,0.000539,0.010432,0.005457
0.006452,0.000268,0.027207,0.010489,0.012872,0.000637,0.025822,0.006857
0.013926,0.000668,0.059887,0.027230,0.023735,0.001375,0.057476,0.018878
0.016906,0.002012,0.065786,0.084462,0.021508,0.004052,0.053730,0.053552
