vet-ins,vet-fnd,avl-ins,avl-fnd,hst-ins,hst-fnd,htr-ins,htr-fnd
0.002074,0.000068,0.005336,0.001805,0.003043,0.000131,0.003933,0.001072
0.006121,0.000314,0.012638,0.008629,0.005897,0.000539,0.010422,0.005475
0.006700,0.000268,0.026268,0.009157,0.011249,0.000538,0.022999,0.006101
0.013536,0.000668,0.059794,0.025822,0.021912,0.001346,0.053959,0.020075
0.016598,0.002005,0.060242,0.080687,0.021257,0.004592,0.053814,0.053108
