vet-ins,vet-fnd,avl-ins,avl-fnd,hst-ins,hst-fnd,htr-ins,htr-fnd
0.000964,0.000027,0.002403,0.000904,0.001406,0.000063,0.001975,0.000436
0.004431,0.000330,0.014268,0.008877,0.005909,0.000597,0.010529,0.005446
0.006516,0.000268,0.026571,0.009185,0.011238,0.000546,0.022892,0.006454
0.014162,0.000671,0.061007,0.025582,0.022092,0.001351,0.056713,0.018456
0.016565,0.002007,0.059824,0.078777,0.020723,0.004047,0.056295,0.056886
