vet-ins,vet-fnd,avl-ins,avl-fnd,hst-ins,hst-fnd,htr-ins,htr-fnd
0.001266,0.000047,0.003576,0.001319,0.001907,0.000094,0.002728,0.000753
0.005856,0.000441,0.016458,0.009137,0.005410,0.000535,0.010651,0.005719
0.006275,0.000264,0.026832,0.010251,0.011619,0.000591,0.023935,0.006001
0.013092,0.000735,0.059141,0.026768,0.019917,0.001337,0.057377,0.019032
0.016579,0.001998,0.059924,0.084056,0.021853,0.004720,0.059155,0.061361
