vet-ins,vet-fnd,avl-ins,avl-fnd,hst-ins,hst-fnd,htr-ins,htr-fnd
0.000930,0.000033,0.002347,0.000877,0.001387,0.000063,0.001936,0.000523
0.003930,0.000266,0.014489,0.009971,0.006157,0.000642,0.011839,0.006287
0.007140,0.000311,0.027690,0.009762,0.010503,0.000536,0.022487,0.006800
0.013595,0.000671,0.062947,0.026811,0.020353,0.001361,0.053206,0.018365
0.016527,0.001971,0.060189,0.084681,0.019110,0.004069,0.052216,0.054557
