vet-ins,vet-fnd,avl-ins,avl-fnd,hst-ins,hst-fnd,htr-ins,htr-fnd
0.000985,0.000034,0.002447,0.000905,0.001323,0.000064,0.001881,0.000434
0.003796,0.000314,0.014074,0.009216,0.005887,0.000549,0.011410,0.005610
0.007314,0.000269,0.028136,0.009635,0.011696,0.000538,0.025250,0.006618
0.014139,0.000776,0.068079,0.028779,0.023775,0.001343,0.061446,0.019765
0.018396,0.002105,0.071008,0.092184,0.024370,0.004716,0.067513,0.068317
