vet-ins,vet-fnd,avl-ins,avl-fnd,hst-ins,hst-fnd,htr-ins,htr-fnd
0.000557,0.000021,0.001972,0.000704,0.000842,0.003375,0.002164,0.000703
0.002354,0.000186,0.011338,0.007918,0.003489,0.139562,0.012651,0.008129
0.004050,0.000202,0.025732,0.008743,0.006993,0.219071,0.027019,0.008728
0.008020,0.000485,0.059037,0.024670,0.013938,0.546461,0.059845,0.024987
0.007533,0.001454,0.059573,0.075339,0.013267,1.642081,0.060573,0.071874
