vet-ins,vet-fnd,avl-ins,avl-fnd,hst-ins,hst-fnd,htr-ins,htr-fnd
0.000527,0.000020,0.001913,0.000669,0.000762,0.004255,0.002115,0.000707
0.002340,0.000226,0.011468,0.008001,0.003635,0.189538,0.013234,0.008487
0.004117,0.000202,0.025597,0.008658,0.007112,0.290471,0.028204,0.009476
0.008396,0.000512,0.059067,0.024560,0.013181,0.737169,0.061289,0.025351
0.007664,0.001465,0.059205,0.076439,0.013707,1.660717,0.059159,0.072885
