vet-ins,vet-fnd,avl-ins,avl-fnd,hst-ins,hst-fnd,htr-ins,htr-fnd
0.000819,0.000027,0.002208,0.000747,0.001354,0.000063,0.001858,0.000436
0.003891,0.000314,0.014655,0.009581,0.006475,0.000632,0.011782,0.006184
0.006616,0.000270,0.026251,0.009216,0.011240,0.000539,0.023019,0.006076
0.013194,0.000706,0.059614,0.025625,0.021839,0.001345,0.053332,0.017720
0.016563,0.002390,0.059422,0.079268,0.023561,0.004688,0.053580,0.053114
