vet-ins,vet-fnd,avl-ins,avl-fnd,hst-ins,hst-fnd,htr-ins,htr-fnd
0.000550,0.000020,0.001966,0.000711,0.000793,0.003183,0.002043,0.000670
0.002145,0.000188,0.011374,0.007861,0.003622,0.142336,0.012441,0.007961
0.004153,0.000207,0.025756,0.008666,0.006960,0.222590,0.027392,0.008867
0.008278,0.000513,0.058254,0.024428,0.013635,0.538733,0.060175,0.024466
0.007954,0.001526,0.059346,0.074207,0.012576,2.178864,0.061124,0.075433
