vet-ins,vet-fnd,avl-ins,avl-fnd,hst-ins,hst-fnd,htr-ins,htr-fnd
0.000572,0.000021,0.001990,0.000704,0.000855,0.003284,0.002163,0.000706
0.002348,0.000188,0.011417,0.008142,0.003826,0.141459,0.012722,0.008147
0.004011,0.000204,0.025892,0.008787,0.006864,0.291193,0.027496,0.009195
0.008168,0.000496,0.058622,0.024886,0.013163,0.729865,0.060102,0.024970
0.007566,0.001465,0.058796,0.073386,0.012764,2.191707,0.061978,0.076623
