vet-ins,vet-fnd,avl-ins,avl-fnd,hst-ins,hst-fnd,htr-ins,htr-fnd
0.000556,0.000020,0.001875,0.000698,0.000822,0.003204,0.002057,0.000675
0.002412,0.000199,0.011553,0.008012,0.003715,0.143506,0.012487,0.008060
0.004044,0.000200,0.025669,0.008723,0.006705,0.222510,0.026441,0.008541
0.008083,0.000490,0.058612,0.024394,0.013720,0.544099,0.060038,0.024678
0.007974,0.001506,0.059875,0.075639,0.012583,2.173630,0.065394,0.075717
