vet-ins,vet-fnd,avl-ins,avl-fnd,hst-ins,hst-fnd,htr-ins,htr-fnd
0.001887,0.000064,0.005306,0.001832,0.002807,0.000129,0.003876,0.001052
0.006284,0.000364,0.014098,0.009320,0.005680,0.000545,0.010111,0.005701
0.006520,0.000266,0.026598,0.009677,0.010181,0.000535,0.022920,0.006475
0.012699,0.000658,0.060395,0.026471,0.020011,0.001527,0.052146,0.018112
0.016490,0.001996,0.062752,0.083682,0.019324,0.004092,0.053151,0.053903
