vet-ins,vet-fnd,avl-ins,avl-fnd,hst-ins,hst-fnd,htr-ins,htr-fnd
0.000568,0.000020,0.001893,0.000672,0.000844,0.003129,0.002077,0.000671
0.002373,0.000192,0.011357,0.007955,0.003743,0.143659,0.012705,0.008084
0.003884,0.000200,0.026842,0.009068,0.007366,0.226958,0.027568,0.009150
0.008588,0.000501,0.061737,0.025290,0.014184,0.547420,0.060510,0.024652
0.007850,0.001557,0.061026,0.074054,0.013242,1.649294,0.060177,0.072525
