vet-ins,vet-fnd,avl-ins,avl-fnd,hst-ins,hst-fnd,htr-ins,htr-fnd
0.000866,0.000031,0.003327,0.001266,0.002169,0.000094,0.002665,0.000766
0.005979,0.000430,0.017234,0.008671,0.005887,0.000539,0.010514,0.005448
0.006501,0.000267,0.027563,0.010973,0.012511,0.000580,0.024543,0.006211
0.013284,0.000668,0.060491,0.028319,0.022163,0.001351,0.057787,0.018252
0.016904,0.002046,0.066672,0.092183,0.024322,0.004801,0.058004,0.054570
