vet-ins,vet-fnd,avl-ins,avl-fnd,hst-ins,hst-fnd,htr-ins,htr-fnd
0.000551,0.000020,0.001977,0.000662,0.000792,0.003140,0.002046,0.000666
0.002338,0.000189,0.011594,0.007916,0.003688,0.141895,0.012595,0.008031
0.003988,0.000197,0.026503,0.008769,0.007103,0.221841,0.027066,0.008664
0.008258,0.000505,0.059189,0.024694,0.013673,0.542843,0.062095,0.025073
0.008050,0.001540,0.060245,0.073702,0.012324,2.192022,0.062351,0.074196
