vet-ins,vet-fnd,avl-ins,avl-fnd,hst-ins,hst-fnd,htr-ins,htr-fnd
0.000565,0.000020,0.001977,0.000705,0.000830,0.003184,0.002044,0.000668
0.002460,0.000194,0.011660,0.008145,0.003828,0.142973,0.012935,0.008151
0.004079,0.000205,0.025368,0.008663,0.007145,0.222681,0.026893,0.009029
0.008257,0.000509,0.058342,0.024538,0.014021,0.544645,0.060399,0.024360
0.007985,0.001534,0.059230,0.074315,0.012976,1.663726,0.059444,0.072423
