vet-ins,vet-fnd,avl-ins,avl-fnd,hst-ins,hst-fnd,htr-ins,htr-fnd
0.000527,0.000019,0.001895,0.000781,0.000794,0.003151,0.002060,0.000670
0.002317,0.000189,0.011357,0.007942,0.003676,0.143620,0.013060,0.008490
0.004130,0.000203,0.026014,0.008820,0.006873,0.224240,0.026736,0.008500
0.008171,0.000491,0.060714,0.025103,0.014122,0.565168,0.067360,0.025646
0.008160,0.001471,0.063252,0.073950,0.012547,2.202250,0.063108,0.076826
