vet-ins,vet-fnd,avl-ins,avl-fnd,hst-ins,hst-fnd,htr-ins,htr-fnd
0.000954,0.000033,0.002395,0.000926,0.001215,0.000054,0.001828,0.000586
0.003855,0.000262,0.013005,0.009477,0.005391,0.000540,0.010575,0.005743
0.006409,0.000263,0.025835,0.009332,0.010184,0.000541,0.022084,0.006005
0.012693,0.000661,0.058532,0.025990,0.019677,0.001359,0.052979,0.018898
0.016099,0.001971,0.058968,0.084408,0.019999,0.004117,0.053042,0.052933
