vet-ins,vet-fnd,avl-ins,avl-fnd,hst-ins,hst-fnd,htr-ins,htr-fnd
0.002064,0.000079,0.005771,0.002001,0.003346,0.000135,0.004035,0.001108
0.006423,0.000322,0.012433,0.008640,0.005901,0.000540,0.010451,0.005778
0.006444,0.000273,0.026123,0.009160,0.011241,0.000539,0.023311,0.006057
0.013234,0.000674,0.066481,0.026251,0.022340,0.001355,0.054494,0.018354
0.016662,0.002005,0.062166,0.079676,0.022432,0.004806,0.065962,0.066509
