vet-ins,vet-fnd,avl-ins,avl-fnd,hst-ins,hst-fnd,htr-ins,htr-fnd
0.002092,0.000079,0.005690,0.002072,0.003280,0.000135,0.004008,0.001088
0.004704,0.000281,0.012905,0.008643,0.005926,0.000539,0.010422,0.006427
0.006831,0.000268,0.028064,0.009216,0.011301,0.000539,0.023247,0.006062
0.013161,0.000701,0.061948,0.027532,0.021881,0.001365,0.054462,0.018132
0.018102,0.002323,0.062245,0.083208,0.021332,0.004478,0.060388,0.055411
