vet-ins,vet-fnd,avl-ins,avl-fnd,hst-ins,hst-fnd,htr-ins,htr-fnd
0.001931,0.000077,0.005790,0.002023,0.002981,0.000157,0.004209,0.001079
0.004692,0.000308,0.014079,0.009688,0.005663,0.000536,0.010488,0.005413
0.006270,0.000263,0.029624,0.010374,0.011460,0.000658,0.023736,0.006284
0.013899,0.000657,0.060248,0.026287,0.020732,0.001349,0.056355,0.019984
0.016883,0.001974,0.063968,0.082098,0.019031,0.004098,0.052614,0.053716
