vet-ins,vet-fnd,avl-ins,avl-fnd,hst-ins,hst-fnd,htr-ins,htr-fnd
0.002192,0.000073,0.005911,0.002027,0.003386,0.000147,0.004411,0.001181
0.004730,0.000267,0.012380,0.008637,0.005875,0.000542,0.010396,0.005460
0.006608,0.000269,0.029843,0.009966,0.011527,0.000539,0.023140,0.006064
0.013199,0.000668,0.058932,0.025683,0.021779,0.001350,0.055398,0.017860
0.016576,0.002039,0.063262,0.087145,0.021687,0.004373,0.057067,0.056261
