vet-ins,vet-fnd,avl-ins,avl-fnd,hst-ins,hst-fnd,htr-ins,htr-fnd
0.002156,0.000068,0.005999,0.002136,0.003261,0.000158,0.004314,0.001285
0.004833,0.000313,0.013915,0.009051,0.006204,0.000542,0.010512,0.006042
0.007245,0.000318,0.029333,0.010383,0.011831,0.000539,0.025662,0.006172
0.015108,0.000824,0.074442,0.031818,0.025172,0.001518,0.065029,0.022472
0.019184,0.002357,0.069542,0.102566,0.024213,0.004844,0.062885,0.067089
