vet-ins,vet-fnd,avl-ins,avl-fnd,hst-ins,hst-fnd,htr-ins,htr-fnd
0.002175,0.000066,0.005969,0.001880,0.002956,0.000134,0.004304,0.001123
0.004682,0.000324,0.012514,0.009134,0.005380,0.000541,0.010185,0.005760
0.006241,0.000263,0.027353,0.010665,0.011360,0.000667,0.024619,0.006244
0.012840,0.000769,0.060109,0.026805,0.020333,0.001366,0.055595,0.017741
0.016279,0.001966,0.060708,0.087925,0.020048,0.004131,0.052216,0.054517
