vet-ins,vet-fnd,avl-ins,avl-fnd,hst-ins,hst-fnd,htr-ins,htr-fnd
0.000554,0.000020,0.001957,0.000701,0.000838,0.003323,0.002163,0.000707
0.002373,0.000194,0.011314,0.007945,0.003663,0.144834,0.012520,0.007945
0.003999,0.000197,0.025802,0.008718,0.007038,0.223000,0.026714,0.008570
0.008079,0.000481,0.057921,0.024432,0.013336,0.545697,0.059574,0.024158
0.007539,0.001415,0.057743,0.072981,0.012301,2.190902,0.060212,0.074364
