vet-ins,vet-fnd,avl-ins,avl-fnd,hst-ins,hst-fnd,htr-ins,htr-fnd
0.000800,0.000027,0.002297,0.000912,0.001376,0.000063,0.001793,0.000514
0.003563,0.000268,0.013174,0.009034,0.005528,0.000632,0.010657,0.005398
0.006713,0.000262,0.026338,0.009253,0.011746,0.000633,0.024171,0.006027
0.013879,0.000689,0.064002,0.027093,0.022778,0.001635,0.059436,0.020649
0.018794,0.002315,0.069750,0.091721,0.021724,0.004815,0.059220,0.057076
