vet-ins,vet-fnd,avl-ins,avl-fnd,hst-ins,hst-fnd,htr-ins,htr-fnd
0.000963,0.000033,0.002463,0.000911,0.001342,0.000064,0.001857,0.000435
0.003839,0.000269,0.013844,0.009212,0.005810,0.000540,0.010704,0.005747
0.007181,0.000323,0.029252,0.010600,0.011531,0.000591,0.024798,0.006717
0.012649,0.000660,0.059125,0.026323,0.019672,0.001425,0.053448,0.017978
0.017136,0.001964,0.059741,0.087212,0.018928,0.004096,0.050853,0.054895
