vet-ins,vet-fnd,avl-ins,avl-fnd,hst-ins,hst-fnd,htr-ins,htr-fnd
0.002017,0.000078,0.005917,0.002017,0.003315,0.000158,0.004290,0.001146
0.004380,0.000267,0.012747,0.008703,0.005904,0.000540,0.010482,0.006187
0.007214,0.000268,0.027724,0.009242,0.011269,0.000539,0.023308,0.006061
0.013191,0.000680,0.064488,0.028651,0.021794,0.001364,0.054117,0.017853
0.018411,0.002202,0.062652,0.079486,0.021084,0.004050,0.057841,0.054588
