vet-ins,vet-fnd,avl-ins,avl-fnd,hst-ins,hst-fnd,htr-ins,htr-fnd
0.002035,0.000066,0.005548,0.002022,0.003089,0.000139,0.004104,0.001086
0.005878,0.000328,0.013510,0.008978,0.005391,0.000536,0.010356,0.005409
0.006273,0.000268,0.025472,0.009233,0.010160,0.000538,0.021803,0.006054
0.013106,0.000655,0.057871,0.026165,0.019960,0.001377,0.056302,0.020112
0.016132,0.001996,0.061345,0.083897,0.019722,0.004074,0.051445,0.052915
