vet-ins,vet-fnd,avl-ins,avl-fnd,hst-ins,hst-fnd,htr-ins,htr-fnd
0.000540,0.000019,0.001883,0.000693,0.000773,0.004208,0.002111,0.000704
0.002358,0.000188,0.011469,0.008040,0.003691,0.187864,0.012968,0.008331
0.004052,0.000201,0.025556,0.008834,0.007080,0.290926,0.028430,0.009310
0.008121,0.000492,0.058072,0.024525,0.013335,0.727607,0.061500,0.025607
0.007623,0.001478,0.058435,0.073292,0.013450,1.671437,0.059453,0.072052
