vet-ins,vet-fnd,avl-ins,avl-fnd,hst-ins,hst-fnd,htr-ins,htr-fnd
0.002117,0.000071,0.005825,0.002048,0.003131,0.000148,0.004298,0.001186
0.004156,0.000328,0.013285,0.009107,0.005636,0.000645,0.010048,0.005411
0.006533,0.000263,0.027148,0.009547,0.010564,0.000542,0.022717,0.005982
0.013635,0.000812,0.060824,0.027076,0.019986,0.001357,0.053660,0.018275
0.017020,0.002035,0.061396,0.086739,0.019962,0.004082,0.052722,0.053845
