vet-ins,vet-fnd,avl-ins,avl-fnd,hst-ins,hst-fnd,htr-ins,htr-fnd
0.000838,0.000031,0.003487,0.001165,0.002010,0.000095,0.002667,0.000763
0.005910,0.000383,0.017337,0.009384,0.005696,0.000540,0.010807,0.005718
0.006356,0.000262,0.027228,0.009622,0.010831,0.000540,0.022760,0.005954
0.014047,0.000781,0.066982,0.027198,0.020149,0.001350,0.054367,0.018197
0.017770,0.002204,0.065010,0.082644,0.021612,0.004503,0.054835,0.057899
