vet-ins,vet-fnd,avl-ins,avl-fnd,hst-ins,hst-fnd,htr-ins,htr-fnd
0.000832,0.000027,0.003156,0.001217,0.002147,0.000095,0.002458,0.000657
0.005441,0.000473,0.018380,0.008711,0.006262,0.000635,0.010504,0.005813
0.006508,0.000269,0.026733,0.009259,0.011229,0.000539,0.022987,0.006060
0.013247,0.000668,0.060238,0.025792,0.021818,0.001356,0.053309,0.018916
0.016640,0.002011,0.061779,0.079631,0.021141,0.004172,0.056133,0.055639
