vet-ins,vet-fnd,avl-ins,avl-fnd,hst-ins,hst-fnd,htr-ins,htr-fnd
0.001313,0.000047,0.003728,0.001164,0.001791,0.000075,0.002274,0.000605
0.005086,0.000371,0.017074,0.010389,0.006802,0.000565,0.011569,0.006668
0.007465,0.000324,0.030595,0.010485,0.012239,0.000634,0.025052,0.007696
0.013998,0.000668,0.069760,0.029759,0.024157,0.001577,0.057655,0.019407
0.017704,0.002007,0.065895,0.083535,0.023876,0.004820,0.060214,0.056685
