vet-ins,vet-fnd,avl-ins,avl-fnd,hst-ins,hst-fnd,htr-ins,htr-fnd
0.001967,0.000065,0.005263,0.001806,0.003026,0.000137,0.003908,0.001059
0.005651,0.000267,0.013221,0.009622,0.006295,0.000593,0.011759,0.005796
0.006811,0.000269,0.025981,0.009289,0.011747,0.000577,0.025140,0.007435
0.013134,0.000678,0.059678,0.025878,0.022833,0.001351,0.054625,0.018690
0.016908,0.002016,0.059939,0.080555,0.020815,0.004098,0.052964,0.057311
