vet-ins,vet-fnd,avl-ins,avl-fnd,hst-ins,hst-fnd,htr-ins,htr-fnd
0.000545,0.000020,0.001878,0.000672,0.000812,0.003185,0.002038,0.000758
0.002342,0.000188,0.011499,0.008126,0.003874,0.145819,0.014033,0.009179
0.004122,0.000206,0.026653,0.009026,0.007370,0.227152,0.029083,0.009524
0.008368,0.000530,0.061603,0.025439,0.014209,0.558839,0.064180,0.025357
0.007648,0.001478,0.062541,0.077967,0.012971,1.648818,0.060134,0.072735
