vet-ins,vet-fnd,avl-ins,avl-fnd,hst-ins,hst-fnd,htr-ins,htr-fnd
0.002904,0.000110,0.008224,0.002239,0.003144,0.000146,0.004343,0.001179
0.003881,0.000262,0.012859,0.009117,0.005384,0.000535,0.011707,0.005394
0.006308,0.000263,0.027699,0.009682,0.010739,0.000545,0.022575,0.005992
0.013012,0.000656,0.060341,0.026872,0.020010,0.001348,0.053637,0.018621
0.016368,0.002196,0.060230,0.083059,0.020392,0.004329,0.051251,0.053615
