vet-ins,vet-fnd,avl-ins,avl-fnd,hst-ins,hst-fnd,htr-ins,htr-fnd
0.000796,0.000027,0.002180,0.000753,0.001158,0.000055,0.001822,0.000547
0.003962,0.000309,0.013947,0.010034,0.006304,0.000637,0.011385,0.006010
0.006824,0.000330,0.028233,0.010516,0.010745,0.000540,0.024281,0.006624
0.014897,0.000795,0.069531,0.029870,0.022636,0.001587,0.056413,0.019093
0.017292,0.001970,0.062731,0.080439,0.019075,0.004543,0.052742,0.059530
