vet-ins,vet-fnd,avl-ins,avl-fnd,hst-ins,hst-fnd,htr-ins,htr-fnd
0.002158,0.000066,0.006002,0.001868,0.003122,0.000135,0.004207,0.001143
0.004626,0.000356,0.014806,0.010528,0.006476,0.000541,0.012076,0.006570
0.007270,0.000308,0.027408,0.009229,0.010550,0.000540,0.022500,0.006014
0.013118,0.000660,0.066358,0.027343,0.020320,0.001505,0.052896,0.018107
0.016168,0.001968,0.063285,0.079774,0.018591,0.004063,0.052907,0.058907
