vet-ins,vet-fnd,avl-ins,avl-fnd,hst-ins,hst-fnd,htr-ins,htr-fnd
0.000848,0.000031,0.003379,0.001294,0.002148,0.000095,0.002735,0.000770
0.005375,0.000406,0.016883,0.008661,0.005895,0.000537,0.010511,0.005462
0.006501,0.000268,0.026209,0.009191,0.011222,0.000537,0.023010,0.006051
0.013181,0.000676,0.059394,0.025763,0.021795,0.001353,0.054155,0.017839
0.016625,0.002012,0.060460,0.084763,0.020730,0.004100,0.053393,0.053590
