vet-ins,vet-fnd,avl-ins,avl-fnd,hst-ins,hst-fnd,htr-ins,htr-fnd
0.001361,0.000046,0.003274,0.001265,0.001967,0.000087,0.002355,0.000673
0.005661,0.000418,0.016805,0.009835,0.005402,0.000543,0.010034,0.005478
0.006822,0.000307,0.029052,0.010616,0.010156,0.000551,0.022212,0.006083
0.013704,0.000655,0.062048,0.026890,0.019647,0.001357,0.051827,0.018098
0.016983,0.001965,0.063269,0.079479,0.019134,0.004912,0.053075,0.059904
