vet-ins,vet-fnd,avl-ins,avl-fnd,hst-ins,hst-fnd,htr-ins,htr-fnd
0.000550,0.000020,0.001968,0.000701,0.000844,0.003294,0.002137,0.000703
0.002318,0.000188,0.011312,0.007844,0.003692,0.143043,0.012608,0.008334
0.004005,0.000202,0.025625,0.008658,0.007151,0.222969,0.027087,0.008789
0.008092,0.000491,0.059291,0.024312,0.013164,0.546475,0.058498,0.023938
0.007561,0.001454,0.059143,0.073174,0.013335,1.663983,0.060626,0.072778
