vet-ins,vet-fnd,avl-ins,avl-fnd,hst-ins,hst-fnd,htr-ins,htr-fnd
0.000926,0.000031,0.002368,0.000856,0.001749,0.000053,0.001938,0.000374
0.003704,0.000307,0.014581,0.009668,0.007443,0.000630,0.012290,0.003855
0.006364,0.000262,0.026036,0.009138,0.012709,0.000532,0.023723,0.003793
0.013098,0.000655,0.058815,0.025538,0.025055,0.001429,0.055503,0.012396
0.011808,0.001964,0.059147,0.077034,0.024217,0.004040,0.053682,0.036988
