vet-ins,vet-fnd,avl-ins,avl-fnd,hst-ins,hst-fnd,htr-ins,htr-fnd
0.002218,0.000081,0.006045,0.002160,0.003233,0.000149,0.004391,0.001189
0.004428,0.000332,0.014903,0.011005,0.006642,0.000630,0.012051,0.007143
0.007504,0.000309,0.031986,0.012027,0.011970,0.000629,0.027814,0.009583
0.014034,0.000800,0.076024,0.033800,0.023413,0.001603,0.068432,0.022486
0.020194,0.002302,0.072122,0.089036,0.019859,0.004356,0.061256,0.065385
