vet-ins,vet-fnd,avl-ins,avl-fnd,hst-ins,hst-fnd,htr-ins,htr-fnd
0.001217,0.000037,0.003013,0.001033,0.001750,0.000075,0.002241,0.000609
0.004070,0.000305,0.014300,0.009582,0.006857,0.000665,0.010642,0.006069
0.007270,0.000323,0.030382,0.010846,0.012543,0.000653,0.025313,0.006894
0.015047,0.000802,0.079064,0.032181,0.024609,0.001579,0.062748,0.021504
0.017839,0.002270,0.071111,0.090552,0.023360,0.004378,0.056176,0.057983
