vet-ins,vet-fnd,avl-ins,avl-fnd,hst-ins,hst-fnd,htr-ins,htr-fnd
0.000972,0.000032,0.003160,0.001042,0.001754,0.000075,0.002250,0.000608
0.004854,0.000371,0.017274,0.008912,0.005866,0.000542,0.010346,0.005476
0.006407,0.000269,0.025948,0.009542,0.011162,0.000538,0.025676,0.006284
0.013481,0.000668,0.059366,0.025633,0.021718,0.001348,0.053217,0.017976
0.016656,0.002005,0.059153,0.078010,0.021048,0.004037,0.052183,0.057372
