vet-ins,vet-fnd,avl-ins,avl-fnd,hst-ins,hst-fnd,htr-ins,htr-fnd
0.000542,0.000020,0.002005,0.000719,0.000859,0.003203,0.002102,0.000679
0.002379,0.000193,0.011644,0.008165,0.003555,0.143449,0.012908,0.008480
0.004073,0.000207,0.026791,0.009400,0.007299,0.224669,0.026878,0.008630
0.008038,0.000487,0.058062,0.024478,0.013663,0.553010,0.059813,0.024040
0.007972,0.001508,0.059912,0.076052,0.012602,2.181246,0.062299,0.076393
