vet-ins,vet-fnd,avl-ins,avl-fnd,hst-ins,hst-fnd,htr-ins,htr-fnd
0.000789,0.000026,0.002165,0.000872,0.001417,0.000066,0.001933,0.000446
0.003662,0.000262,0.013197,0.009108,0.005932,0.000540,0.010109,0.005506
0.006718,0.000263,0.026431,0.009462,0.010950,0.000540,0.022509,0.006085
0.014537,0.000832,0.063422,0.027069,0.020184,0.001362,0.053005,0.018053
0.018020,0.001972,0.061220,0.081539,0.020248,0.004665,0.052765,0.061432
