vet-ins,vet-fnd,avl-ins,avl-fnd,hst-ins,hst-fnd,htr-ins,htr-fnd
0.001003,0.000036,0.002186,0.000747,0.001261,0.000053,0.001760,0.000528
0.003948,0.000268,0.012833,0.009914,0.006755,0.000669,0.011488,0.006317
0.007145,0.000314,0.027258,0.009205,0.011236,0.000538,0.023246,0.006345
0.014546,0.000719,0.058960,0.025685,0.022341,0.001529,0.058519,0.018348
0.016566,0.002010,0.059829,0.085050,0.020705,0.004095,0.052207,0.058959
