vet-ins,vet-fnd,avl-ins,avl-fnd,hst-ins,hst-fnd,htr-ins,htr-fnd
0.002113,0.000072,0.005921,0.002068,0.003116,0.000147,0.004320,0.001172
0.003952,0.000307,0.013579,0.010137,0.006855,0.000798,0.012360,0.005953
0.007017,0.000263,0.026256,0.011157,0.011051,0.000540,0.023178,0.006414
0.013057,0.000656,0.062859,0.030668,0.021975,0.001670,0.056419,0.020124
0.017935,0.002318,0.064239,0.079301,0.018556,0.004046,0.053152,0.057977
