vet-ins,vet-fnd,avl-ins,avl-fnd,hst-ins,hst-fnd,htr-ins,htr-fnd
0.000532,0.000019,0.001983,0.000829,0.000984,0.004570,0.002213,0.000703
0.002695,0.000212,0.012263,0.008724,0.003709,0.194528,0.014370,0.008878
0.004638,0.000226,0.026797,0.010291,0.007094,0.295061,0.029350,0.009622
0.008207,0.000490,0.061896,0.025682,0.013579,0.742929,0.065745,0.026812
0.008367,0.001508,0.062367,0.077119,0.013698,1.697780,0.063435,0.076896
