vet-ins,vet-fnd,avl-ins,avl-fnd,hst-ins,hst-fnd,htr-ins,htr-fnd
0.000522,0.000019,0.001868,0.000670,0.000815,0.003127,0.002022,0.000672
0.002125,0.000199,0.011412,0.007914,0.003657,0.141622,0.012426,0.008101
0.004136,0.000206,0.025936,0.008997,0.006980,0.220278,0.026962,0.008937
0.008114,0.000490,0.058342,0.024395,0.013682,0.538201,0.060161,0.024859
0.007979,0.001519,0.060467,0.075147,0.012456,2.172721,0.060720,0.076192
