vet-ins,vet-fnd,avl-ins,avl-fnd,hst-ins,hst-fnd,htr-ins,htr-fnd
0.000948,0.000031,0.002576,0.000880,0.001362,0.000064,0.001893,0.000527
0.004037,0.000307,0.014576,0.010226,0.006325,0.000632,0.011934,0.006337
0.007176,0.000307,0.030848,0.010888,0.011883,0.000626,0.026310,0.006474
0.014958,0.000769,0.070199,0.030975,0.022991,0.001590,0.061597,0.021283
0.018293,0.002251,0.066592,0.092826,0.021371,0.004677,0.054456,0.054744
