vet-ins,vet-fnd,avl-ins,avl-fnd,hst-ins,hst-fnd,htr-ins,htr-fnd
0.000911,0.000031,0.002662,0.000753,0.001306,0.000063,0.001801,0.000483
0.003981,0.000307,0.014213,0.009077,0.005854,0.000535,0.010416,0.005396
0.006677,0.000263,0.026312,0.009263,0.010690,0.000536,0.022745,0.006130
0.013168,0.000664,0.063419,0.030119,0.022364,0.001377,0.052559,0.018246
0.016982,0.001979,0.061546,0.083840,0.020708,0.004155,0.051170,0.053463
