vet-ins,vet-fnd,avl-ins,avl-fnd,hst-ins,hst-fnd,htr-ins,htr-fnd
0.002042,0.000066,0.006010,0.001935,0.002973,0.000159,0.004155,0.001158
0.004349,0.000267,0.013975,0.010276,0.005990,0.000633,0.011290,0.005448
0.006335,0.000262,0.025811,0.009291,0.010191,0.000540,0.022129,0.006002
0.012601,0.000655,0.062420,0.026195,0.019648,0.001360,0.050988,0.018369
0.016083,0.001972,0.058531,0.078686,0.018607,0.004066,0.050645,0.053276
