vet-ins,vet-fnd,avl-ins,avl-fnd,hst-ins,hst-fnd,htr-ins,htr-fnd
0.000948,0.000031,0.002608,0.000886,0.001382,0.000064,0.001875,0.000509
0.004247,0.000308,0.014426,0.010227,0.006393,0.000632,0.011957,0.006405
0.007490,0.000307,0.030585,0.010872,0.012213,0.000638,0.025190,0.007120
0.014057,0.000772,0.067964,0.028639,0.020907,0.001357,0.053751,0.018558
0.016874,0.001971,0.061975,0.085768,0.020537,0.004596,0.058587,0.061714
