vet-ins,vet-fnd,avl-ins,avl-fnd,hst-ins,hst-fnd,htr-ins,htr-fnd
0.000934,0.000031,0.002562,0.000902,0.001392,0.000064,0.001915,0.000510
0.004225,0.000307,0.014608,0.010215,0.006311,0.000633,0.011745,0.006350
0.007283,0.000307,0.030445,0.010847,0.011891,0.000632,0.025718,0.007090
0.015015,0.000771,0.064463,0.027655,0.021644,0.001516,0.058102,0.020559
0.018053,0.001967,0.064949,0.084589,0.019794,0.004446,0.052060,0.057673
