vet-ins,vet-fnd,avl-ins,avl-fnd,hst-ins,hst-fnd,htr-ins,htr-fnd
0.002122,0.000075,0.006074,0.002041,0.003168,0.000146,0.004488,0.001188
0.004450,0.000262,0.012636,0.008702,0.005428,0.000541,0.010120,0.005410
0.006263,0.000263,0.025937,0.009235,0.010185,0.000536,0.022588,0.006043
0.013873,0.000744,0.064098,0.028375,0.021388,0.001346,0.053807,0.018558
0.016558,0.002229,0.063043,0.089490,0.020911,0.004748,0.057653,0.060806
