vet-ins,vet-fnd,avl-ins,avl-fnd,hst-ins,hst-fnd,htr-ins,htr-fnd
0.001928,0.000064,0.005417,0.001902,0.002981,0.000130,0.003889,0.001064
0.005981,0.000338,0.015062,0.011895,0.007063,0.000645,0.012587,0.006545
0.006939,0.000378,0.031957,0.011731,0.011696,0.000629,0.026139,0.007802
0.014197,0.000700,0.068695,0.027202,0.020906,0.001548,0.056235,0.020150
0.017427,0.001973,0.065578,0.086986,0.020633,0.004669,0.056179,0.057804
