vet-ins,vet-fnd,avl-ins,avl-fnd,hst-ins,hst-fnd,htr-ins,htr-fnd
0.000563,0.000019,0.001877,0.000666,0.000798,0.003222,0.002083,0.000667
0.002379,0.000196,0.011542,0.007983,0.003723,0.143645,0.012918,0.008190
0.004013,0.000201,0.026248,0.008904,0.007158,0.223348,0.027501,0.009023
0.008094,0.000502,0.059811,0.024617,0.013700,0.544654,0.060723,0.024540
0.007979,0.001519,0.059951,0.075400,0.012676,2.181838,0.066448,0.075696
