vet-ins,vet-fnd,avl-ins,avl-fnd,hst-ins,hst-fnd,htr-ins,htr-fnd
0.000930,0.000031,0.002621,0.000883,0.001356,0.000063,0.001874,0.000508
0.004192,0.000315,0.014611,0.010284,0.006379,0.000627,0.011898,0.006584
0.007489,0.000312,0.031893,0.012382,0.012104,0.000628,0.026748,0.007635
0.014967,0.000769,0.069001,0.026916,0.020162,0.001344,0.060424,0.022321
0.019838,0.002345,0.065669,0.081825,0.021059,0.004023,0.061948,0.062055
