vet-ins,vet-fnd,avl-ins,avl-fnd,hst-ins,hst-fnd,htr-ins,htr-fnd
0.000925,0.000031,0.002531,0.000883,0.001352,0.000064,0.001861,0.000511
0.004135,0.000314,0.014361,0.010286,0.006302,0.000634,0.011762,0.006366
0.006925,0.000328,0.030328,0.011115,0.011983,0.000635,0.025603,0.007061
0.014841,0.000768,0.068428,0.028384,0.020832,0.001544,0.057989,0.019936
0.018126,0.002379,0.064547,0.093151,0.021906,0.004769,0.060239,0.062515
