vet-ins,vet-fnd,avl-ins,avl-fnd,hst-ins,hst-fnd,htr-ins,htr-fnd
0.002037,0.000067,0.005743,0.001991,0.003294,0.000158,0.004158,0.001078
0.004689,0.000267,0.013062,0.008642,0.005889,0.000540,0.010436,0.005438
0.006861,0.000267,0.027048,0.009145,0.011228,0.000539,0.023339,0.006100
0.013105,0.000669,0.059882,0.030534,0.023371,0.001348,0.065425,0.022148
0.020137,0.002352,0.075454,0.096906,0.024111,0.004876,0.066864,0.066963
