vet-ins,vet-fnd,avl-ins,avl-fnd,hst-ins,hst-fnd,htr-ins,htr-fnd
0.000821,0.000027,0.002583,0.000749,0.001442,0.000067,0.001772,0.000442
0.003692,0.000268,0.012481,0.008672,0.005909,0.000539,0.010503,0.005462
0.007068,0.000268,0.026840,0.009524,0.011224,0.000542,0.022927,0.006069
0.013494,0.000668,0.062105,0.027276,0.022619,0.001606,0.059754,0.019054
0.016896,0.002009,0.063006,0.082927,0.021409,0.004078,0.053791,0.055947
