vet-ins,vet-fnd,avl-ins,avl-fnd,hst-ins,hst-fnd,htr-ins,htr-fnd
0.002124,0.000072,0.005935,0.002049,0.003112,0.000147,0.004320,0.001183
0.003910,0.000262,0.012847,0.009133,0.006404,0.000544,0.010759,0.005394
0.006356,0.000265,0.026794,0.009320,0.010350,0.000640,0.022607,0.006035
0.013107,0.000704,0.063770,0.028840,0.020913,0.001351,0.053082,0.018295
0.017375,0.001969,0.060382,0.080779,0.018808,0.004299,0.050983,0.054223
