vet-ins,vet-fnd,btr-ins,btr-fnd,hst-ins,hst-fnd,htr-ins,htr-fnd
0.002163,0.000073,0.006404,0.001978,0.003121,0.000148,0.004443,0.001185
0.004981,0.000315,0.015105,0.008518,0.005614,0.000548,0.010649,0.005881
0.006780,0.000268,0.028359,0.008948,0.010137,0.000545,0.022532,0.006011
0.012910,0.000677,0.064219,0.025247,0.019887,0.001362,0.055654,0.018188
0.017327,0.002008,0.064354,0.076837,0.018498,0.004082,0.051601,0.054332
