vet-ins,vet-fnd,btr-ins,btr-fnd,hst-ins,hst-fnd,htr-ins,htr-fnd
0.001942,0.000065,0.005646,0.001768,0.002799,0.000131,0.003846,0.001061
0.006229,0.000333,0.014270,0.008491,0.005397,0.000547,0.010108,0.005458
0.006415,0.000268,0.028248,0.009338,0.010150,0.000556,0.022046,0.006015
0.013466,0.000671,0.065671,0.025426,0.019514,0.001366,0.052068,0.017801
0.016463,0.002548,0.068233,0.077728,0.018505,0.004405,0.049812,0.052837
