vet-ins,vet-fnd,avl-ins,avl-fnd,hst-ins,hst-fnd,htr-ins,htr-fnd
0.000569,0.000021,0.001966,0.000699,0.000838,0.003320,0.002171,0.000704
0.002303,0.000188,0.011302,0.007822,0.003475,0.140351,0.012710,0.008020
0.004026,0.000200,0.025572,0.008631,0.007787,0.220394,0.026721,0.008644
0.008239,0.000642,0.058227,0.024329,0.013219,0.733026,0.061325,0.026055
0.007480,0.001472,0.059559,0.073823,0.013350,1.672167,0.061058,0.071272
