vet-ins,vet-fnd,avl-ins,avl-fnd,hst-ins,hst-fnd,htr-ins,htr-fnd
0.000951,0.000033,0.002543,0.000751,0.001295,0.000063,0.001867,0.000443
0.004286,0.000312,0.014180,0.009979,0.005976,0.000545,0.010899,0.005690
0.006254,0.000271,0.026171,0.009673,0.010444,0.000538,0.022813,0.006247
0.012729,0.000656,0.063690,0.026903,0.020287,0.001345,0.053280,0.018320
0.017295,0.002166,0.062626,0.082128,0.020271,0.004013,0.052582,0.055174
