vet-ins,vet-fnd,avl-ins,avl-fnd,hst-ins,hst-fnd,htr-ins,htr-fnd
0.000870,0.000032,0.003238,0.001033,0.001750,0.000076,0.002264,0.000602
0.005053,0.000382,0.017318,0.008816,0.005920,0.000540,0.010427,0.005453
0.006512,0.000278,0.027363,0.009427,0.011711,0.000543,0.022917,0.007125
0.013380,0.000668,0.059315,0.026407,0.023004,0.001588,0.058675,0.021122
0.016867,0.002015,0.060423,0.078127,0.020769,0.004047,0.053014,0.053728
