vet-ins,vet-fnd,avl-ins,avl-fnd,hst-ins,hst-fnd,htr-ins,htr-fnd
0.000549,0.000020,0.001907,0.000664,0.000781,0.004261,0.002148,0.000700
0.002349,0.000185,0.011402,0.007890,0.003625,0.186942,0.013198,0.008448
0.004103,0.000216,0.025876,0.008650,0.007089,0.291761,0.028184,0.009071
0.008159,0.000491,0.058096,0.024127,0.013251,0.727054,0.061277,0.025575
0.008021,0.001532,0.059779,0.074017,0.012955,2.186336,0.063060,0.077622
