vet-ins,vet-fnd,avl-ins,avl-fnd,hst-ins,hst-fnd,htr-ins,htr-fnd
0.000789,0.000027,0.002460,0.000857,0.001254,0.000063,0.001838,0.000436
0.003547,0.000263,0.013084,0.008737,0.005394,0.000542,0.010802,0.005604
0.006641,0.000308,0.026474,0.009641,0.011618,0.000540,0.025046,0.006773
0.013927,0.000794,0.059904,0.026551,0.020031,0.001419,0.053827,0.018462
0.018158,0.002227,0.060254,0.086807,0.021540,0.004784,0.053162,0.054431
