vet-ins,vet-fnd,avl-ins,avl-fnd,hst-ins,hst-fnd,htr-ins,htr-fnd
0.002144,0.000075,0.005655,0.002032,0.003253,0.000136,0.004271,0.001196
0.005219,0.000267,0.013410,0.008709,0.006281,0.000539,0.010452,0.005532
0.006655,0.000268,0.026381,0.009472,0.011498,0.000659,0.023028,0.006076
0.013786,0.000669,0.071270,0.030244,0.023923,0.001358,0.057320,0.018474
0.017445,0.002355,0.061329,0.083636,0.023414,0.004872,0.062304,0.055784
