vet-ins,vet-fnd,avl-ins,avl-fnd,hst-ins,hst-fnd,htr-ins,htr-fnd
0.000541,0.000019,0.001859,0.000665,0.000758,0.004171,0.002172,0.000709
0.002321,0.000187,0.011318,0.007902,0.003638,0.187512,0.013287,0.008515
0.004099,0.000209,0.026579,0.008893,0.007264,0.291655,0.028331,0.009166
0.008437,0.000510,0.058947,0.024923,0.013620,0.733350,0.060967,0.025623
0.007592,0.001430,0.057918,0.073416,0.013703,1.651896,0.064141,0.073201
