vet-ins,vet-fnd,avl-ins,avl-fnd,hst-ins,hst-fnd,htr-ins,htr-fnd
0.000829,0.000027,0.003014,0.001038,0.001734,0.000075,0.002254,0.000608
0.005006,0.000378,0.017260,0.009723,0.006666,0.000540,0.010359,0.005468
0.006648,0.000313,0.026166,0.009190,0.011226,0.000541,0.025183,0.006913
0.013123,0.000668,0.059675,0.026436,0.022077,0.001347,0.052609,0.017849
0.016569,0.002005,0.064872,0.079989,0.021010,0.004268,0.052713,0.055731
