vet-ins,vet-fnd,avl-ins,avl-fnd,hst-ins,hst-fnd,htr-ins,htr-fnd
0.000569,0.000020,0.001964,0.000697,0.000800,0.004364,0.002232,0.000740
0.002338,0.000187,0.011326,0.007955,0.003611,0.187090,0.013408,0.008467
0.004067,0.000202,0.025564,0.008629,0.006998,0.290333,0.028780,0.009169
0.008107,0.000494,0.059658,0.024807,0.013062,0.730022,0.062380,0.025139
0.007990,0.001514,0.059457,0.074169,0.013039,2.201222,0.082029,0.092300
