vet-ins,vet-fnd,avl-ins,avl-fnd,hst-ins,hst-fnd,htr-ins,htr-fnd
0.000552,0.000020,0.001959,0.000663,0.000784,0.004289,0.002134,0.000707
0.002359,0.000190,0.011508,0.007922,0.003680,0.190241,0.013550,0.008518
0.004216,0.000218,0.025988,0.009118,0.007209,0.224575,0.026867,0.008688
0.008132,0.000493,0.058926,0.024426,0.013510,0.546395,0.059944,0.024540
0.007622,0.001439,0.059883,0.073337,0.012736,2.222628,0.072282,0.084710
