vet-ins,vet-fnd,avl-ins,avl-fnd,hst-ins,hst-fnd,htr-ins,htr-fnd
0.000567,0.000020,0.001951,0.000694,0.000786,0.004370,0.002377,0.000720
0.002921,0.000198,0.014305,0.011207,0.003973,0.197494,0.014060,0.008832
0.004091,0.000205,0.027387,0.010030,0.006810,0.308523,0.034218,0.012246
0.009101,0.000543,0.073031,0.030462,0.015215,0.754330,0.063582,0.025425
0.007544,0.001485,0.060098,0.073694,0.012552,2.236113,0.060681,0.075325
