vet-ins,vet-fnd,avl-ins,avl-fnd,hst-ins,hst-fnd,htr-ins,htr-fnd
0.000550,0.000020,0.001961,0.000705,0.000800,0.004380,0.002228,0.000737
0.002315,0.000187,0.011332,0.007938,0.003639,0.190007,0.013419,0.008659
0.004134,0.000205,0.025449,0.008622,0.007245,0.223901,0.026431,0.008684
0.008355,0.000493,0.058821,0.024340,0.013851,0.549984,0.059649,0.024653
0.007921,0.001542,0.059562,0.073124,0.012438,2.194400,0.060014,0.075215
