vet-ins,vet-fnd,avl-ins,avl-fnd,hst-ins,hst-fnd,htr-ins,htr-fnd
0.000552,0.000020,0.001938,0.000674,0.000826,0.003252,0.002075,0.000718
0.002464,0.000195,0.011716,0.008124,0.003877,0.143472,0.013379,0.008380
0.004051,0.000201,0.026192,0.008855,0.006848,0.223675,0.026909,0.008534
0.008463,0.000502,0.059230,0.024862,0.013922,0.548224,0.061585,0.024601
0.007934,0.001504,0.059556,0.074922,0.013153,1.651035,0.058898,0.072120
