vet-ins,vet-fnd,avl-ins,avl-fnd,hst-ins,hst-fnd,htr-ins,htr-fnd
0.000828,0.000028,0.002205,0.000753,0.001465,0.000063,0.001795,0.000438
0.003675,0.000267,0.012518,0.008662,0.005879,0.000539,0.010399,0.005476
0.006514,0.000268,0.026269,0.009836,0.011598,0.000540,0.025338,0.006595
0.013826,0.000668,0.059759,0.026302,0.022013,0.001450,0.055743,0.019890
0.016923,0.002118,0.062423,0.080613,0.021118,0.004103,0.056479,0.054262
