vet-ins,vet-fnd,avl-ins,avl-fnd,hst-ins,hst-fnd,htr-ins,htr-fnd
0.001276,0.000048,0.003575,0.001113,0.002106,0.000094,0.002585,0.000668
0.005419,0.000402,0.018040,0.009861,0.005895,0.000538,0.010645,0.006123
0.006566,0.000280,0.026220,0.010404,0.012597,0.000538,0.023460,0.006177
0.013440,0.000670,0.061043,0.025953,0.022267,0.001343,0.054908,0.018112
0.016858,0.002014,0.061157,0.081433,0.023162,0.004502,0.053849,0.055575
