vet-ins,vet-fnd,avl-ins,avl-fnd,hst-ins,hst-fnd,htr-ins,htr-fnd
0.000564,0.000020,0.001968,0.000686,0.000789,0.004332,0.002201,0.000730
0.002405,0.000186,0.011546,0.008025,0.003671,0.188752,0.013262,0.008742
0.003959,0.000205,0.025826,0.008687,0.007016,0.289375,0.028311,0.009205
0.008127,0.000489,0.058694,0.024868,0.013182,0.722595,0.061901,0.025652
0.008055,0.001514,0.059629,0.074479,0.013557,1.654133,0.061385,0.073506
