vet-ins,vet-fnd,avl-ins,avl-fnd,hst-ins,hst-fnd,htr-ins,htr-fnd
0.002052,0.000078,0.005652,0.002059,0.003256,0.000135,0.004132,0.001123
0.004562,0.000286,0.012484,0.008876,0.005951,0.000538,0.010842,0.006261
0.007364,0.000314,0.029254,0.009595,0.011678,0.000538,0.023485,0.006453
0.013502,0.000670,0.060978,0.025578,0.023062,0.001436,0.057132,0.017887
0.018412,0.002362,0.064124,0.078254,0.020737,0.004035,0.056807,0.059782
