vet-ins,vet-fnd,avl-ins,avl-fnd,hst-ins,hst-fnd,htr-ins,htr-fnd
0.000928,0.000032,0.002527,0.000751,0.001315,0.000063,0.001919,0.000572
0.004086,0.000320,0.013970,0.009989,0.005687,0.000580,0.011022,0.005403
0.006565,0.000315,0.026817,0.010912,0.012145,0.000653,0.026085,0.007123
0.014811,0.000798,0.068451,0.029431,0.022961,0.001626,0.060094,0.020734
0.018034,0.002141,0.070167,0.093723,0.021739,0.004721,0.058889,0.062105
