vet-ins,vet-fnd,avl-ins,avl-fnd,hst-ins,hst-fnd,htr-ins,htr-fnd
0.002190,0.000073,0.005903,0.002032,0.003383,0.000147,0.004382,0.001189
0.004566,0.000272,0.012808,0.009552,0.005931,0.000539,0.011967,0.006583
0.007214,0.000268,0.028398,0.009557,0.012841,0.000631,0.025426,0.006806
0.013093,0.000669,0.059984,0.027862,0.022533,0.001354,0.053898,0.018235
0.016997,0.002225,0.061122,0.080273,0.021425,0.004099,0.053358,0.055589
