vet-ins,vet-fnd,avl-ins,avl-fnd,hst-ins,hst-fnd,htr-ins,htr-fnd
0.002105,0.000071,0.005887,0.002050,0.003111,0.000145,0.004312,0.001178
0.004091,0.000262,0.012675,0.009042,0.005632,0.000688,0.010639,0.005741
0.006156,0.000263,0.026246,0.009280,0.010386,0.000626,0.022189,0.006303
0.012737,0.000656,0.060083,0.025962,0.020920,0.001336,0.052143,0.017696
0.016134,0.001977,0.058821,0.082371,0.021367,0.004520,0.053905,0.052778
