vet-ins,vet-fnd,avl-ins,avl-fnd,hst-ins,hst-fnd,htr-ins,htr-fnd
0.002088,0.000066,0.005895,0.001908,0.003028,0.000142,0.004249,0.001083
0.005001,0.000263,0.014027,0.009740,0.005708,0.000542,0.010126,0.005468
0.006553,0.000262,0.026512,0.009304,0.010161,0.000540,0.022050,0.006056
0.013164,0.000655,0.061839,0.027912,0.019949,0.001354,0.057322,0.018018
0.017433,0.001974,0.061405,0.086923,0.019410,0.004109,0.053775,0.058041
