vet-ins,vet-fnd,avl-ins,avl-fnd,hst-ins,hst-fnd,htr-ins,htr-fnd
0.000890,0.000031,0.002488,0.000837,0.001407,0.000053,0.001671,0.000509
0.003763,0.000319,0.014276,0.009579,0.005381,0.000536,0.011328,0.005423
0.006437,0.000266,0.031093,0.009994,0.010340,0.000536,0.023221,0.006009
0.013012,0.000684,0.068344,0.028723,0.020666,0.001361,0.055837,0.018603
0.016912,0.002000,0.062055,0.080245,0.018770,0.004200,0.051588,0.056997
