vet-ins,vet-fnd,avl-ins,avl-fnd,hst-ins,hst-fnd,htr-ins,htr-fnd
0.000562,0.000020,0.002284,0.000686,0.000767,0.004288,0.002471,0.000713
0.002467,0.000192,0.013323,0.007953,0.003577,0.193427,0.013806,0.008910
0.004208,0.000240,0.030554,0.009171,0.007494,0.235176,0.032741,0.009945
0.008474,0.000493,0.073159,0.026133,0.014506,0.567892,0.063430,0.025773
0.007846,0.001469,0.067984,0.078598,0.012788,2.215820,0.068986,0.083998
