vet-ins,vet-fnd,avl-ins,avl-fnd,hst-ins,hst-fnd,htr-ins,htr-fnd
0.000826,0.000027,0.002499,0.000851,0.001354,0.000064,0.001863,0.000436
0.003673,0.000272,0.012455,0.008635,0.005892,0.000540,0.010737,0.005454
0.006401,0.000268,0.026701,0.009151,0.011584,0.000542,0.023784,0.006774
0.013247,0.000668,0.058783,0.026162,0.024601,0.001413,0.055534,0.017811
0.018589,0.002132,0.060627,0.081099,0.021959,0.004597,0.054120,0.056856
