vet-ins,vet-fnd,avl-ins,avl-fnd,hst-ins,hst-fnd,htr-ins,htr-fnd
0.000529,0.000019,0.002305,0.000674,0.000952,0.004380,0.002179,0.000709
0.002338,0.000268,0.012973,0.009015,0.003918,0.194480,0.014323,0.009137
0.004187,0.000200,0.026887,0.010341,0.007439,0.297354,0.036160,0.010707
0.008621,0.000525,0.066216,0.026941,0.013673,0.749163,0.073725,0.028080
0.008375,0.001511,0.069117,0.083212,0.013947,1.728023,0.075998,0.085523
