vet-ins,vet-fnd,avl-ins,avl-fnd,hst-ins,hst-fnd,htr-ins,htr-fnd
0.001064,0.000044,0.003088,0.001045,0.001615,0.000076,0.002253,0.000609
0.004831,0.000364,0.017134,0.009228,0.005553,0.000546,0.010406,0.005494
0.006264,0.000262,0.026978,0.009656,0.010176,0.000542,0.025483,0.006318
0.013060,0.000656,0.060807,0.026534,0.020661,0.001602,0.054664,0.018898
0.016409,0.002282,0.060839,0.079271,0.018983,0.004481,0.051667,0.056901
