vet-ins,vet-fnd,avl-ins,avl-fnd,hst-ins,hst-fnd,htr-ins,htr-fnd
0.000566,0.000019,0.001865,0.000667,0.000763,0.004372,0.002152,0.000706
0.002393,0.000197,0.011485,0.007994,0.003800,0.193564,0.014217,0.009020
0.004103,0.000206,0.027843,0.009623,0.007714,0.305372,0.028482,0.009139
0.008281,0.000502,0.061310,0.027315,0.013600,0.772322,0.075368,0.028857
0.007681,0.001459,0.060013,0.078869,0.013295,2.196894,0.067683,0.084535
