vet-ins,vet-fnd,avl-ins,avl-fnd,hst-ins,hst-fnd,htr-ins,htr-fnd
0.000952,0.000031,0.002540,0.000807,0.001391,0.000067,0.001701,0.000510
0.003960,0.000308,0.014144,0.009458,0.005407,0.000550,0.010142,0.005747
0.006166,0.000264,0.026308,0.010046,0.010206,0.000541,0.022900,0.006378
0.012790,0.000655,0.064290,0.027989,0.020074,0.001352,0.054903,0.019830
0.017026,0.001968,0.060881,0.081895,0.019019,0.004016,0.052181,0.054057
