vet-ins,vet-fnd,avl-ins,avl-fnd,hst-ins,hst-fnd,htr-ins,htr-fnd
0.000929,0.000033,0.002331,0.000883,0.001398,0.000071,0.001715,0.000511
0.004108,0.000263,0.012352,0.009153,0.005396,0.000535,0.010094,0.005757
0.006262,0.000263,0.026300,0.009615,0.010165,0.000546,0.022550,0.006364
0.014057,0.000722,0.062683,0.028433,0.021411,0.001342,0.053115,0.017829
0.017227,0.002040,0.060818,0.083427,0.019898,0.004128,0.053553,0.054063
