vet-ins,vet-fnd,avl-ins,avl-fnd,hst-ins,hst-fnd,htr-ins,htr-fnd
0.000562,0.000020,0.001997,0.000702,0.000808,0.004419,0.002249,0.000747
0.002384,0.000186,0.011521,0.007994,0.003658,0.187208,0.013431,0.008534
0.004071,0.000201,0.025763,0.008677,0.006745,0.290988,0.028596,0.009574
0.008157,0.000497,0.059986,0.024960,0.013358,0.733694,0.062084,0.025700
0.007539,0.001447,0.059433,0.074139,0.013300,1.664670,0.059760,0.072742
