vet-ins,vet-fnd,avl-ins,avl-fnd,hst-ins,hst-fnd,htr-ins,htr-fnd
0.000817,0.000027,0.002182,0.000750,0.001255,0.000054,0.001807,0.000524
0.003960,0.000282,0.012418,0.008690,0.006230,0.000538,0.010304,0.005468
0.006620,0.000267,0.026457,0.009549,0.011224,0.000538,0.022953,0.006057
0.013101,0.000669,0.058667,0.026069,0.021796,0.001367,0.055336,0.019551
0.016932,0.002046,0.059794,0.087264,0.021016,0.004878,0.055704,0.053087
