vet-ins,vet-fnd,avl-ins,avl-fnd,hst-ins,hst-fnd,htr-ins,htr-fnd
0.000793,0.000032,0.002356,0.000753,0.001317,0.000080,0.001864,0.000443
0.003427,0.000263,0.013451,0.009217,0.006008,0.000540,0.010669,0.005448
0.006797,0.000263,0.026831,0.009636,0.010337,0.000541,0.024463,0.006552
0.012735,0.000655,0.061609,0.029915,0.022222,0.001581,0.055954,0.020913
0.018760,0.002308,0.070072,0.092135,0.022388,0.004772,0.058891,0.061711
