vet-ins,vet-fnd,avl-ins,avl-fnd,hst-ins,hst-fnd,htr-ins,htr-fnd
0.002185,0.000073,0.005868,0.001810,0.003028,0.000147,0.003926,0.001052
0.006015,0.000313,0.014353,0.008954,0.006110,0.000660,0.010782,0.005497
0.006549,0.000272,0.026443,0.009203,0.011230,0.000539,0.022897,0.006070
0.014683,0.000783,0.065027,0.025642,0.021767,0.001347,0.053600,0.017762
0.018140,0.002099,0.060486,0.081831,0.021210,0.004056,0.053642,0.054433
