vet-ins,vet-fnd,avl-ins,avl-fnd,hst-ins,hst-fnd,htr-ins,htr-fnd
0.000572,0.000020,0.001995,0.000704,0.000811,0.004438,0.002239,0.000739
0.002349,0.000215,0.011455,0.007977,0.003651,0.187150,0.013284,0.008413
0.004092,0.000201,0.026251,0.008801,0.007066,0.290582,0.028280,0.009036
0.008194,0.000488,0.058617,0.024698,0.012929,0.731207,0.060799,0.025589
0.007626,0.001422,0.058064,0.073277,0.013638,1.657956,0.061282,0.072477
