vet-ins,vet-fnd,avl-ins,avl-fnd,hst-ins,hst-fnd,htr-ins,htr-fnd
0.000553,0.000020,0.001887,0.000673,0.000771,0.004461,0.002132,0.000705
0.002371,0.000195,0.011895,0.008197,0.003695,0.192718,0.014052,0.008690
0.004208,0.000203,0.026857,0.010646,0.007311,0.297053,0.029610,0.009385
0.008187,0.000486,0.059625,0.025429,0.013454,0.737831,0.067134,0.027411
0.007583,0.001514,0.060666,0.075917,0.013750,1.679695,0.060067,0.072607
