vet-ins,vet-fnd,avl-ins,avl-fnd,hst-ins,hst-fnd,htr-ins,htr-fnd
0.002044,0.000071,0.005603,0.001922,0.003230,0.000142,0.003931,0.000975
0.005117,0.000313,0.014055,0.009222,0.006663,0.000633,0.010915,0.005655
0.006823,0.000268,0.028929,0.010404,0.012613,0.000631,0.026671,0.007559
0.015006,0.000783,0.073159,0.031419,0.025519,0.001397,0.061292,0.019684
0.018299,0.002008,0.069413,0.089052,0.022833,0.004546,0.060227,0.061350
