vet-ins,vet-fnd,avl-ins,avl-fnd,hst-ins,hst-fnd,htr-ins,htr-fnd
0.000923,0.000032,0.002405,0.000826,0.001474,0.000054,0.001663,0.000510
0.003971,0.000268,0.012335,0.009083,0.006092,0.000540,0.010219,0.005440
0.006963,0.000268,0.026968,0.011531,0.011962,0.000539,0.022477,0.006742
0.013119,0.000668,0.058691,0.025571,0.022224,0.001619,0.052934,0.017948
0.016683,0.002004,0.059358,0.077794,0.020712,0.004076,0.051646,0.057129
