vet-ins,vet-fnd,avl-ins,avl-fnd,hst-ins,hst-fnd,htr-ins,htr-fnd
0.000555,0.000021,0.001949,0.000667,0.000796,0.003225,0.002051,0.000694
0.002343,0.000188,0.011312,0.007839,0.003660,0.141355,0.012802,0.008140
0.003820,0.000197,0.026214,0.008967,0.007360,0.227775,0.027417,0.008843
0.008340,0.000504,0.059247,0.024618,0.013614,0.541406,0.060093,0.024643
0.007542,0.001457,0.058111,0.073382,0.012900,1.660897,0.059709,0.072783
