vet-ins,vet-fnd,avl-ins,avl-fnd,hst-ins,hst-fnd,htr-ins,htr-fnd
0.002190,0.000073,0.005918,0.002035,0.003387,0.000147,0.004420,0.001186
0.004545,0.000300,0.014189,0.009706,0.006799,0.000660,0.011519,0.006413
0.006429,0.000268,0.028492,0.009242,0.011355,0.000539,0.023199,0.006038
0.013456,0.000669,0.061944,0.026592,0.022416,0.001351,0.053162,0.017803
0.017217,0.002019,0.064875,0.080001,0.021738,0.004049,0.052579,0.052980
