vet-ins,vet-fnd,avl-ins,avl-fnd,hst-ins,hst-fnd,htr-ins,htr-fnd
0.000832,0.000027,0.002166,0.000752,0.001263,0.000054,0.001597,0.000486
0.003885,0.000267,0.012349,0.008654,0.005926,0.000541,0.010220,0.005439
0.006647,0.000282,0.027654,0.009187,0.011976,0.000539,0.022490,0.006050
0.013173,0.000669,0.062233,0.029643,0.024926,0.001354,0.055787,0.018974
0.016602,0.002361,0.065685,0.079782,0.020764,0.004144,0.054393,0.056037
