vet-ins,vet-fnd,avl-ins,avl-fnd,hst-ins,hst-fnd,htr-ins,htr-fnd
0.001082,0.000045,0.003218,0.001043,0.001739,0.000075,0.002211,0.000610
0.005022,0.000377,0.017057,0.009300,0.005922,0.000541,0.010313,0.005449
0.008144,0.000314,0.027522,0.009253,0.011983,0.000539,0.022663,0.006065
0.013077,0.000668,0.060794,0.028742,0.024147,0.001351,0.057525,0.018124
0.016598,0.002005,0.059670,0.082781,0.021146,0.004046,0.056164,0.053549
