vet-ins,vet-fnd,avl-ins,avl-fnd,hst-ins,hst-fnd,htr-ins,htr-fnd
0.000964,0.000033,0.002539,0.000921,0.001275,0.000054,0.001915,0.000435
0.003656,0.000267,0.012557,0.008643,0.006300,0.000547,0.010421,0.005451
0.006506,0.000268,0.026866,0.010978,0.011651,0.000540,0.023473,0.006261
0.014398,0.000795,0.060586,0.028686,0.023455,0.001361,0.057498,0.018364
0.016814,0.002386,0.061207,0.080807,0.020778,0.004057,0.055648,0.061161
