vet-ins,vet-fnd,avl-ins,avl-fnd,hst-ins,hst-fnd,htr-ins,htr-fnd
0.000560,0.000020,0.001898,0.000664,0.000807,0.004254,0.002158,0.000708
0.002221,0.000191,0.011404,0.007936,0.003674,0.188540,0.018671,0.013161
0.004225,0.000205,0.026120,0.009017,0.007105,0.290172,0.028694,0.009099
0.008037,0.000488,0.058164,0.024289,0.013820,0.540769,0.060417,0.024587
0.007586,0.001433,0.058315,0.073109,0.012680,2.178510,0.062243,0.076247
