vet-ins,vet-fnd,avl-ins,avl-fnd,hst-ins,hst-fnd,htr-ins,htr-fnd
0.002115,0.000071,0.005862,0.002038,0.003122,0.000148,0.004297,0.001178
0.004574,0.000331,0.014960,0.010528,0.006430,0.000633,0.012192,0.006725
0.007541,0.000307,0.031649,0.011608,0.012059,0.000640,0.027190,0.007574
0.015120,0.000806,0.069111,0.029683,0.022240,0.001500,0.061115,0.020248
0.018725,0.002235,0.076055,0.094930,0.021369,0.004521,0.063643,0.074339
