vet-ins,vet-fnd,avl-ins,avl-fnd,hst-ins,hst-fnd,htr-ins,htr-fnd
0.001068,0.000038,0.003011,0.001035,0.001749,0.000075,0.002228,0.000610
0.005009,0.000373,0.017219,0.008911,0.005898,0.000541,0.010400,0.005451
0.006410,0.000269,0.026525,0.010585,0.012242,0.000537,0.023206,0.006739
0.013250,0.000671,0.059772,0.025889,0.023517,0.001343,0.055829,0.023141
0.017602,0.002232,0.072999,0.101822,0.023839,0.004827,0.065666,0.062061
