vet-ins,vet-fnd,avl-ins,avl-fnd,hst-ins,hst-fnd,htr-ins,htr-fnd
0.000565,0.000020,0.001970,0.000694,0.000858,0.003314,0.002162,0.000882
0.002379,0.000186,0.011316,0.007877,0.003746,0.142150,0.012584,0.007998
0.003876,0.000203,0.025642,0.008783,0.007105,0.224771,0.026819,0.008676
0.008307,0.000502,0.058772,0.024286,0.013372,0.543322,0.058975,0.024135
0.007695,0.001457,0.058823,0.073782,0.012691,2.328053,0.061500,0.075837
