vet-ins,vet-fnd,avl-ins,avl-fnd,hst-ins,hst-fnd,htr-ins,htr-fnd
0.002140,0.000072,0.005976,0.002079,0.003194,0.000147,0.004356,0.001201
0.004528,0.000308,0.014761,0.010502,0.006348,0.000633,0.012273,0.006460
0.007335,0.000308,0.030950,0.011395,0.012215,0.000648,0.027696,0.007621
0.014844,0.000805,0.072790,0.032243,0.021619,0.001348,0.060328,0.021600
0.020355,0.002365,0.078013,0.104464,0.022127,0.004818,0.067561,0.069174
