vet-ins,vet-fnd,avl-ins,avl-fnd,hst-ins,hst-fnd,htr-ins,htr-fnd
0.000823,0.000027,0.002181,0.000747,0.001263,0.000054,0.001623,0.000436
0.003677,0.000268,0.012393,0.008651,0.005884,0.000539,0.010802,0.005442
0.006508,0.000269,0.025965,0.009177,0.011232,0.000539,0.022778,0.006067
0.013537,0.000673,0.065887,0.026198,0.021756,0.001345,0.053144,0.018193
0.019807,0.002398,0.067054,0.078670,0.020761,0.004067,0.053676,0.061810
