vet-ins,vet-fnd,avl-ins,avl-fnd,hst-ins,hst-fnd,htr-ins,htr-fnd
0.000822,0.000027,0.002758,0.001073,0.001748,0.000075,0.002228,0.000611
0.005039,0.000371,0.016725,0.008982,0.005922,0.000540,0.010307,0.005473
0.006503,0.000268,0.025901,0.009636,0.011291,0.000539,0.022581,0.006078
0.013102,0.000669,0.059680,0.030629,0.023010,0.001349,0.055013,0.017887
0.016570,0.002046,0.061248,0.085754,0.022343,0.004059,0.052393,0.053653
