vet-ins,vet-fnd,avl-ins,avl-fnd,hst-ins,hst-fnd,htr-ins,htr-fnd
0.000558,0.000018,0.001904,0.000657,0.000791,0.003230,0.002123,0.000667
0.002319,0.000187,0.011672,0.008017,0.003689,0.142128,0.012727,0.008098
0.004005,0.000233,0.025934,0.008811,0.007575,0.228482,0.026987,0.010985
0.008062,0.000490,0.060461,0.025621,0.012877,0.737815,0.064204,0.025294
0.008479,0.001643,0.067867,0.080896,0.012854,2.229500,0.067574,0.087706
