vet-ins,vet-fnd,avl-ins,avl-fnd,hst-ins,hst-fnd,htr-ins,htr-fnd
0.000536,0.000019,0.001881,0.000668,0.000780,0.004255,0.002205,0.000731
0.002383,0.000187,0.011527,0.007919,0.003614,0.190155,0.013908,0.008868
0.004051,0.000202,0.026346,0.008841,0.006995,0.292335,0.028467,0.010021
0.008197,0.000488,0.060870,0.025800,0.013943,0.547939,0.061279,0.024530
0.008009,0.001518,0.062388,0.075648,0.013771,1.688467,0.064758,0.073190
