vet-ins,vet-fnd,avl-ins,avl-fnd,hst-ins,hst-fnd,htr-ins,htr-fnd
0.000547,0.000020,0.001916,0.000669,0.000789,0.004228,0.002148,0.000713
0.002341,0.000197,0.011608,0.008221,0.003700,0.189770,0.013506,0.008645
0.004032,0.000204,0.025335,0.008749,0.007265,0.222795,0.026492,0.008703
0.008267,0.000486,0.061518,0.025702,0.013239,0.553536,0.061229,0.024481
0.007548,0.001439,0.060915,0.076034,0.012863,2.184034,0.061662,0.076410
