vet-ins,vet-fnd,avl-ins,avl-fnd,hst-ins,hst-fnd,htr-ins,htr-fnd
0.002095,0.000066,0.005837,0.001959,0.003027,0.000144,0.004232,0.001207
0.004605,0.000263,0.012410,0.008741,0.005398,0.000538,0.010063,0.005446
0.006181,0.000267,0.026024,0.009260,0.010180,0.000549,0.021975,0.005988
0.014361,0.000662,0.065766,0.028932,0.021240,0.001346,0.059697,0.020656
0.016649,0.001969,0.060932,0.083444,0.018972,0.004092,0.050666,0.053387
