vet-ins,vet-fnd,avl-ins,avl-fnd,hst-ins,hst-fnd,htr-ins,htr-fnd
0.000818,0.000026,0.002185,0.000749,0.001256,0.000055,0.001853,0.000551
0.003919,0.000267,0.012409,0.009389,0.005946,0.000546,0.010443,0.006542
0.006917,0.000314,0.026728,0.009255,0.011215,0.000539,0.022735,0.006082
0.013057,0.000668,0.058694,0.026303,0.021769,0.001346,0.053263,0.018211
0.018435,0.002425,0.061528,0.078631,0.021117,0.004082,0.055753,0.057210
