vet-ins,vet-fnd,avl-ins,avl-fnd,hst-ins,hst-fnd,htr-ins,htr-fnd
0.002246,0.000082,0.005616,0.001820,0.002846,0.000130,0.004143,0.001437
0.004629,0.000319,0.015194,0.011250,0.006240,0.000628,0.012739,0.006280
0.007445,0.000311,0.032894,0.012137,0.012157,0.000704,0.027098,0.007060
0.012989,0.000662,0.061670,0.028294,0.020082,0.001522,0.055040,0.019369
0.016968,0.002008,0.061540,0.084103,0.021364,0.004639,0.053201,0.053838
