vet-ins,vet-fnd,avl-ins,avl-fnd,hst-ins,hst-fnd,htr-ins,htr-fnd
0.001353,0.000043,0.003029,0.001042,0.001747,0.000075,0.002258,0.000603
0.004848,0.000372,0.016781,0.008745,0.006158,0.000539,0.010422,0.005463
0.006799,0.000313,0.028143,0.009508,0.011338,0.000539,0.022804,0.006063
0.014655,0.000797,0.059527,0.026224,0.024344,0.001347,0.054144,0.018695
0.016927,0.002009,0.063684,0.082974,0.021405,0.004070,0.052671,0.053402
