vet-ins,vet-fnd,avl-ins,avl-fnd,hst-ins,hst-fnd,htr-ins,htr-fnd
0.000525,0.000019,0.001883,0.000664,0.000783,0.004357,0.002166,0.000724
0.002336,0.000188,0.011534,0.007913,0.003592,0.195261,0.015449,0.009350
0.004385,0.000203,0.026430,0.009411,0.007439,0.293321,0.029929,0.010127
0.008244,0.000520,0.070047,0.026852,0.013134,0.736153,0.063874,0.026036
0.007627,0.001452,0.058848,0.074088,0.012867,2.212260,0.067277,0.080415
