vet-ins,vet-fnd,avl-ins,avl-fnd,hst-ins,hst-fnd,htr-ins,htr-fnd
0.001887,0.000064,0.005218,0.001944,0.002863,0.000131,0.003925,0.001176
0.005523,0.000328,0.012778,0.008813,0.005419,0.000542,0.010949,0.005704
0.006291,0.000263,0.026010,0.009705,0.010213,0.000539,0.022423,0.006034
0.013700,0.000655,0.060658,0.026343,0.019670,0.001351,0.054256,0.020068
0.016656,0.002186,0.068434,0.079919,0.018960,0.004082,0.052420,0.060296
