vet-ins,vet-fnd,avl-ins,avl-fnd,hst-ins,hst-fnd,htr-ins,htr-fnd
0.000537,0.000020,0.001878,0.000670,0.000811,0.003057,0.002045,0.000678
0.002356,0.000187,0.011334,0.007946,0.003741,0.142922,0.013190,0.008392
0.003924,0.000200,0.025865,0.008908,0.007083,0.221374,0.026536,0.008734
0.008322,0.000505,0.058580,0.024311,0.013633,0.543318,0.060436,0.024885
0.007939,0.001528,0.059485,0.074239,0.012680,1.637579,0.060380,0.072201
