vet-ins,vet-fnd,avl-ins,avl-fnd,hst-ins,hst-fnd,htr-ins,htr-fnd
0.000906,0.000026,0.002387,0.000912,0.001203,0.000063,0.001862,0.000435
0.003854,0.000267,0.013726,0.009143,0.005388,0.000535,0.010367,0.005603
0.006316,0.000307,0.026797,0.009267,0.010456,0.000535,0.023361,0.006653
0.012667,0.000672,0.059202,0.026579,0.020230,0.001601,0.052705,0.020314
0.016156,0.001969,0.062807,0.085310,0.019595,0.004385,0.050694,0.052581
