vet-ins,vet-fnd,avl-ins,avl-fnd,hst-ins,hst-fnd,htr-ins,htr-fnd
0.000552,0.000020,0.001977,0.000704,0.000820,0.004324,0.002135,0.000703
0.002322,0.000189,0.011451,0.007920,0.003662,0.142402,0.012572,0.008060
0.003876,0.000199,0.025879,0.008726,0.007103,0.221768,0.027162,0.008786
0.008113,0.000492,0.059471,0.024627,0.013301,0.542688,0.059834,0.024185
0.007952,0.001523,0.060028,0.073539,0.012889,2.492386,0.062339,0.076116
