vet-ins,vet-fnd,avl-ins,avl-fnd,hst-ins,hst-fnd,htr-ins,htr-fnd
0.002109,0.000069,0.005787,0.001865,0.003226,0.000135,0.004367,0.001125
0.004645,0.000267,0.012748,0.008660,0.005892,0.000540,0.010358,0.005453
0.006500,0.000268,0.030678,0.010445,0.012747,0.000542,0.025068,0.006283
0.013233,0.000673,0.059366,0.027782,0.023685,0.001349,0.053523,0.017843
0.016525,0.002006,0.059582,0.079396,0.020762,0.004054,0.053328,0.053604
