vet-ins,vet-fnd,avl-ins,avl-fnd,hst-ins,hst-fnd,htr-ins,htr-fnd
0.000928,0.000033,0.002651,0.000924,0.001186,0.000053,0.001761,0.000521
0.003805,0.000262,0.014249,0.009403,0.005755,0.000536,0.010614,0.005381
0.007086,0.000263,0.028154,0.009560,0.010205,0.000536,0.022165,0.006282
0.014072,0.000656,0.060522,0.026412,0.019745,0.001464,0.053692,0.018216
0.016845,0.001971,0.061552,0.088155,0.019942,0.004030,0.052056,0.063162
