vet-ins,vet-fnd,avl-ins,avl-fnd,hst-ins,hst-fnd,htr-ins,htr-fnd
0.000560,0.000019,0.002020,0.000676,0.000840,0.003319,0.002090,0.000664
0.002401,0.000191,0.011781,0.008381,0.003837,0.143565,0.013607,0.008716
0.003972,0.000205,0.031509,0.011575,0.006943,0.230297,0.027260,0.008960
0.009007,0.000488,0.067212,0.027020,0.013950,0.741164,0.062194,0.025952
0.007511,0.001455,0.057767,0.072595,0.012865,2.208283,0.061428,0.075797
