vet-ins,vet-fnd,avl-ins,avl-fnd,hst-ins,hst-fnd,htr-ins,htr-fnd
0.001334,0.000040,0.003621,0.001291,0.002088,0.000079,0.002716,0.000645
0.006012,0.000469,0.017834,0.009809,0.006602,0.000541,0.010511,0.005462
0.006538,0.000268,0.026474,0.009446,0.011354,0.000546,0.023042,0.006692
0.013109,0.000670,0.059791,0.027604,0.022233,0.001341,0.054456,0.018050
0.016828,0.002011,0.060131,0.082702,0.020762,0.004056,0.053342,0.053340
