vet-ins,vet-fnd,avl-ins,avl-fnd,hst-ins,hst-fnd,htr-ins,htr-fnd
0.000534,0.000019,0.001895,0.000666,0.000857,0.003143,0.002035,0.000669
0.002342,0.000187,0.011495,0.007974,0.003719,0.144866,0.012852,0.008132
0.004026,0.000193,0.025707,0.008634,0.007308,0.230049,0.027975,0.009220
0.008855,0.000558,0.060477,0.026147,0.012823,0.752480,0.061608,0.027584
0.007751,0.001424,0.061438,0.080823,0.013267,2.212615,0.074719,0.078525
