vet-ins,vet-fnd,avl-ins,avl-fnd,hst-ins,hst-fnd,htr-ins,htr-fnd
0.000562,0.000019,0.001870,0.000664,0.000807,0.003334,0.002167,0.000712
0.002345,0.000187,0.011757,0.008088,0.003784,0.142416,0.013214,0.008249
0.004130,0.000200,0.026062,0.008655,0.006880,0.290918,0.028842,0.009720
0.008601,0.000510,0.061850,0.024986,0.013230,0.732896,0.061617,0.025816
0.007807,0.001472,0.060040,0.074284,0.012996,2.185112,0.067363,0.079637
