vet-ins,vet-fnd,avl-ins,avl-fnd,hst-ins,hst-fnd,htr-ins,htr-fnd
0.002155,0.000079,0.005629,0.001983,0.003404,0.000135,0.004115,0.001220
0.005353,0.000269,0.012687,0.009092,0.005884,0.000536,0.010346,0.005481
0.006653,0.000325,0.026524,0.009196,0.011250,0.000538,0.022690,0.007187
0.014660,0.000823,0.061466,0.026037,0.021789,0.001344,0.055224,0.019216
0.017490,0.002014,0.063918,0.082521,0.021661,0.004285,0.055944,0.056062
