vet-ins,vet-fnd,avl-ins,avl-fnd,hst-ins,hst-fnd,htr-ins,htr-fnd
0.001275,0.000059,0.003593,0.001138,0.001842,0.000082,0.002413,0.000654
0.005792,0.000433,0.018100,0.010225,0.006970,0.000539,0.012306,0.006410
0.007448,0.000362,0.030419,0.010390,0.012055,0.000627,0.024788,0.006128
0.013127,0.000771,0.076395,0.032251,0.026464,0.001635,0.065138,0.020904
0.016868,0.002010,0.068380,0.089378,0.023563,0.004870,0.067339,0.067828
