vet-ins,vet-fnd,avl-ins,avl-fnd,hst-ins,hst-fnd,htr-ins,htr-fnd
0.000556,0.000020,0.001888,0.000681,0.000869,0.003249,0.002050,0.000667
0.002339,0.000186,0.011474,0.007913,0.003684,0.142001,0.012557,0.008001
0.003892,0.000203,0.026101,0.008668,0.007101,0.222502,0.026972,0.008646
0.008022,0.000487,0.058357,0.024797,0.013293,0.720972,0.062244,0.025349
0.007850,0.001509,0.059816,0.073638,0.013703,1.668619,0.060925,0.073426
