vet-ins,vet-fnd,avl-ins,avl-fnd,hst-ins,hst-fnd,htr-ins,htr-fnd
0.002044,0.000077,0.005609,0.002122,0.003051,0.000134,0.004073,0.001140
0.004706,0.000308,0.012558,0.008706,0.005451,0.000627,0.011921,0.005920
0.007054,0.000307,0.028319,0.009215,0.010201,0.000536,0.022111,0.006001
0.013466,0.000656,0.058991,0.026445,0.021539,0.001458,0.052393,0.018355
0.018710,0.002240,0.063862,0.079759,0.018624,0.004113,0.051998,0.056403
