vet-ins,vet-fnd,avl-ins,avl-fnd,hst-ins,hst-fnd,htr-ins,htr-fnd
0.001910,0.000064,0.005261,0.001814,0.002793,0.000130,0.003868,0.001060
0.004659,0.000262,0.013543,0.008750,0.005415,0.000540,0.010168,0.005423
0.006288,0.000263,0.026355,0.009634,0.010745,0.000542,0.022585,0.006228
0.012935,0.000655,0.059647,0.026138,0.019667,0.001351,0.051823,0.018364
0.016449,0.001970,0.059639,0.083932,0.019335,0.004048,0.051109,0.057104
