vet-ins,vet-fnd,avl-ins,avl-fnd,hst-ins,hst-fnd,htr-ins,htr-fnd
0.002108,0.000073,0.004723,0.001211,0.002084,0.000152,0.003340,0.001287
0.004610,0.000597,0.016366,0.010272,0.006038,0.000539,0.011149,0.005964
0.006708,0.000313,0.028050,0.010013,0.012637,0.000538,0.025021,0.006751
0.014469,0.000669,0.063668,0.028277,0.022720,0.001648,0.058122,0.019510
0.017525,0.002006,0.066091,0.087495,0.023915,0.004699,0.065646,0.060947
