vet-ins,vet-fnd,avl-ins,avl-fnd,hst-ins,hst-fnd,htr-ins,htr-fnd
0.002124,0.000071,0.005946,0.002044,0.003122,0.000148,0.004340,0.001190
0.004197,0.000262,0.012847,0.009083,0.005752,0.000540,0.010397,0.005515
0.006299,0.000263,0.025957,0.009221,0.010199,0.000546,0.024886,0.006427
0.012994,0.000655,0.059555,0.026656,0.020025,0.001348,0.055541,0.018597
0.016563,0.001964,0.059569,0.079558,0.018653,0.004088,0.051125,0.054326
