vet-ins,vet-fnd,avl-ins,avl-fnd,hst-ins,hst-fnd,htr-ins,htr-fnd
0.002121,0.000071,0.005923,0.002064,0.003124,0.000145,0.004330,0.001190
0.004027,0.000262,0.012404,0.008726,0.005400,0.000535,0.010109,0.005778
0.007105,0.000262,0.027984,0.010259,0.010603,0.000536,0.022090,0.006024
0.014792,0.000717,0.066923,0.026028,0.019566,0.001341,0.054497,0.018592
0.018294,0.002208,0.061103,0.080232,0.019364,0.004221,0.052260,0.054238
