vet-ins,vet-fnd,avl-ins,avl-fnd,hst-ins,hst-fnd,htr-ins,htr-fnd
0.002248,0.000077,0.006325,0.002205,0.003339,0.000158,0.004634,0.001270
0.004194,0.000307,0.014532,0.010315,0.006276,0.000639,0.011868,0.006374
0.006376,0.000263,0.027114,0.009295,0.010160,0.000549,0.022731,0.006012
0.012627,0.000655,0.061377,0.026097,0.019557,0.001352,0.052256,0.017827
0.016179,0.001966,0.059715,0.079750,0.018774,0.004361,0.053693,0.053488
