vet-ins,vet-fnd,avl-ins,avl-fnd,hst-ins,hst-fnd,htr-ins,htr-fnd
0.001889,0.000064,0.005330,0.001819,0.002791,0.000130,0.003918,0.001027
0.006998,0.000406,0.012874,0.008710,0.005824,0.000541,0.010144,0.005379
0.006313,0.000359,0.026621,0.009440,0.011008,0.000536,0.024341,0.006737
0.013169,0.000793,0.061511,0.027759,0.021116,0.001600,0.063686,0.021246
0.016821,0.001973,0.060890,0.085476,0.020423,0.004479,0.054088,0.056993
