vet-ins,vet-fnd,avl-ins,avl-fnd,hst-ins,hst-fnd,htr-ins,htr-fnd
0.000568,0.000019,0.001905,0.000664,0.000795,0.003195,0.002076,0.000665
0.002328,0.000192,0.011471,0.007919,0.003679,0.142348,0.012789,0.008094
0.003984,0.000207,0.025756,0.008841,0.007312,0.226430,0.026927,0.008835
0.008266,0.000491,0.059321,0.024483,0.014185,0.560020,0.079020,0.027583
0.007756,0.001475,0.061155,0.082689,0.013588,1.685671,0.066493,0.076719
