vet-ins,vet-fnd,avl-ins,avl-fnd,hst-ins,hst-fnd,htr-ins,htr-fnd
0.001349,0.000046,0.003567,0.001238,0.001991,0.000095,0.002717,0.000706
0.008504,0.000393,0.013625,0.009142,0.005399,0.000543,0.010716,0.006479
0.006996,0.000308,0.029305,0.009729,0.010558,0.000540,0.022150,0.006029
0.013106,0.000661,0.060310,0.029657,0.020759,0.001417,0.054801,0.018049
0.018959,0.002301,0.064024,0.082843,0.019164,0.004056,0.052443,0.057034
