vet-ins,vet-fnd,avl-ins,avl-fnd,hst-ins,hst-fnd,htr-ins,htr-fnd
0.000789,0.000026,0.002202,0.000909,0.001216,0.000054,0.001591,0.000433
0.003658,0.000308,0.014102,0.009030,0.005716,0.000541,0.010708,0.005677
0.006353,0.000308,0.026401,0.009234,0.010554,0.000535,0.022252,0.005984
0.013023,0.000656,0.059293,0.026840,0.020086,0.001337,0.052568,0.017765
0.016201,0.002168,0.064731,0.086111,0.022149,0.004499,0.055005,0.059782
