vet-ins,vet-fnd,avl-ins,avl-fnd,hst-ins,hst-fnd,htr-ins,htr-fnd
0.000826,0.000027,0.002174,0.000747,0.001421,0.000068,0.001776,0.000440
0.003687,0.000268,0.012396,0.008655,0.005916,0.000539,0.012792,0.006393
0.006653,0.000267,0.026797,0.009189,0.011195,0.000539,0.022704,0.006056
0.013193,0.000675,0.060066,0.027203,0.022277,0.001351,0.053879,0.018073
0.017493,0.002009,0.061531,0.078338,0.021233,0.004055,0.052975,0.053912
