vet-ins,vet-fnd,avl-ins,avl-fnd,hst-ins,hst-fnd,htr-ins,htr-fnd
0.002142,0.000067,0.005896,0.001930,0.003261,0.000134,0.004605,0.001271
0.004629,0.000268,0.012515,0.008636,0.005894,0.000538,0.010583,0.005449
0.006815,0.000268,0.026504,0.009438,0.011236,0.000540,0.028049,0.006642
0.013151,0.000670,0.058874,0.025737,0.021969,0.001359,0.056006,0.021269
0.016575,0.002015,0.059481,0.078624,0.021082,0.004035,0.053234,0.054269
