vet-ins,vet-fnd,avl-ins,avl-fnd,hst-ins,hst-fnd,htr-ins,htr-fnd
0.002136,0.000066,0.005783,0.001919,0.003079,0.000148,0.004270,0.001089
0.004877,0.000307,0.013681,0.009196,0.005719,0.000535,0.010628,0.005461
0.006308,0.000263,0.025866,0.009277,0.010525,0.000535,0.022861,0.006915
0.012989,0.000708,0.058711,0.026346,0.020449,0.001462,0.051712,0.017606
0.016445,0.001977,0.065357,0.083484,0.019041,0.004038,0.051691,0.053592
