vet-ins,vet-fnd,avl-ins,avl-fnd,hst-ins,hst-fnd,htr-ins,htr-fnd
0.000582,0.000021,0.001984,0.000698,0.000825,0.004496,0.002229,0.000763
0.002374,0.000188,0.011449,0.007925,0.003636,0.187019,0.012799,0.008250
0.004007,0.000206,0.025549,0.008582,0.007085,0.292333,0.028482,0.009187
0.008192,0.000491,0.058555,0.024220,0.012936,0.726394,0.061136,0.025091
0.007554,0.001456,0.057246,0.071527,0.013527,1.649732,0.061035,0.073536
