vet-ins,vet-fnd,avl-ins,avl-fnd,hst-ins,hst-fnd,htr-ins,htr-fnd
0.000550,0.000020,0.001959,0.000706,0.000832,0.003288,0.002152,0.000703
0.002179,0.000194,0.011570,0.007878,0.003671,0.143259,0.012783,0.008151
0.003890,0.000204,0.025751,0.008696,0.007103,0.291197,0.028600,0.009308
0.008259,0.000500,0.060881,0.025386,0.013259,0.721793,0.063953,0.025839
0.007774,0.001428,0.059595,0.075985,0.013606,1.737978,0.063320,0.078068
