vet-ins,vet-fnd,avl-ins,avl-fnd,hst-ins,hst-fnd,htr-ins,htr-fnd
0.000823,0.000027,0.002188,0.000749,0.001259,0.000054,0.001773,0.000518
0.004001,0.000267,0.012796,0.009041,0.005909,0.000540,0.010773,0.005450
0.006541,0.000277,0.026559,0.009205,0.011334,0.000534,0.022783,0.006038
0.013080,0.000680,0.063825,0.027371,0.022418,0.001347,0.053693,0.018060
0.016910,0.002011,0.067195,0.080375,0.020744,0.004064,0.054076,0.056773
