vet-ins,vet-fnd,avl-ins,avl-fnd,hst-ins,hst-fnd,htr-ins,htr-fnd
0.001352,0.000046,0.003255,0.001188,0.001920,0.000093,0.002639,0.000755
0.005382,0.000465,0.016864,0.008747,0.005913,0.000686,0.011389,0.005740
0.006498,0.000263,0.028475,0.009671,0.010191,0.000639,0.022723,0.006355
0.012727,0.000665,0.060283,0.026369,0.020101,0.001435,0.055467,0.018330
0.016124,0.001972,0.059460,0.079831,0.018991,0.004017,0.050645,0.052897
