vet-ins,vet-fnd,avl-ins,avl-fnd,hst-ins,hst-fnd,htr-ins,htr-fnd
0.001975,0.000078,0.005762,0.002099,0.003023,0.000136,0.004315,0.001114
0.004961,0.000262,0.013057,0.008760,0.006159,0.000637,0.011695,0.006216
0.006275,0.000262,0.026196,0.009717,0.010261,0.000540,0.022026,0.006015
0.012657,0.000655,0.059464,0.028673,0.020595,0.001359,0.052090,0.020060
0.016904,0.002091,0.060982,0.089919,0.018973,0.004114,0.051518,0.053090
