vet-ins,vet-fnd,avl-ins,avl-fnd,hst-ins,hst-fnd,htr-ins,htr-fnd
0.000810,0.000026,0.003007,0.001048,0.001609,0.000074,0.002213,0.000617
0.004016,0.000316,0.013419,0.009364,0.005921,0.000535,0.010102,0.005614
0.007066,0.000267,0.027870,0.012167,0.011384,0.000675,0.024623,0.006892
0.013391,0.000656,0.071063,0.029045,0.020459,0.001361,0.055867,0.018803
0.017022,0.002338,0.060963,0.083631,0.018554,0.004016,0.051669,0.055242
