vet-ins,vet-fnd,avl-ins,avl-fnd,hst-ins,hst-fnd,htr-ins,htr-fnd
0.000816,0.000027,0.002179,0.000749,0.001258,0.000054,0.001769,0.000517
0.004170,0.000269,0.014128,0.009458,0.006282,0.000539,0.010771,0.005818
0.007547,0.000314,0.030357,0.010479,0.012690,0.000640,0.022862,0.006075
0.013181,0.000677,0.060881,0.027195,0.023913,0.001512,0.055362,0.019805
0.016820,0.002010,0.060311,0.079987,0.022422,0.004094,0.057805,0.063337
