vet-ins,vet-fnd,avl-ins,avl-fnd,hst-ins,hst-fnd,htr-ins,htr-fnd
0.002233,0.000074,0.005899,0.002044,0.003405,0.000147,0.004378,0.001194
0.004210,0.000272,0.012352,0.008648,0.005906,0.000540,0.010317,0.005456
0.006503,0.000273,0.025920,0.009186,0.011256,0.000544,0.022984,0.006039
0.013073,0.000668,0.058583,0.025521,0.022545,0.001347,0.056666,0.017844
0.016415,0.002004,0.059319,0.084133,0.021877,0.004056,0.052020,0.052756
