vet-ins,vet-fnd,avl-ins,avl-fnd,hst-ins,hst-fnd,htr-ins,htr-fnd
0.000521,0.000019,0.001904,0.000683,0.000758,0.004221,0.002128,0.000708
0.002341,0.000189,0.011590,0.007949,0.003598,0.187851,0.013718,0.008818
0.004140,0.000208,0.026285,0.008804,0.006709,0.292859,0.029450,0.009242
0.008235,0.000506,0.059623,0.024300,0.013396,0.729208,0.062765,0.025754
0.007583,0.001471,0.059950,0.074975,0.012693,2.346117,0.061294,0.075970
