vet-ins,vet-fnd,avl-ins,avl-fnd,hst-ins,hst-fnd,htr-ins,htr-fnd
0.000844,0.000031,0.002628,0.000786,0.001270,0.000063,0.001963,0.000458
0.003666,0.000267,0.015642,0.014298,0.005883,0.000538,0.010741,0.005795
0.006657,0.000268,0.026188,0.009215,0.011198,0.000544,0.023236,0.006094
0.014533,0.000838,0.065315,0.025882,0.024416,0.001577,0.060785,0.019497
0.017998,0.002303,0.060178,0.087531,0.022176,0.004329,0.055363,0.053077
