vet-ins,vet-fnd,avl-ins,avl-fnd,hst-ins,hst-fnd,htr-ins,htr-fnd
0.000553,0.000020,0.001919,0.000670,0.000782,0.004319,0.002146,0.000709
0.002362,0.000194,0.011567,0.007981,0.003628,0.187826,0.013218,0.008407
0.003956,0.000204,0.026229,0.008988,0.006943,0.288801,0.028473,0.009123
0.008094,0.000496,0.058707,0.024592,0.013169,0.720328,0.061145,0.025261
0.007998,0.001521,0.059682,0.074590,0.013348,1.663769,0.059927,0.071560
