vet-ins,vet-fnd,avl-ins,avl-fnd,hst-ins,hst-fnd,htr-ins,htr-fnd
0.001352,0.000046,0.003601,0.001262,0.001864,0.000095,0.002739,0.000754
0.005590,0.000393,0.016056,0.008730,0.005404,0.000549,0.010236,0.005386
0.006277,0.000262,0.025899,0.009454,0.010445,0.000540,0.025405,0.007012
0.012673,0.000655,0.062595,0.028838,0.020533,0.001349,0.056640,0.019588
0.016432,0.001976,0.060526,0.079484,0.018646,0.004077,0.051299,0.054409
