vet-ins,vet-fnd,avl-ins,avl-fnd,hst-ins,hst-fnd,htr-ins,htr-fnd
0.001388,0.000047,0.003762,0.001277,0.002192,0.000084,0.002702,0.000760
0.005844,0.000442,0.016653,0.008620,0.006597,0.000587,0.010524,0.005434
0.006777,0.000268,0.026564,0.009146,0.011222,0.000539,0.023537,0.006137
0.013949,0.000803,0.061109,0.025921,0.021910,0.001346,0.054647,0.018528
0.016927,0.002015,0.060279,0.078898,0.021724,0.004746,0.056115,0.053878
