vet-ins,vet-fnd,avl-ins,avl-fnd,hst-ins,hst-fnd,htr-ins,htr-fnd
0.002186,0.000073,0.005873,0.002029,0.003403,0.000146,0.004366,0.001180
0.004573,0.000269,0.012318,0.008626,0.005896,0.000540,0.010362,0.005441
0.006730,0.000270,0.026619,0.009157,0.011226,0.000541,0.022687,0.006042
0.013765,0.000797,0.058396,0.025919,0.021880,0.001339,0.053209,0.017875
0.017712,0.002385,0.061744,0.077591,0.021153,0.004045,0.053133,0.060164
