vet-ins,vet-fnd,avl-ins,avl-fnd,hst-ins,hst-fnd,htr-ins,htr-fnd
0.002189,0.000074,0.005924,0.002032,0.003389,0.000147,0.004404,0.001191
0.004749,0.000267,0.012405,0.008694,0.005878,0.000540,0.010391,0.005786
0.006501,0.000269,0.025965,0.009200,0.011222,0.000539,0.022787,0.006065
0.014686,0.000669,0.063136,0.026257,0.021950,0.001346,0.053211,0.017813
0.018877,0.002255,0.063197,0.078346,0.020696,0.004046,0.052625,0.054128
