vet-ins,vet-fnd,avl-ins,avl-fnd,hst-ins,hst-fnd,htr-ins,htr-fnd
0.000537,0.000020,0.001895,0.000666,0.000806,0.003126,0.002014,0.000698
0.002350,0.000190,0.011485,0.008008,0.003521,0.139526,0.012846,0.008209
0.004081,0.000206,0.025727,0.008716,0.006649,0.219951,0.026492,0.008558
0.008028,0.000493,0.058222,0.024887,0.013920,0.552608,0.063240,0.025208
0.007586,0.001438,0.060407,0.077206,0.012786,2.166797,0.065848,0.076739
