vet-ins,vet-fnd,avl-ins,avl-fnd,hst-ins,hst-fnd,htr-ins,htr-fnd
0.000825,0.000031,0.002435,0.000778,0.001353,0.000062,0.001883,0.000565
0.004091,0.000328,0.013777,0.009739,0.005506,0.000535,0.010050,0.005389
0.006448,0.000263,0.026182,0.009238,0.010167,0.000536,0.026642,0.006050
0.013155,0.000656,0.064655,0.028755,0.019999,0.001360,0.052493,0.018340
0.016399,0.001967,0.060479,0.079603,0.018629,0.004017,0.050692,0.054560
