vet-ins,vet-fnd,avl-ins,avl-fnd,hst-ins,hst-fnd,htr-ins,htr-fnd
0.000534,0.000020,0.001938,0.000718,0.000808,0.003669,0.002089,0.000687
0.002388,0.000194,0.011600,0.008365,0.003727,0.142967,0.012846,0.008400
0.004020,0.000202,0.026060,0.009223,0.007033,0.224812,0.028956,0.009408
0.008403,0.000497,0.060826,0.025725,0.013358,0.553668,0.063555,0.026759
0.007662,0.001429,0.063363,0.080238,0.012460,2.294132,0.085964,0.096702
