vet-ins,vet-fnd,avl-ins,avl-fnd,hst-ins,hst-fnd,htr-ins,htr-fnd
0.000562,0.000020,0.001908,0.000671,0.000841,0.003220,0.002072,0.000672
0.002307,0.000187,0.011315,0.008117,0.004254,0.146615,0.012850,0.008290
0.004015,0.000204,0.031343,0.009874,0.008101,0.225337,0.026864,0.008765
0.009071,0.000554,0.066866,0.029671,0.014653,0.563242,0.068302,0.024634
0.007573,0.001443,0.059225,0.074366,0.012612,2.254598,0.062571,0.082422
