vet-ins,vet-fnd,avl-ins,avl-fnd,hst-ins,hst-fnd,htr-ins,htr-fnd
0.000905,0.000031,0.003613,0.001308,0.001895,0.000079,0.002701,0.000653
0.005332,0.000394,0.017507,0.008700,0.005787,0.000540,0.010121,0.005677
0.006553,0.000264,0.028933,0.010496,0.010929,0.000540,0.023540,0.006642
0.012717,0.000661,0.060133,0.026547,0.020146,0.001348,0.056625,0.018444
0.016444,0.002243,0.063173,0.085455,0.019441,0.004073,0.052936,0.057974
