vet-ins,vet-fnd,avl-ins,avl-fnd,hst-ins,hst-fnd,htr-ins,htr-fnd
0.000571,0.000020,0.001959,0.000696,0.000797,0.004388,0.002225,0.000743
0.002326,0.000190,0.011348,0.007867,0.003537,0.189710,0.012987,0.008351
0.004117,0.000197,0.025863,0.008782,0.007121,0.222671,0.026971,0.008898
0.008267,0.000503,0.058527,0.024424,0.013758,0.543366,0.060021,0.024468
0.008006,0.001522,0.059800,0.073235,0.012808,1.647266,0.059016,0.072486
