vet-ins,vet-fnd,avl-ins,avl-fnd,hst-ins,hst-fnd,htr-ins,htr-fnd
0.002218,0.000073,0.006026,0.002054,0.003465,0.000147,0.004454,0.001189
0.004630,0.000320,0.014839,0.010089,0.006658,0.000635,0.011559,0.006024
0.006666,0.000270,0.028047,0.009569,0.011502,0.000539,0.022925,0.006041
0.013262,0.000668,0.059339,0.025743,0.023523,0.001349,0.057396,0.018996
0.017506,0.002280,0.062324,0.083786,0.023173,0.004318,0.054468,0.059703
