vet-ins,vet-fnd,avl-ins,avl-fnd,hst-ins,hst-fnd,htr-ins,htr-fnd
0.000551,0.000020,0.001970,0.000698,0.000793,0.004222,0.002095,0.000714
0.002367,0.000186,0.011683,0.008102,0.003521,0.186051,0.013332,0.008861
0.004140,0.000198,0.026088,0.008723,0.006948,0.289066,0.028181,0.009396
0.007992,0.000482,0.059009,0.024916,0.013146,0.724154,0.061722,0.024975
0.007567,0.001423,0.057843,0.074975,0.012836,2.201343,0.064578,0.076109
