vet-ins,vet-fnd,avl-ins,avl-fnd,hst-ins,hst-fnd,htr-ins,htr-fnd
0.002110,0.000071,0.005921,0.002054,0.003119,0.000146,0.004389,0.001181
0.004792,0.000308,0.014034,0.010344,0.006360,0.000660,0.011174,0.005447
0.006342,0.000262,0.026057,0.009266,0.010190,0.000552,0.022155,0.006040
0.014280,0.000792,0.060285,0.026241,0.019615,0.001342,0.051155,0.018123
0.016484,0.002139,0.060496,0.079871,0.018921,0.004033,0.051587,0.053072
