vet-ins,vet-fnd,avl-ins,avl-fnd,hst-ins,hst-fnd,htr-ins,htr-fnd
0.000527,0.000019,0.001891,0.000666,0.000793,0.003216,0.002217,0.000755
0.002413,0.000199,0.011407,0.007980,0.003743,0.143159,0.013731,0.008432
0.004170,0.000206,0.026016,0.008998,0.007407,0.227236,0.028179,0.008646
0.008493,0.000505,0.059529,0.025492,0.014111,0.553486,0.065533,0.024713
0.007729,0.001440,0.058124,0.075077,0.013263,1.667290,0.068063,0.074116
