vet-ins,vet-fnd,avl-ins,avl-fnd,hst-ins,hst-fnd,htr-ins,htr-fnd
0.002118,0.000072,0.005933,0.002065,0.003131,0.000147,0.004365,0.001197
0.004354,0.000262,0.014318,0.009906,0.005990,0.000602,0.011586,0.005734
0.006276,0.000263,0.025990,0.009229,0.010198,0.000550,0.022898,0.006186
0.013768,0.000771,0.059611,0.026138,0.020728,0.001614,0.052208,0.018579
0.017999,0.002336,0.066114,0.078564,0.018980,0.004466,0.050554,0.059673
