vet-ins,vet-fnd,avl-ins,avl-fnd,hst-ins,hst-fnd,htr-ins,htr-fnd
0.002085,0.000043,0.004364,0.000963,0.001685,0.000136,0.004572,0.001339
0.007385,0.000334,0.017383,0.010659,0.007065,0.000636,0.012835,0.007071
0.007859,0.000319,0.032596,0.011277,0.013157,0.000657,0.025833,0.007131
0.014323,0.000802,0.066443,0.026351,0.022025,0.001351,0.055207,0.018234
0.019373,0.002431,0.077214,0.099195,0.024258,0.004782,0.064741,0.055526
