vet-ins,vet-fnd,avl-ins,avl-fnd,hst-ins,hst-fnd,htr-ins,htr-fnd
0.000965,0.000032,0.002552,0.000885,0.001474,0.000064,0.001918,0.000513
0.004308,0.000313,0.014594,0.010193,0.006966,0.000632,0.012471,0.006577
0.007693,0.000313,0.031416,0.011239,0.013182,0.000664,0.033550,0.009383
0.015185,0.000718,0.077257,0.036690,0.024776,0.001593,0.061526,0.022757
0.019044,0.002010,0.066151,0.085813,0.021372,0.004537,0.070655,0.061795
