vet-ins,vet-fnd,avl-ins,avl-fnd,hst-ins,hst-fnd,htr-ins,htr-fnd
0.001092,0.000037,0.003016,0.001055,0.001600,0.000075,0.002221,0.000601
0.004840,0.000364,0.016983,0.010195,0.006229,0.000655,0.011553,0.006232
0.007248,0.000308,0.030289,0.011021,0.011944,0.000627,0.024432,0.006974
0.014183,0.000768,0.064768,0.029424,0.020761,0.001424,0.057181,0.019478
0.018544,0.002207,0.069244,0.101468,0.022440,0.004869,0.064548,0.066015
