vet-ins,vet-fnd,avl-ins,avl-fnd,hst-ins,hst-fnd,htr-ins,htr-fnd
0.002001,0.000066,0.005697,0.001936,0.002961,0.000158,0.004325,0.001116
0.004578,0.000262,0.012554,0.009168,0.005423,0.000635,0.010250,0.005416
0.006344,0.000264,0.026184,0.010133,0.010351,0.000692,0.026085,0.006947
0.013410,0.000658,0.061244,0.028679,0.021127,0.001540,0.054776,0.019280
0.016654,0.001971,0.061049,0.083961,0.018944,0.004047,0.051295,0.053519
