vet-ins,vet-fnd,avl-ins,avl-fnd,hst-ins,hst-fnd,htr-ins,htr-fnd
0.001263,0.000047,0.003610,0.001314,0.001938,0.000094,0.002564,0.000716
0.005669,0.000459,0.016605,0.008727,0.005337,0.000540,0.010004,0.005410
0.006375,0.000357,0.027741,0.009249,0.010496,0.000544,0.022189,0.006010
0.012694,0.000656,0.057261,0.025923,0.019782,0.001355,0.062834,0.021041
0.018984,0.002302,0.071188,0.095968,0.021804,0.004810,0.061607,0.066861
