vet-ins,vet-fnd,avl-ins,avl-fnd,hst-ins,hst-fnd,htr-ins,htr-fnd
0.000834,0.000031,0.003227,0.001241,0.002190,0.000095,0.002631,0.000765
0.005401,0.000469,0.017608,0.008653,0.005920,0.000539,0.010414,0.005462
0.006495,0.000268,0.026578,0.009521,0.011291,0.000539,0.022815,0.006053
0.014680,0.000669,0.060890,0.025805,0.021871,0.001348,0.054336,0.018131
0.016852,0.002008,0.063417,0.078903,0.021416,0.004765,0.056865,0.053880
