vet-ins,vet-fnd,avl-ins,avl-fnd,hst-ins,hst-fnd,htr-ins,htr-fnd
0.002186,0.000078,0.006307,0.001877,0.003373,0.000135,0.004480,0.001267
0.004408,0.000334,0.013475,0.008953,0.006175,0.000633,0.011952,0.006466
0.007788,0.000314,0.031548,0.011084,0.013325,0.000706,0.027801,0.007187
0.015563,0.000788,0.078555,0.032374,0.025639,0.001580,0.065550,0.021493
0.019767,0.002352,0.070152,0.088512,0.022670,0.004686,0.071102,0.069024
