vet-ins,vet-fnd,avl-ins,avl-fnd,hst-ins,hst-fnd,htr-ins,htr-fnd
0.002119,0.000071,0.005894,0.002059,0.003118,0.000145,0.004314,0.001186
0.004129,0.000311,0.012883,0.008685,0.005387,0.000536,0.010132,0.005389
0.006785,0.000269,0.025804,0.009271,0.011271,0.000637,0.024398,0.006102
0.012681,0.000657,0.060207,0.026538,0.019999,0.001361,0.051848,0.018071
0.016228,0.002197,0.066103,0.087848,0.019437,0.004014,0.052523,0.052802
