vet-ins,vet-fnd,avl-ins,avl-fnd,hst-ins,hst-fnd,htr-ins,htr-fnd
0.000582,0.000020,0.001931,0.000683,0.000803,0.004289,0.002146,0.000704
0.002362,0.000188,0.012169,0.008173,0.003420,0.186587,0.013730,0.008567
0.004066,0.000203,0.025805,0.008731,0.007223,0.292640,0.028386,0.009104
0.008073,0.000492,0.058246,0.024598,0.014574,0.552593,0.060811,0.024919
0.007521,0.001453,0.058794,0.074433,0.012861,1.665580,0.059137,0.072749
