vet-ins,vet-fnd,avl-ins,avl-fnd,hst-ins,hst-fnd,htr-ins,htr-fnd
0.000931,0.000031,0.002479,0.000855,0.001478,0.000054,0.001730,0.000514
0.004034,0.000268,0.014603,0.009894,0.006654,0.000632,0.011777,0.005864
0.006660,0.000269,0.026707,0.009174,0.011245,0.000539,0.022984,0.006084
0.013174,0.000669,0.060263,0.025891,0.021911,0.001345,0.054631,0.018204
0.016886,0.002010,0.061529,0.084716,0.020834,0.004108,0.054212,0.054120
