vet-ins,vet-fnd,avl-ins,avl-fnd,hst-ins,hst-fnd,htr-ins,htr-fnd
0.000546,0.000020,0.001907,0.000680,0.000767,0.004311,0.002139,0.000703
0.002369,0.000189,0.011331,0.009151,0.003765,0.188559,0.013506,0.008484
0.003917,0.000213,0.026008,0.009402,0.006947,0.291047,0.030227,0.010404
0.008171,0.000503,0.061136,0.024782,0.013264,0.731145,0.063824,0.026021
0.007543,0.001464,0.066877,0.076632,0.012452,2.230087,0.061931,0.076353
