vet-ins,vet-fnd,avl-ins,avl-fnd,hst-ins,hst-fnd,htr-ins,htr-fnd
0.000524,0.000019,0.001953,0.000663,0.000930,0.003238,0.002021,0.000697
0.002154,0.000190,0.011646,0.007991,0.003707,0.144386,0.012970,0.008420
0.004170,0.000200,0.026312,0.008995,0.007042,0.225509,0.027478,0.008829
0.008278,0.000557,0.062823,0.026511,0.013617,0.550878,0.064675,0.025671
0.007856,0.001547,0.063521,0.078080,0.013753,1.692633,0.062166,0.080235
