vet-ins,vet-fnd,avl-ins,avl-fnd,hst-ins,hst-fnd,htr-ins,htr-fnd
0.001310,0.000046,0.003476,0.001130,0.001722,0.000080,0.002389,0.000650
0.005341,0.000394,0.016590,0.008719,0.005406,0.000547,0.010137,0.005433
0.006280,0.000263,0.026257,0.009613,0.010204,0.000535,0.022163,0.006046
0.012692,0.000770,0.064118,0.026613,0.020360,0.001592,0.056063,0.018663
0.017623,0.002362,0.065594,0.091277,0.019365,0.004787,0.052619,0.053266
