vet-ins,vet-fnd,avl-ins,avl-fnd,hst-ins,hst-fnd,htr-ins,htr-fnd
0.002321,0.000077,0.006571,0.002375,0.003497,0.000158,0.004774,0.001300
0.004292,0.000314,0.014992,0.010447,0.006533,0.000641,0.012108,0.006800
0.007332,0.000328,0.029598,0.010508,0.011505,0.000640,0.025021,0.007655
0.013955,0.000672,0.067287,0.038093,0.022663,0.001645,0.057070,0.023335
0.017831,0.001969,0.068147,0.093028,0.022594,0.004772,0.059238,0.058690
