vet-ins,vet-fnd,avl-ins,avl-fnd,hst-ins,hst-fnd,htr-ins,htr-fnd
0.000581,0.000021,0.001977,0.000709,0.000818,0.004512,0.002226,0.000748
0.002256,0.000197,0.011545,0.007950,0.003725,0.191536,0.013699,0.008757
0.004228,0.000206,0.025841,0.008723,0.007269,0.289151,0.028684,0.009387
0.008187,0.000523,0.064260,0.024847,0.013285,0.720039,0.060744,0.024960
0.007540,0.001433,0.057126,0.072514,0.013123,2.171228,0.059374,0.071874
