vet-ins,vet-fnd,avl-ins,avl-fnd,hst-ins,hst-fnd,htr-ins,htr-fnd
0.002094,0.000066,0.005612,0.001808,0.003057,0.000130,0.004021,0.001124
0.005601,0.000331,0.015347,0.010400,0.006929,0.000657,0.012933,0.006595
0.007875,0.000282,0.033493,0.011894,0.013280,0.000630,0.028839,0.007940
0.015348,0.000786,0.078805,0.032218,0.025694,0.001470,0.070744,0.023231
0.020215,0.002563,0.078146,0.091741,0.021923,0.004359,0.063521,0.067981
