vet-ins,vet-fnd,avl-ins,avl-fnd,hst-ins,hst-fnd,htr-ins,htr-fnd
0.000817,0.000027,0.002206,0.000745,0.001320,0.000063,0.001928,0.000435
0.003687,0.000267,0.012867,0.008985,0.005891,0.000540,0.010946,0.005445
0.006528,0.000267,0.026582,0.009163,0.011257,0.000542,0.023888,0.006069
0.013089,0.000674,0.059508,0.025832,0.021820,0.001353,0.058927,0.018509
0.016622,0.002010,0.062724,0.083469,0.022565,0.004359,0.057022,0.053748
