vet-ins,vet-fnd,avl-ins,avl-fnd,hst-ins,hst-fnd,htr-ins,htr-fnd
0.000528,0.000020,0.001901,0.000661,0.000788,0.003118,0.002024,0.000678
0.002309,0.000197,0.011490,0.008022,0.003650,0.147250,0.013187,0.008961
0.004092,0.000242,0.029458,0.010131,0.006748,0.230153,0.027453,0.010678
0.008178,0.000493,0.060411,0.026288,0.013799,0.556787,0.060176,0.024748
0.008265,0.001520,0.066495,0.088584,0.012731,2.254026,0.074570,0.082556
