vet-ins,vet-fnd,avl-ins,avl-fnd,hst-ins,hst-fnd,htr-ins,htr-fnd
0.000549,0.000020,0.001929,0.000664,0.000772,0.004418,0.002182,0.000709
0.002528,0.000192,0.013074,0.008534,0.003832,0.193453,0.013901,0.008753
0.004044,0.000202,0.026058,0.008881,0.008334,0.297696,0.030677,0.009611
0.008284,0.000485,0.059532,0.024642,0.013275,0.769079,0.071527,0.032808
0.007558,0.001437,0.063844,0.078299,0.015480,1.715031,0.068464,0.075595
