vet-ins,vet-fnd,avl-ins,avl-fnd,hst-ins,hst-fnd,htr-ins,htr-fnd
0.000923,0.000031,0.002625,0.000881,0.001362,0.000063,0.001870,0.000518
0.004231,0.000307,0.014430,0.010257,0.006317,0.000634,0.011838,0.006357
0.007323,0.000308,0.030298,0.010969,0.011938,0.000638,0.025815,0.007057
0.014697,0.000767,0.068138,0.030373,0.023064,0.001593,0.058664,0.018833
0.016917,0.001974,0.060358,0.089469,0.021761,0.004795,0.059007,0.061285
