vet-ins,vet-fnd,avl-ins,avl-fnd,hst-ins,hst-fnd,htr-ins,htr-fnd
0.000915,0.000031,0.005909,0.002034,0.003393,0.000147,0.003494,0.000532
0.006669,0.000313,0.014270,0.010026,0.005905,0.000539,0.011603,0.005722
0.007379,0.000268,0.030456,0.010824,0.012710,0.000631,0.026803,0.007218
0.015375,0.000811,0.077043,0.032864,0.025878,0.001599,0.072917,0.023991
0.021255,0.002429,0.082351,0.103272,0.024346,0.004531,0.065372,0.059277
