vet-ins,vet-fnd,avl-ins,avl-fnd,hst-ins,hst-fnd,htr-ins,htr-fnd
0.000987,0.000037,0.002578,0.000881,0.001563,0.000064,0.001952,0.000444
0.004032,0.000311,0.014388,0.009888,0.006654,0.000665,0.010663,0.005487
0.006743,0.000268,0.027058,0.009197,0.011221,0.000538,0.022762,0.006077
0.013489,0.000684,0.063117,0.027709,0.022054,0.001351,0.054100,0.018152
0.016909,0.002005,0.061979,0.079886,0.021708,0.004530,0.054309,0.055280
