vet-ins,vet-fnd,avl-ins,avl-fnd,hst-ins,hst-fnd,htr-ins,htr-fnd
0.000523,0.000020,0.001859,0.000666,0.000762,0.004260,0.002129,0.000707
0.002434,0.000197,0.011506,0.007857,0.003670,0.191219,0.013491,0.008637
0.004032,0.000204,0.025439,0.008639,0.007222,0.293935,0.028552,0.009396
0.007972,0.000490,0.059175,0.024619,0.013391,0.747065,0.063963,0.025459
0.007587,0.001659,0.059910,0.082967,0.014159,1.682414,0.061521,0.073186
