vet-ins,vet-fnd,avl-ins,avl-fnd,hst-ins,hst-fnd,htr-ins,htr-fnd
0.001278,0.000039,0.003254,0.001127,0.001813,0.000078,0.002575,0.000766
0.005565,0.000393,0.016669,0.008724,0.005416,0.000535,0.010873,0.005421
0.006332,0.000262,0.027057,0.009248,0.010598,0.000545,0.022426,0.006407
0.012679,0.000656,0.058527,0.026227,0.019656,0.001360,0.051066,0.017903
0.016092,0.001971,0.058678,0.079543,0.019047,0.004398,0.057393,0.055314
