vet-ins,vet-fnd,avl-ins,avl-fnd,hst-ins,hst-fnd,htr-ins,htr-fnd
0.000539,0.000019,0.002129,0.000696,0.000800,0.003255,0.002064,0.000675
0.002383,0.000194,0.012463,0.009188,0.003795,0.161717,0.015861,0.010464
0.004771,0.000215,0.029256,0.010984,0.010618,0.308359,0.042746,0.012955
0.008889,0.000517,0.075791,0.031916,0.013274,0.792662,0.094121,0.029852
0.008653,0.001492,0.074328,0.089895,0.013907,2.205223,0.062271,0.079399
