vet-ins,vet-fnd,avl-ins,avl-fnd,hst-ins,hst-fnd,htr-ins,htr-fnd
0.002121,0.000065,0.005336,0.001822,0.002934,0.000132,0.003907,0.001050
0.006896,0.000279,0.013267,0.008640,0.005645,0.000539,0.010680,0.005408
0.007326,0.000270,0.026715,0.009618,0.010679,0.000546,0.022429,0.006029
0.014628,0.000655,0.060957,0.028003,0.020919,0.001354,0.053840,0.018885
0.018107,0.005106,0.062912,0.081117,0.022044,0.004569,0.057783,0.054036
