vet-ins,vet-fnd,avl-ins,avl-fnd,hst-ins,hst-fnd,htr-ins,htr-fnd
0.002108,0.000072,0.005922,0.002053,0.003131,0.000147,0.004327,0.001183
0.004124,0.000262,0.013125,0.008717,0.005394,0.000540,0.010694,0.005377
0.006205,0.000263,0.026057,0.009708,0.011642,0.000633,0.025587,0.007787
0.012840,0.000656,0.058810,0.026606,0.019629,0.001358,0.056694,0.020510
0.016792,0.001967,0.060772,0.081149,0.019366,0.004084,0.051865,0.053346
