vet-ins,vet-fnd,avl-ins,avl-fnd,hst-ins,hst-fnd,htr-ins,htr-fnd
0.002221,0.000067,0.005881,0.001896,0.003216,0.000158,0.004200,0.001080
0.004822,0.000268,0.012772,0.008615,0.005887,0.000542,0.010422,0.005439
0.007375,0.000364,0.029141,0.009224,0.011226,0.000540,0.022840,0.006035
0.013882,0.000668,0.061195,0.026787,0.024327,0.001609,0.062160,0.020451
0.016823,0.002027,0.061722,0.081766,0.020772,0.004054,0.053503,0.056820
