vet-ins,vet-fnd,avl-ins,avl-fnd,hst-ins,hst-fnd,htr-ins,htr-fnd
0.000961,0.000031,0.002610,0.000896,0.001489,0.000064,0.001962,0.000507
0.004231,0.000272,0.014255,0.009173,0.006798,0.000539,0.011211,0.006086
0.007070,0.000314,0.030292,0.010830,0.013341,0.000638,0.027519,0.007309
0.015266,0.000782,0.066261,0.028175,0.024929,0.001360,0.063366,0.023165
0.021068,0.002323,0.070429,0.084013,0.024454,0.004631,0.059630,0.055565
