vet-ins,vet-fnd,btr-ins,btr-fnd,hst-ins,hst-fnd,htr-ins,htr-fnd
0.000809,0.000027,0.002353,0.000730,0.001219,0.000064,0.001874,0.000436
0.003629,0.000268,0.013451,0.008478,0.005389,0.000549,0.010173,0.005390
0.006995,0.000281,0.029961,0.009006,0.010163,0.000545,0.022842,0.006021
0.014495,0.000669,0.069530,0.025674,0.019601,0.001360,0.051770,0.017725
0.016624,0.002419,0.064844,0.077745,0.018639,0.004082,0.050969,0.053725
