vet-ins,vet-fnd,avl-ins,avl-fnd,hst-ins,hst-fnd,htr-ins,htr-fnd
0.000942,0.000031,0.002379,0.000844,0.001394,0.000068,0.001721,0.000510
0.004184,0.000307,0.014341,0.010080,0.006037,0.000624,0.011305,0.005778
0.006726,0.000262,0.026781,0.009969,0.010245,0.000540,0.023158,0.006317
0.013106,0.000774,0.067461,0.026748,0.019723,0.001349,0.051998,0.017858
0.016746,0.001971,0.059915,0.079280,0.018960,0.004106,0.051320,0.053940
