vet-ins,vet-fnd,avl-ins,avl-fnd,hst-ins,hst-fnd,htr-ins,htr-fnd
0.000794,0.000027,0.002520,0.000827,0.001270,0.000063,0.001969,0.000438
0.004057,0.000412,0.013419,0.009535,0.005654,0.000631,0.011401,0.005646
0.007300,0.000262,0.029713,0.009545,0.011586,0.000644,0.025275,0.006898
0.013460,0.000657,0.064630,0.029597,0.021647,0.001379,0.065606,0.022184
0.017906,0.002043,0.066818,0.090859,0.021007,0.004506,0.053174,0.058856
