vet-ins,vet-fnd,avl-ins,avl-fnd,hst-ins,hst-fnd,htr-ins,htr-fnd
0.000528,0.000020,0.001958,0.000667,0.000789,0.003241,0.002054,0.000695
0.002996,0.000202,0.016688,0.010219,0.004112,0.145510,0.014570,0.009552
0.004008,0.000233,0.027931,0.009272,0.007244,0.226455,0.030216,0.009465
0.008117,0.000488,0.061963,0.025283,0.013905,0.555352,0.068201,0.029371
0.008069,0.001499,0.073468,0.082010,0.012474,2.239753,0.070867,0.079189
