vet-ins,vet-fnd,avl-ins,avl-fnd,hst-ins,hst-fnd,htr-ins,htr-fnd
0.001152,0.000037,0.003007,0.001056,0.001605,0.000075,0.002222,0.000601
0.005849,0.000384,0.018463,0.010565,0.005992,0.000544,0.011445,0.005579
0.006356,0.000263,0.025803,0.009284,0.010246,0.000540,0.023780,0.006834
0.013082,0.000768,0.061981,0.026373,0.019751,0.001360,0.052042,0.017936
0.016546,0.001983,0.059872,0.079496,0.018630,0.004807,0.052318,0.054076
