vet-ins,vet-fnd,avl-ins,avl-fnd,hst-ins,hst-fnd,htr-ins,htr-fnd
0.000617,0.000029,0.002384,0.000710,0.000795,0.004539,0.002184,0.000712
0.002835,0.000198,0.013779,0.009907,0.004154,0.201854,0.013624,0.009176
0.003903,0.000199,0.030240,0.009795,0.007220,0.301377,0.028972,0.009989
0.008366,0.000488,0.061754,0.026032,0.013152,0.735210,0.066570,0.025902
0.007635,0.001426,0.058909,0.074573,0.013688,1.666549,0.064141,0.078575
