vet-ins,vet-fnd,avl-ins,avl-fnd,hst-ins,hst-fnd,htr-ins,htr-fnd
0.002193,0.000073,0.005971,0.002031,0.003407,0.000146,0.004426,0.001199
0.004479,0.000337,0.013174,0.008620,0.005905,0.000538,0.010436,0.005464
0.006496,0.000269,0.026508,0.009143,0.011254,0.000541,0.022780,0.006044
0.013119,0.000670,0.059818,0.025632,0.021752,0.001341,0.053479,0.018915
0.016606,0.002015,0.059924,0.077814,0.020724,0.004091,0.056658,0.053670
