vet-ins,vet-fnd,avl-ins,avl-fnd,hst-ins,hst-fnd,htr-ins,htr-fnd
0.000560,0.000021,0.001987,0.000680,0.000809,0.003206,0.002065,0.000697
0.002351,0.000189,0.011633,0.007961,0.003778,0.145266,0.012734,0.008138
0.004063,0.000202,0.025859,0.008692,0.007129,0.224508,0.026784,0.008676
0.008226,0.000488,0.059473,0.026688,0.013858,0.549142,0.063502,0.024753
0.007668,0.001421,0.059295,0.074559,0.013328,1.666703,0.062438,0.073997
