vet-ins,vet-fnd,avl-ins,avl-fnd,hst-ins,hst-fnd,htr-ins,htr-fnd
0.002385,0.000095,0.006164,0.002038,0.003421,0.000146,0.004392,0.001182
0.004337,0.000267,0.012773,0.008940,0.006202,0.000541,0.010331,0.005448
0.006494,0.000276,0.026190,0.009169,0.011245,0.000541,0.023038,0.006044
0.013075,0.000669,0.059332,0.025565,0.021746,0.001354,0.054149,0.017834
0.016602,0.002008,0.061911,0.083477,0.020709,0.004047,0.051921,0.053664
