vet-ins,vet-fnd,avl-ins,avl-fnd,hst-ins,hst-fnd,htr-ins,htr-fnd
0.001955,0.000065,0.005619,0.002208,0.002901,0.000133,0.003900,0.001080
0.004895,0.000262,0.012237,0.008722,0.005395,0.000545,0.010033,0.005422
0.007140,0.000263,0.026091,0.009299,0.010194,0.000535,0.022289,0.006256
0.012636,0.000657,0.058976,0.026260,0.019768,0.001540,0.051520,0.017983
0.017020,0.001969,0.059661,0.078990,0.018604,0.004015,0.051821,0.055292
