vet-ins,vet-fnd,avl-ins,avl-fnd,hst-ins,hst-fnd,htr-ins,htr-fnd
0.000537,0.000020,0.001905,0.000661,0.000775,0.004270,0.002152,0.000699
0.002418,0.000186,0.011299,0.007846,0.003587,0.187196,0.012881,0.008255
0.003960,0.000207,0.025661,0.008667,0.006690,0.289401,0.028446,0.009037
0.008155,0.000490,0.058391,0.024217,0.013814,0.542889,0.060407,0.024580
0.007763,0.001484,0.058927,0.073257,0.013224,1.652687,0.060347,0.071939
