vet-ins,vet-fnd,avl-ins,avl-fnd,hst-ins,hst-fnd,htr-ins,htr-fnd
0.001355,0.000049,0.003618,0.001210,0.002187,0.000079,0.002690,0.000732
0.005594,0.000402,0.016049,0.009210,0.006823,0.000635,0.011859,0.006161
0.006822,0.000269,0.026018,0.009214,0.012390,0.000650,0.023902,0.006089
0.013031,0.000670,0.060753,0.031777,0.024260,0.001342,0.053673,0.018723
0.016928,0.002016,0.060173,0.078564,0.022915,0.004099,0.052409,0.053087
