vet-ins,vet-fnd,avl-ins,avl-fnd,hst-ins,hst-fnd,htr-ins,htr-fnd
0.000543,0.000019,0.001878,0.000667,0.000798,0.004241,0.002114,0.000707
0.002370,0.000203,0.011396,0.008070,0.003648,0.186881,0.013107,0.008434
0.004026,0.000203,0.025516,0.008746,0.007037,0.291922,0.028102,0.009294
0.008072,0.000492,0.058731,0.024580,0.012871,0.729397,0.060724,0.025122
0.007555,0.001458,0.057618,0.075201,0.013399,1.670251,0.058886,0.072289
