vet-ins,vet-fnd,avl-ins,avl-fnd,hst-ins,hst-fnd,htr-ins,htr-fnd
0.000559,0.000020,0.001877,0.000665,0.000768,0.004308,0.002117,0.000707
0.002357,0.000199,0.011481,0.007953,0.003667,0.187653,0.013400,0.008547
0.004161,0.000203,0.025480,0.008680,0.007038,0.293587,0.028153,0.009207
0.008295,0.000502,0.058399,0.024517,0.013198,0.728301,0.061555,0.025763
0.007650,0.001477,0.058858,0.073943,0.012960,2.185429,0.063138,0.078291
