vet-ins,vet-fnd,avl-ins,avl-fnd,hst-ins,hst-fnd,htr-ins,htr-fnd
0.000795,0.000026,0.003234,0.001047,0.001602,0.000074,0.002213,0.000603
0.004867,0.000364,0.017110,0.009345,0.006174,0.000649,0.011702,0.006363
0.007021,0.000307,0.027112,0.009735,0.010190,0.000535,0.022012,0.006031
0.013151,0.000663,0.059378,0.035645,0.025215,0.001517,0.059677,0.019312
0.016408,0.001967,0.060490,0.079805,0.019389,0.004015,0.052681,0.053735
