vet-ins,vet-fnd,avl-ins,avl-fnd,hst-ins,hst-fnd,htr-ins,htr-fnd
0.000550,0.000020,0.001977,0.000698,0.000805,0.004391,0.002237,0.000706
0.002318,0.000189,0.011489,0.007910,0.003644,0.188474,0.013406,0.008554
0.004034,0.000198,0.026271,0.009000,0.006683,0.290131,0.028341,0.009147
0.008391,0.000515,0.059723,0.024750,0.013314,0.732014,0.062019,0.025725
0.007625,0.001457,0.062193,0.080911,0.012849,2.231539,0.061511,0.075550
