vet-ins,vet-fnd,avl-ins,avl-fnd,hst-ins,hst-fnd,htr-ins,htr-fnd
0.002035,0.000077,0.005758,0.002009,0.003099,0.000134,0.004126,0.001146
0.005247,0.000267,0.012424,0.009169,0.005506,0.000535,0.010904,0.006935
0.006769,0.000262,0.027166,0.009633,0.010211,0.000535,0.022187,0.006843
0.012968,0.000666,0.059614,0.026905,0.022513,0.001423,0.055558,0.018213
0.016765,0.001969,0.059914,0.090214,0.018912,0.004041,0.053312,0.061784
