vet-ins,vet-fnd,avl-ins,avl-fnd,hst-ins,hst-fnd,htr-ins,htr-fnd
0.000968,0.000033,0.002534,0.000927,0.001395,0.000064,0.002036,0.000512
0.004305,0.000312,0.014948,0.010297,0.006874,0.000632,0.012741,0.006361
0.007668,0.000314,0.031049,0.010880,0.013149,0.000633,0.026717,0.006877
0.014250,0.000717,0.067041,0.027804,0.021850,0.001346,0.056982,0.018009
0.019242,0.002463,0.064744,0.085292,0.024481,0.004854,0.062415,0.063262
