vet-ins,vet-fnd,avl-ins,avl-fnd,hst-ins,hst-fnd,htr-ins,htr-fnd
0.001180,0.000040,0.003392,0.001020,0.001277,0.000054,0.001785,0.000540
0.003929,0.000320,0.014210,0.009755,0.005405,0.000535,0.010587,0.005416
0.006224,0.000266,0.029616,0.010289,0.010904,0.000628,0.022708,0.006054
0.013733,0.000655,0.065706,0.027022,0.020018,0.001337,0.054539,0.019512
0.016954,0.001971,0.059617,0.084599,0.018646,0.004027,0.051478,0.055195
