vet-ins,vet-fnd,avl-ins,avl-fnd,hst-ins,hst-fnd,htr-ins,htr-fnd
0.000705,0.000025,0.002401,0.000839,0.001004,0.005161,0.002731,0.000873
0.003142,0.000248,0.014422,0.009598,0.004782,0.226042,0.016361,0.010221
0.005482,0.000256,0.033081,0.010626,0.009391,0.350665,0.034952,0.011222
0.011064,0.000646,0.075487,0.029319,0.017228,0.775793,0.060754,0.025049
0.007629,0.001432,0.058299,0.072758,0.013574,1.646364,0.059737,0.073301
