vet-ins,vet-fnd,avl-ins,avl-fnd,hst-ins,hst-fnd,htr-ins,htr-fnd
0.000942,0.000031,0.002601,0.000771,0.001373,0.000063,0.001982,0.000512
0.004130,0.000308,0.014504,0.010453,0.006289,0.000628,0.011920,0.006541
0.007398,0.000313,0.034591,0.012233,0.011909,0.000680,0.028671,0.007607
0.012755,0.000655,0.066509,0.026998,0.019983,0.001497,0.055664,0.018098
0.016652,0.002239,0.063185,0.079752,0.018554,0.004087,0.052204,0.053943
