vet-ins,vet-fnd,avl-ins,avl-fnd,hst-ins,hst-fnd,htr-ins,htr-fnd
0.001906,0.000064,0.005265,0.001813,0.002791,0.000131,0.003799,0.001049
0.006882,0.000364,0.012954,0.008684,0.005414,0.000544,0.010057,0.005451
0.006315,0.000262,0.025943,0.009565,0.010237,0.000540,0.022332,0.006043
0.012914,0.000824,0.059165,0.026115,0.022640,0.001697,0.054780,0.018130
0.017805,0.002237,0.060523,0.084376,0.018761,0.004201,0.055584,0.059327
