vet-ins,vet-fnd,avl-ins,avl-fnd,hst-ins,hst-fnd,htr-ins,htr-fnd
0.001416,0.000041,0.003736,0.001113,0.001889,0.000079,0.002380,0.000637
0.004122,0.000334,0.013759,0.009163,0.006195,0.000539,0.010804,0.005470
0.006755,0.000268,0.025860,0.009194,0.011244,0.000538,0.022696,0.006056
0.014738,0.000831,0.072204,0.028100,0.022584,0.001358,0.053822,0.017807
0.016603,0.002255,0.059055,0.077968,0.021499,0.004668,0.053217,0.056458
