vet-ins,vet-fnd,avl-ins,avl-fnd,hst-ins,hst-fnd,htr-ins,htr-fnd
0.001902,0.000063,0.005236,0.001831,0.002782,0.000131,0.003848,0.001053
0.006685,0.000365,0.012743,0.009334,0.006587,0.000663,0.010377,0.005928
0.006270,0.000262,0.026159,0.009272,0.010267,0.000540,0.022140,0.006024
0.012718,0.000656,0.059410,0.026550,0.020043,0.001353,0.053750,0.017968
0.017147,0.001966,0.068781,0.080480,0.018616,0.004109,0.053773,0.053776
