vet-ins,vet-fnd,avl-ins,avl-fnd,hst-ins,hst-fnd,htr-ins,htr-fnd
0.000821,0.000027,0.002165,0.000748,0.001306,0.000063,0.001855,0.000434
0.003685,0.000268,0.012661,0.009084,0.006200,0.000545,0.010309,0.005450
0.006466,0.000273,0.026522,0.009150,0.011233,0.000543,0.022952,0.006044
0.013292,0.000680,0.059634,0.025838,0.022863,0.001577,0.055894,0.018056
0.016897,0.002011,0.062421,0.078093,0.021577,0.004050,0.056366,0.055454
