vet-ins,vet-fnd,avl-ins,avl-fnd,hst-ins,hst-fnd,htr-ins,htr-fnd
0.000791,0.000027,0.002186,0.000751,0.001157,0.000053,0.001708,0.000512
0.003836,0.000263,0.012412,0.008707,0.005411,0.000535,0.010486,0.005426
0.006296,0.000263,0.025925,0.009245,0.010231,0.000545,0.022200,0.006407
0.013501,0.000656,0.059111,0.026450,0.021227,0.001566,0.058889,0.018034
0.016525,0.002281,0.059587,0.084752,0.019687,0.004020,0.052147,0.053762
