vet-ins,vet-fnd,avl-ins,avl-fnd,hst-ins,hst-fnd,htr-ins,htr-fnd
0.000833,0.000028,0.002189,0.000753,0.001269,0.000054,0.001645,0.000439
0.003702,0.000282,0.012473,0.008702,0.005926,0.000549,0.010467,0.005484
0.006868,0.000282,0.026217,0.009224,0.011308,0.000540,0.023104,0.006156
0.013334,0.000669,0.064679,0.025715,0.022462,0.001387,0.053441,0.017901
0.016603,0.002165,0.064633,0.079051,0.021075,0.004031,0.053052,0.052840
