vet-ins,vet-fnd,avl-ins,avl-fnd,hst-ins,hst-fnd,htr-ins,htr-fnd
0.000900,0.000027,0.002168,0.000747,0.001261,0.000054,0.001845,0.000529
0.004158,0.000268,0.014107,0.010366,0.006685,0.000622,0.011817,0.006127
0.007020,0.000268,0.027095,0.009181,0.011880,0.000540,0.022871,0.006453
0.014857,0.000800,0.068154,0.027332,0.023567,0.001351,0.056847,0.019073
0.019143,0.002390,0.064520,0.078252,0.021123,0.004102,0.051737,0.053587
