vet-ins,vet-fnd,avl-ins,avl-fnd,hst-ins,hst-fnd,htr-ins,htr-fnd
0.000566,0.000020,0.001966,0.000702,0.000818,0.004399,0.002232,0.000743
0.002322,0.000187,0.011392,0.007860,0.003594,0.188824,0.013620,0.008700
0.004035,0.000198,0.026097,0.008794,0.007054,0.291054,0.028423,0.009135
0.008349,0.000507,0.058578,0.024283,0.012571,0.728220,0.060345,0.024855
0.007792,0.001489,0.059294,0.072779,0.013243,1.642375,0.072983,0.095707
