vet-ins,vet-fnd,avl-ins,avl-fnd,hst-ins,hst-fnd,htr-ins,htr-fnd
0.000548,0.000020,0.001966,0.000707,0.000812,0.004295,0.002110,0.000702
0.002174,0.000190,0.011481,0.009036,0.003787,0.190094,0.013379,0.008548
0.004203,0.000206,0.025875,0.009268,0.007004,0.289420,0.029509,0.010133
0.008152,0.000492,0.059178,0.024944,0.013034,0.721738,0.061375,0.025180
0.007801,0.001426,0.058752,0.073626,0.012983,2.179539,0.065223,0.078054
