vet-ins,vet-fnd,avl-ins,avl-fnd,hst-ins,hst-fnd,htr-ins,htr-fnd
0.000569,0.000019,0.001893,0.000690,0.000808,0.003394,0.002381,0.000709
0.002379,0.000195,0.014634,0.009563,0.003951,0.149482,0.012918,0.008330
0.004011,0.000204,0.026780,0.008887,0.007073,0.228375,0.034919,0.011945
0.008151,0.000496,0.062125,0.025968,0.013680,0.575435,0.079842,0.030353
0.008397,0.001510,0.063299,0.078266,0.012613,2.262844,0.069913,0.086076
