vet-ins,vet-fnd,avl-ins,avl-fnd,hst-ins,hst-fnd,htr-ins,htr-fnd
0.001895,0.000065,0.005267,0.001827,0.002789,0.000130,0.003843,0.001047
0.005571,0.000262,0.012371,0.008757,0.005408,0.000535,0.010091,0.005390
0.006777,0.000263,0.025929,0.009272,0.010218,0.000548,0.022118,0.006007
0.013437,0.000657,0.060453,0.027467,0.023315,0.001748,0.053779,0.017962
0.019240,0.002305,0.063260,0.080192,0.018565,0.004013,0.055092,0.058815
