vet-ins,vet-fnd,avl-ins,avl-fnd,hst-ins,hst-fnd,htr-ins,htr-fnd
0.001539,0.000051,0.004166,0.001344,0.001874,0.000079,0.002431,0.000639
0.004345,0.000321,0.014710,0.010816,0.006963,0.000637,0.012404,0.006599
0.007778,0.000321,0.030779,0.010981,0.012081,0.000630,0.024461,0.006596
0.014212,0.000671,0.068734,0.030171,0.023927,0.001487,0.060007,0.023973
0.018349,0.002360,0.071692,0.095747,0.024616,0.004815,0.067239,0.070879
