vet-ins,vet-fnd,avl-ins,avl-fnd,hst-ins,hst-fnd,htr-ins,htr-fnd
0.001349,0.000041,0.003568,0.001267,0.002125,0.000095,0.002754,0.000638
0.005776,0.000401,0.016971,0.008665,0.005903,0.000539,0.010909,0.005605
0.006505,0.000268,0.026968,0.009548,0.011281,0.000538,0.022988,0.006073
0.013557,0.000669,0.060105,0.025982,0.022231,0.001348,0.054918,0.018147
0.017089,0.002007,0.060631,0.078654,0.020812,0.004041,0.053825,0.057381
