vet-ins,vet-fnd,avl-ins,avl-fnd,hst-ins,hst-fnd,htr-ins,htr-fnd
0.001916,0.000066,0.005890,0.002059,0.002970,0.000134,0.003964,0.001081
0.004476,0.000267,0.012371,0.008968,0.005860,0.000545,0.010120,0.005401
0.006359,0.000264,0.025924,0.009252,0.010168,0.000537,0.022138,0.005982
0.012664,0.000657,0.062778,0.030246,0.021896,0.001339,0.053209,0.018149
0.017358,0.001980,0.067694,0.084246,0.018640,0.004023,0.051628,0.053672
