vet-ins,vet-fnd,avl-ins,avl-fnd,hst-ins,hst-fnd,htr-ins,htr-fnd
0.002015,0.000067,0.005690,0.001881,0.003171,0.000154,0.004296,0.001200
0.005096,0.000290,0.013699,0.008935,0.005898,0.000543,0.010356,0.005441
0.006407,0.000282,0.025845,0.009160,0.011213,0.000538,0.022717,0.006056
0.015159,0.000785,0.061057,0.026005,0.021844,0.001343,0.055981,0.018048
0.018380,0.002242,0.060674,0.093491,0.024924,0.004806,0.065176,0.065739
