vet-ins,vet-fnd,avl-ins,avl-fnd,hst-ins,hst-fnd,htr-ins,htr-fnd
0.000598,0.000021,0.001969,0.000699,0.000821,0.004468,0.002233,0.000746
0.002472,0.000202,0.011820,0.008253,0.003834,0.190287,0.012966,0.008373
0.004064,0.000196,0.025593,0.008660,0.006800,0.289480,0.029546,0.009125
0.008013,0.000501,0.062967,0.024288,0.013928,0.547336,0.060093,0.024465
0.007535,0.001454,0.059425,0.073377,0.012508,2.161794,0.062568,0.076858
