vet-ins,vet-fnd,avl-ins,avl-fnd,hst-ins,hst-fnd,htr-ins,htr-fnd
0.000841,0.000027,0.002449,0.000766,0.001260,0.000054,0.001629,0.000437
0.005048,0.000391,0.017097,0.010017,0.005880,0.000541,0.010388,0.005468
0.006531,0.000268,0.026153,0.009456,0.011228,0.000542,0.022771,0.006073
0.014797,0.000829,0.062272,0.025711,0.021777,0.001363,0.053747,0.017907
0.016625,0.002010,0.058562,0.078175,0.020726,0.004032,0.052576,0.053211
