vet-ins,vet-fnd,avl-ins,avl-fnd,hst-ins,hst-fnd,htr-ins,htr-fnd
0.002185,0.000073,0.005990,0.002028,0.003402,0.000147,0.004392,0.001186
0.004642,0.000318,0.014608,0.010090,0.005994,0.000649,0.011053,0.005465
0.006618,0.000273,0.026305,0.009209,0.011529,0.000540,0.022872,0.006112
0.013255,0.000669,0.065695,0.030611,0.024661,0.001641,0.063750,0.020098
0.017121,0.002200,0.068160,0.080867,0.020789,0.004373,0.054034,0.054672
