vet-ins,vet-fnd,avl-ins,avl-fnd,hst-ins,hst-fnd,htr-ins,htr-fnd
0.000555,0.000020,0.001881,0.000665,0.000857,0.003175,0.002084,0.000671
0.002350,0.000187,0.011441,0.007941,0.003731,0.141747,0.012416,0.007992
0.004091,0.000206,0.025754,0.008686,0.007204,0.223135,0.027538,0.008882
0.008425,0.000504,0.059637,0.024866,0.013155,0.733669,0.060904,0.024983
0.007709,0.001473,0.059116,0.073266,0.012864,2.153533,0.060043,0.074518
