vet-ins,vet-fnd,avl-ins,avl-fnd,hst-ins,hst-fnd,htr-ins,htr-fnd
0.000556,0.000020,0.001984,0.000679,0.000837,0.004329,0.002242,0.000731
0.002484,0.000199,0.012082,0.008129,0.003649,0.195140,0.013705,0.008622
0.004239,0.000201,0.028186,0.010161,0.007337,0.299517,0.031203,0.009767
0.008252,0.000490,0.060696,0.025214,0.013191,0.746998,0.067709,0.029537
0.007696,0.001424,0.061329,0.079201,0.013212,2.210867,0.065966,0.080605
