vet-ins,vet-fnd,avl-ins,avl-fnd,hst-ins,hst-fnd,htr-ins,htr-fnd
0.001080,0.000037,0.003068,0.001054,0.001641,0.000076,0.002219,0.000605
0.004879,0.000365,0.016765,0.009552,0.005925,0.000692,0.011091,0.006041
0.006770,0.000263,0.026943,0.009996,0.010508,0.000540,0.022094,0.005959
0.012734,0.000656,0.058807,0.026081,0.019602,0.001352,0.051827,0.017691
0.016138,0.001966,0.063818,0.087700,0.021109,0.004602,0.057204,0.052967
