vet-ins,vet-fnd,avl-ins,avl-fnd,hst-ins,hst-fnd,htr-ins,htr-fnd
0.000835,0.000026,0.002452,0.000771,0.001299,0.000064,0.001933,0.000436
0.004021,0.000307,0.013754,0.009028,0.005390,0.000535,0.010138,0.005421
0.006320,0.000263,0.031180,0.011079,0.010818,0.000567,0.024872,0.006068
0.012851,0.000656,0.062141,0.026008,0.020003,0.001341,0.055098,0.019932
0.017046,0.001967,0.059930,0.079224,0.018578,0.004064,0.050754,0.053586
