vet-ins,vet-fnd,avl-ins,avl-fnd,hst-ins,hst-fnd,htr-ins,htr-fnd
0.002126,0.000072,0.005885,0.002052,0.003119,0.000147,0.004280,0.001187
0.003956,0.000262,0.012279,0.008744,0.005392,0.000541,0.009984,0.005396
0.007042,0.000357,0.028742,0.010562,0.010828,0.000541,0.022398,0.006579
0.012711,0.000655,0.058225,0.025933,0.020298,0.001611,0.054069,0.017945
0.016184,0.001979,0.058682,0.079703,0.018901,0.004158,0.049930,0.056543
