vet-ins,vet-fnd,avl-ins,avl-fnd,hst-ins,hst-fnd,htr-ins,htr-fnd
0.001149,0.000037,0.003058,0.001035,0.001741,0.000075,0.002277,0.000605
0.005019,0.000374,0.017333,0.008869,0.006216,0.000539,0.010455,0.005451
0.006581,0.000269,0.026120,0.009504,0.011236,0.000540,0.023410,0.006082
0.014467,0.000827,0.063975,0.025574,0.021741,0.001350,0.053823,0.018059
0.016579,0.002004,0.061624,0.077463,0.020705,0.004049,0.053108,0.053121
