vet-ins,vet-fnd,avl-ins,avl-fnd,hst-ins,hst-fnd,htr-ins,htr-fnd
0.000554,0.000019,0.001879,0.000662,0.000809,0.004323,0.002101,0.000710
0.002205,0.000203,0.011817,0.007997,0.003659,0.187690,0.013138,0.008343
0.004141,0.000207,0.025556,0.008602,0.006532,0.289354,0.028385,0.009171
0.008107,0.000494,0.058718,0.024571,0.013193,0.723345,0.063741,0.025697
0.007628,0.001438,0.058738,0.074933,0.013404,1.674451,0.062521,0.072327
