vet-ins,vet-fnd,avl-ins,avl-fnd,hst-ins,hst-fnd,htr-ins,htr-fnd
0.000527,0.000029,0.001938,0.000664,0.000788,0.004323,0.002097,0.000703
0.002357,0.000190,0.011435,0.007919,0.003792,0.193419,0.013941,0.008540
0.004088,0.000203,0.026082,0.008947,0.007075,0.300351,0.028499,0.009199
0.008348,0.000513,0.064328,0.025004,0.013268,0.746798,0.064772,0.025203
0.007730,0.001532,0.057531,0.073597,0.013030,2.190883,0.062477,0.076973
