vet-ins,vet-fnd,avl-ins,avl-fnd,hst-ins,hst-fnd,htr-ins,htr-fnd
0.001058,0.000032,0.002765,0.000901,0.001504,0.000063,0.001973,0.000530
0.004517,0.000330,0.015159,0.010417,0.007061,0.000636,0.012634,0.006590
0.007710,0.000326,0.031963,0.011503,0.012800,0.000631,0.028273,0.007130
0.013627,0.000678,0.061934,0.026618,0.024582,0.001614,0.059312,0.018512
0.017264,0.002013,0.061780,0.092674,0.024557,0.004872,0.062109,0.064283
