vet-ins,vet-fnd,avl-ins,avl-fnd,hst-ins,hst-fnd,htr-ins,htr-fnd
0.000825,0.000027,0.002181,0.000750,0.001411,0.000063,0.001915,0.000440
0.003569,0.000268,0.012481,0.009341,0.005925,0.000537,0.010457,0.005489
0.006399,0.000268,0.026540,0.009230,0.011258,0.000538,0.023049,0.006517
0.013177,0.000670,0.059534,0.026367,0.021906,0.001346,0.054085,0.018561
0.016611,0.002019,0.059235,0.078098,0.020772,0.004111,0.058673,0.056140
