vet-ins,vet-fnd,avl-ins,avl-fnd,hst-ins,hst-fnd,htr-ins,htr-fnd
0.002109,0.000072,0.005959,0.002068,0.003124,0.000147,0.004372,0.001180
0.004474,0.000307,0.013456,0.009505,0.005533,0.000543,0.010610,0.005779
0.007002,0.000318,0.027637,0.009962,0.011466,0.000635,0.026405,0.007203
0.014442,0.000818,0.062837,0.027226,0.020063,0.001375,0.059151,0.029617
0.018290,0.002161,0.062377,0.083320,0.020205,0.004125,0.053207,0.055369
