vet-ins,vet-fnd,avl-ins,avl-fnd,hst-ins,hst-fnd,htr-ins,htr-fnd
0.002266,0.000066,0.005866,0.002153,0.003032,0.000158,0.004393,0.001327
0.004706,0.000308,0.015392,0.011594,0.006098,0.000676,0.011482,0.006520
0.007142,0.000262,0.030322,0.011301,0.011728,0.000661,0.025540,0.007371
0.015820,0.000775,0.074059,0.030366,0.022884,0.001580,0.059816,0.020905
0.020347,0.002302,0.071514,0.092127,0.020266,0.004896,0.054561,0.057191
