vet-ins,vet-fnd,avl-ins,avl-fnd,hst-ins,hst-fnd,htr-ins,htr-fnd
0.000565,0.000018,0.001881,0.000693,0.000757,0.004228,0.002122,0.000727
0.002347,0.000189,0.011368,0.007907,0.003583,0.187768,0.013315,0.008404
0.004445,0.000199,0.025935,0.008906,0.007076,0.292598,0.028289,0.009048
0.008394,0.000488,0.058673,0.024612,0.012910,0.732775,0.061448,0.025096
0.007611,0.001463,0.058524,0.074045,0.013064,2.208651,0.065496,0.076661
