vet-ins,vet-fnd,avl-ins,avl-fnd,hst-ins,hst-fnd,htr-ins,htr-fnd
0.000570,0.000028,0.001892,0.000666,0.000822,0.003219,0.002229,0.000667
0.002362,0.000188,0.011931,0.008050,0.003785,0.142713,0.013274,0.008316
0.003893,0.000202,0.025774,0.008686,0.007105,0.221209,0.026635,0.008673
0.008127,0.000493,0.059591,0.024360,0.013364,0.547052,0.062164,0.024612
0.007935,0.001500,0.059289,0.074343,0.012330,2.481584,0.064147,0.078039
