vet-ins,vet-fnd,avl-ins,avl-fnd,hst-ins,hst-fnd,htr-ins,htr-fnd
0.000798,0.000026,0.002195,0.000921,0.001355,0.000054,0.001852,0.000555
0.003756,0.000263,0.013173,0.009866,0.005730,0.000540,0.010140,0.005915
0.006393,0.000262,0.026366,0.010429,0.010740,0.000673,0.022471,0.006783
0.014556,0.000798,0.070380,0.031748,0.022867,0.001589,0.060295,0.021200
0.018841,0.002309,0.069443,0.091757,0.019591,0.004221,0.054490,0.059167
