vet-ins,vet-fnd,avl-ins,avl-fnd,hst-ins,hst-fnd,htr-ins,htr-fnd
0.002095,0.000067,0.005594,0.001998,0.003346,0.000135,0.004162,0.001200
0.005755,0.000332,0.012436,0.008659,0.005912,0.000543,0.010326,0.005444
0.006507,0.000268,0.026409,0.009185,0.011261,0.000539,0.023089,0.006095
0.013066,0.000669,0.059016,0.025609,0.021777,0.001348,0.053223,0.018142
0.016580,0.002006,0.061291,0.079516,0.020732,0.004544,0.058339,0.054798
