vet-ins,vet-fnd,avl-ins,avl-fnd,hst-ins,hst-fnd,htr-ins,htr-fnd
0.001923,0.000070,0.005789,0.002033,0.002990,0.000158,0.004192,0.001078
0.004425,0.000262,0.012392,0.008699,0.005409,0.000687,0.012469,0.005541
0.006558,0.000271,0.026570,0.009263,0.010330,0.000540,0.025076,0.006655
0.012719,0.000661,0.060251,0.026513,0.019643,0.001349,0.052051,0.017837
0.017418,0.002255,0.060318,0.078317,0.018566,0.004053,0.055405,0.053661
