vet-ins,vet-fnd,avl-ins,avl-fnd,hst-ins,hst-fnd,htr-ins,htr-fnd
0.001151,0.000039,0.003022,0.001044,0.001745,0.000075,0.002297,0.000605
0.005047,0.000371,0.016785,0.008895,0.006209,0.000540,0.010548,0.005450
0.006566,0.000268,0.028964,0.009234,0.011267,0.000539,0.023895,0.006105
0.014924,0.000784,0.061706,0.026265,0.022301,0.001350,0.054456,0.018127
0.018595,0.002326,0.065189,0.078789,0.020773,0.004069,0.058154,0.058908
