vet-ins,vet-fnd,avl-ins,avl-fnd,hst-ins,hst-fnd,htr-ins,htr-fnd
0.002008,0.000070,0.005843,0.002067,0.003068,0.000157,0.004212,0.001076
0.004409,0.000262,0.012488,0.008755,0.005386,0.000545,0.010261,0.005406
0.006350,0.000263,0.026141,0.009255,0.010186,0.000538,0.025396,0.007029
0.013048,0.000659,0.059164,0.027676,0.021837,0.001645,0.059277,0.018946
0.016254,0.001975,0.064378,0.081027,0.019227,0.004704,0.057404,0.053798
