vet-ins,vet-fnd,avl-ins,avl-fnd,hst-ins,hst-fnd,htr-ins,htr-fnd
0.000546,0.000020,0.001985,0.000662,0.000790,0.003161,0.002025,0.000662
0.002375,0.000202,0.011868,0.007924,0.003676,0.141739,0.012420,0.007878
0.003959,0.000203,0.025625,0.008588,0.006805,0.222944,0.026872,0.008539
0.008176,0.000494,0.058357,0.024036,0.013056,0.728831,0.061434,0.025517
0.007665,0.001481,0.057055,0.071945,0.013300,1.663857,0.057264,0.071187
