vet-ins,vet-fnd,avl-ins,avl-fnd,hst-ins,hst-fnd,htr-ins,htr-fnd
0.000860,0.000032,0.002608,0.000887,0.001546,0.000064,0.001950,0.000803
0.009849,0.000783,0.016545,0.010204,0.007035,0.000574,0.012306,0.006173
0.007568,0.000314,0.029225,0.010012,0.011637,0.000540,0.025841,0.006862
0.015218,0.000783,0.065650,0.027843,0.021852,0.001350,0.054916,0.018985
0.018942,0.002307,0.070057,0.091932,0.023911,0.004568,0.066399,0.069627
