vet-ins,vet-fnd,avl-ins,avl-fnd,hst-ins,hst-fnd,htr-ins,htr-fnd
0.002116,0.000072,0.005930,0.002048,0.003123,0.000149,0.004326,0.001188
0.004735,0.000307,0.014304,0.011392,0.005410,0.000535,0.010661,0.005426
0.006605,0.000263,0.026540,0.009492,0.010161,0.000560,0.023821,0.006833
0.012688,0.000666,0.059682,0.028598,0.021822,0.001337,0.052037,0.017900
0.016580,0.001974,0.060006,0.079831,0.019476,0.004542,0.053517,0.053142
