vet-ins,vet-fnd,avl-ins,avl-fnd,hst-ins,hst-fnd,htr-ins,htr-fnd
0.002041,0.000078,0.005596,0.002114,0.003025,0.000134,0.004063,0.001127
0.005840,0.000266,0.012373,0.008723,0.005371,0.000535,0.010077,0.005396
0.006387,0.000266,0.026128,0.009259,0.011002,0.000661,0.023676,0.005985
0.012727,0.000656,0.059525,0.029106,0.022750,0.001578,0.055853,0.020259
0.016448,0.001973,0.066533,0.080204,0.019031,0.004030,0.050947,0.054065
