vet-ins,vet-fnd,avl-ins,avl-fnd,hst-ins,hst-fnd,htr-ins,htr-fnd
0.001233,0.000044,0.003682,0.001145,0.001707,0.000074,0.002218,0.000605
0.004840,0.000370,0.016813,0.008708,0.005740,0.000539,0.010753,0.006095
0.006515,0.000308,0.029106,0.010405,0.011710,0.000536,0.023976,0.006252
0.013633,0.000657,0.059877,0.026629,0.020224,0.001478,0.055741,0.018717
0.016791,0.001972,0.060218,0.081126,0.018618,0.004019,0.051413,0.053452
