vet-ins,vet-fnd,avl-ins,avl-fnd,hst-ins,hst-fnd,htr-ins,htr-fnd
0.002134,0.000069,0.005731,0.002021,0.003249,0.000135,0.004319,0.001246
0.005257,0.000267,0.012904,0.008651,0.005880,0.000548,0.010554,0.005460
0.006561,0.000272,0.029197,0.011991,0.013157,0.000635,0.028557,0.006840
0.013780,0.000668,0.065954,0.030297,0.025433,0.001587,0.064735,0.021639
0.018713,0.002377,0.066684,0.089724,0.022705,0.004840,0.059364,0.060956
