vet-ins,vet-fnd,avl-ins,avl-fnd,hst-ins,hst-fnd,htr-ins,htr-fnd
0.001242,0.000036,0.003007,0.001046,0.001610,0.000075,0.002217,0.000602
0.004883,0.000365,0.013318,0.008710,0.005382,0.000538,0.010076,0.005416
0.006265,0.000268,0.026537,0.009336,0.010170,0.000535,0.022034,0.005996
0.012624,0.000662,0.059047,0.026254,0.019959,0.001350,0.052226,0.017870
0.017277,0.001972,0.059635,0.083931,0.018620,0.004044,0.052234,0.053096
