vet-ins,vet-fnd,avl-ins,avl-fnd,hst-ins,hst-fnd,htr-ins,htr-fnd
0.000809,0.000031,0.002564,0.000770,0.001382,0.000067,0.001701,0.000499
0.004078,0.000310,0.014338,0.009437,0.005405,0.000535,0.010156,0.005796
0.007427,0.000270,0.029268,0.010322,0.010619,0.000535,0.022194,0.006031
0.014282,0.000768,0.061670,0.027851,0.022097,0.001337,0.053499,0.018901
0.017149,0.001970,0.063587,0.085172,0.018739,0.004025,0.051115,0.053414
