vet-ins,vet-fnd,avl-ins,avl-fnd,hst-ins,hst-fnd,htr-ins,htr-fnd
0.000981,0.000031,0.003177,0.001040,0.001609,0.000074,0.002236,0.000603
0.004863,0.000365,0.017194,0.009076,0.005418,0.000537,0.011815,0.005944
0.006994,0.000267,0.031236,0.011794,0.011816,0.000683,0.025756,0.006331
0.013037,0.000656,0.060650,0.027038,0.020716,0.001338,0.057079,0.020491
0.021198,0.002343,0.074865,0.098429,0.020720,0.004332,0.053435,0.059254
