vet-ins,vet-fnd,avl-ins,avl-fnd,hst-ins,hst-fnd,htr-ins,htr-fnd
0.001877,0.000064,0.005228,0.001838,0.002777,0.000130,0.003815,0.001052
0.006735,0.000369,0.012653,0.008720,0.005406,0.000540,0.010033,0.005404
0.006274,0.000262,0.025677,0.009250,0.010218,0.000540,0.021951,0.006055
0.013040,0.000661,0.060549,0.026111,0.020979,0.001581,0.059735,0.019919
0.016248,0.002273,0.062483,0.084478,0.019525,0.004510,0.051962,0.054559
