vet-ins,vet-fnd,avl-ins,avl-fnd,hst-ins,hst-fnd,htr-ins,htr-fnd
0.000928,0.000032,0.003587,0.001307,0.002087,0.000079,0.002780,0.000679
0.006028,0.000468,0.016927,0.009293,0.006309,0.000540,0.010458,0.005467
0.006461,0.000268,0.026051,0.009226,0.011401,0.000662,0.022986,0.006105
0.013281,0.000668,0.059422,0.028877,0.021872,0.001347,0.056268,0.018196
0.017258,0.002005,0.063656,0.081357,0.020823,0.004045,0.053912,0.054086
