vet-ins,vet-fnd,avl-ins,avl-fnd,hst-ins,hst-fnd,htr-ins,htr-fnd
0.000940,0.000031,0.002417,0.000878,0.001352,0.000054,0.001717,0.000530
0.003944,0.000328,0.021015,0.009360,0.005431,0.000535,0.010073,0.005415
0.006652,0.000268,0.025784,0.009307,0.010225,0.000535,0.022265,0.006042
0.012991,0.000661,0.058624,0.026401,0.019714,0.001342,0.051335,0.018740
0.016722,0.001965,0.059942,0.088190,0.018795,0.004025,0.050890,0.054076
