vet-ins,vet-fnd,avl-ins,avl-fnd,hst-ins,hst-fnd,htr-ins,htr-fnd
0.000528,0.000020,0.001859,0.000663,0.000802,0.004333,0.002132,0.000702
0.002368,0.000193,0.011392,0.007980,0.003488,0.186032,0.013681,0.008727
0.004196,0.000203,0.025532,0.008640,0.007187,0.295450,0.028909,0.009422
0.008010,0.000490,0.060537,0.024853,0.013358,0.734357,0.064006,0.025672
0.007850,0.001593,0.060255,0.075590,0.013903,1.666508,0.059994,0.073171
