vet-ins,vet-fnd,avl-ins,avl-fnd,hst-ins,hst-fnd,htr-ins,htr-fnd
0.000528,0.000019,0.001915,0.000663,0.000758,0.004208,0.002126,0.000708
0.002330,0.000189,0.012616,0.009803,0.003838,0.188773,0.013458,0.008576
0.004040,0.000203,0.025820,0.008750,0.006822,0.225161,0.027154,0.008829
0.008155,0.000513,0.059211,0.024311,0.013875,0.562018,0.065661,0.025309
0.007513,0.001455,0.059492,0.080585,0.013517,1.664668,0.063020,0.075789
