vet-ins,vet-fnd,avl-ins,avl-fnd,hst-ins,hst-fnd,htr-ins,htr-fnd
0.001172,0.000038,0.003606,0.001309,0.001906,0.000095,0.002733,0.000754
0.005129,0.000458,0.016838,0.009006,0.005387,0.000543,0.010140,0.005403
0.006861,0.000263,0.025912,0.009492,0.010975,0.000596,0.023685,0.006014
0.012774,0.000656,0.060046,0.026315,0.019647,0.001356,0.051987,0.019859
0.016373,0.001975,0.063110,0.080590,0.019414,0.004160,0.059397,0.055942
