vet-ins,vet-fnd,avl-ins,avl-fnd,hst-ins,hst-fnd,htr-ins,htr-fnd
0.000526,0.000019,0.001863,0.000656,0.000829,0.003207,0.002053,0.000666
0.002181,0.000191,0.011677,0.007886,0.003729,0.146289,0.013226,0.008234
0.004405,0.000202,0.026283,0.009384,0.007086,0.224094,0.026787,0.008807
0.008087,0.000488,0.061714,0.024699,0.012742,0.726658,0.061205,0.025801
0.007458,0.001421,0.059738,0.073716,0.013567,1.665657,0.058370,0.072419
