vet-ins,vet-fnd,avl-ins,avl-fnd,hst-ins,hst-fnd,htr-ins,htr-fnd
0.000519,0.000019,0.001862,0.000687,0.000788,0.003165,0.002178,0.000667
0.002397,0.000189,0.011780,0.008399,0.003907,0.143393,0.013875,0.010305
0.004151,0.000202,0.026819,0.009533,0.007413,0.300652,0.031234,0.009695
0.008440,0.000493,0.059286,0.024480,0.013140,0.737218,0.062370,0.025987
0.007668,0.001462,0.063317,0.074278,0.013744,1.701169,0.069623,0.084243
