vet-ins,vet-fnd,avl-ins,avl-fnd,hst-ins,hst-fnd,htr-ins,htr-fnd
0.001188,0.000039,0.003627,0.001139,0.001969,0.000095,0.002443,0.000757
0.005931,0.000468,0.017720,0.010340,0.006988,0.000632,0.012156,0.006448
0.007895,0.000313,0.031324,0.010967,0.013061,0.000635,0.027471,0.007292
0.015124,0.000797,0.069389,0.029483,0.024832,0.001380,0.059784,0.020013
0.019107,0.002352,0.069936,0.092592,0.025012,0.004879,0.062008,0.064866
