vet-ins,vet-fnd,avl-ins,avl-fnd,hst-ins,hst-fnd,htr-ins,htr-fnd
0.000834,0.000027,0.002182,0.000752,0.001587,0.000095,0.002685,0.000653
0.005411,0.000401,0.018548,0.008696,0.005911,0.000545,0.010445,0.005473
0.006405,0.000282,0.026061,0.011061,0.012159,0.000681,0.023155,0.006071
0.013291,0.000669,0.059391,0.025891,0.021895,0.001368,0.053747,0.018467
0.016929,0.002006,0.059769,0.079478,0.023578,0.004162,0.053516,0.052960
