vet-ins,vet-fnd,avl-ins,avl-fnd,hst-ins,hst-fnd,htr-ins,htr-fnd
0.000568,0.000020,0.002012,0.000665,0.000811,0.003144,0.002291,0.000939
0.002341,0.000189,0.012093,0.008249,0.003571,0.141889,0.012777,0.008217
0.004046,0.000207,0.026200,0.008724,0.007319,0.224604,0.027160,0.008734
0.008018,0.000491,0.059148,0.025830,0.014474,0.560416,0.065023,0.027378
0.007533,0.001448,0.060535,0.075618,0.012983,1.700401,0.064398,0.073053
