vet-ins,vet-fnd,avl-ins,avl-fnd,hst-ins,hst-fnd,htr-ins,htr-fnd
0.002219,0.000073,0.006024,0.002026,0.003460,0.000157,0.004620,0.001184
0.004995,0.000317,0.014813,0.010244,0.006929,0.000632,0.012437,0.006544
0.007603,0.000315,0.031714,0.011773,0.013342,0.000631,0.028079,0.007602
0.014950,0.000783,0.070657,0.030332,0.023312,0.001355,0.060431,0.021462
0.018241,0.002345,0.065988,0.087651,0.021634,0.004510,0.056655,0.056151
