vet-ins,vet-fnd,avl-ins,avl-fnd,hst-ins,hst-fnd,htr-ins,htr-fnd
0.001186,0.000057,0.003233,0.001064,0.001617,0.000074,0.002256,0.000602
0.004885,0.000364,0.017097,0.010428,0.006344,0.000627,0.011929,0.006405
0.007319,0.000313,0.030934,0.011017,0.011955,0.000640,0.026244,0.007306
0.014592,0.000778,0.070558,0.031389,0.023624,0.001567,0.062066,0.021795
0.017088,0.002009,0.066375,0.088751,0.020028,0.004116,0.059845,0.060114
