vet-ins,vet-fnd,avl-ins,avl-fnd,hst-ins,hst-fnd,htr-ins,htr-fnd
0.000567,0.000020,0.001918,0.000683,0.000789,0.004315,0.002149,0.000722
0.002121,0.000189,0.011465,0.007898,0.003657,0.188351,0.013338,0.008624
0.004145,0.000202,0.026457,0.009152,0.006689,0.219740,0.026481,0.008708
0.008137,0.000504,0.059287,0.024294,0.013650,0.542331,0.059992,0.025224
0.007582,0.001437,0.059107,0.075759,0.013119,1.657294,0.058570,0.073286
