vet-ins,vet-fnd,avl-ins,avl-fnd,hst-ins,hst-fnd,htr-ins,htr-fnd
0.000832,0.000031,0.003511,0.001194,0.001893,0.000095,0.002672,0.000754
0.004783,0.000368,0.017771,0.011334,0.006511,0.000633,0.013161,0.006805
0.007643,0.000316,0.033392,0.012295,0.012160,0.000634,0.027078,0.008435
0.015037,0.000774,0.067248,0.027392,0.019920,0.001349,0.051732,0.019589
0.016346,0.001972,0.060352,0.081863,0.020229,0.004415,0.055169,0.067859
