vet-ins,vet-fnd,avl-ins,avl-fnd,hst-ins,hst-fnd,htr-ins,htr-fnd
0.002120,0.000072,0.005889,0.002071,0.003126,0.000146,0.004302,0.001186
0.004247,0.000262,0.012341,0.008764,0.005392,0.000535,0.010072,0.005395
0.006950,0.000269,0.025838,0.010058,0.010501,0.000542,0.021981,0.006276
0.012881,0.000811,0.067600,0.026963,0.020508,0.001337,0.051399,0.018312
0.019378,0.002069,0.065627,0.089527,0.018932,0.004394,0.051250,0.053191
