vet-ins,vet-fnd,avl-ins,avl-fnd,hst-ins,hst-fnd,htr-ins,htr-fnd
0.000824,0.000026,0.002176,0.000749,0.001260,0.000054,0.001774,0.000518
0.003999,0.000268,0.013591,0.008667,0.005921,0.000544,0.010330,0.005460
0.006588,0.000269,0.025887,0.009202,0.011959,0.000548,0.026151,0.006967
0.014079,0.000786,0.059977,0.025976,0.022110,0.001347,0.053488,0.018165
0.017337,0.002044,0.059678,0.079615,0.022943,0.004047,0.053239,0.054178
