vet-ins,vet-fnd,avl-ins,avl-fnd,hst-ins,hst-fnd,htr-ins,htr-fnd
0.001142,0.000037,0.003007,0.001047,0.001787,0.000076,0.002211,0.000522
0.004213,0.000318,0.014590,0.009724,0.006094,0.000642,0.010788,0.005446
0.006675,0.000268,0.026134,0.009237,0.011254,0.000545,0.023086,0.006069
0.014114,0.000682,0.068273,0.028977,0.022200,0.001347,0.054414,0.018478
0.018510,0.002324,0.064823,0.084280,0.021897,0.004052,0.052788,0.052765
