vet-ins,vet-fnd,avl-ins,avl-fnd,hst-ins,hst-fnd,htr-ins,htr-fnd
0.002245,0.000067,0.005934,0.001983,0.003205,0.000158,0.004351,0.001084
0.005063,0.000328,0.012806,0.009104,0.006667,0.000611,0.011161,0.005576
0.006405,0.000268,0.030470,0.009751,0.011507,0.000536,0.023623,0.006307
0.014877,0.000674,0.061545,0.026246,0.023372,0.001485,0.055643,0.018455
0.017078,0.002103,0.059685,0.077899,0.020761,0.004130,0.052983,0.052786
