vet-ins,vet-fnd,avl-ins,avl-fnd,hst-ins,hst-fnd,htr-ins,htr-fnd
0.000791,0.000026,0.002522,0.000882,0.001439,0.000068,0.001615,0.000461
0.003935,0.000324,0.013461,0.010398,0.006152,0.000645,0.010855,0.005417
0.006549,0.000263,0.025959,0.009946,0.010962,0.000540,0.022686,0.005990
0.013366,0.000804,0.065847,0.027008,0.019687,0.001350,0.053619,0.019666
0.016509,0.002224,0.059582,0.080136,0.018642,0.004074,0.050599,0.053316
