vet-ins,vet-fnd,avl-ins,avl-fnd,hst-ins,hst-fnd,htr-ins,htr-fnd
0.000536,0.000020,0.001885,0.000668,0.000811,0.003180,0.002037,0.000675
0.002382,0.000187,0.011602,0.008056,0.003760,0.141192,0.012515,0.008085
0.004018,0.000221,0.025725,0.008722,0.007226,0.223223,0.026650,0.008829
0.008220,0.000489,0.058196,0.024827,0.013583,0.546737,0.059113,0.024038
0.007920,0.001462,0.058577,0.074441,0.012889,2.175348,0.060915,0.077226
