vet-ins,vet-fnd,avl-ins,avl-fnd,hst-ins,hst-fnd,htr-ins,htr-fnd
0.001899,0.000064,0.005270,0.001833,0.002795,0.000136,0.003858,0.001051
0.005397,0.000265,0.012368,0.008700,0.005427,0.000544,0.010135,0.005454
0.006425,0.000263,0.025860,0.009237,0.010252,0.000541,0.022105,0.006295
0.013375,0.000659,0.059724,0.028734,0.022578,0.001349,0.055050,0.018245
0.016744,0.001965,0.059712,0.086589,0.018672,0.004065,0.052259,0.055653
