vet-ins,vet-fnd,avl-ins,avl-fnd,hst-ins,hst-fnd,htr-ins,htr-fnd
0.000971,0.000027,0.002406,0.000889,0.001287,0.000063,0.001938,0.000547
0.003689,0.000274,0.013558,0.008968,0.005883,0.000541,0.011268,0.005763
0.006822,0.000282,0.027131,0.009495,0.011656,0.000643,0.023990,0.006279
0.013494,0.000704,0.062414,0.025601,0.021755,0.001350,0.053305,0.019734
0.016887,0.002029,0.059833,0.078364,0.020782,0.004416,0.060901,0.055286
