vet-ins,vet-fnd,avl-ins,avl-fnd,hst-ins,hst-fnd,htr-ins,htr-fnd
0.002273,0.000067,0.005610,0.002006,0.003391,0.000158,0.004502,0.001223
0.005304,0.000314,0.014305,0.009742,0.006737,0.000633,0.011862,0.007003
0.007691,0.000313,0.029332,0.009476,0.011854,0.000539,0.023704,0.006352
0.013681,0.000674,0.065272,0.030584,0.025791,0.001579,0.061880,0.020853
0.019102,0.002289,0.070408,0.092448,0.024959,0.004779,0.060916,0.062826
