vet-ins,vet-fnd,avl-ins,avl-fnd,hst-ins,hst-fnd,htr-ins,htr-fnd
0.002114,0.000079,0.005712,0.001992,0.003294,0.000159,0.004170,0.001087
0.004328,0.000273,0.012643,0.008639,0.005893,0.000541,0.010705,0.005435
0.006587,0.000269,0.026358,0.009202,0.011531,0.000543,0.023109,0.006380
0.013100,0.000671,0.058782,0.025470,0.021764,0.001342,0.053714,0.017940
0.016647,0.002008,0.059443,0.082973,0.023209,0.004501,0.059512,0.053834
