vet-ins,vet-fnd,avl-ins,avl-fnd,hst-ins,hst-fnd,htr-ins,htr-fnd
0.000537,0.000019,0.001870,0.000660,0.000821,0.003116,0.002099,0.000666
0.002317,0.000187,0.011380,0.007811,0.003679,0.142873,0.012551,0.008051
0.004009,0.000204,0.025442,0.008775,0.007185,0.225820,0.027103,0.008685
0.008135,0.000495,0.059118,0.024442,0.016652,0.558290,0.060340,0.024528
0.008307,0.001543,0.060934,0.075457,0.012901,1.658684,0.066023,0.074388
