vet-ins,vet-fnd,avl-ins,avl-fnd,hst-ins,hst-fnd,htr-ins,htr-fnd
0.000522,0.000019,0.001877,0.000693,0.000757,0.004214,0.002085,0.000762
0.002354,0.000189,0.011478,0.007965,0.003550,0.191010,0.014210,0.009236
0.004153,0.000202,0.027486,0.009820,0.007045,0.296456,0.030531,0.009573
0.008425,0.000497,0.065971,0.029428,0.012845,0.753869,0.064416,0.027308
0.007707,0.001444,0.060784,0.076936,0.013664,1.707431,0.073773,0.087397
