vet-ins,vet-fnd,avl-ins,avl-fnd,hst-ins,hst-fnd,htr-ins,htr-fnd
0.000822,0.000027,0.002176,0.000745,0.001359,0.000064,0.001913,0.000435
0.003696,0.000269,0.013441,0.010236,0.006664,0.000551,0.010392,0.005439
0.007302,0.000269,0.029697,0.010590,0.012776,0.000660,0.025008,0.006065
0.013133,0.000670,0.062407,0.025559,0.024319,0.001580,0.061921,0.020495
0.017964,0.002024,0.066657,0.086123,0.022766,0.004597,0.054754,0.053655
