vet-ins,vet-fnd,avl-ins,avl-fnd,hst-ins,hst-fnd,htr-ins,htr-fnd
0.002187,0.000066,0.005841,0.001973,0.003009,0.000134,0.004261,0.001171
0.004457,0.000267,0.012466,0.010707,0.006304,0.000535,0.011397,0.006401
0.007085,0.000316,0.028661,0.009967,0.010701,0.000559,0.025093,0.006486
0.013412,0.000657,0.067190,0.030717,0.022423,0.001344,0.058942,0.019702
0.016952,0.002079,0.067074,0.086399,0.019981,0.004019,0.058555,0.064672
