vet-ins,vet-fnd,avl-ins,avl-fnd,hst-ins,hst-fnd,htr-ins,htr-fnd
0.000567,0.000021,0.001971,0.000698,0.000800,0.004500,0.002222,0.000739
0.002332,0.000189,0.011356,0.008023,0.003644,0.187849,0.012963,0.008419
0.004166,0.000201,0.025259,0.008501,0.007383,0.223124,0.028193,0.008838
0.008206,0.000492,0.062854,0.024505,0.013510,0.546016,0.058833,0.023878
0.008201,0.001512,0.059025,0.073525,0.013567,1.666736,0.059499,0.072169
