vet-ins,vet-fnd,avl-ins,avl-fnd,hst-ins,hst-fnd,htr-ins,htr-fnd
0.000554,0.000020,0.001913,0.000671,0.000821,0.003284,0.002092,0.000667
0.002404,0.000198,0.011610,0.008155,0.003660,0.141042,0.013290,0.008258
0.004097,0.000201,0.025779,0.008885,0.007392,0.221891,0.026872,0.008622
0.008150,0.000502,0.058340,0.024490,0.013986,0.544739,0.060638,0.024379
0.007888,0.001529,0.059325,0.074154,0.012284,2.219667,0.063911,0.074670
