vet-ins,vet-fnd,avl-ins,avl-fnd,hst-ins,hst-fnd,htr-ins,htr-fnd
0.000980,0.000031,0.002480,0.000936,0.001266,0.000064,0.001910,0.000510
0.004009,0.000322,0.014394,0.009862,0.005985,0.000638,0.011546,0.006266
0.007525,0.000308,0.029263,0.010668,0.011557,0.000535,0.025127,0.006531
0.012649,0.000767,0.066747,0.030145,0.022953,0.001567,0.060783,0.021274
0.018901,0.002308,0.068885,0.090389,0.021528,0.004762,0.060641,0.065048
