vet-ins,vet-fnd,avl-ins,avl-fnd,hst-ins,hst-fnd,htr-ins,htr-fnd
0.000528,0.000020,0.001908,0.000667,0.000796,0.003196,0.002040,0.000701
0.002481,0.000199,0.011558,0.007993,0.003726,0.144727,0.012778,0.008004
0.004068,0.000200,0.026155,0.008768,0.007108,0.222513,0.026727,0.008841
0.008392,0.000504,0.058985,0.024507,0.013794,0.544884,0.060443,0.024979
0.007691,0.001451,0.059303,0.073775,0.012390,2.190498,0.062409,0.074397
