vet-ins,vet-fnd,avl-ins,avl-fnd,hst-ins,hst-fnd,htr-ins,htr-fnd
0.002055,0.000072,0.005870,0.002032,0.003114,0.000146,0.004305,0.001188
0.004791,0.000263,0.012986,0.009014,0.005380,0.000540,0.010232,0.005651
0.006227,0.000268,0.026478,0.009633,0.010477,0.000536,0.022148,0.006405
0.012979,0.000656,0.059824,0.027082,0.021783,0.001501,0.054617,0.018409
0.018246,0.002353,0.065654,0.080614,0.018805,0.004229,0.051337,0.058111
