vet-ins,vet-fnd,avl-ins,avl-fnd,hst-ins,hst-fnd,htr-ins,htr-fnd
0.000562,0.000021,0.001967,0.000661,0.000797,0.004278,0.002169,0.000709
0.002341,0.000189,0.011423,0.007878,0.003603,0.187848,0.013453,0.008509
0.003930,0.000202,0.026209,0.008843,0.006785,0.292067,0.028439,0.009126
0.008063,0.000486,0.059242,0.024518,0.013266,0.728690,0.064842,0.025473
0.007649,0.001451,0.059595,0.077059,0.012926,2.201212,0.066913,0.080026
