vet-ins,vet-fnd,avl-ins,avl-fnd,hst-ins,hst-fnd,htr-ins,htr-fnd
0.000535,0.000020,0.001890,0.000666,0.000798,0.003169,0.002062,0.000669
0.002381,0.000198,0.011456,0.008004,0.003711,0.143277,0.013070,0.008071
0.004093,0.000201,0.025879,0.008883,0.007468,0.224163,0.027163,0.008693
0.008264,0.000490,0.059120,0.024339,0.013786,0.548462,0.060136,0.024243
0.007747,0.001443,0.061021,0.074877,0.013258,2.197403,0.063686,0.076729
