vet-ins,vet-fnd,avl-ins,avl-fnd,hst-ins,hst-fnd,htr-ins,htr-fnd
0.000921,0.000031,0.002368,0.000754,0.001159,0.000055,0.001701,0.000529
0.003753,0.000262,0.012650,0.009029,0.005401,0.000536,0.010056,0.005400
0.006723,0.000308,0.029655,0.010451,0.011373,0.000659,0.024026,0.006042
0.012955,0.000656,0.061582,0.027042,0.019585,0.001339,0.054890,0.018186
0.016483,0.001975,0.059473,0.081489,0.018746,0.004019,0.051805,0.057894
