vet-ins,vet-fnd,avl-ins,avl-fnd,hst-ins,hst-fnd,htr-ins,htr-fnd
0.000532,0.000020,0.001905,0.000664,0.000766,0.004348,0.002141,0.000709
0.002308,0.000188,0.011603,0.008059,0.003605,0.189574,0.013486,0.008607
0.004138,0.000203,0.025818,0.008903,0.007043,0.294253,0.028457,0.011010
0.008168,0.000491,0.061754,0.024824,0.013824,0.550782,0.059741,0.024825
0.007947,0.001523,0.062425,0.073735,0.014058,1.676369,0.063139,0.072579
