vet-ins,vet-fnd,avl-ins,avl-fnd,hst-ins,hst-fnd,htr-ins,htr-fnd
0.000819,0.000027,0.002549,0.000880,0.001570,0.000063,0.001950,0.000513
0.004434,0.000313,0.014822,0.011124,0.006811,0.000648,0.012461,0.007211
0.007225,0.000346,0.032314,0.011579,0.012088,0.000539,0.024335,0.006647
0.013955,0.000779,0.064047,0.025623,0.021762,0.001350,0.054554,0.017847
0.017961,0.002008,0.061656,0.078332,0.020769,0.004090,0.054450,0.054632
