vet-ins,vet-fnd,avl-ins,avl-fnd,hst-ins,hst-fnd,htr-ins,htr-fnd
0.000537,0.000019,0.001928,0.000664,0.000812,0.003180,0.002034,0.000667
0.002332,0.000188,0.011483,0.007860,0.003675,0.142330,0.012525,0.007999
0.003996,0.000201,0.026107,0.008861,0.006775,0.223526,0.026461,0.008543
0.008144,0.000503,0.059094,0.024369,0.013769,0.547229,0.060288,0.024298
0.007926,0.001517,0.059846,0.074340,0.012548,2.160393,0.061130,0.088420
