vet-ins,vet-fnd,avl-ins,avl-fnd,hst-ins,hst-fnd,htr-ins,htr-fnd
0.001002,0.000028,0.002188,0.000749,0.001259,0.000054,0.001827,0.000543
0.003823,0.000268,0.012489,0.009486,0.005902,0.000536,0.010378,0.005464
0.006832,0.000276,0.028664,0.010784,0.012565,0.000633,0.025333,0.006091
0.013121,0.000670,0.059780,0.026032,0.022742,0.001386,0.061922,0.018752
0.017428,0.002218,0.061580,0.083095,0.021693,0.004316,0.058005,0.054242
