vet-ins,vet-fnd,avl-ins,avl-fnd,hst-ins,hst-fnd,htr-ins,htr-fnd
0.001104,0.000037,0.003047,0.001042,0.001607,0.000075,0.002223,0.000603
0.004857,0.000406,0.017073,0.010318,0.005855,0.000536,0.010731,0.006130
0.006573,0.000263,0.027668,0.010034,0.010559,0.000661,0.023659,0.006737
0.014107,0.000725,0.073547,0.032928,0.023924,0.001621,0.065221,0.021937
0.017529,0.002046,0.065165,0.085245,0.020805,0.004604,0.057248,0.059323
