vet-ins,vet-fnd,avl-ins,avl-fnd,hst-ins,hst-fnd,htr-ins,htr-fnd
0.002188,0.000073,0.005903,0.002043,0.003393,0.000147,0.004386,0.001193
0.004399,0.000268,0.012396,0.008695,0.005923,0.000537,0.010398,0.005796
0.006605,0.000276,0.025961,0.009201,0.011657,0.000536,0.023180,0.006112
0.013237,0.000670,0.062156,0.028957,0.023981,0.001343,0.054851,0.018150
0.018117,0.002407,0.064600,0.078358,0.020729,0.004095,0.053629,0.054179
