vet-ins,vet-fnd,avl-ins,avl-fnd,hst-ins,hst-fnd,htr-ins,htr-fnd
0.000558,0.000021,0.001982,0.000707,0.000797,0.004280,0.002101,0.000705
0.002318,0.000187,0.011374,0.007901,0.003580,0.187856,0.013342,0.008493
0.004088,0.000201,0.025996,0.008892,0.007043,0.290295,0.028482,0.009169
0.008121,0.000492,0.058356,0.024452,0.013451,0.546297,0.058561,0.024505
0.008006,0.001503,0.059153,0.074718,0.013460,1.659370,0.060460,0.076228
