vet-ins,vet-fnd,avl-ins,avl-fnd,hst-ins,hst-fnd,htr-ins,htr-fnd
0.000539,0.000019,0.001991,0.000881,0.000846,0.004740,0.002360,0.000760
0.003336,0.000213,0.015210,0.009314,0.003709,0.193599,0.014594,0.009587
0.004470,0.000223,0.040898,0.010624,0.007072,0.316010,0.030505,0.009917
0.008365,0.000493,0.060455,0.025539,0.013927,0.737681,0.063907,0.026002
0.007979,0.001429,0.063506,0.079701,0.014158,1.673730,0.063126,0.073183
