vet-ins,vet-fnd,avl-ins,avl-fnd,hst-ins,hst-fnd,htr-ins,htr-fnd
0.000964,0.000032,0.002588,0.000926,0.001509,0.000067,0.001824,0.000513
0.004169,0.000334,0.014074,0.010130,0.006568,0.000545,0.010935,0.005468
0.006500,0.000268,0.026232,0.009208,0.011267,0.000542,0.023220,0.006096
0.014378,0.000782,0.064532,0.026024,0.022283,0.001350,0.055023,0.018112
0.016824,0.002011,0.059935,0.079591,0.020774,0.004056,0.053370,0.058825
