vet-ins,vet-fnd,avl-ins,avl-fnd,hst-ins,hst-fnd,htr-ins,htr-fnd
0.000535,0.000019,0.002027,0.000663,0.000794,0.004220,0.002240,0.000703
0.002396,0.000194,0.012388,0.008847,0.003665,0.192248,0.013873,0.008630
0.004174,0.000208,0.026817,0.009226,0.007388,0.298048,0.029682,0.009202
0.008407,0.000502,0.060345,0.026017,0.014531,0.559848,0.061018,0.026060
0.007646,0.001446,0.064924,0.091977,0.014108,1.686442,0.064935,0.076417
