vet-ins,vet-fnd,avl-ins,avl-fnd,hst-ins,hst-fnd,htr-ins,htr-fnd
0.000556,0.000020,0.001963,0.000669,0.000788,0.004445,0.002143,0.000703
0.002764,0.000192,0.011660,0.008011,0.003498,0.189269,0.014311,0.009033
0.004144,0.000204,0.027315,0.010227,0.007915,0.297811,0.029939,0.009440
0.008044,0.000491,0.058356,0.025712,0.013194,0.732507,0.064211,0.027855
0.007713,0.001454,0.059332,0.073972,0.013621,1.651889,0.062946,0.079041
