vet-ins,vet-fnd,avl-ins,avl-fnd,hst-ins,hst-fnd,htr-ins,htr-fnd
0.000532,0.000019,0.001924,0.000662,0.000754,0.004135,0.002128,0.000727
0.002344,0.000188,0.011909,0.008052,0.003753,0.190751,0.013833,0.008666
0.004105,0.000202,0.026088,0.009002,0.006690,0.292768,0.029091,0.009603
0.008398,0.000490,0.059891,0.024734,0.013363,0.731652,0.065035,0.026299
0.007553,0.001468,0.059478,0.074917,0.012696,2.236961,0.061923,0.075143
