vet-ins,vet-fnd,avl-ins,avl-fnd,hst-ins,hst-fnd,htr-ins,htr-fnd
0.000957,0.000034,0.002396,0.000744,0.001422,0.000063,0.001851,0.000440
0.003842,0.000274,0.012518,0.009040,0.005917,0.000614,0.010662,0.005920
0.006497,0.000273,0.026304,0.009170,0.011306,0.000539,0.022917,0.006088
0.014118,0.000783,0.065856,0.025848,0.021869,0.001347,0.054352,0.018089
0.018347,0.002347,0.065474,0.093748,0.023977,0.004778,0.063229,0.066635
