vet-ins,vet-fnd,avl-ins,avl-fnd,hst-ins,hst-fnd,htr-ins,htr-fnd
0.002146,0.000079,0.006144,0.001970,0.003039,0.000134,0.004415,0.001248
0.004622,0.000312,0.014643,0.010441,0.006354,0.000628,0.012869,0.006528
0.007085,0.000276,0.028517,0.010413,0.010180,0.000535,0.026680,0.007006
0.014291,0.000777,0.080559,0.034791,0.022589,0.001638,0.062038,0.020544
0.017800,0.002228,0.065611,0.086359,0.019616,0.004534,0.054920,0.058024
