vet-ins,vet-fnd,avl-ins,avl-fnd,hst-ins,hst-fnd,htr-ins,htr-fnd
0.000535,0.000020,0.001872,0.000661,0.000793,0.004220,0.002118,0.000707
0.002210,0.000189,0.011364,0.007774,0.003573,0.186172,0.012731,0.008309
0.003901,0.000199,0.025492,0.008569,0.006894,0.292061,0.028871,0.009275
0.008249,0.000503,0.058921,0.024177,0.013118,0.718168,0.061199,0.025226
0.007791,0.001475,0.058909,0.072977,0.013526,1.655811,0.059835,0.072927
