vet-ins,vet-fnd,avl-ins,avl-fnd,hst-ins,hst-fnd,htr-ins,htr-fnd
0.000705,0.000025,0.002405,0.000821,0.001054,0.003931,0.002614,0.000861
0.003124,0.000248,0.014191,0.009550,0.004880,0.171744,0.015541,0.009790
0.005494,0.000267,0.034007,0.010734,0.009362,0.269420,0.033123,0.010706
0.010893,0.000631,0.075731,0.029379,0.018133,0.632792,0.061379,0.024357
0.007930,0.001515,0.059445,0.074718,0.012226,2.154007,0.066602,0.090522
