vet-ins,vet-fnd,avl-ins,avl-fnd,hst-ins,hst-fnd,htr-ins,htr-fnd
0.000530,0.000019,0.001897,0.000747,0.000800,0.003136,0.002038,0.000663
0.002350,0.000188,0.011347,0.007905,0.003682,0.144924,0.012988,0.008261
0.004100,0.000209,0.026019,0.010839,0.007394,0.225486,0.026663,0.008463
0.008286,0.000565,0.066818,0.025584,0.014038,0.552804,0.062343,0.025526
0.007874,0.001436,0.063685,0.075267,0.012674,2.194163,0.067627,0.084129
