vet-ins,vet-fnd,avl-ins,avl-fnd,hst-ins,hst-fnd,htr-ins,htr-fnd
0.000874,0.000032,0.002503,0.000802,0.001520,0.000084,0.001976,0.000513
0.003698,0.000267,0.013187,0.008894,0.006283,0.000543,0.010595,0.005444
0.006997,0.000268,0.026185,0.009564,0.013216,0.000631,0.030552,0.007103
0.013507,0.000689,0.061308,0.025943,0.025299,0.001487,0.057944,0.018318
0.016920,0.002007,0.061476,0.083472,0.020816,0.004442,0.054158,0.057646
