vet-ins,vet-fnd,avl-ins,avl-fnd,hst-ins,hst-fnd,htr-ins,htr-fnd
0.000526,0.000019,0.001929,0.000684,0.000757,0.004188,0.002147,0.000703
0.002452,0.000200,0.011817,0.008117,0.003626,0.192497,0.014122,0.008673
0.004501,0.000239,0.027476,0.009170,0.007027,0.295439,0.028533,0.011505
0.008432,0.000493,0.067048,0.025632,0.013968,0.742487,0.079887,0.026283
0.007652,0.001443,0.060511,0.075680,0.013935,2.213470,0.062414,0.082624
