vet-ins,vet-fnd,avl-ins,avl-fnd,hst-ins,hst-fnd,htr-ins,htr-fnd
0.002109,0.000077,0.005834,0.002060,0.003112,0.000145,0.004297,0.001184
0.004103,0.000268,0.014993,0.009846,0.005373,0.000535,0.010359,0.005404
0.006417,0.000263,0.025872,0.009220,0.010160,0.000535,0.023494,0.006759
0.013969,0.000665,0.059562,0.025842,0.019948,0.001333,0.051029,0.017660
0.016550,0.001978,0.060154,0.080035,0.020215,0.004581,0.052039,0.052733
