vet-ins,vet-fnd,avl-ins,avl-fnd,hst-ins,hst-fnd,htr-ins,htr-fnd
0.000896,0.000031,0.002468,0.000823,0.001499,0.000054,0.001727,0.000510
0.003711,0.000269,0.012483,0.008665,0.005928,0.000538,0.010586,0.005458
0.006625,0.000276,0.026584,0.009229,0.011282,0.000542,0.025182,0.006905
0.013917,0.000674,0.059879,0.025684,0.021782,0.001343,0.054392,0.017745
0.017530,0.002135,0.060318,0.078260,0.020879,0.004051,0.053095,0.052783
