vet-ins,vet-fnd,avl-ins,avl-fnd,hst-ins,hst-fnd,htr-ins,htr-fnd
0.000555,0.000021,0.001961,0.000704,0.000803,0.004450,0.002253,0.000705
0.002331,0.000194,0.011793,0.008091,0.003646,0.188649,0.013331,0.008635
0.004020,0.000198,0.027338,0.008782,0.007034,0.290589,0.028571,0.009291
0.008707,0.000506,0.059723,0.024562,0.013935,0.728939,0.061476,0.024961
0.007526,0.001460,0.057741,0.076304,0.012823,2.207607,0.062772,0.076109
