vet-ins,vet-fnd,avl-ins,avl-fnd,hst-ins,hst-fnd,htr-ins,htr-fnd
0.000828,0.000027,0.003141,0.001042,0.001733,0.000078,0.002265,0.000608
0.005020,0.000375,0.017308,0.008795,0.005900,0.000545,0.010474,0.005752
0.006448,0.000268,0.026470,0.009212,0.011240,0.000539,0.024327,0.006744
0.013303,0.000669,0.058861,0.025941,0.021802,0.001346,0.054008,0.017798
0.016607,0.002004,0.059941,0.077674,0.020760,0.004057,0.058150,0.053827
