vet-ins,vet-fnd,avl-ins,avl-fnd,hst-ins,hst-fnd,htr-ins,htr-fnd
0.000831,0.000027,0.002180,0.000798,0.001468,0.000064,0.001971,0.000512
0.004197,0.000336,0.014457,0.009926,0.006782,0.000584,0.011727,0.006116
0.006508,0.000269,0.026510,0.009646,0.011641,0.000538,0.022792,0.006251
0.013416,0.000815,0.062911,0.028385,0.022744,0.001616,0.053340,0.018106
0.017201,0.002018,0.063968,0.080201,0.021058,0.004032,0.052115,0.053106
