vet-ins,vet-fnd,avl-ins,avl-fnd,hst-ins,hst-fnd,htr-ins,htr-fnd
0.000864,0.000031,0.003624,0.001199,0.002022,0.000080,0.002683,0.000735
0.005622,0.000384,0.017486,0.009193,0.005416,0.000542,0.010136,0.005424
0.006378,0.000263,0.026402,0.009243,0.010213,0.000541,0.022025,0.006000
0.012753,0.000689,0.061404,0.026328,0.019629,0.001360,0.053377,0.019134
0.016139,0.001973,0.064381,0.079795,0.018668,0.004118,0.053269,0.055956
