vet-ins,vet-fnd,avl-ins,avl-fnd,hst-ins,hst-fnd,htr-ins,htr-fnd
0.002113,0.000072,0.005936,0.002060,0.003122,0.000145,0.004319,0.001186
0.004314,0.000262,0.012719,0.008989,0.005803,0.000531,0.010108,0.005556
0.006267,0.000263,0.026991,0.009309,0.010173,0.000534,0.022490,0.006254
0.012616,0.000657,0.059594,0.026032,0.019647,0.001328,0.051502,0.017655
0.016128,0.002003,0.061660,0.079175,0.019728,0.004361,0.057351,0.054065
