vet-ins,vet-fnd,avl-ins,avl-fnd,hst-ins,hst-fnd,htr-ins,htr-fnd
0.000821,0.000027,0.002329,0.000898,0.001404,0.000055,0.001938,0.000504
0.003876,0.000267,0.012785,0.008709,0.005891,0.000547,0.010639,0.005725
0.006445,0.000269,0.026169,0.009230,0.011403,0.000538,0.023233,0.006120
0.013275,0.000668,0.063832,0.026357,0.021855,0.001347,0.053996,0.018112
0.016869,0.002009,0.060543,0.079547,0.020789,0.004043,0.057043,0.057261
