vet-ins,vet-fnd,avl-ins,avl-fnd,hst-ins,hst-fnd,htr-ins,htr-fnd
0.000944,0.000033,0.003169,0.001058,0.001601,0.000074,0.002213,0.000602
0.004855,0.000373,0.016708,0.009692,0.005772,0.000535,0.010652,0.006033
0.006818,0.000307,0.028047,0.009705,0.011023,0.000589,0.025091,0.006901
0.014646,0.000755,0.068508,0.029595,0.021363,0.001346,0.055686,0.019214
0.017114,0.002268,0.073725,0.100761,0.022075,0.004746,0.063024,0.060736
