vet-ins,vet-fnd,avl-ins,avl-fnd,hst-ins,hst-fnd,htr-ins,htr-fnd
0.000541,0.000020,0.001933,0.000689,0.000776,0.004396,0.002144,0.000706
0.002502,0.000189,0.013333,0.009161,0.003725,0.187906,0.013741,0.008700
0.003927,0.000203,0.026442,0.009783,0.007510,0.295183,0.030423,0.009721
0.008341,0.000492,0.063156,0.025672,0.014476,0.555980,0.064353,0.024848
0.007599,0.001558,0.060204,0.074063,0.012432,2.239078,0.066748,0.082979
