vet-ins,vet-fnd,avl-ins,avl-fnd,hst-ins,hst-fnd,htr-ins,htr-fnd
0.000818,0.000033,0.002587,0.000882,0.001539,0.000067,0.001779,0.000512
0.003527,0.000267,0.012554,0.008629,0.005967,0.000631,0.010748,0.005685
0.006622,0.000268,0.026685,0.009171,0.012793,0.000634,0.026281,0.006705
0.013149,0.000669,0.059946,0.026176,0.021854,0.001361,0.060191,0.020146
0.016566,0.002009,0.060631,0.079436,0.020810,0.004098,0.053741,0.053724
