vet-ins,vet-fnd,avl-ins,avl-fnd,hst-ins,hst-fnd,htr-ins,htr-fnd
0.001136,0.000038,0.003042,0.001029,0.001738,0.000075,0.002270,0.000605
0.005058,0.000376,0.016855,0.009268,0.005885,0.000540,0.010482,0.005454
0.006484,0.000267,0.026469,0.009153,0.011991,0.000539,0.025381,0.006795
0.013865,0.000673,0.059389,0.025578,0.022071,0.001347,0.053469,0.021158
0.018193,0.002010,0.060798,0.083864,0.022540,0.004283,0.054485,0.056025
