vet-ins,vet-fnd,avl-ins,avl-fnd,hst-ins,hst-fnd,htr-ins,htr-fnd
0.002208,0.000076,0.007130,0.002672,0.003415,0.000159,0.004671,0.001268
0.004394,0.000313,0.015321,0.010648,0.007158,0.000633,0.012777,0.006501
0.007793,0.000330,0.032578,0.011655,0.013654,0.000646,0.028418,0.007397
0.015464,0.000782,0.078701,0.032617,0.026794,0.001591,0.065219,0.020167
0.018940,0.002497,0.067508,0.088714,0.023541,0.004846,0.061390,0.065207
