vet-ins,vet-fnd,avl-ins,avl-fnd,hst-ins,hst-fnd,htr-ins,htr-fnd
0.000829,0.000027,0.002172,0.000784,0.001401,0.000068,0.001655,0.000503
0.004155,0.000327,0.014228,0.009731,0.005891,0.000650,0.011012,0.006439
0.006624,0.000307,0.028740,0.009716,0.011386,0.000638,0.024474,0.007460
0.014810,0.000769,0.067422,0.030595,0.022931,0.001589,0.060076,0.020724
0.019022,0.002313,0.069285,0.095248,0.022781,0.004800,0.061770,0.063802
