vet-ins,vet-fnd,avl-ins,avl-fnd,hst-ins,hst-fnd,htr-ins,htr-fnd
0.000944,0.000033,0.002346,0.000880,0.001401,0.000055,0.001778,0.000527
0.003949,0.000262,0.013749,0.009098,0.005381,0.000540,0.010095,0.005418
0.006859,0.000271,0.025881,0.009238,0.010567,0.000540,0.022033,0.005990
0.012688,0.000655,0.060532,0.028755,0.021332,0.001398,0.054268,0.017682
0.018272,0.002303,0.061818,0.085691,0.019986,0.004221,0.057427,0.056889
