vet-ins,vet-fnd,avl-ins,avl-fnd,hst-ins,hst-fnd,htr-ins,htr-fnd
0.002343,0.000078,0.006485,0.001763,0.001557,0.000159,0.002461,0.000516
0.006780,0.000372,0.015128,0.010269,0.007144,0.000632,0.012088,0.006337
0.007370,0.000335,0.029922,0.011284,0.013302,0.000636,0.027548,0.007377
0.015027,0.000841,0.067970,0.031743,0.023330,0.001373,0.056372,0.020214
0.017251,0.002004,0.065301,0.084389,0.021127,0.004631,0.053956,0.055705
