vet-ins,vet-fnd,avl-ins,avl-fnd,hst-ins,hst-fnd,htr-ins,htr-fnd
0.000520,0.000019,0.001970,0.000796,0.000801,0.004189,0.002153,0.000714
0.002380,0.000191,0.011539,0.007924,0.003656,0.186706,0.013447,0.008540
0.004011,0.000199,0.025599,0.008663,0.007034,0.289366,0.028195,0.009161
0.008055,0.000486,0.058504,0.025019,0.013590,0.721958,0.060980,0.025621
0.007675,0.001431,0.058884,0.074242,0.013973,1.664638,0.060938,0.073021
