vet-ins,vet-fnd,avl-ins,avl-fnd,hst-ins,hst-fnd,htr-ins,htr-fnd
0.000936,0.000032,0.002667,0.000874,0.001479,0.000054,0.001642,0.000436
0.004243,0.000334,0.014180,0.009358,0.005962,0.000633,0.011573,0.005763
0.006789,0.000273,0.028244,0.009477,0.011892,0.000540,0.024906,0.006415
0.013582,0.000852,0.063593,0.028071,0.023021,0.001359,0.056452,0.019038
0.017791,0.002041,0.068413,0.086020,0.024563,0.004719,0.066821,0.071439
