vet-ins,vet-fnd,avl-ins,avl-fnd,hst-ins,hst-fnd,htr-ins,htr-fnd
0.000556,0.000034,0.001977,0.000701,0.000806,0.004454,0.002230,0.000745
0.002364,0.000197,0.011558,0.007936,0.003643,0.188844,0.013194,0.008369
0.004241,0.000215,0.026701,0.009101,0.007396,0.293504,0.028560,0.009056
0.008088,0.000496,0.058868,0.025700,0.013567,0.551152,0.060299,0.023896
0.007575,0.001452,0.058459,0.073923,0.012582,2.191678,0.061417,0.076198
