vet-ins,vet-fnd,avl-ins,avl-fnd,hst-ins,hst-fnd,htr-ins,htr-fnd
0.000540,0.000019,0.001869,0.000696,0.000791,0.004295,0.002102,0.000708
0.002357,0.000189,0.012851,0.008824,0.003606,0.186135,0.013421,0.008562
0.004146,0.000204,0.025890,0.008656,0.006509,0.292261,0.035113,0.009667
0.008022,0.000492,0.061207,0.024490,0.013953,0.562902,0.072009,0.025537
0.008171,0.001455,0.069595,0.076863,0.013026,1.678747,0.064756,0.084879
