vet-ins,vet-fnd,avl-ins,avl-fnd,hst-ins,hst-fnd,htr-ins,htr-fnd
0.000830,0.000027,0.002224,0.000751,0.001266,0.000054,0.001658,0.000443
0.003699,0.000267,0.012990,0.008666,0.005920,0.000540,0.010825,0.005562
0.006519,0.000276,0.026407,0.009242,0.011329,0.000630,0.023490,0.006379
0.013134,0.000701,0.060048,0.025930,0.021862,0.001349,0.058575,0.018563
0.016918,0.002117,0.060512,0.082215,0.023308,0.004393,0.055238,0.053570
