vet-ins,vet-fnd,avl-ins,avl-fnd,hst-ins,hst-fnd,htr-ins,htr-fnd
0.000546,0.000020,0.001920,0.000668,0.000759,0.004144,0.002116,0.000700
0.002366,0.000195,0.011606,0.007917,0.003589,0.186710,0.013291,0.008493
0.004102,0.000201,0.025953,0.008737,0.007070,0.288905,0.028455,0.009064
0.008115,0.000486,0.059521,0.024621,0.013582,0.723052,0.061147,0.025409
0.008027,0.001500,0.060771,0.074128,0.013669,1.700988,0.060125,0.073105
