vet-ins,vet-fnd,avl-ins,avl-fnd,hst-ins,hst-fnd,htr-ins,htr-fnd
0.001971,0.000065,0.005300,0.001802,0.003031,0.000130,0.003923,0.001050
0.006796,0.000372,0.012728,0.008629,0.005919,0.000538,0.010445,0.005448
0.006667,0.000269,0.026299,0.009469,0.011262,0.000538,0.022951,0.006055
0.013171,0.000675,0.059766,0.026033,0.021886,0.001339,0.053932,0.018173
0.018670,0.002097,0.060826,0.078217,0.020816,0.004066,0.055543,0.060550
