vet-ins,vet-fnd,avl-ins,avl-fnd,hst-ins,hst-fnd,htr-ins,htr-fnd
0.002229,0.000066,0.005597,0.001913,0.003070,0.000134,0.004224,0.001206
0.005039,0.000263,0.012257,0.008756,0.005402,0.000535,0.010036,0.005416
0.006278,0.000263,0.026139,0.009305,0.010260,0.000536,0.023880,0.006605
0.012691,0.000671,0.058629,0.026174,0.019595,0.001343,0.056687,0.018250
0.016754,0.002370,0.066583,0.080224,0.020023,0.004487,0.054396,0.057623
