vet-ins,vet-fnd,avl-ins,avl-fnd,hst-ins,hst-fnd,htr-ins,htr-fnd
0.000556,0.000020,0.001893,0.000665,0.000822,0.003180,0.002085,0.000697
0.002434,0.000189,0.011499,0.008168,0.003803,0.145235,0.013302,0.008487
0.003997,0.000220,0.026934,0.008969,0.007207,0.224123,0.026576,0.008695
0.008144,0.000530,0.060345,0.025754,0.013408,0.551329,0.060050,0.024875
0.007696,0.001505,0.060106,0.077610,0.012730,2.213282,0.065191,0.079404
