vet-ins,vet-fnd,avl-ins,avl-fnd,hst-ins,hst-fnd,htr-ins,htr-fnd
0.000971,0.000034,0.002447,0.000885,0.001571,0.000064,0.001936,0.000512
0.004161,0.000313,0.013291,0.009516,0.005912,0.000544,0.010825,0.005455
0.006659,0.000268,0.026727,0.009222,0.011271,0.000549,0.023142,0.006099
0.013292,0.000669,0.059170,0.026236,0.022278,0.001346,0.053807,0.018100
0.016885,0.002009,0.063970,0.077890,0.020768,0.004050,0.053174,0.059521
