vet-ins,vet-fnd,avl-ins,avl-fnd,hst-ins,hst-fnd,htr-ins,htr-fnd
0.002059,0.000065,0.005678,0.001869,0.002854,0.000136,0.003943,0.001083
0.006082,0.000262,0.012728,0.008702,0.005385,0.000541,0.010143,0.005390
0.006587,0.000263,0.027303,0.009266,0.010188,0.000546,0.022159,0.005975
0.012588,0.000661,0.063943,0.026832,0.019636,0.001350,0.051206,0.018793
0.017913,0.002260,0.061347,0.081107,0.021362,0.004055,0.051739,0.054004
