vet-ins,vet-fnd,avl-ins,avl-fnd,hst-ins,hst-fnd,htr-ins,htr-fnd
0.000937,0.000031,0.002560,0.000883,0.001355,0.000064,0.001876,0.000508
0.004136,0.000307,0.014539,0.010222,0.006335,0.000633,0.011796,0.006314
0.007305,0.000307,0.030448,0.010837,0.011920,0.000632,0.026014,0.007051
0.014593,0.000772,0.069429,0.030531,0.022899,0.001632,0.059716,0.020921
0.018532,0.002297,0.068793,0.085314,0.020222,0.004526,0.054845,0.053988
