vet-ins,vet-fnd,avl-ins,avl-fnd,hst-ins,hst-fnd,htr-ins,htr-fnd
0.000536,0.000019,0.001866,0.000689,0.000756,0.004250,0.002117,0.000732
0.002942,0.000313,0.012824,0.008532,0.003720,0.190817,0.013894,0.008661
0.004021,0.000203,0.025540,0.009048,0.007279,0.225730,0.030238,0.009309
0.008274,0.000493,0.058763,0.024617,0.013871,0.552123,0.065336,0.027279
0.007825,0.001651,0.060962,0.082930,0.013688,1.683013,0.061461,0.074090
