vet-ins,vet-fnd,avl-ins,avl-fnd,hst-ins,hst-fnd,htr-ins,htr-fnd
0.000919,0.000031,0.002499,0.000855,0.001530,0.000064,0.001889,0.000526
0.004273,0.000268,0.014715,0.011198,0.006962,0.000563,0.011697,0.006372
0.007621,0.000328,0.034811,0.011225,0.013074,0.000637,0.027208,0.007214
0.015236,0.000693,0.068132,0.029385,0.022941,0.001567,0.060296,0.020018
0.018739,0.002304,0.066301,0.087124,0.022012,0.004092,0.055475,0.063448
