vet-ins,vet-fnd,avl-ins,avl-fnd,hst-ins,hst-fnd,htr-ins,htr-fnd
0.000551,0.000020,0.001900,0.000669,0.000784,0.004833,0.002146,0.000705
0.002158,0.000188,0.011551,0.007866,0.003597,0.188344,0.013225,0.008958
0.003887,0.000202,0.026288,0.008907,0.007442,0.223061,0.026971,0.008558
0.008024,0.000487,0.059839,0.024230,0.013583,0.543370,0.060141,0.024465
0.007549,0.001433,0.059678,0.074406,0.012748,2.185686,0.063429,0.076998
