vet-ins,vet-fnd,avl-ins,avl-fnd,hst-ins,hst-fnd,htr-ins,htr-fnd
0.000554,0.000020,0.001873,0.000705,0.000823,0.003212,0.002050,0.000683
0.002370,0.000188,0.011503,0.007890,0.003646,0.143325,0.012876,0.008819
0.003826,0.000252,0.027653,0.008986,0.007112,0.222617,0.028874,0.009000
0.008069,0.000485,0.059118,0.024256,0.013213,0.549897,0.069845,0.025360
0.007527,0.001436,0.059150,0.076603,0.012297,2.219236,0.064122,0.076658
