vet-ins,vet-fnd,avl-ins,avl-fnd,hst-ins,hst-fnd,htr-ins,htr-fnd
0.000721,0.000051,0.001896,0.000666,0.000817,0.003249,0.002058,0.000672
0.002389,0.000196,0.011959,0.008036,0.003718,0.144151,0.012764,0.008132
0.004019,0.000202,0.026136,0.008769,0.007093,0.223919,0.026504,0.008712
0.008130,0.000491,0.058414,0.025348,0.014034,0.549832,0.060587,0.024384
0.007675,0.001478,0.058874,0.075278,0.012373,2.206644,0.059958,0.074611
