vet-ins,vet-fnd,avl-ins,avl-fnd,hst-ins,hst-fnd,htr-ins,htr-fnd
0.002037,0.000068,0.005911,0.001960,0.003234,0.000158,0.004320,0.001083
0.004496,0.000267,0.012489,0.008674,0.005896,0.000539,0.010387,0.005456
0.006412,0.000268,0.026551,0.009185,0.011259,0.000632,0.025924,0.006751
0.013170,0.000668,0.060118,0.026011,0.021805,0.001347,0.055494,0.022162
0.016974,0.002005,0.060726,0.080571,0.021161,0.004050,0.052548,0.054387
