vet-ins,vet-fnd,avl-ins,avl-fnd,hst-ins,hst-fnd,htr-ins,htr-fnd
0.001363,0.000046,0.003684,0.001181,0.001976,0.000095,0.002667,0.000769
0.005901,0.000407,0.016587,0.008757,0.005392,0.000541,0.010080,0.005393
0.006576,0.000263,0.025886,0.009306,0.010572,0.000551,0.022051,0.006009
0.012665,0.000656,0.058753,0.027061,0.021740,0.001354,0.051991,0.018590
0.016911,0.001966,0.063817,0.088535,0.020784,0.004165,0.053780,0.054001
