vet-ins,vet-fnd,avl-ins,avl-fnd,hst-ins,hst-fnd,htr-ins,htr-fnd
0.000543,0.000020,0.001947,0.000674,0.000812,0.003136,0.002071,0.000670
0.002369,0.000187,0.011672,0.008119,0.003762,0.142375,0.013224,0.008386
0.004079,0.000212,0.026031,0.008762,0.006771,0.223030,0.026681,0.008546
0.008394,0.000503,0.059623,0.024501,0.013785,0.546333,0.060443,0.024778
0.008030,0.001501,0.060874,0.074647,0.012580,2.169417,0.062137,0.076231
