vet-ins,vet-fnd,avl-ins,avl-fnd,hst-ins,hst-fnd,htr-ins,htr-fnd
0.002163,0.000067,0.005672,0.001963,0.003270,0.000135,0.004235,0.001241
0.005132,0.000272,0.013157,0.009134,0.007323,0.000733,0.012910,0.006071
0.006598,0.000268,0.027428,0.009218,0.011312,0.000632,0.024577,0.006741
0.013299,0.000747,0.063070,0.027428,0.022394,0.001351,0.053283,0.017891
0.016891,0.002009,0.059909,0.079980,0.022273,0.004058,0.053289,0.054148
