vet-ins,vet-fnd,avl-ins,avl-fnd,hst-ins,hst-fnd,htr-ins,htr-fnd
0.000552,0.000020,0.001878,0.000711,0.000860,0.004333,0.002110,0.000750
0.002240,0.000188,0.011459,0.007910,0.003874,0.197303,0.014737,0.010933
0.004137,0.000208,0.026512,0.009861,0.007045,0.292566,0.029668,0.009267
0.008213,0.000489,0.061852,0.026974,0.013719,0.553425,0.069908,0.027178
0.007704,0.001435,0.059459,0.080619,0.013197,1.694461,0.067020,0.078274
