vet-ins,vet-fnd,avl-ins,avl-fnd,hst-ins,hst-fnd,htr-ins,htr-fnd
0.002114,0.000073,0.005900,0.002035,0.003117,0.000146,0.004312,0.001177
0.004679,0.000313,0.014474,0.010217,0.006291,0.000633,0.011868,0.006350
0.007172,0.000313,0.030401,0.010866,0.011837,0.000632,0.025901,0.007117
0.015066,0.000767,0.068959,0.030819,0.022240,0.001651,0.058910,0.019293
0.018776,0.002325,0.071021,0.095256,0.022163,0.004805,0.059089,0.059756
