vet-ins,vet-fnd,avl-ins,avl-fnd,hst-ins,hst-fnd,htr-ins,htr-fnd
0.000825,0.000026,0.002203,0.000747,0.001263,0.000054,0.001715,0.000510
0.004074,0.000268,0.012934,0.009070,0.005978,0.000633,0.011981,0.006139
0.007570,0.000304,0.026985,0.009178,0.011587,0.000669,0.022841,0.006058
0.013612,0.000669,0.059433,0.030956,0.024758,0.001477,0.055795,0.018071
0.017312,0.002013,0.061131,0.078249,0.021114,0.004090,0.056905,0.053489
