vet-ins,vet-fnd,avl-ins,avl-fnd,hst-ins,hst-fnd,htr-ins,htr-fnd
0.001510,0.000072,0.005637,0.000980,0.002110,0.000072,0.002524,0.000509
0.004469,0.000713,0.018146,0.011159,0.006491,0.000641,0.011837,0.007406
0.007707,0.000308,0.032188,0.011895,0.010657,0.000535,0.023814,0.006563
0.013824,0.000920,0.061527,0.026458,0.020283,0.001393,0.053956,0.022380
0.020604,0.002375,0.081628,0.097085,0.018975,0.004251,0.053095,0.058277
