vet-ins,vet-fnd,avl-ins,avl-fnd,hst-ins,hst-fnd,htr-ins,htr-fnd
0.000562,0.000019,0.001881,0.000669,0.000797,0.003257,0.002073,0.000658
0.002330,0.000186,0.011449,0.007901,0.003766,0.143909,0.013337,0.008536
0.004221,0.000210,0.026140,0.009785,0.007717,0.226684,0.027085,0.008618
0.008283,0.000485,0.059965,0.024429,0.013619,0.552686,0.063436,0.025148
0.007660,0.001457,0.059746,0.074259,0.012316,2.200442,0.068227,0.077008
