vet-ins,vet-fnd,avl-ins,avl-fnd,hst-ins,hst-fnd,htr-ins,htr-fnd
0.000965,0.000031,0.002607,0.000889,0.001505,0.000054,0.001752,0.000523
0.003671,0.000267,0.013145,0.008800,0.006192,0.000543,0.010901,0.005483
0.006706,0.000268,0.026348,0.009172,0.011218,0.000540,0.023472,0.006061
0.013039,0.000669,0.067568,0.026723,0.021838,0.001348,0.054083,0.018163
0.017714,0.002004,0.061008,0.079699,0.022786,0.004045,0.054687,0.055621
