vet-ins,vet-fnd,avl-ins,avl-fnd,hst-ins,hst-fnd,htr-ins,htr-fnd
0.000556,0.000021,0.001987,0.000708,0.000805,0.004494,0.002286,0.000702
0.002355,0.000193,0.011467,0.007919,0.003641,0.188349,0.013284,0.008383
0.004046,0.000198,0.025773,0.008822,0.007265,0.292527,0.028306,0.009049
0.008303,0.000488,0.058622,0.024418,0.013665,0.732495,0.061334,0.025735
0.007547,0.001430,0.058310,0.073717,0.013014,2.169635,0.062579,0.076883
