vet-ins,vet-fnd,avl-ins,avl-fnd,hst-ins,hst-fnd,htr-ins,htr-fnd
0.002327,0.000079,0.006300,0.002187,0.003624,0.000158,0.004684,0.001278
0.004428,0.000313,0.014458,0.010156,0.006888,0.000632,0.012119,0.006392
0.007595,0.000314,0.030410,0.010793,0.013166,0.000631,0.026401,0.007049
0.015290,0.000783,0.069302,0.030375,0.025583,0.001599,0.060641,0.019024
0.017104,0.002384,0.067827,0.084556,0.021573,0.004058,0.052269,0.054427
