vet-ins,vet-fnd,avl-ins,avl-fnd,hst-ins,hst-fnd,htr-ins,htr-fnd
0.001290,0.000044,0.003005,0.001044,0.001599,0.000074,0.002196,0.000607
0.004863,0.000364,0.016620,0.008706,0.005397,0.000544,0.010031,0.005407
0.006373,0.000264,0.026037,0.009622,0.010362,0.000657,0.022637,0.006013
0.012848,0.000767,0.064049,0.026343,0.020956,0.001366,0.052359,0.018625
0.016114,0.002309,0.058493,0.078829,0.019862,0.004634,0.052078,0.053228
