vet-ins,vet-fnd,avl-ins,avl-fnd,hst-ins,hst-fnd,htr-ins,htr-fnd
0.000710,0.000025,0.002400,0.000810,0.001062,0.003934,0.002615,0.000822
0.003146,0.000249,0.014316,0.009497,0.004875,0.171781,0.015525,0.009760
0.005477,0.000263,0.033427,0.010695,0.009446,0.269507,0.033309,0.010537
0.011002,0.000646,0.075460,0.029334,0.017443,0.614043,0.059185,0.024201
0.007921,0.001532,0.059805,0.074373,0.013226,1.657295,0.060740,0.072293
