vet-ins,vet-fnd,avl-ins,avl-fnd,hst-ins,hst-fnd,htr-ins,htr-fnd
0.001024,0.000044,0.002471,0.000871,0.001583,0.000063,0.001895,0.000510
0.004392,0.000313,0.014611,0.009890,0.006812,0.000703,0.011722,0.005461
0.007045,0.000272,0.028679,0.010652,0.012837,0.000608,0.025599,0.006910
0.013231,0.000673,0.060550,0.029631,0.025995,0.001616,0.062920,0.020228
0.019425,0.002444,0.066410,0.079239,0.021216,0.004058,0.053499,0.054039
