vet-ins,vet-fnd,avl-ins,avl-fnd,hst-ins,hst-fnd,htr-ins,htr-fnd
0.000545,0.000020,0.001881,0.000661,0.000819,0.003134,0.002046,0.000663
0.002336,0.000187,0.011902,0.008137,0.003928,0.144388,0.012932,0.008221
0.003956,0.000202,0.025930,0.008725,0.007108,0.222348,0.026863,0.009068
0.008201,0.000486,0.063067,0.024576,0.013184,0.560079,0.060649,0.024717
0.007532,0.001438,0.059499,0.074514,0.013345,2.235120,0.067398,0.080018
