vet-ins,vet-fnd,avl-ins,avl-fnd,hst-ins,hst-fnd,htr-ins,htr-fnd
0.002191,0.000074,0.005920,0.002037,0.003398,0.000146,0.004402,0.001187
0.004767,0.000330,0.014664,0.010314,0.006930,0.000629,0.012310,0.006544
0.007305,0.000328,0.029891,0.010694,0.012440,0.000628,0.025862,0.007438
0.014804,0.000670,0.067664,0.030365,0.023462,0.001549,0.056587,0.018766
0.018608,0.002135,0.060440,0.078456,0.021052,0.004125,0.052287,0.060014
