vet-ins,vet-fnd,avl-ins,avl-fnd,hst-ins,hst-fnd,htr-ins,htr-fnd
0.002108,0.000078,0.005589,0.001838,0.002779,0.000131,0.003792,0.001052
0.005274,0.000323,0.013747,0.009728,0.005973,0.000678,0.010811,0.005433
0.006761,0.000262,0.027102,0.009646,0.010170,0.000541,0.022555,0.006017
0.013371,0.000830,0.063608,0.026549,0.020923,0.001553,0.054880,0.018432
0.016546,0.001970,0.060555,0.078656,0.018593,0.004386,0.050941,0.055446
