vet-ins,vet-fnd,avl-ins,avl-fnd,hst-ins,hst-fnd,htr-ins,htr-fnd
0.000555,0.000020,0.001899,0.000718,0.000769,0.004223,0.002124,0.000732
0.002336,0.000188,0.011327,0.007798,0.003584,0.187258,0.013157,0.008358
0.003869,0.000205,0.025643,0.008700,0.006764,0.288396,0.028268,0.009274
0.008056,0.000486,0.058485,0.024475,0.013743,0.547817,0.061037,0.024236
0.007604,0.001438,0.058235,0.073342,0.013166,1.661214,0.059793,0.072539
