vet-ins,vet-fnd,avl-ins,avl-fnd,hst-ins,hst-fnd,htr-ins,htr-fnd
0.000790,0.000026,0.002828,0.001086,0.001599,0.000076,0.002202,0.000602
0.004842,0.000365,0.016859,0.009673,0.005407,0.000545,0.010637,0.005406
0.006268,0.000264,0.026581,0.009496,0.010196,0.000549,0.022211,0.006509
0.012698,0.000656,0.058779,0.026828,0.019964,0.001361,0.051603,0.017676
0.018152,0.002285,0.060731,0.082876,0.019449,0.004863,0.051101,0.057678
