vet-ins,vet-fnd,avl-ins,avl-fnd,hst-ins,hst-fnd,htr-ins,htr-fnd
0.000820,0.000027,0.002415,0.000842,0.001271,0.000054,0.001635,0.000434
0.003703,0.000267,0.013273,0.009657,0.006297,0.000540,0.010940,0.006226
0.006998,0.000268,0.027018,0.009473,0.011218,0.000539,0.022818,0.006052
0.013244,0.000672,0.062180,0.029564,0.023991,0.001473,0.057773,0.017807
0.017319,0.002168,0.063721,0.081740,0.020835,0.004053,0.053860,0.054119
