vet-ins,vet-fnd,avl-ins,avl-fnd,hst-ins,hst-fnd,htr-ins,htr-fnd
0.002193,0.000073,0.005916,0.002030,0.003403,0.000147,0.004405,0.001188
0.004378,0.000280,0.013345,0.009035,0.006254,0.000540,0.011354,0.005528
0.007006,0.000281,0.028402,0.009613,0.012423,0.000538,0.024899,0.006114
0.014763,0.000840,0.071885,0.031266,0.024878,0.001684,0.062529,0.021841
0.017472,0.002261,0.070184,0.093731,0.023473,0.004795,0.061550,0.062571
