vet-ins,vet-fnd,avl-ins,avl-fnd,hst-ins,hst-fnd,htr-ins,htr-fnd
0.001087,0.000045,0.003260,0.001032,0.001796,0.000075,0.002281,0.000610
0.004795,0.000371,0.016370,0.008622,0.006037,0.000538,0.010502,0.005446
0.006855,0.000269,0.026175,0.009652,0.012382,0.000549,0.027698,0.007535
0.013785,0.000670,0.060777,0.026142,0.022382,0.001342,0.060917,0.020078
0.018707,0.002330,0.064869,0.085608,0.020810,0.004092,0.053124,0.054214
