vet-ins,vet-fnd,avl-ins,avl-fnd,hst-ins,hst-fnd,htr-ins,htr-fnd
0.001092,0.000037,0.003154,0.001045,0.001607,0.000075,0.002210,0.000606
0.004879,0.000369,0.017387,0.010378,0.006116,0.000633,0.011613,0.006273
0.007417,0.000314,0.030870,0.010992,0.011930,0.000668,0.024461,0.006746
0.014689,0.000774,0.070720,0.030386,0.024183,0.001599,0.060183,0.020477
0.017572,0.002080,0.066124,0.087401,0.020706,0.004820,0.057273,0.059585
