vet-ins,vet-fnd,avl-ins,avl-fnd,hst-ins,hst-fnd,htr-ins,htr-fnd
0.002187,0.000074,0.005859,0.002016,0.003388,0.000147,0.004456,0.001346
0.004658,0.000304,0.013405,0.009758,0.006801,0.000629,0.012054,0.006436
0.007550,0.000325,0.029505,0.010272,0.012010,0.000630,0.026236,0.007051
0.014362,0.000805,0.064096,0.029534,0.024756,0.001569,0.061943,0.020858
0.019179,0.002357,0.069130,0.091542,0.024270,0.004813,0.062253,0.062648
