vet-ins,vet-fnd,avl-ins,avl-fnd,hst-ins,hst-fnd,htr-ins,htr-fnd
0.000527,0.000020,0.001964,0.000666,0.000758,0.004211,0.002132,0.000709
0.002320,0.000187,0.011590,0.007956,0.003584,0.189224,0.013282,0.008491
0.003953,0.000200,0.026302,0.009155,0.007011,0.290460,0.028265,0.009152
0.008245,0.000505,0.058731,0.025240,0.013815,0.548419,0.061088,0.024352
0.007944,0.001526,0.058762,0.074098,0.013187,1.675392,0.060580,0.074920
