vet-ins,vet-fnd,avl-ins,avl-fnd,hst-ins,hst-fnd,htr-ins,htr-fnd
0.000574,0.000019,0.002027,0.000678,0.000802,0.004219,0.002320,0.000711
0.002236,0.000189,0.011971,0.008152,0.003897,0.190423,0.013883,0.008837
0.004125,0.000200,0.025827,0.008867,0.006950,0.292081,0.028249,0.009110
0.008140,0.000510,0.058536,0.024524,0.012902,0.724211,0.061490,0.025340
0.007572,0.001433,0.058054,0.076336,0.014235,1.683543,0.068801,0.073909
