vet-ins,vet-fnd,avl-ins,avl-fnd,hst-ins,hst-fnd,htr-ins,htr-fnd
0.000528,0.000019,0.001886,0.000691,0.000793,0.003184,0.002027,0.000671
0.002315,0.000189,0.011268,0.007875,0.003659,0.141994,0.012651,0.008155
0.004104,0.000211,0.026273,0.008918,0.007439,0.225741,0.026799,0.009540
0.008115,0.000486,0.061535,0.024599,0.013167,0.730511,0.064998,0.027048
0.007656,0.001422,0.062954,0.078862,0.013602,2.191673,0.065755,0.076895
