vet-ins,vet-fnd,avl-ins,avl-fnd,hst-ins,hst-fnd,htr-ins,htr-fnd
0.000556,0.000020,0.001963,0.000698,0.000838,0.003279,0.002013,0.000671
0.002362,0.000190,0.011371,0.008066,0.003788,0.143699,0.012561,0.008180
0.004038,0.000218,0.026126,0.008594,0.007095,0.224549,0.027517,0.008870
0.008132,0.000490,0.060445,0.024384,0.013776,0.551149,0.060450,0.024617
0.007631,0.001450,0.060506,0.073448,0.012867,1.674320,0.060815,0.071608
