vet-ins,vet-fnd,avl-ins,avl-fnd,hst-ins,hst-fnd,htr-ins,htr-fnd
0.002117,0.000071,0.005858,0.002060,0.003132,0.000146,0.004278,0.001191
0.004289,0.000263,0.012257,0.008707,0.005482,0.000628,0.011868,0.006356
0.007649,0.000307,0.027741,0.009211,0.010533,0.000550,0.021833,0.005978
0.012615,0.000655,0.057688,0.029927,0.020586,0.001347,0.052002,0.017506
0.016150,0.001967,0.060222,0.079416,0.018934,0.004017,0.051679,0.055447
