vet-ins,vet-fnd,avl-ins,avl-fnd,hst-ins,hst-fnd,htr-ins,htr-fnd
0.000544,0.000021,0.001993,0.000683,0.000785,0.004351,0.002190,0.000722
0.002456,0.000196,0.012541,0.008567,0.003707,0.191983,0.013758,0.008723
0.004324,0.000205,0.027133,0.009665,0.007332,0.297315,0.028382,0.009139
0.008295,0.000497,0.065959,0.027229,0.013139,0.742461,0.062747,0.026263
0.007692,0.001443,0.065326,0.075008,0.013563,1.662657,0.063107,0.079188
