vet-ins,vet-fnd,avl-ins,avl-fnd,hst-ins,hst-fnd,htr-ins,htr-fnd
0.000861,0.000031,0.003496,0.001165,0.002067,0.000095,0.002734,0.000771
0.006108,0.000391,0.016695,0.008641,0.005899,0.000542,0.011350,0.006147
0.007048,0.000268,0.027078,0.009496,0.011674,0.000540,0.023226,0.006103
0.013182,0.000674,0.058820,0.025576,0.024603,0.001660,0.059481,0.018160
0.017193,0.002004,0.059476,0.080099,0.020782,0.004509,0.065748,0.069655
