vet-ins,vet-fnd,avl-ins,avl-fnd,hst-ins,hst-fnd,htr-ins,htr-fnd
0.000579,0.000021,0.001983,0.000708,0.000821,0.004451,0.002266,0.000707
0.002423,0.000197,0.011541,0.008064,0.003746,0.188830,0.013148,0.008383
0.003978,0.000199,0.025664,0.008673,0.006628,0.288644,0.028985,0.009329
0.008387,0.000507,0.059465,0.024266,0.013209,0.727890,0.061938,0.026233
0.007591,0.001443,0.058122,0.072579,0.013352,1.661142,0.059291,0.072194
