vet-ins,vet-fnd,avl-ins,avl-fnd,hst-ins,hst-fnd,htr-ins,htr-fnd
0.001078,0.000047,0.003775,0.001270,0.001991,0.000094,0.002750,0.000759
0.005583,0.000476,0.016740,0.008679,0.005888,0.000539,0.010911,0.005477
0.007137,0.000268,0.026630,0.009477,0.011248,0.000539,0.023007,0.006060
0.013149,0.000668,0.059003,0.026209,0.021832,0.001347,0.053564,0.017787
0.016520,0.002010,0.059576,0.080126,0.022095,0.004196,0.053067,0.053016
