vet-ins,vet-fnd,avl-ins,avl-fnd,hst-ins,hst-fnd,htr-ins,htr-fnd
0.001030,0.000046,0.003522,0.001290,0.001946,0.000094,0.002741,0.000634
0.005788,0.000459,0.017887,0.008999,0.005599,0.000535,0.010119,0.005406
0.006611,0.000263,0.025885,0.011520,0.010822,0.000535,0.022526,0.006043
0.012720,0.000661,0.066022,0.028679,0.019965,0.001336,0.053042,0.017948
0.017196,0.001999,0.061171,0.079201,0.018649,0.004014,0.051655,0.057153
