vet-ins,vet-fnd,avl-ins,avl-fnd,hst-ins,hst-fnd,htr-ins,htr-fnd
0.000794,0.000026,0.002164,0.000868,0.001380,0.000067,0.001763,0.000511
0.004863,0.000365,0.017182,0.010002,0.005453,0.000628,0.010431,0.005439
0.006467,0.000356,0.027332,0.009777,0.011103,0.000536,0.023171,0.006059
0.013074,0.000655,0.062183,0.029514,0.022498,0.001440,0.053070,0.018177
0.017123,0.001973,0.061485,0.085853,0.019823,0.004218,0.052214,0.054699
