vet-ins,vet-fnd,btr-ins,btr-fnd,hst-ins,hst-fnd,htr-ins,htr-fnd
0.000957,0.000033,0.002483,0.000854,0.001389,0.000055,0.001725,0.000522
0.004065,0.000335,0.014829,0.008841,0.005398,0.000545,0.010192,0.005404
0.006429,0.000275,0.028317,0.009027,0.010147,0.000544,0.022220,0.006015
0.012970,0.000668,0.065569,0.025595,0.019470,0.001364,0.052171,0.017884
0.016990,0.002003,0.070123,0.077859,0.018532,0.004085,0.053293,0.053558
