vet-ins,vet-fnd,avl-ins,avl-fnd,hst-ins,hst-fnd,htr-ins,htr-fnd
0.001103,0.000037,0.003000,0.001048,0.001599,0.000076,0.002195,0.000603
0.004847,0.000365,0.017162,0.009083,0.005412,0.000546,0.010079,0.005436
0.006269,0.000264,0.027811,0.011018,0.011498,0.000540,0.024144,0.006740
0.012960,0.000656,0.059227,0.025948,0.019956,0.001427,0.052048,0.017789
0.016220,0.001974,0.060064,0.085083,0.020917,0.004256,0.051370,0.053548
