vet-ins,vet-fnd,avl-ins,avl-fnd,hst-ins,hst-fnd,htr-ins,htr-fnd
0.000524,0.000020,0.001879,0.000684,0.000787,0.004469,0.002383,0.000730
0.002559,0.000197,0.011610,0.008260,0.003653,0.190390,0.013438,0.008525
0.003998,0.000208,0.026061,0.008748,0.007072,0.290993,0.028460,0.009115
0.008192,0.000504,0.059376,0.025061,0.013449,0.730565,0.065935,0.025980
0.007945,0.001424,0.059495,0.075001,0.013220,2.201157,0.064658,0.076701
