vet-ins,vet-fnd,avl-ins,avl-fnd,hst-ins,hst-fnd,htr-ins,htr-fnd
0.000582,0.000020,0.001915,0.000670,0.000775,0.004270,0.002133,0.000705
0.002359,0.000188,0.011460,0.008938,0.003729,0.187862,0.013565,0.008711
0.004077,0.000208,0.025815,0.009062,0.006839,0.293947,0.028797,0.009271
0.008074,0.000491,0.065303,0.025523,0.013931,0.548402,0.063515,0.026175
0.007649,0.001445,0.059433,0.075609,0.012819,2.171544,0.061064,0.076916
