vet-ins,vet-fnd,avl-ins,avl-fnd,hst-ins,hst-fnd,htr-ins,htr-fnd
0.002133,0.000072,0.005962,0.002054,0.003113,0.000145,0.004356,0.001188
0.004013,0.000310,0.013942,0.009095,0.005984,0.000672,0.010108,0.005897
0.006459,0.000265,0.028612,0.011501,0.011866,0.000646,0.027936,0.007435
0.014777,0.000784,0.077465,0.032996,0.023385,0.001585,0.068306,0.023828
0.020862,0.002380,0.075862,0.092702,0.020117,0.004318,0.057441,0.061565
