vet-ins,vet-fnd,avl-ins,avl-fnd,hst-ins,hst-fnd,htr-ins,htr-fnd
0.000818,0.000028,0.002185,0.000748,0.001259,0.000054,0.001740,0.000514
0.004052,0.000271,0.013219,0.009365,0.006160,0.000712,0.011857,0.006127
0.006624,0.000319,0.028347,0.009410,0.012903,0.000539,0.026184,0.007075
0.013130,0.000673,0.063173,0.027359,0.021853,0.001351,0.054128,0.018270
0.017394,0.002010,0.062843,0.079168,0.023001,0.004591,0.056622,0.054293
