vet-ins,vet-fnd,avl-ins,avl-fnd,hst-ins,hst-fnd,htr-ins,htr-fnd
0.002147,0.000078,0.006009,0.001948,0.003017,0.000134,0.004361,0.001227
0.004899,0.000268,0.012654,0.008772,0.005419,0.000535,0.010138,0.005870
0.007331,0.000263,0.026296,0.009840,0.010917,0.000639,0.024140,0.006058
0.013001,0.000656,0.061273,0.028277,0.020000,0.001351,0.052498,0.020700
0.016779,0.001968,0.067596,0.088235,0.020114,0.004028,0.055732,0.059770
