vet-ins,vet-fnd,avl-ins,avl-fnd,hst-ins,hst-fnd,htr-ins,htr-fnd
0.000934,0.000046,0.003458,0.001122,0.001724,0.000081,0.002376,0.000651
0.005218,0.000400,0.017242,0.008688,0.005380,0.000541,0.010101,0.005411
0.006271,0.000263,0.028412,0.009662,0.010158,0.000540,0.022512,0.005977
0.012999,0.000656,0.058918,0.026072,0.019611,0.001355,0.051575,0.017610
0.016162,0.001965,0.059392,0.078816,0.018571,0.004137,0.053270,0.058569
