vet-ins,vet-fnd,btr-ins,btr-fnd,hst-ins,hst-fnd,htr-ins,htr-fnd
0.000871,0.000032,0.003661,0.001235,0.001971,0.000080,0.002613,0.000757
0.005889,0.000468,0.017928,0.008462,0.005363,0.000545,0.010563,0.006078
0.006419,0.000281,0.031177,0.008994,0.010189,0.000544,0.022227,0.006058
0.012968,0.000670,0.064082,0.025400,0.019562,0.001361,0.052657,0.017756
0.016577,0.002102,0.071033,0.077129,0.018533,0.004082,0.051278,0.055744
