vet-ins,vet-fnd,avl-ins,avl-fnd,hst-ins,hst-fnd,htr-ins,htr-fnd
0.000951,0.000028,0.002524,0.000836,0.001398,0.000064,0.001851,0.000438
0.004081,0.000314,0.014046,0.008969,0.005907,0.000537,0.010452,0.005456
0.006506,0.000268,0.026164,0.009148,0.011235,0.000537,0.025040,0.007850
0.015512,0.000694,0.066932,0.028941,0.024150,0.001645,0.059033,0.020646
0.016899,0.002010,0.062350,0.084948,0.022785,0.004081,0.053084,0.053395
