vet-ins,vet-fnd,avl-ins,avl-fnd,hst-ins,hst-fnd,htr-ins,htr-fnd
0.000523,0.000020,0.001860,0.000661,0.000839,0.003145,0.002094,0.000787
0.002493,0.000216,0.012711,0.008394,0.003712,0.143134,0.012757,0.009391
0.004164,0.000213,0.026289,0.008943,0.007644,0.228429,0.027593,0.008786
0.008208,0.000494,0.058287,0.024965,0.014060,0.554141,0.061252,0.024594
0.007565,0.001581,0.062352,0.077833,0.012964,2.194282,0.073220,0.078714
