vet-ins,vet-fnd,avl-ins,avl-fnd,hst-ins,hst-fnd,htr-ins,htr-fnd
0.000543,0.000019,0.001915,0.000665,0.000789,0.003166,0.002036,0.000845
0.002397,0.000208,0.011635,0.008138,0.003696,0.147766,0.012887,0.008215
0.004091,0.000202,0.026297,0.009050,0.007237,0.226126,0.026697,0.008823
0.008281,0.000526,0.058860,0.024894,0.013248,0.554981,0.067963,0.025152
0.007593,0.001421,0.066220,0.075965,0.013148,1.695428,0.066665,0.078699
