vet-ins,vet-fnd,avl-ins,avl-fnd,hst-ins,hst-fnd,htr-ins,htr-fnd
0.000557,0.000020,0.001942,0.000677,0.000836,0.003182,0.002056,0.000703
0.002382,0.000187,0.011537,0.007878,0.003688,0.142648,0.012688,0.008117
0.003925,0.000201,0.025860,0.008687,0.007100,0.222485,0.027621,0.008973
0.008051,0.000491,0.060470,0.025463,0.013874,0.545020,0.061820,0.025770
0.007615,0.001434,0.060315,0.076613,0.012987,1.669331,0.064062,0.074134
