vet-ins,vet-fnd,avl-ins,avl-fnd,hst-ins,hst-fnd,htr-ins,htr-fnd
0.000517,0.000019,0.001852,0.000687,0.000753,0.004236,0.002112,0.000781
0.002332,0.000188,0.011383,0.007943,0.003383,0.185993,0.013504,0.008591
0.004072,0.000207,0.025856,0.009069,0.007388,0.293369,0.028378,0.009519
0.007949,0.000488,0.058957,0.024343,0.013388,0.549719,0.060677,0.025614
0.007500,0.001425,0.058895,0.074069,0.013360,1.680630,0.064141,0.075143
