vet-ins,vet-fnd,avl-ins,avl-fnd,hst-ins,hst-fnd,htr-ins,htr-fnd
0.000520,0.000019,0.001875,0.000777,0.000762,0.004302,0.002129,0.000733
0.002332,0.000189,0.011404,0.008015,0.003412,0.191821,0.013485,0.008580
0.004088,0.000203,0.025606,0.008729,0.006681,0.222517,0.027488,0.010847
0.008030,0.000490,0.067110,0.026246,0.014063,0.557252,0.066286,0.025529
0.007500,0.001454,0.059839,0.075794,0.013269,2.205711,0.066522,0.083596
