vet-ins,vet-fnd,avl-ins,avl-fnd,hst-ins,hst-fnd,htr-ins,htr-fnd
0.000971,0.000031,0.002674,0.000883,0.001471,0.000063,0.001918,0.000512
0.004291,0.000314,0.015139,0.010400,0.006857,0.000632,0.012202,0.006401
0.007737,0.000313,0.030668,0.010728,0.013091,0.000631,0.026849,0.007101
0.013699,0.000677,0.060875,0.026297,0.022264,0.001345,0.054259,0.018064
0.019318,0.002353,0.069761,0.085996,0.020790,0.004109,0.055796,0.054153
