vet-ins,vet-fnd,avl-ins,avl-fnd,hst-ins,hst-fnd,htr-ins,htr-fnd
0.002115,0.000072,0.005894,0.002060,0.003143,0.000146,0.005583,0.001522
0.003556,0.000262,0.014124,0.009168,0.005394,0.000535,0.010490,0.005409
0.006414,0.000263,0.026270,0.009259,0.010953,0.000674,0.022993,0.006570
0.012607,0.000655,0.064875,0.026562,0.019668,0.001339,0.052466,0.018214
0.016738,0.001968,0.060192,0.082455,0.018946,0.004086,0.051618,0.053519
