vet-ins,vet-fnd,avl-ins,avl-fnd,hst-ins,hst-fnd,htr-ins,htr-fnd
0.000791,0.000026,0.002456,0.000751,0.001240,0.000063,0.001898,0.000435
0.004857,0.000364,0.017114,0.009450,0.005864,0.000540,0.010118,0.005591
0.006524,0.000264,0.026952,0.009908,0.010171,0.000540,0.022829,0.006421
0.012625,0.000657,0.060373,0.029779,0.021527,0.001354,0.051827,0.018135
0.016465,0.001972,0.064906,0.090728,0.021523,0.004680,0.059533,0.063230
