vet-ins,vet-fnd,avl-ins,avl-fnd,hst-ins,hst-fnd,htr-ins,htr-fnd
0.002113,0.000077,0.006018,0.001924,0.003107,0.000135,0.004167,0.001235
0.004178,0.000308,0.013426,0.009315,0.005913,0.000542,0.011025,0.005992
0.006748,0.000308,0.028416,0.010042,0.011518,0.000539,0.024178,0.007124
0.013463,0.000655,0.062331,0.028395,0.021190,0.001562,0.055531,0.019040
0.017364,0.002316,0.064596,0.085282,0.020054,0.004854,0.054111,0.058009
