vet-ins,vet-fnd,avl-ins,avl-fnd,hst-ins,hst-fnd,htr-ins,htr-fnd
0.000989,0.000031,0.003167,0.001039,0.001773,0.000075,0.002290,0.000605
0.005046,0.000377,0.017301,0.009787,0.006680,0.000619,0.010436,0.005439
0.006497,0.000268,0.026193,0.009189,0.011522,0.000539,0.022887,0.006053
0.013404,0.000668,0.063739,0.025520,0.021766,0.001346,0.053367,0.017758
0.016537,0.002010,0.059516,0.078449,0.021046,0.004060,0.052896,0.057374
