vet-ins,vet-fnd,avl-ins,avl-fnd,hst-ins,hst-fnd,htr-ins,htr-fnd
0.002096,0.000066,0.006054,0.001936,0.003124,0.000158,0.004222,0.001225
0.004990,0.000310,0.013341,0.009832,0.006034,0.000540,0.010938,0.006347
0.006668,0.000269,0.027270,0.009282,0.010538,0.000540,0.022207,0.006013
0.012588,0.000657,0.060158,0.026879,0.020525,0.001360,0.051822,0.017912
0.017177,0.001969,0.061185,0.089060,0.019214,0.004189,0.051022,0.054450
