vet-ins,vet-fnd,avl-ins,avl-fnd,hst-ins,hst-fnd,htr-ins,htr-fnd
0.000932,0.000036,0.003690,0.001245,0.002138,0.000094,0.002838,0.000761
0.006041,0.000470,0.016995,0.009747,0.006360,0.000539,0.011241,0.005976
0.006546,0.000282,0.026739,0.009350,0.011458,0.000709,0.024446,0.006984
0.013134,0.000674,0.062250,0.027161,0.022017,0.001346,0.057042,0.018131
0.017339,0.002045,0.061315,0.079089,0.021666,0.004403,0.060529,0.057302
