vet-ins,vet-fnd,avl-ins,avl-fnd,hst-ins,hst-fnd,htr-ins,htr-fnd
0.000596,0.000021,0.001986,0.000703,0.000818,0.004526,0.002230,0.000743
0.002464,0.000204,0.011753,0.008160,0.003750,0.189477,0.013466,0.008691
0.004217,0.000207,0.025985,0.008632,0.006619,0.289630,0.028384,0.009156
0.008078,0.000494,0.059167,0.024424,0.013125,0.727672,0.063266,0.025706
0.007708,0.001475,0.060705,0.074675,0.012670,2.202469,0.061968,0.078232
