vet-ins,vet-fnd,avl-ins,avl-fnd,hst-ins,hst-fnd,htr-ins,htr-fnd
0.000541,0.000020,0.001928,0.000670,0.000824,0.003219,0.002027,0.000702
0.002222,0.000196,0.011640,0.008010,0.003819,0.144806,0.012835,0.008154
0.004340,0.000219,0.026738,0.009121,0.007159,0.225622,0.027227,0.008901
0.008335,0.000505,0.059384,0.024999,0.013646,0.540465,0.060198,0.024356
0.008044,0.001528,0.059507,0.073949,0.012979,1.667211,0.059159,0.071920
