vet-ins,vet-fnd,avl-ins,avl-fnd,hst-ins,hst-fnd,htr-ins,htr-fnd
0.002108,0.000072,0.005938,0.002054,0.003131,0.000146,0.004316,0.001179
0.004418,0.000299,0.013474,0.009013,0.005735,0.000536,0.010503,0.005596
0.006347,0.000262,0.026158,0.009246,0.010200,0.000539,0.022936,0.008399
0.015378,0.000791,0.063557,0.026302,0.019550,0.001346,0.052782,0.017603
0.017138,0.001996,0.061303,0.080415,0.018630,0.004090,0.052318,0.053274
