vet-ins,vet-fnd,avl-ins,avl-fnd,hst-ins,hst-fnd,htr-ins,htr-fnd
0.000531,0.000020,0.001890,0.000724,0.000798,0.003165,0.002082,0.000673
0.002311,0.000189,0.011527,0.007904,0.003692,0.143279,0.012963,0.008283
0.003903,0.000203,0.026553,0.008776,0.007088,0.226862,0.032359,0.009737
0.008761,0.000487,0.064862,0.025331,0.013847,0.743010,0.063866,0.026497
0.007697,0.001519,0.059744,0.074119,0.014351,1.673316,0.059887,0.073641
