vet-ins,vet-fnd,avl-ins,avl-fnd,hst-ins,hst-fnd,htr-ins,htr-fnd
0.000557,0.000021,0.001989,0.000698,0.000798,0.004396,0.002502,0.000706
0.002324,0.000202,0.011556,0.008333,0.003619,0.190431,0.013289,0.008602
0.004165,0.000205,0.026342,0.008836,0.006894,0.289541,0.028597,0.009214
0.008228,0.000507,0.058525,0.024611,0.012828,0.719864,0.060755,0.025344
0.007609,0.001439,0.059172,0.072675,0.013608,1.656126,0.061896,0.076313
