vet-ins,vet-fnd,avl-ins,avl-fnd,hst-ins,hst-fnd,htr-ins,htr-fnd
0.002129,0.000072,0.005850,0.002043,0.003130,0.000148,0.004372,0.001100
0.004244,0.000266,0.013030,0.008758,0.005387,0.000541,0.010212,0.005424
0.006420,0.000263,0.026509,0.009432,0.010598,0.000541,0.022636,0.006026
0.012732,0.000655,0.059759,0.026280,0.019684,0.001350,0.057885,0.020319
0.016416,0.001972,0.059218,0.082646,0.019016,0.004115,0.051482,0.060143
