vet-ins,vet-fnd,avl-ins,avl-fnd,hst-ins,hst-fnd,htr-ins,htr-fnd
0.001977,0.000072,0.005854,0.002050,0.003117,0.000146,0.004308,0.001188
0.004632,0.000263,0.013021,0.009125,0.005878,0.000692,0.010265,0.005436
0.006488,0.000311,0.026264,0.009317,0.010757,0.000631,0.022994,0.006426
0.012986,0.000660,0.060346,0.028177,0.022205,0.001632,0.053853,0.017976
0.017173,0.001983,0.059254,0.082465,0.018883,0.004404,0.056793,0.054558
