vet-ins,vet-fnd,btr-ins,btr-fnd,hst-ins,hst-fnd,htr-ins,htr-fnd
0.000811,0.000027,0.002359,0.000734,0.001296,0.000064,0.001849,0.000439
0.003857,0.000268,0.013731,0.008493,0.005392,0.000545,0.010253,0.005415
0.006352,0.000268,0.028450,0.009827,0.011423,0.000545,0.023837,0.006257
0.013444,0.000674,0.065987,0.025619,0.019566,0.001359,0.052279,0.017756
0.016801,0.002002,0.072737,0.077314,0.018563,0.004089,0.051913,0.053685
