vet-ins,vet-fnd,avl-ins,avl-fnd,hst-ins,hst-fnd,htr-ins,htr-fnd
0.000791,0.000027,0.002166,0.000756,0.001162,0.000054,0.001659,0.000510
0.003950,0.000308,0.013205,0.009491,0.005726,0.000540,0.010030,0.005716
0.006892,0.000327,0.025851,0.009304,0.010180,0.000540,0.021896,0.006039
0.014323,0.000660,0.063887,0.026295,0.019567,0.001358,0.051161,0.018246
0.016491,0.001968,0.061584,0.090891,0.019035,0.004571,0.054679,0.054745
