vet-ins,vet-fnd,avl-ins,avl-fnd,hst-ins,hst-fnd,htr-ins,htr-fnd
0.000847,0.000031,0.003399,0.001263,0.001987,0.000095,0.002595,0.000766
0.004944,0.000364,0.016928,0.008868,0.005416,0.000539,0.010138,0.005784
0.006543,0.000263,0.025931,0.009222,0.010223,0.000541,0.022136,0.006219
0.013823,0.000655,0.060054,0.025937,0.019646,0.001356,0.051152,0.017807
0.016151,0.001966,0.063023,0.080286,0.020802,0.004058,0.051376,0.052787
