vet-ins,vet-fnd,avl-ins,avl-fnd,hst-ins,hst-fnd,htr-ins,htr-fnd
0.002111,0.000072,0.005938,0.002034,0.003130,0.000147,0.004317,0.001187
0.004021,0.000307,0.013890,0.008903,0.005769,0.000551,0.010688,0.005426
0.006587,0.000329,0.030062,0.010910,0.012055,0.000645,0.025882,0.007041
0.012762,0.000661,0.060913,0.027507,0.020716,0.001482,0.054008,0.019984
0.016289,0.001971,0.061732,0.084288,0.018728,0.004181,0.051393,0.058556
