vet-ins,vet-fnd,avl-ins,avl-fnd,hst-ins,hst-fnd,htr-ins,htr-fnd
0.002183,0.000074,0.005884,0.002039,0.003391,0.000147,0.004348,0.001184
0.004530,0.000284,0.012314,0.008691,0.005889,0.000537,0.010295,0.005488
0.006504,0.000269,0.025969,0.009269,0.011592,0.000537,0.023011,0.006166
0.013108,0.000670,0.058375,0.028510,0.024393,0.001570,0.057356,0.018554
0.016825,0.002110,0.060138,0.082622,0.020981,0.004070,0.052451,0.053324
