vet-ins,vet-fnd,avl-ins,avl-fnd,hst-ins,hst-fnd,htr-ins,htr-fnd
0.000825,0.000032,0.002596,0.000761,0.001482,0.000067,0.001772,0.000509
0.003964,0.000313,0.014342,0.009276,0.006035,0.000538,0.010361,0.005525
0.006999,0.000268,0.030215,0.010841,0.013332,0.000599,0.026569,0.006984
0.015051,0.000681,0.064996,0.027674,0.023996,0.001553,0.055925,0.018024
0.017415,0.002005,0.060188,0.078416,0.020807,0.004033,0.053725,0.053779
