vet-ins,vet-fnd,avl-ins,avl-fnd,hst-ins,hst-fnd,htr-ins,htr-fnd
0.000955,0.000027,0.002334,0.000875,0.001164,0.000054,0.001848,0.000544
0.003718,0.000262,0.014035,0.009806,0.006433,0.000633,0.011578,0.006137
0.006688,0.000263,0.026319,0.009682,0.010570,0.000574,0.022667,0.006905
0.013036,0.000656,0.060294,0.027027,0.019926,0.001353,0.053772,0.020840
0.016594,0.001977,0.062972,0.086847,0.019128,0.004090,0.051838,0.054190
