vet-ins,vet-fnd,avl-ins,avl-fnd,hst-ins,hst-fnd,htr-ins,htr-fnd
0.002013,0.000079,0.005747,0.002093,0.003268,0.000136,0.004170,0.001119
0.005476,0.000313,0.015324,0.010049,0.006532,0.000584,0.012102,0.006380
0.006582,0.000268,0.027687,0.010432,0.012589,0.000541,0.023999,0.006093
0.013121,0.000668,0.064178,0.028451,0.024661,0.001359,0.054905,0.018539
0.016906,0.002011,0.061397,0.080646,0.020843,0.004058,0.053304,0.055655
