vet-ins,vet-fnd,avl-ins,avl-fnd,hst-ins,hst-fnd,htr-ins,htr-fnd
0.000834,0.000027,0.002206,0.000774,0.001505,0.000068,0.001755,0.000510
0.003691,0.000268,0.013556,0.008888,0.005927,0.000539,0.010464,0.005458
0.006500,0.000268,0.026736,0.009180,0.012388,0.000545,0.023341,0.006056
0.013120,0.000672,0.063029,0.029169,0.024402,0.001345,0.054736,0.017990
0.019216,0.002152,0.071464,0.082772,0.021509,0.004071,0.053828,0.058190
