vet-ins,vet-fnd,avl-ins,avl-fnd,hst-ins,hst-fnd,htr-ins,htr-fnd
0.001404,0.000046,0.003743,0.001265,0.002487,0.000094,0.002991,0.000473
0.005223,0.000392,0.016413,0.008599,0.006945,0.000535,0.011315,0.003419
0.006768,0.000262,0.026144,0.009087,0.013157,0.000533,0.023587,0.003840
0.013552,0.000656,0.065673,0.025892,0.025612,0.001333,0.053664,0.012484
0.012632,0.001968,0.058655,0.078422,0.024827,0.004047,0.053199,0.037075
