vet-ins,vet-fnd,avl-ins,avl-fnd,hst-ins,hst-fnd,htr-ins,htr-fnd
0.002081,0.000066,0.005817,0.001936,0.003034,0.000151,0.004590,0.001265
0.004599,0.000315,0.013862,0.009239,0.005411,0.000539,0.010156,0.005405
0.006271,0.000263,0.027287,0.009279,0.010667,0.000535,0.023968,0.006728
0.013316,0.000657,0.059645,0.025867,0.019675,0.001622,0.051992,0.018279
0.016216,0.001971,0.059112,0.078768,0.020742,0.004580,0.056492,0.054524
