vet-ins,vet-fnd,avl-ins,avl-fnd,hst-ins,hst-fnd,htr-ins,htr-fnd
0.002194,0.000074,0.005891,0.002043,0.003397,0.000146,0.004381,0.001183
0.004351,0.000272,0.012697,0.009042,0.005892,0.000538,0.010351,0.005454
0.007314,0.000342,0.039787,0.014755,0.013131,0.000629,0.029008,0.007705
0.014566,0.000671,0.059986,0.026392,0.023890,0.001567,0.056915,0.020713
0.018253,0.002373,0.065979,0.089076,0.023611,0.004846,0.064108,0.065240
