vet-ins,vet-fnd,avl-ins,avl-fnd,hst-ins,hst-fnd,htr-ins,htr-fnd
0.002093,0.000072,0.005917,0.002046,0.003120,0.000148,0.004314,0.001187
0.004394,0.000262,0.012760,0.008712,0.005418,0.000540,0.010116,0.005414
0.006193,0.000264,0.025869,0.009288,0.010217,0.000540,0.022167,0.006034
0.014180,0.000766,0.061209,0.026088,0.020077,0.001349,0.055594,0.022996
0.016376,0.001972,0.060576,0.085975,0.020409,0.004167,0.051874,0.057270
