vet-ins,vet-fnd,avl-ins,avl-fnd,hst-ins,hst-fnd,htr-ins,htr-fnd
0.001006,0.000045,0.003114,0.001032,0.001745,0.000074,0.002241,0.000607
0.005033,0.000370,0.017174,0.008897,0.005896,0.000541,0.010756,0.005452
0.006601,0.000314,0.026793,0.009849,0.013112,0.000645,0.025868,0.006768
0.013198,0.000670,0.058582,0.025676,0.022477,0.001361,0.056458,0.020408
0.019984,0.002355,0.074692,0.101180,0.024679,0.004860,0.069701,0.060014
