vet-ins,vet-fnd,avl-ins,avl-fnd,hst-ins,hst-fnd,htr-ins,htr-fnd
0.001411,0.000047,0.003670,0.001286,0.002107,0.000094,0.002812,0.000754
0.006174,0.000412,0.017256,0.008855,0.005924,0.000545,0.010477,0.005450
0.006640,0.000269,0.026138,0.009163,0.011283,0.000540,0.023098,0.006079
0.013241,0.000669,0.061566,0.027613,0.022271,0.001366,0.054742,0.018074
0.017247,0.002009,0.064689,0.079378,0.020791,0.004069,0.053734,0.059854
