vet-ins,vet-fnd,avl-ins,avl-fnd,hst-ins,hst-fnd,htr-ins,htr-fnd
0.000523,0.000020,0.001937,0.000726,0.000858,0.003791,0.002229,0.000708
0.002658,0.000206,0.014301,0.009351,0.003757,0.148503,0.015236,0.008650
0.004131,0.000200,0.031190,0.011164,0.007436,0.316779,0.028300,0.009637
0.008244,0.000494,0.068049,0.025928,0.012580,0.737968,0.065047,0.025822
0.007589,0.001451,0.062422,0.078393,0.012633,2.176696,0.079572,0.078851
