vet-ins,vet-fnd,avl-ins,avl-fnd,hst-ins,hst-fnd,htr-ins,htr-fnd
0.001088,0.000027,0.002212,0.000748,0.001338,0.000063,0.001915,0.000437
0.003687,0.000281,0.014522,0.010046,0.006892,0.000634,0.011824,0.006093
0.006505,0.000268,0.025979,0.009535,0.011207,0.000539,0.023134,0.006094
0.013100,0.000669,0.059652,0.031559,0.024004,0.001350,0.055298,0.018152
0.017166,0.002092,0.060404,0.079214,0.021116,0.004071,0.053510,0.053830
