vet-ins,vet-fnd,avl-ins,avl-fnd,hst-ins,hst-fnd,htr-ins,htr-fnd
0.000569,0.000021,0.001986,0.000707,0.000854,0.003393,0.002160,0.000729
0.002417,0.000198,0.011736,0.008192,0.003796,0.144064,0.012786,0.008107
0.003896,0.000201,0.025939,0.008764,0.007230,0.224084,0.027134,0.008799
0.008118,0.000492,0.059438,0.025363,0.014244,0.546369,0.060138,0.025264
0.007797,0.001461,0.062203,0.076292,0.013101,1.675300,0.064522,0.074646
