vet-ins,vet-fnd,avl-ins,avl-fnd,hst-ins,hst-fnd,htr-ins,htr-fnd
0.000900,0.000031,0.003493,0.001262,0.002130,0.000079,0.002580,0.000677
0.004220,0.000345,0.013806,0.009881,0.006602,0.000538,0.011114,0.005763
0.006670,0.000268,0.029788,0.010594,0.012521,0.000630,0.027615,0.007504
0.015709,0.000802,0.075600,0.032081,0.025993,0.001585,0.060704,0.018322
0.016862,0.002015,0.060195,0.087376,0.021949,0.004795,0.057118,0.053434
