vet-ins,vet-fnd,avl-ins,avl-fnd,hst-ins,hst-fnd,htr-ins,htr-fnd
0.002198,0.000074,0.005297,0.001824,0.003044,0.000131,0.003961,0.001060
0.005864,0.000343,0.014295,0.010041,0.006669,0.000548,0.012107,0.006366
0.007576,0.000313,0.031520,0.011455,0.013234,0.000632,0.026918,0.007098
0.015345,0.000796,0.069866,0.030675,0.025497,0.001580,0.063521,0.021462
0.019340,0.002464,0.070985,0.086577,0.021153,0.004045,0.052601,0.054084
