vet-ins,vet-fnd,avl-ins,avl-fnd,hst-ins,hst-fnd,htr-ins,htr-fnd
0.000949,0.000027,0.002384,0.000872,0.001266,0.000055,0.001620,0.000437
0.003691,0.000267,0.012629,0.008782,0.005905,0.000539,0.010713,0.005461
0.006534,0.000268,0.026091,0.009243,0.011562,0.000538,0.023636,0.006857
0.014732,0.000797,0.066146,0.026508,0.021827,0.001347,0.054732,0.020295
0.017281,0.002006,0.059813,0.084270,0.022578,0.004621,0.058473,0.059381
