vet-ins,vet-fnd,avl-ins,avl-fnd,hst-ins,hst-fnd,htr-ins,htr-fnd
0.001996,0.000067,0.005865,0.002028,0.002989,0.000157,0.004261,0.001077
0.004680,0.000262,0.012780,0.009131,0.005389,0.000535,0.010159,0.005395
0.006966,0.000266,0.027337,0.009640,0.010588,0.000536,0.022956,0.005961
0.012692,0.000656,0.060479,0.026311,0.021032,0.001655,0.054939,0.018244
0.018588,0.002097,0.067291,0.079946,0.019287,0.004024,0.050740,0.069110
