vet-ins,vet-fnd,avl-ins,avl-fnd,hst-ins,hst-fnd,htr-ins,htr-fnd
0.000817,0.000027,0.002184,0.000749,0.001258,0.000054,0.001915,0.000517
0.003864,0.000268,0.012812,0.008706,0.005891,0.000544,0.010398,0.005462
0.007899,0.000313,0.030490,0.011486,0.011949,0.000597,0.022893,0.006171
0.013151,0.000668,0.060801,0.026097,0.022516,0.001347,0.054265,0.018851
0.019024,0.002428,0.063110,0.078586,0.021046,0.004569,0.053090,0.055395
