vet-ins,vet-fnd,avl-ins,avl-fnd,hst-ins,hst-fnd,htr-ins,htr-fnd
0.000926,0.000031,0.002613,0.000895,0.001268,0.000054,0.001795,0.000533
0.003949,0.000262,0.014113,0.009972,0.006205,0.000544,0.010519,0.006094
0.006698,0.000308,0.030096,0.010579,0.010937,0.000544,0.023570,0.006282
0.013664,0.000780,0.064752,0.027786,0.021466,0.001359,0.053459,0.017874
0.017830,0.001968,0.060419,0.080061,0.018626,0.004124,0.056696,0.056769
