vet-ins,vet-fnd,avl-ins,avl-fnd,hst-ins,hst-fnd,htr-ins,htr-fnd
0.000559,0.000021,0.002032,0.000719,0.000858,0.003338,0.002217,0.000724
0.002332,0.000188,0.011316,0.007950,0.003688,0.141990,0.012385,0.008028
0.004066,0.000205,0.025553,0.008741,0.007093,0.222238,0.026877,0.009024
0.008198,0.000495,0.058879,0.024447,0.013928,0.544547,0.059961,0.024501
0.007784,0.001527,0.061608,0.074262,0.013045,1.676364,0.060577,0.074082
