vet-ins,vet-fnd,avl-ins,avl-fnd,hst-ins,hst-fnd,htr-ins,htr-fnd
0.000822,0.000027,0.002204,0.000757,0.001477,0.000063,0.001982,0.000525
0.003836,0.000268,0.014221,0.009786,0.005926,0.000538,0.010551,0.005466
0.006529,0.000269,0.026563,0.009545,0.011277,0.000542,0.023020,0.006079
0.013032,0.000670,0.060116,0.026272,0.021870,0.001355,0.054067,0.018119
0.018330,0.002292,0.062512,0.080006,0.020735,0.004117,0.055401,0.060459
