vet-ins,vet-fnd,avl-ins,avl-fnd,hst-ins,hst-fnd,htr-ins,htr-fnd
0.000820,0.000027,0.002205,0.000747,0.001394,0.000063,0.001909,0.000440
0.003874,0.000267,0.012882,0.009059,0.006233,0.000657,0.011008,0.005739
0.006907,0.000268,0.026555,0.009220,0.011255,0.000539,0.025028,0.006807
0.013476,0.000668,0.060171,0.026214,0.021865,0.001350,0.054709,0.018173
0.017843,0.002028,0.063127,0.077919,0.020825,0.004038,0.054096,0.062665
