vet-ins,vet-fnd,avl-ins,avl-fnd,hst-ins,hst-fnd,htr-ins,htr-fnd
0.000522,0.000019,0.001899,0.000669,0.000767,0.004156,0.002162,0.000723
0.002308,0.000189,0.011845,0.008150,0.003430,0.186275,0.013464,0.008742
0.004129,0.000200,0.025583,0.008706,0.007267,0.296356,0.029276,0.009765
0.008068,0.000496,0.069258,0.024854,0.013820,0.746826,0.062919,0.025653
0.007693,0.001434,0.060661,0.077850,0.013198,2.228636,0.070279,0.089778
