vet-ins,vet-fnd,avl-ins,avl-fnd,hst-ins,hst-fnd,htr-ins,htr-fnd
0.001018,0.000027,0.002202,0.000746,0.001269,0.000054,0.001642,0.000436
0.003851,0.000268,0.012901,0.008630,0.005978,0.000636,0.010653,0.005450
0.007957,0.000269,0.028521,0.010295,0.012674,0.000579,0.025186,0.006088
0.014773,0.000671,0.059839,0.025576,0.022443,0.001355,0.059061,0.018248
0.018131,0.002109,0.061499,0.082309,0.021018,0.004129,0.053649,0.055991
