vet-ins,vet-fnd,avl-ins,avl-fnd,hst-ins,hst-fnd,htr-ins,htr-fnd
0.002125,0.000065,0.005904,0.001950,0.003288,0.000157,0.004389,0.001156
0.004716,0.000307,0.013672,0.009900,0.006235,0.000628,0.011572,0.006336
0.007160,0.000295,0.029407,0.009772,0.010487,0.000543,0.023571,0.006086
0.013727,0.000656,0.062367,0.029195,0.020766,0.001363,0.053930,0.019015
0.016573,0.001974,0.062992,0.081177,0.018997,0.004020,0.051794,0.054239
