vet-ins,vet-fnd,avl-ins,avl-fnd,hst-ins,hst-fnd,htr-ins,htr-fnd
0.000522,0.000019,0.001872,0.000666,0.000783,0.004129,0.002121,0.000703
0.002322,0.000188,0.011346,0.007866,0.003383,0.182703,0.013100,0.008380
0.004145,0.000203,0.025703,0.008745,0.007118,0.290558,0.028308,0.009122
0.007979,0.000496,0.058829,0.024370,0.013080,0.728204,0.060925,0.025134
0.007756,0.001487,0.057907,0.073015,0.012905,2.158478,0.062051,0.076920
