vet-ins,vet-fnd,avl-ins,avl-fnd,hst-ins,hst-fnd,htr-ins,htr-fnd
0.000540,0.000019,0.001866,0.000668,0.000758,0.004611,0.002153,0.000709
0.002372,0.000216,0.011619,0.008064,0.003742,0.189114,0.013548,0.009794
0.004035,0.000201,0.025760,0.008737,0.007968,0.295669,0.030797,0.009516
0.008253,0.000490,0.059672,0.024681,0.013492,0.740744,0.062375,0.025729
0.007561,0.001422,0.061761,0.078033,0.014262,2.218892,0.062545,0.077697
