vet-ins,vet-fnd,avl-ins,avl-fnd,hst-ins,hst-fnd,htr-ins,htr-fnd
0.001958,0.000065,0.005285,0.001814,0.003027,0.000136,0.003901,0.001056
0.005634,0.000345,0.012746,0.008690,0.005926,0.000542,0.011134,0.005462
0.006515,0.000269,0.026285,0.009207,0.011244,0.000541,0.023591,0.006934
0.015412,0.000801,0.068555,0.029784,0.025419,0.001580,0.061711,0.020706
0.018979,0.002361,0.068930,0.081322,0.021370,0.004373,0.052961,0.052770
