vet-ins,vet-fnd,avl-ins,avl-fnd,hst-ins,hst-fnd,htr-ins,htr-fnd
0.000787,0.000026,0.002901,0.001296,0.001759,0.000079,0.002532,0.000759
0.005714,0.000459,0.017541,0.008999,0.005384,0.000540,0.010028,0.005408
0.006561,0.000263,0.027191,0.010773,0.011430,0.000541,0.025741,0.006754
0.012714,0.000655,0.058468,0.025786,0.019588,0.001351,0.054532,0.018050
0.016125,0.001971,0.064055,0.092018,0.019120,0.004098,0.050887,0.052853
