vet-ins,vet-fnd,avl-ins,avl-fnd,hst-ins,hst-fnd,htr-ins,htr-fnd
0.000892,0.000031,0.002381,0.000827,0.001383,0.000067,0.001719,0.000506
0.003808,0.000333,0.013429,0.009078,0.005372,0.000539,0.010755,0.006360
0.007107,0.000262,0.027748,0.009282,0.010210,0.000535,0.022307,0.005996
0.012713,0.000665,0.059863,0.026689,0.020863,0.001337,0.051587,0.018263
0.016428,0.001966,0.059619,0.078763,0.020243,0.004019,0.053457,0.054151
