vet-ins,vet-fnd,avl-ins,avl-fnd,hst-ins,hst-fnd,htr-ins,htr-fnd
0.000874,0.000031,0.003126,0.001044,0.001613,0.000075,0.002213,0.000609
0.004859,0.000369,0.013898,0.008725,0.005412,0.000542,0.010063,0.005443
0.006280,0.000263,0.026108,0.009256,0.010179,0.000541,0.021925,0.006011
0.012734,0.000676,0.059260,0.025887,0.019600,0.001353,0.051310,0.018322
0.016471,0.001970,0.058838,0.078457,0.018596,0.004051,0.050019,0.052986
