vet-ins,vet-fnd,avl-ins,avl-fnd,hst-ins,hst-fnd,htr-ins,htr-fnd
0.002216,0.000073,0.005975,0.002028,0.003403,0.000147,0.004420,0.001184
0.004880,0.000304,0.015395,0.009685,0.006230,0.000540,0.010427,0.005447
0.007257,0.000323,0.028298,0.009205,0.012917,0.000579,0.024653,0.006387
0.014435,0.000669,0.063668,0.028684,0.022315,0.001430,0.059239,0.019395
0.017798,0.002008,0.066295,0.084802,0.021560,0.004049,0.054504,0.059432
