vet-ins,vet-fnd,avl-ins,avl-fnd,hst-ins,hst-fnd,htr-ins,htr-fnd
0.000533,0.000020,0.001904,0.000667,0.000786,0.004214,0.002113,0.000787
0.002327,0.000189,0.011537,0.007953,0.003582,0.188514,0.013384,0.008525
0.003883,0.000220,0.025680,0.008656,0.007315,0.291902,0.030334,0.010500
0.008243,0.000494,0.064892,0.026197,0.012753,0.735826,0.061808,0.025710
0.007569,0.001445,0.059023,0.072818,0.013309,1.652668,0.060356,0.072453
