vet-ins,vet-fnd,avl-ins,avl-fnd,hst-ins,hst-fnd,htr-ins,htr-fnd
0.002101,0.000066,0.005687,0.002052,0.003017,0.000136,0.004025,0.001186
0.005282,0.000308,0.014559,0.009920,0.005946,0.000625,0.011536,0.006046
0.006281,0.000263,0.026178,0.009345,0.010195,0.000544,0.021872,0.006003
0.012730,0.000655,0.061687,0.028211,0.019961,0.001351,0.051669,0.017654
0.016430,0.001974,0.059599,0.078612,0.018575,0.004112,0.049929,0.052487
