vet-ins,vet-fnd,avl-ins,avl-fnd,hst-ins,hst-fnd,htr-ins,htr-fnd
0.000829,0.000031,0.003029,0.001044,0.001642,0.000074,0.002196,0.000604
0.004882,0.000364,0.017126,0.009255,0.005381,0.000537,0.010470,0.005770
0.006260,0.000268,0.026814,0.009392,0.010638,0.000535,0.022378,0.006441
0.013085,0.000656,0.060248,0.026253,0.020028,0.001336,0.054082,0.017987
0.016175,0.002100,0.060033,0.080886,0.018967,0.004190,0.058313,0.065563
