vet-ins,vet-fnd,avl-ins,avl-fnd,hst-ins,hst-fnd,htr-ins,htr-fnd
0.001142,0.000043,0.003059,0.001063,0.001742,0.000075,0.002286,0.000605
0.005016,0.000428,0.016711,0.008788,0.005893,0.000538,0.010878,0.005456
0.006603,0.000312,0.026278,0.009330,0.013258,0.000630,0.026075,0.006147
0.013028,0.000759,0.060237,0.026216,0.022240,0.001361,0.055058,0.018426
0.016871,0.002275,0.061193,0.081829,0.020793,0.004053,0.053494,0.054409
