vet-ins,vet-fnd,avl-ins,avl-fnd,hst-ins,hst-fnd,htr-ins,htr-fnd
0.000986,0.000032,0.002580,0.000851,0.001421,0.000063,0.001935,0.000542
0.003978,0.000313,0.014443,0.010670,0.006620,0.000594,0.011905,0.005796
0.007070,0.000269,0.028199,0.009191,0.011254,0.000540,0.023132,0.006126
0.015224,0.000783,0.076984,0.031728,0.025656,0.001584,0.068708,0.023053
0.020726,0.002373,0.074092,0.087154,0.023702,0.004493,0.058843,0.065345
