vet-ins,vet-fnd,avl-ins,avl-fnd,hst-ins,hst-fnd,htr-ins,htr-fnd
0.002122,0.000072,0.005931,0.002047,0.003137,0.000147,0.004330,0.001184
0.004084,0.000262,0.012700,0.008711,0.005402,0.000540,0.010101,0.005425
0.006598,0.000263,0.026528,0.009246,0.010509,0.000544,0.022082,0.006424
0.013241,0.000656,0.058763,0.025810,0.019560,0.001349,0.051754,0.017692
0.016179,0.001968,0.059212,0.083085,0.019932,0.004099,0.051522,0.058483
