vet-ins,vet-fnd,avl-ins,avl-fnd,hst-ins,hst-fnd,htr-ins,htr-fnd
0.002212,0.000067,0.005839,0.002182,0.003228,0.000158,0.004283,0.001083
0.004494,0.000273,0.013332,0.009524,0.006698,0.000594,0.011949,0.006854
0.007582,0.000314,0.031706,0.011218,0.013127,0.000646,0.027914,0.007526
0.015330,0.000823,0.080211,0.035847,0.025688,0.001578,0.066751,0.022761
0.019862,0.002318,0.081829,0.089907,0.022627,0.004697,0.062432,0.063382
