vet-ins,vet-fnd,avl-ins,avl-fnd,hst-ins,hst-fnd,htr-ins,htr-fnd
0.001993,0.000065,0.005295,0.001819,0.003280,0.000141,0.003893,0.001052
0.005282,0.000313,0.014641,0.010401,0.006950,0.000632,0.012173,0.006476
0.007581,0.000320,0.032642,0.011729,0.013210,0.000635,0.028098,0.007428
0.013419,0.000673,0.059425,0.032438,0.024626,0.001629,0.062316,0.021845
0.016913,0.002010,0.070513,0.081925,0.023344,0.004147,0.061892,0.066027
