vet-ins,vet-fnd,avl-ins,avl-fnd,hst-ins,hst-fnd,htr-ins,htr-fnd
0.002126,0.000072,0.005897,0.002072,0.003135,0.000146,0.004286,0.001186
0.004005,0.000262,0.012233,0.008752,0.005380,0.000536,0.010403,0.005412
0.006349,0.000263,0.026079,0.009284,0.010176,0.000537,0.021964,0.006013
0.012662,0.000656,0.063700,0.026008,0.019594,0.001343,0.052123,0.017838
0.016793,0.001966,0.059403,0.085439,0.020340,0.004021,0.051778,0.052496
