vet-ins,vet-fnd,avl-ins,avl-fnd,hst-ins,hst-fnd,htr-ins,htr-fnd
0.000993,0.000031,0.002580,0.000884,0.001391,0.000062,0.001948,0.000512
0.004266,0.000314,0.014756,0.010481,0.006476,0.000628,0.012004,0.006349
0.007269,0.000320,0.029920,0.011005,0.011912,0.000539,0.023990,0.007001
0.012710,0.000656,0.059305,0.026842,0.020139,0.001350,0.052182,0.020324
0.018708,0.002306,0.069069,0.083491,0.019870,0.004685,0.053794,0.056415
