vet-ins,vet-fnd,avl-ins,avl-fnd,hst-ins,hst-fnd,htr-ins,htr-fnd
0.000533,0.000019,0.001921,0.000806,0.000805,0.003172,0.002018,0.000668
0.002533,0.000194,0.012075,0.008274,0.003771,0.142218,0.012798,0.009002
0.004607,0.000214,0.026481,0.009176,0.007216,0.228007,0.030057,0.009173
0.008145,0.000488,0.062229,0.026665,0.013362,0.746699,0.067070,0.025375
0.007563,0.001451,0.062584,0.076485,0.014324,1.682760,0.063083,0.073295
