vet-ins,vet-fnd,avl-ins,avl-fnd,hst-ins,hst-fnd,htr-ins,htr-fnd
0.000957,0.000045,0.003074,0.001039,0.001754,0.000075,0.002275,0.000613
0.005048,0.000371,0.017196,0.008672,0.005928,0.000548,0.010490,0.005440
0.006598,0.000314,0.028504,0.009215,0.011232,0.000540,0.022946,0.006031
0.013305,0.000668,0.059348,0.027258,0.022821,0.001350,0.054750,0.017841
0.016590,0.002009,0.059660,0.082980,0.023094,0.004049,0.052911,0.053452
