vet-ins,vet-fnd,avl-ins,avl-fnd,hst-ins,hst-fnd,htr-ins,htr-fnd
0.002086,0.000066,0.005577,0.002009,0.003739,0.000133,0.004558,0.000782
0.004628,0.000263,0.012325,0.008945,0.006671,0.000533,0.010812,0.003425
0.006681,0.000263,0.025839,0.009149,0.012713,0.000533,0.023397,0.003830
0.012665,0.000655,0.058570,0.026430,0.024672,0.001335,0.053510,0.012461
0.012319,0.002023,0.060315,0.079171,0.024237,0.004049,0.052877,0.036910
