vet-ins,vet-fnd,avl-ins,avl-fnd,hst-ins,hst-fnd,htr-ins,htr-fnd
0.000518,0.000019,0.001901,0.000661,0.000792,0.003242,0.002073,0.000668
0.002181,0.000191,0.012621,0.008397,0.003758,0.143783,0.012746,0.008173
0.004161,0.000213,0.029369,0.010389,0.007256,0.225384,0.027123,0.008661
0.008433,0.000498,0.061260,0.024568,0.012918,0.730690,0.065785,0.025895
0.007483,0.001437,0.062758,0.075803,0.013193,2.193553,0.066442,0.077990
