vet-ins,vet-fnd,avl-ins,avl-fnd,hst-ins,hst-fnd,htr-ins,htr-fnd
0.000542,0.000020,0.001891,0.000667,0.000758,0.004196,0.002130,0.000704
0.002324,0.000187,0.013290,0.008500,0.004912,0.191171,0.013439,0.008574
0.004076,0.000203,0.026274,0.009236,0.007313,0.294393,0.028491,0.009230
0.008271,0.000492,0.061879,0.024538,0.014177,0.555497,0.062508,0.025314
0.008005,0.001513,0.063983,0.077832,0.012482,2.260034,0.068106,0.077185
