vet-ins,vet-fnd,avl-ins,avl-fnd,hst-ins,hst-fnd,htr-ins,htr-fnd
0.000796,0.000026,0.002175,0.000755,0.001158,0.000054,0.001647,0.000513
0.003963,0.000266,0.012752,0.009039,0.006091,0.000535,0.011159,0.006224
0.006925,0.000329,0.029154,0.009696,0.010833,0.000541,0.022438,0.006422
0.012625,0.000657,0.058274,0.027225,0.021890,0.001337,0.053253,0.017957
0.016676,0.002000,0.060406,0.080394,0.018637,0.004014,0.051298,0.053958
