vet-ins,vet-fnd,avl-ins,avl-fnd,hst-ins,hst-fnd,htr-ins,htr-fnd
0.000522,0.000019,0.001863,0.000660,0.000826,0.003117,0.002021,0.000667
0.002312,0.000221,0.011408,0.008162,0.003698,0.142354,0.013583,0.008717
0.004490,0.000215,0.026047,0.008897,0.006806,0.224972,0.026488,0.008589
0.008218,0.000490,0.061864,0.024455,0.013175,0.736547,0.061927,0.027447
0.007497,0.001455,0.057515,0.074158,0.013678,1.678245,0.067336,0.074014
