vet-ins,vet-fnd,avl-ins,avl-fnd,hst-ins,hst-fnd,htr-ins,htr-fnd
0.002275,0.000077,0.006248,0.002028,0.003269,0.000164,0.004543,0.001270
0.004398,0.000342,0.013994,0.010973,0.006092,0.000588,0.012451,0.006089
0.007078,0.000308,0.030194,0.010843,0.011791,0.000619,0.025840,0.006710
0.014751,0.000655,0.069191,0.030227,0.022698,0.001491,0.056705,0.018134
0.016300,0.002134,0.059968,0.084305,0.021984,0.004708,0.059963,0.063937
