vet-ins,vet-fnd,avl-ins,avl-fnd,hst-ins,hst-fnd,htr-ins,htr-fnd
0.001955,0.000066,0.005803,0.001917,0.002923,0.000138,0.004383,0.001286
0.004710,0.000308,0.012905,0.008875,0.005938,0.000535,0.010103,0.005419
0.006311,0.000267,0.025976,0.009294,0.010231,0.000535,0.022737,0.006094
0.013348,0.000657,0.061459,0.026734,0.019996,0.001341,0.051840,0.018211
0.016437,0.001973,0.059562,0.081144,0.019285,0.004104,0.051285,0.056752
