vet-ins,vet-fnd,avl-ins,avl-fnd,hst-ins,hst-fnd,htr-ins,htr-fnd
0.000705,0.000020,0.001980,0.000724,0.001220,0.003305,0.002258,0.000669
0.002794,0.000215,0.012728,0.009897,0.003841,0.147124,0.013077,0.008366
0.004120,0.000204,0.026042,0.009130,0.007282,0.227474,0.026985,0.008704
0.008065,0.000489,0.060368,0.027593,0.014087,0.559009,0.063515,0.025044
0.007987,0.001515,0.065092,0.077671,0.012542,2.231553,0.066652,0.080526
