vet-ins,vet-fnd,avl-ins,avl-fnd,hst-ins,hst-fnd,htr-ins,htr-fnd
0.000793,0.000026,0.002184,0.000749,0.001250,0.000063,0.001854,0.000433
0.003561,0.000262,0.012373,0.008723,0.005406,0.000541,0.010150,0.005429
0.007074,0.000262,0.026835,0.009564,0.010238,0.000543,0.022169,0.006020
0.012716,0.000656,0.060083,0.026173,0.019710,0.001354,0.051880,0.017945
0.017266,0.002332,0.061271,0.080506,0.021273,0.004784,0.054710,0.053265
