vet-ins,vet-fnd,avl-ins,avl-fnd,hst-ins,hst-fnd,htr-ins,htr-fnd
0.000854,0.000026,0.002458,0.000794,0.001244,0.000063,0.001786,0.000434
0.005543,0.000394,0.019129,0.008735,0.005412,0.000544,0.009986,0.005387
0.006173,0.000262,0.025710,0.009266,0.010481,0.000544,0.021805,0.005991
0.014042,0.000656,0.059069,0.026660,0.020060,0.001351,0.060044,0.019780
0.016412,0.001966,0.059231,0.083153,0.019199,0.004114,0.050941,0.053319
