vet-ins,vet-fnd,avl-ins,avl-fnd,hst-ins,hst-fnd,htr-ins,htr-fnd
0.001039,0.000031,0.002561,0.000835,0.001519,0.000057,0.001666,0.000513
0.004235,0.000330,0.014060,0.010185,0.006500,0.000581,0.011484,0.006396
0.007341,0.000269,0.027911,0.010091,0.012357,0.000539,0.025844,0.007053
0.014221,0.000673,0.061143,0.026448,0.021809,0.001350,0.054125,0.017875
0.016652,0.002010,0.065182,0.080772,0.021078,0.004055,0.054095,0.057706
