vet-ins,vet-fnd,avl-ins,avl-fnd,hst-ins,hst-fnd,htr-ins,htr-fnd
0.000945,0.000033,0.002358,0.000917,0.001217,0.000054,0.001792,0.000555
0.004021,0.000263,0.013646,0.009161,0.005785,0.000540,0.009998,0.005404
0.006583,0.000308,0.026033,0.009676,0.010173,0.000540,0.022184,0.005982
0.012656,0.000662,0.058956,0.025976,0.020677,0.001354,0.051030,0.017575
0.015953,0.001974,0.062001,0.078714,0.020910,0.004497,0.055809,0.053011
