vet-ins,vet-fnd,avl-ins,avl-fnd,hst-ins,hst-fnd,htr-ins,htr-fnd
0.000516,0.000019,0.001869,0.000694,0.000758,0.004345,0.002128,0.000766
0.002387,0.000190,0.011994,0.008449,0.003660,0.189347,0.013473,0.008561
0.004329,0.000286,0.027100,0.009497,0.007839,0.293782,0.028539,0.009111
0.008248,0.000488,0.058979,0.025810,0.013222,0.733813,0.064983,0.025552
0.007568,0.001448,0.058497,0.078089,0.014269,1.655744,0.068156,0.075728
