vet-ins,vet-fnd,avl-ins,avl-fnd,hst-ins,hst-fnd,htr-ins,htr-fnd
0.000525,0.000019,0.001871,0.000700,0.000765,0.004166,0.002110,0.000729
0.002183,0.000188,0.011697,0.009198,0.003863,0.189057,0.014802,0.008830
0.004127,0.000202,0.029334,0.009466,0.007014,0.289506,0.028383,0.009316
0.008084,0.000491,0.059542,0.024536,0.013429,0.725661,0.061350,0.028368
0.007578,0.001431,0.061201,0.078688,0.013639,1.652345,0.060469,0.074310
