vet-ins,vet-fnd,avl-ins,avl-fnd,hst-ins,hst-fnd,htr-ins,htr-fnd
0.002040,0.000069,0.005766,0.002187,0.003297,0.000135,0.004146,0.001109
0.004839,0.000334,0.014930,0.009330,0.006091,0.000653,0.010763,0.005824
0.007492,0.000330,0.030991,0.010835,0.012727,0.000538,0.024842,0.006272
0.014809,0.000733,0.060234,0.027278,0.022105,0.001347,0.053395,0.019339
0.016643,0.002010,0.060016,0.080224,0.020739,0.004042,0.052008,0.053469
