vet-ins,vet-fnd,avl-ins,avl-fnd,hst-ins,hst-fnd,htr-ins,htr-fnd
0.000803,0.000026,0.002468,0.000857,0.001263,0.000064,0.001948,0.000472
0.003913,0.000308,0.013930,0.009266,0.005391,0.000548,0.010067,0.005421
0.007165,0.000333,0.026672,0.009317,0.010181,0.000541,0.022447,0.006325
0.013674,0.000657,0.060486,0.026433,0.019720,0.001351,0.052032,0.017760
0.018005,0.001972,0.060423,0.085089,0.018661,0.004052,0.051569,0.053843
