vet-ins,vet-fnd,avl-ins,avl-fnd,hst-ins,hst-fnd,htr-ins,htr-fnd
0.001350,0.000051,0.003684,0.001149,0.002001,0.000095,0.002651,0.000764
0.005515,0.000394,0.016119,0.008710,0.005394,0.000538,0.010115,0.005391
0.006820,0.000305,0.028297,0.009574,0.010466,0.000535,0.022387,0.006015
0.013075,0.000656,0.061286,0.027787,0.021477,0.001405,0.054062,0.018346
0.017410,0.002140,0.060479,0.090219,0.018620,0.004021,0.056455,0.054900
