vet-ins,vet-fnd,avl-ins,avl-fnd,hst-ins,hst-fnd,htr-ins,htr-fnd
0.002152,0.000068,0.005718,0.001981,0.003255,0.000135,0.004230,0.001267
0.005295,0.000267,0.012498,0.008634,0.005878,0.000544,0.010478,0.005433
0.006604,0.000267,0.026598,0.009170,0.011206,0.000540,0.023601,0.006053
0.013157,0.000668,0.059926,0.025612,0.022750,0.001356,0.062636,0.020364
0.016672,0.002010,0.059936,0.079153,0.023008,0.004557,0.054709,0.054224
