vet-ins,vet-fnd,avl-ins,avl-fnd,hst-ins,hst-fnd,htr-ins,htr-fnd
0.002196,0.000077,0.006060,0.002097,0.003426,0.000147,0.004424,0.001264
0.004301,0.000357,0.015140,0.009960,0.007016,0.000633,0.012574,0.006314
0.007498,0.000268,0.031817,0.012289,0.013214,0.000639,0.027599,0.007349
0.015278,0.000789,0.074835,0.031934,0.025392,0.001637,0.066037,0.022067
0.022997,0.002294,0.068106,0.093701,0.024463,0.004747,0.064835,0.064913
