vet-ins,vet-fnd,avl-ins,avl-fnd,hst-ins,hst-fnd,htr-ins,htr-fnd
0.002009,0.000066,0.005773,0.001876,0.002971,0.000134,0.004219,0.001159
0.004762,0.000263,0.012230,0.008697,0.005386,0.000545,0.009983,0.005413
0.006289,0.000264,0.027390,0.009233,0.010477,0.000535,0.022183,0.005993
0.012684,0.000657,0.065360,0.029916,0.021855,0.001480,0.051405,0.017614
0.016548,0.001967,0.065507,0.081323,0.018975,0.004054,0.053146,0.054068
