vet-ins,vet-fnd,avl-ins,avl-fnd,hst-ins,hst-fnd,htr-ins,htr-fnd
0.000793,0.000026,0.002510,0.000755,0.001331,0.000063,0.001848,0.000465
0.003562,0.000308,0.013203,0.009090,0.005671,0.000636,0.010756,0.005740
0.007175,0.000268,0.029231,0.010454,0.011323,0.000535,0.023067,0.006798
0.012977,0.000846,0.066165,0.027717,0.020900,0.001344,0.051398,0.017914
0.018246,0.002282,0.061613,0.081105,0.018600,0.004015,0.051885,0.055026
