vet-ins,vet-fnd,avl-ins,avl-fnd,hst-ins,hst-fnd,htr-ins,htr-fnd
0.000518,0.000019,0.001889,0.000664,0.000790,0.003220,0.002036,0.000665
0.002428,0.000190,0.011824,0.007934,0.003702,0.143425,0.012670,0.008136
0.004070,0.000203,0.025975,0.008848,0.006858,0.228457,0.026685,0.008558
0.008471,0.000486,0.062747,0.025243,0.014189,0.553426,0.064896,0.024959
0.007608,0.001535,0.059387,0.078454,0.013265,1.662503,0.065392,0.075039
