vet-ins,vet-fnd,avl-ins,avl-fnd,hst-ins,hst-fnd,htr-ins,htr-fnd
0.002334,0.000078,0.005590,0.002078,0.003297,0.000135,0.004376,0.001188
0.005028,0.000301,0.013962,0.009654,0.006499,0.000631,0.010940,0.005447
0.006654,0.000268,0.026075,0.009187,0.011206,0.000541,0.022917,0.006037
0.013204,0.000671,0.061345,0.026997,0.022925,0.001360,0.053360,0.017868
0.016687,0.002010,0.061143,0.078960,0.021398,0.004116,0.052169,0.053435
