vet-ins,vet-fnd,avl-ins,avl-fnd,hst-ins,hst-fnd,htr-ins,htr-fnd
0.000528,0.000020,0.002163,0.000662,0.000786,0.003197,0.002143,0.000677
0.002315,0.000190,0.011617,0.008050,0.003695,0.143293,0.012866,0.008111
0.004025,0.000216,0.025632,0.008759,0.007087,0.224208,0.027073,0.008782
0.008051,0.000496,0.059580,0.024650,0.014152,0.553103,0.065109,0.027259
0.007558,0.001472,0.059554,0.078405,0.012371,2.216023,0.061825,0.078454
