vet-ins,vet-fnd,avl-ins,avl-fnd,hst-ins,hst-fnd,htr-ins,htr-fnd
0.000920,0.000031,0.003633,0.001146,0.001942,0.000079,0.002729,0.000728
0.005943,0.000459,0.017525,0.009514,0.005758,0.000677,0.010324,0.005763
0.006981,0.000308,0.029039,0.010234,0.010397,0.000664,0.022426,0.005978
0.012858,0.000655,0.060265,0.026040,0.022462,0.001350,0.052221,0.018463
0.016487,0.001976,0.061018,0.083681,0.018647,0.004069,0.050859,0.054842
