vet-ins,vet-fnd,avl-ins,avl-fnd,hst-ins,hst-fnd,htr-ins,htr-fnd
0.001995,0.000065,0.005408,0.001929,0.003114,0.000135,0.004148,0.001122
0.004845,0.000314,0.014990,0.010445,0.007093,0.000650,0.012492,0.006899
0.007793,0.000313,0.032842,0.011732,0.013901,0.000638,0.028518,0.007802
0.014745,0.000783,0.067746,0.028293,0.025322,0.001545,0.060830,0.020873
0.020836,0.002380,0.078444,0.097538,0.024439,0.004742,0.066905,0.063182
