vet-ins,vet-fnd,avl-ins,avl-fnd,hst-ins,hst-fnd,htr-ins,htr-fnd
0.001872,0.000063,0.005448,0.002062,0.003101,0.000131,0.003917,0.001050
0.005204,0.000328,0.013670,0.009540,0.005470,0.000634,0.010335,0.005987
0.006670,0.000329,0.030150,0.010142,0.010586,0.000543,0.026222,0.006851
0.014243,0.000723,0.069639,0.031145,0.023656,0.001578,0.063270,0.021591
0.018877,0.002304,0.072072,0.093777,0.021704,0.004712,0.062318,0.056121
