vet-ins,vet-fnd,avl-ins,avl-fnd,hst-ins,hst-fnd,htr-ins,htr-fnd
0.000533,0.000019,0.001928,0.000679,0.000769,0.004646,0.002632,0.000769
0.002555,0.000199,0.012237,0.008521,0.003661,0.188146,0.013528,0.008562
0.004264,0.000201,0.026853,0.009156,0.006953,0.292401,0.033830,0.009974
0.008601,0.000491,0.063127,0.029624,0.016156,0.575292,0.065630,0.025267
0.007706,0.001435,0.059167,0.078613,0.014655,1.721121,0.061749,0.076350
