vet-ins,vet-fnd,avl-ins,avl-fnd,hst-ins,hst-fnd,htr-ins,htr-fnd
0.000542,0.000020,0.001870,0.000694,0.000864,0.003273,0.002048,0.000673
0.002492,0.000198,0.011578,0.008317,0.003890,0.146059,0.013257,0.008710
0.004309,0.000216,0.033753,0.011665,0.007602,0.227842,0.028041,0.009169
0.008399,0.000489,0.062227,0.027598,0.014598,0.566661,0.066526,0.025115
0.007687,0.001445,0.059763,0.077114,0.013453,1.678019,0.068697,0.082667
