vet-ins,vet-fnd,avl-ins,avl-fnd,hst-ins,hst-fnd,htr-ins,htr-fnd
0.000846,0.000031,0.003011,0.001038,0.001606,0.000076,0.002237,0.000604
0.004630,0.000364,0.017214,0.009122,0.005379,0.000535,0.010134,0.005472
0.006439,0.000263,0.026023,0.009484,0.010307,0.000537,0.022835,0.006115
0.012763,0.000655,0.058887,0.025911,0.019597,0.001339,0.051571,0.017729
0.016161,0.001972,0.059820,0.085438,0.018540,0.004018,0.054425,0.058878
