vet-ins,vet-fnd,avl-ins,avl-fnd,hst-ins,hst-fnd,htr-ins,htr-fnd
0.000996,0.000045,0.003133,0.001039,0.001750,0.000075,0.002225,0.000609
0.005114,0.000378,0.013937,0.011027,0.006831,0.000538,0.011654,0.006590
0.007759,0.000345,0.032724,0.011790,0.013545,0.000660,0.029328,0.008422
0.015721,0.000835,0.083183,0.034429,0.025763,0.001586,0.070827,0.023046
0.018283,0.002219,0.064388,0.082632,0.021705,0.004071,0.072305,0.065642
