vet-ins,vet-fnd,avl-ins,avl-fnd,hst-ins,hst-fnd,htr-ins,htr-fnd
0.000571,0.000021,0.002012,0.000683,0.000882,0.004446,0.002192,0.000726
0.002361,0.000198,0.011658,0.008018,0.003632,0.188780,0.013440,0.008634
0.004260,0.000222,0.028169,0.009370,0.007084,0.292362,0.034507,0.010011
0.008248,0.000492,0.065509,0.024821,0.013018,0.744569,0.067265,0.025400
0.007652,0.001435,0.059992,0.074397,0.013303,2.217259,0.067525,0.079756
