vet-ins,vet-fnd,avl-ins,avl-fnd,hst-ins,hst-fnd,htr-ins,htr-fnd
0.000750,0.000025,0.002054,0.000678,0.000782,0.004345,0.002123,0.000700
0.002352,0.000187,0.011361,0.008093,0.003761,0.192340,0.013616,0.008572
0.004065,0.000209,0.027080,0.008997,0.007095,0.295675,0.028710,0.009326
0.008168,0.000490,0.061282,0.026726,0.013082,0.739162,0.063294,0.026149
0.007506,0.001448,0.059206,0.076756,0.013739,1.679337,0.063693,0.077424
