vet-ins,vet-fnd,avl-ins,avl-fnd,hst-ins,hst-fnd,htr-ins,htr-fnd
0.002154,0.000078,0.006079,0.002171,0.003372,0.000135,0.004826,0.001137
0.004536,0.000267,0.012542,0.008619,0.005911,0.000541,0.010808,0.005472
0.007148,0.000335,0.028095,0.009883,0.011814,0.000536,0.022950,0.006327
0.015207,0.000782,0.068833,0.030468,0.025424,0.001577,0.062794,0.020889
0.020355,0.002858,0.070915,0.087064,0.024204,0.004832,0.061147,0.061440
