vet-ins,vet-fnd,avl-ins,avl-fnd,hst-ins,hst-fnd,htr-ins,htr-fnd
0.000563,0.000020,0.001886,0.000704,0.000784,0.004406,0.002108,0.000708
0.002424,0.000191,0.011385,0.007905,0.003611,0.187708,0.013218,0.008526
0.004043,0.000203,0.025566,0.008762,0.007115,0.293112,0.028137,0.009143
0.008082,0.000492,0.058476,0.025022,0.013972,0.736889,0.062094,0.026695
0.007553,0.001451,0.058624,0.078566,0.014210,1.677366,0.063799,0.073410
