vet-ins,vet-fnd,avl-ins,avl-fnd,hst-ins,hst-fnd,htr-ins,htr-fnd
0.001192,0.000039,0.003236,0.001093,0.001830,0.000079,0.002392,0.000638
0.005133,0.000391,0.017398,0.010200,0.006919,0.000632,0.012269,0.006419
0.007335,0.000319,0.030841,0.010709,0.012293,0.000539,0.024508,0.006981
0.015402,0.000804,0.071365,0.030587,0.025822,0.001582,0.066976,0.023226
0.024965,0.002353,0.073585,0.091443,0.024835,0.004747,0.064972,0.075424
