vet-ins,vet-fnd,avl-ins,avl-fnd,hst-ins,hst-fnd,htr-ins,htr-fnd
0.001165,0.000038,0.002999,0.001039,0.001743,0.000075,0.002259,0.000687
0.004117,0.000314,0.013731,0.009651,0.006065,0.000539,0.010597,0.005448
0.006843,0.000269,0.027079,0.010341,0.011887,0.000538,0.023043,0.006042
0.013690,0.000675,0.062248,0.026041,0.022071,0.001347,0.053800,0.021312
0.022239,0.002504,0.077610,0.101315,0.024807,0.004791,0.069634,0.068509
