vet-ins,vet-fnd,avl-ins,avl-fnd,hst-ins,hst-fnd,htr-ins,htr-fnd
0.002116,0.000072,0.005874,0.002043,0.003128,0.000145,0.004304,0.001187
0.004131,0.000308,0.014024,0.008816,0.005390,0.000539,0.010075,0.005408
0.006263,0.000262,0.025869,0.009481,0.010445,0.000535,0.021990,0.005984
0.012892,0.000665,0.065514,0.026960,0.020138,0.001341,0.052245,0.018242
0.016097,0.001999,0.061190,0.078890,0.018521,0.004027,0.050393,0.056610
