vet-ins,vet-fnd,avl-ins,avl-fnd,hst-ins,hst-fnd,htr-ins,htr-fnd
0.000551,0.000019,0.001873,0.000665,0.000903,0.003256,0.002057,0.000665
0.002419,0.000238,0.011965,0.008225,0.003614,0.141837,0.012971,0.008154
0.004011,0.000203,0.026650,0.009438,0.008251,0.230637,0.026761,0.008784
0.008297,0.000503,0.060169,0.025037,0.013504,0.566359,0.063203,0.024336
0.007601,0.001432,0.061688,0.076165,0.013350,2.244209,0.066538,0.076842
