vet-ins,vet-fnd,avl-ins,avl-fnd,hst-ins,hst-fnd,htr-ins,htr-fnd
0.000824,0.000027,0.002553,0.000758,0.001404,0.000063,0.002086,0.000537
0.004422,0.000313,0.015224,0.010292,0.006977,0.000631,0.012406,0.006410
0.007584,0.000313,0.031174,0.010779,0.013257,0.000640,0.027773,0.007059
0.015117,0.000788,0.071269,0.027328,0.023994,0.001594,0.062170,0.019053
0.016774,0.002004,0.063428,0.082596,0.023951,0.004379,0.059502,0.060027
