vet-ins,vet-fnd,avl-ins,avl-fnd,hst-ins,hst-fnd,htr-ins,htr-fnd
0.000791,0.000026,0.002168,0.000760,0.001158,0.000054,0.001611,0.000510
0.004011,0.000328,0.014242,0.009808,0.006038,0.000589,0.011524,0.006384
0.006389,0.000271,0.026606,0.009593,0.010187,0.000541,0.022014,0.006028
0.012603,0.000656,0.061645,0.027756,0.020273,0.001337,0.051832,0.017929
0.016361,0.001974,0.061705,0.079311,0.020682,0.004710,0.061142,0.055142
