vet-ins,vet-fnd,avl-ins,avl-fnd,hst-ins,hst-fnd,htr-ins,htr-fnd
0.000536,0.000020,0.001909,0.000665,0.000794,0.003341,0.002081,0.000665
0.002340,0.000222,0.011887,0.008244,0.003799,0.146214,0.012747,0.009241
0.004028,0.000198,0.026631,0.009180,0.007586,0.230289,0.027896,0.009123
0.008290,0.000489,0.067206,0.030178,0.013669,0.558398,0.062198,0.025320
0.007796,0.001504,0.063736,0.081472,0.012849,2.220395,0.065849,0.081007
