vet-ins,vet-fnd,avl-ins,avl-fnd,hst-ins,hst-fnd,htr-ins,htr-fnd
0.000580,0.000019,0.001926,0.000691,0.000920,0.003785,0.002271,0.000693
0.002497,0.000196,0.012291,0.009303,0.004008,0.148821,0.013325,0.008325
0.004336,0.000209,0.026334,0.008917,0.007188,0.225986,0.027558,0.008711
0.008217,0.000492,0.065184,0.026296,0.014392,0.554649,0.063185,0.026690
0.007689,0.001451,0.059354,0.074347,0.013416,1.686716,0.066567,0.082018
