vet-ins,vet-fnd,avl-ins,avl-fnd,hst-ins,hst-fnd,htr-ins,htr-fnd
0.000798,0.000031,0.002455,0.000752,0.001344,0.000063,0.001778,0.000473
0.003863,0.000263,0.012971,0.008727,0.005418,0.000535,0.010120,0.005397
0.006292,0.000264,0.026879,0.009413,0.010529,0.000548,0.022568,0.006010
0.013035,0.000660,0.059587,0.026465,0.019967,0.001342,0.051945,0.017848
0.016394,0.001972,0.063339,0.080676,0.018909,0.004033,0.058819,0.055791
