vet-ins,vet-fnd,avl-ins,avl-fnd,hst-ins,hst-fnd,htr-ins,htr-fnd
0.001098,0.000037,0.003027,0.001053,0.001601,0.000075,0.002204,0.000603
0.004846,0.000365,0.017057,0.009051,0.005582,0.000646,0.011561,0.006311
0.007338,0.000266,0.027987,0.009858,0.010550,0.000540,0.022109,0.006515
0.012662,0.000661,0.061194,0.029683,0.020202,0.001361,0.052718,0.017899
0.016109,0.002001,0.060779,0.079251,0.018914,0.004023,0.050320,0.052559
