vet-ins,vet-fnd,avl-ins,avl-fnd,hst-ins,hst-fnd,htr-ins,htr-fnd
0.000511,0.000019,0.001878,0.000663,0.000777,0.003095,0.002026,0.000660
0.002351,0.000216,0.011461,0.007947,0.003697,0.141366,0.012623,0.008133
0.004169,0.000195,0.026075,0.009027,0.007294,0.226590,0.028969,0.009311
0.008275,0.000483,0.059799,0.024477,0.013541,0.552526,0.059199,0.025137
0.007534,0.001425,0.060619,0.074694,0.013013,1.685557,0.062319,0.077524
