vet-ins,vet-fnd,avl-ins,avl-fnd,hst-ins,hst-fnd,htr-ins,htr-fnd
0.002242,0.000073,0.006029,0.002031,0.003405,0.000147,0.004471,0.001179
0.004281,0.000336,0.012801,0.008636,0.005898,0.000544,0.010736,0.005846
0.006468,0.000268,0.026094,0.009157,0.011554,0.000539,0.022819,0.006033
0.015117,0.000796,0.062480,0.025936,0.021867,0.001346,0.054443,0.018185
0.018194,0.002140,0.063124,0.078431,0.020744,0.004064,0.053078,0.053370
