vet-ins,vet-fnd,avl-ins,avl-fnd,hst-ins,hst-fnd,htr-ins,htr-fnd
0.002109,0.000072,0.005938,0.002061,0.003130,0.000147,0.004306,0.001188
0.004122,0.000263,0.012406,0.008740,0.005402,0.000541,0.010079,0.005400
0.006273,0.000262,0.026059,0.009273,0.010190,0.000539,0.022020,0.006008
0.012633,0.000656,0.062849,0.027047,0.019949,0.001345,0.051237,0.019797
0.016198,0.002216,0.059641,0.078733,0.018615,0.004060,0.055226,0.052461
