vet-ins,vet-fnd,avl-ins,avl-fnd,hst-ins,hst-fnd,htr-ins,htr-fnd
0.000574,0.000019,0.001975,0.000697,0.000797,0.004269,0.002105,0.000700
0.002385,0.000192,0.011569,0.007916,0.003422,0.184816,0.012968,0.008288
0.004245,0.000203,0.025738,0.008675,0.006519,0.286430,0.028378,0.009047
0.008449,0.000504,0.058308,0.024406,0.013296,0.729154,0.061428,0.025147
0.008188,0.001514,0.059135,0.073313,0.013380,1.665258,0.059268,0.071770
