vet-ins,vet-fnd,avl-ins,avl-fnd,hst-ins,hst-fnd,htr-ins,htr-fnd
0.000552,0.000020,0.001867,0.000757,0.000775,0.004222,0.002144,0.000730
0.002366,0.000190,0.011473,0.007842,0.003594,0.187691,0.013327,0.008412
0.004087,0.000205,0.025608,0.008879,0.007162,0.294340,0.028273,0.009067
0.007968,0.000495,0.058926,0.024588,0.013034,0.736672,0.062633,0.025879
0.007953,0.001467,0.059443,0.074173,0.013204,2.225264,0.064617,0.076511
