vet-ins,vet-fnd,avl-ins,avl-fnd,hst-ins,hst-fnd,htr-ins,htr-fnd
0.000523,0.000019,0.001945,0.000681,0.000796,0.003165,0.002094,0.000679
0.002376,0.000193,0.012668,0.008338,0.003791,0.143270,0.013106,0.008804
0.003870,0.000198,0.026235,0.009060,0.007260,0.234013,0.027612,0.009047
0.008174,0.000490,0.061999,0.024462,0.013939,0.548853,0.061137,0.025179
0.007747,0.001479,0.061510,0.074690,0.013360,1.672219,0.067164,0.077414
