vet-ins,vet-fnd,avl-ins,avl-fnd,hst-ins,hst-fnd,htr-ins,htr-fnd
0.001212,0.000036,0.003018,0.001045,0.001601,0.000075,0.002200,0.000604
0.004863,0.000364,0.017055,0.009046,0.005429,0.000660,0.011967,0.005862
0.006587,0.000263,0.028260,0.009420,0.010557,0.000544,0.022401,0.006035
0.013931,0.000815,0.061668,0.031691,0.023177,0.001592,0.064474,0.022511
0.019341,0.002322,0.072221,0.098181,0.021393,0.004875,0.062468,0.079751
