vet-ins,vet-fnd,avl-ins,avl-fnd,hst-ins,hst-fnd,htr-ins,htr-fnd
0.002106,0.000066,0.005743,0.001916,0.003058,0.000151,0.004228,0.001079
0.004714,0.000263,0.013201,0.008723,0.005759,0.000542,0.010058,0.005403
0.006650,0.000263,0.028213,0.010538,0.011338,0.000541,0.023896,0.006337
0.012834,0.000661,0.061310,0.026789,0.020338,0.001354,0.053114,0.026336
0.017668,0.002334,0.064869,0.085105,0.021046,0.004796,0.054910,0.054795
