vet-ins,vet-fnd,avl-ins,avl-fnd,hst-ins,hst-fnd,htr-ins,htr-fnd
0.001950,0.000065,0.005251,0.001813,0.003020,0.000130,0.003917,0.001055
0.006208,0.000336,0.013735,0.009665,0.006609,0.000539,0.011289,0.005470
0.007096,0.000268,0.026619,0.009242,0.011289,0.000537,0.024812,0.006717
0.013060,0.000670,0.060370,0.026949,0.022327,0.001355,0.056000,0.021161
0.016841,0.002429,0.061018,0.079365,0.023340,0.004797,0.056551,0.053597
