vet-ins,vet-fnd,avl-ins,avl-fnd,hst-ins,hst-fnd,htr-ins,htr-fnd
0.000957,0.000028,0.002211,0.000747,0.001268,0.000054,0.001860,0.000536
0.003881,0.000268,0.014039,0.009761,0.006604,0.000538,0.011249,0.006008
0.006508,0.000270,0.026609,0.009177,0.012526,0.000659,0.024695,0.006120
0.013050,0.000676,0.065614,0.030742,0.023358,0.001342,0.054385,0.018452
0.016855,0.002010,0.062143,0.080933,0.020781,0.004105,0.053080,0.054576
