vet-ins,vet-fnd,avl-ins,avl-fnd,hst-ins,hst-fnd,htr-ins,htr-fnd
0.002119,0.000071,0.005926,0.002050,0.003122,0.000147,0.004401,0.001187
0.004825,0.000307,0.013615,0.010497,0.005943,0.000696,0.010728,0.005398
0.006219,0.000263,0.027113,0.009581,0.010163,0.000574,0.023153,0.006034
0.014754,0.000805,0.060854,0.026258,0.019606,0.001361,0.051230,0.017746
0.016161,0.001971,0.059604,0.082952,0.021202,0.004066,0.051434,0.054712
