vet-ins,vet-fnd,avl-ins,avl-fnd,hst-ins,hst-fnd,htr-ins,htr-fnd
0.001932,0.000066,0.005725,0.001989,0.002985,0.000158,0.004154,0.001082
0.004425,0.000262,0.012298,0.008739,0.005392,0.000547,0.009962,0.005394
0.006312,0.000263,0.025998,0.009271,0.010212,0.000548,0.025306,0.005999
0.012770,0.000656,0.060665,0.029799,0.022432,0.001629,0.052132,0.017543
0.016149,0.001974,0.062764,0.080812,0.018861,0.004124,0.050291,0.053259
