vet-ins,vet-fnd,avl-ins,avl-fnd,hst-ins,hst-fnd,htr-ins,htr-fnd
0.000541,0.000019,0.001860,0.000686,0.000842,0.003182,0.002040,0.000666
0.002345,0.000193,0.011373,0.007821,0.003647,0.143841,0.012643,0.008807
0.004237,0.000214,0.029545,0.010199,0.007683,0.230091,0.029805,0.009304
0.008191,0.000487,0.058555,0.024538,0.013507,0.554334,0.061362,0.024431
0.007685,0.001503,0.059299,0.075346,0.012770,2.228377,0.067573,0.078901
