vet-ins,vet-fnd,avl-ins,avl-fnd,hst-ins,hst-fnd,htr-ins,htr-fnd
0.002111,0.000072,0.005121,0.000887,0.001374,0.000054,0.001758,0.000540
0.003912,0.000327,0.013772,0.009771,0.005413,0.000539,0.010129,0.005435
0.006428,0.000263,0.027242,0.009277,0.010190,0.000542,0.024048,0.006359
0.012801,0.000797,0.062641,0.028232,0.020882,0.001611,0.055721,0.019936
0.017249,0.002115,0.062976,0.088669,0.023072,0.004445,0.055921,0.055797
