vet-ins,vet-fnd,avl-ins,avl-fnd,hst-ins,hst-fnd,htr-ins,htr-fnd
0.001223,0.000037,0.003061,0.001039,0.001748,0.000075,0.002256,0.000607
0.005032,0.000371,0.017275,0.009940,0.006747,0.000618,0.012218,0.006543
0.007625,0.000313,0.030878,0.011153,0.013487,0.000632,0.027258,0.007257
0.015477,0.000804,0.076693,0.033233,0.024597,0.001373,0.059184,0.022489
0.019563,0.002396,0.071650,0.104554,0.024317,0.004914,0.061318,0.062987
