vet-ins,vet-fnd,avl-ins,avl-fnd,hst-ins,hst-fnd,htr-ins,htr-fnd
0.000526,0.000019,0.001866,0.000693,0.000796,0.003094,0.002022,0.000673
0.002201,0.000199,0.011704,0.007961,0.003732,0.145110,0.012853,0.008081
0.004169,0.000217,0.026003,0.008713,0.006988,0.220364,0.026667,0.008651
0.008286,0.000505,0.059247,0.024375,0.013882,0.538167,0.060728,0.024517
0.007934,0.001538,0.060038,0.073317,0.013056,1.635200,0.060737,0.072732
