vet-ins,vet-fnd,avl-ins,avl-fnd,hst-ins,hst-fnd,htr-ins,htr-fnd
0.000925,0.000031,0.002870,0.001385,0.001694,0.000079,0.002319,0.000639
0.005130,0.000385,0.017435,0.010587,0.006296,0.000636,0.012035,0.006361
0.007402,0.000316,0.030747,0.011037,0.011870,0.000634,0.025777,0.007174
0.014151,0.000796,0.067255,0.030429,0.022979,0.001581,0.060873,0.021197
0.018858,0.002306,0.069596,0.091974,0.021765,0.004790,0.060335,0.062894
