vet-ins,vet-fnd,avl-ins,avl-fnd,hst-ins,hst-fnd,htr-ins,htr-fnd
0.001003,0.000019,0.001882,0.000698,0.000763,0.004206,0.002112,0.000729
0.002376,0.000194,0.012211,0.009025,0.003557,0.186719,0.013427,0.008452
0.004098,0.000200,0.028835,0.009650,0.007412,0.290766,0.030104,0.009400
0.008023,0.000485,0.060218,0.024571,0.013207,0.731968,0.066055,0.025381
0.008012,0.001479,0.063223,0.080388,0.012544,2.226654,0.062708,0.080134
