vet-ins,vet-fnd,avl-ins,avl-fnd,hst-ins,hst-fnd,htr-ins,htr-fnd
0.000538,0.000020,0.001918,0.000663,0.000860,0.003119,0.002087,0.000682
0.002388,0.000191,0.011786,0.008519,0.003965,0.145290,0.012845,0.008585
0.003881,0.000209,0.027135,0.009419,0.007607,0.222545,0.026769,0.008740
0.008333,0.000489,0.059916,0.025203,0.013970,0.726314,0.063271,0.025921
0.007518,0.001423,0.059150,0.075987,0.014208,1.679132,0.064015,0.072684
