vet-ins,vet-fnd,avl-ins,avl-fnd,hst-ins,hst-fnd,htr-ins,htr-fnd
0.000568,0.000021,0.001977,0.000701,0.000844,0.003403,0.002144,0.000705
0.002345,0.000197,0.011492,0.007954,0.003712,0.142884,0.012186,0.007947
0.003822,0.000202,0.025542,0.008702,0.007117,0.220828,0.026703,0.008631
0.008076,0.000508,0.059143,0.024904,0.013980,0.549231,0.060007,0.024589
0.007558,0.001461,0.058352,0.073540,0.012401,2.194787,0.061483,0.076089
