vet-ins,vet-fnd,avl-ins,avl-fnd,hst-ins,hst-fnd,htr-ins,htr-fnd
0.000532,0.000019,0.001899,0.000666,0.000758,0.004225,0.002128,0.000734
0.002193,0.000197,0.011547,0.007858,0.003598,0.191124,0.013308,0.008933
0.004136,0.000207,0.029874,0.009378,0.006977,0.294269,0.028984,0.009891
0.008307,0.000493,0.059526,0.024828,0.013008,0.732648,0.061884,0.024947
0.007558,0.001440,0.061645,0.073642,0.012798,2.232825,0.069234,0.078446
