vet-ins,vet-fnd,avl-ins,avl-fnd,hst-ins,hst-fnd,htr-ins,htr-fnd
0.000518,0.000019,0.001877,0.000882,0.000808,0.004210,0.002127,0.000706
0.002426,0.000193,0.011455,0.007928,0.003593,0.187488,0.013253,0.008469
0.003891,0.000208,0.025580,0.008894,0.007008,0.296300,0.029522,0.010143
0.008120,0.000493,0.059103,0.024631,0.012880,0.730707,0.062611,0.025453
0.007915,0.001448,0.062200,0.074943,0.013081,2.197529,0.067074,0.078254
