vet-ins,vet-fnd,avl-ins,avl-fnd,hst-ins,hst-fnd,htr-ins,htr-fnd
0.000582,0.000021,0.001981,0.000704,0.000821,0.004508,0.002242,0.000763
0.002437,0.000196,0.011517,0.007964,0.003677,0.189025,0.012980,0.008269
0.004176,0.000209,0.025859,0.008787,0.007217,0.224458,0.026931,0.008737
0.008381,0.000491,0.058675,0.024286,0.013989,0.545873,0.060059,0.024266
0.007603,0.001438,0.058336,0.073540,0.012620,2.159505,0.063449,0.075622
