vet-ins,vet-fnd,avl-ins,avl-fnd,hst-ins,hst-fnd,htr-ins,htr-fnd
0.002191,0.000073,0.005931,0.002035,0.003391,0.000152,0.004384,0.001183
0.004533,0.000271,0.012426,0.008660,0.005875,0.000539,0.010349,0.005470
0.007555,0.000267,0.026845,0.009767,0.011912,0.000539,0.023179,0.006111
0.013139,0.000669,0.059274,0.026696,0.021760,0.001346,0.053494,0.017825
0.016582,0.002012,0.059529,0.078464,0.020705,0.004072,0.057780,0.054935
