vet-ins,vet-fnd,avl-ins,avl-fnd,hst-ins,hst-fnd,htr-ins,htr-fnd
0.000528,0.000020,0.001880,0.000668,0.000787,0.004225,0.002118,0.000709
0.002374,0.000198,0.011790,0.008212,0.003674,0.194491,0.013860,0.009542
0.003937,0.000204,0.026661,0.008808,0.006654,0.293360,0.028362,0.009219
0.008144,0.000492,0.060754,0.024749,0.013241,0.736312,0.066954,0.027420
0.007991,0.001525,0.061268,0.074037,0.013359,1.680646,0.061115,0.078362
