vet-ins,vet-fnd,avl-ins,avl-fnd,hst-ins,hst-fnd,htr-ins,htr-fnd
0.000561,0.000019,0.001899,0.000664,0.000804,0.003244,0.002061,0.000730
0.002364,0.000189,0.011492,0.007907,0.003691,0.144068,0.013153,0.008436
0.004023,0.000203,0.025962,0.009804,0.007245,0.225234,0.026657,0.008880
0.008085,0.000491,0.058978,0.024873,0.014131,0.549920,0.063969,0.025423
0.007764,0.001482,0.061178,0.076744,0.012485,2.213269,0.064708,0.079805
