vet-ins,vet-fnd,avl-ins,avl-fnd,hst-ins,hst-fnd,htr-ins,htr-fnd
0.000924,0.000030,0.002413,0.000884,0.001330,0.000055,0.001750,0.000544
0.003924,0.000330,0.012979,0.009091,0.005389,0.000543,0.010088,0.005422
0.006354,0.000263,0.027567,0.009781,0.010180,0.000535,0.022044,0.006013
0.012667,0.000656,0.059383,0.026030,0.019644,0.001340,0.053035,0.018002
0.016967,0.002210,0.060575,0.079752,0.019940,0.004022,0.050551,0.053014
