vet-ins,vet-fnd,avl-ins,avl-fnd,hst-ins,hst-fnd,htr-ins,htr-fnd
0.002122,0.000071,0.005864,0.002065,0.003128,0.000148,0.004285,0.001181
0.004222,0.000307,0.012580,0.008755,0.005397,0.000541,0.010150,0.005678
0.007051,0.000309,0.028855,0.009716,0.010193,0.000544,0.021908,0.006008
0.013445,0.000799,0.059652,0.028469,0.020495,0.001401,0.051679,0.021140
0.016557,0.001974,0.061937,0.085453,0.019153,0.004353,0.050916,0.053159
