vet-ins,vet-fnd,avl-ins,avl-fnd,hst-ins,hst-fnd,htr-ins,htr-fnd
0.001188,0.000038,0.003038,0.001043,0.001617,0.000075,0.002218,0.000612
0.004852,0.000364,0.017212,0.009235,0.005388,0.000621,0.010463,0.005411
0.006236,0.000263,0.026362,0.009300,0.010140,0.000536,0.024162,0.006885
0.012920,0.000655,0.058905,0.025914,0.019903,0.001344,0.051815,0.019389
0.016170,0.002045,0.059365,0.081743,0.019603,0.004092,0.051337,0.052736
