vet-ins,vet-fnd,avl-ins,avl-fnd,hst-ins,hst-fnd,htr-ins,htr-fnd
0.000531,0.000020,0.001872,0.000670,0.000765,0.004309,0.002146,0.000909
0.002385,0.000195,0.011737,0.008735,0.003714,0.188509,0.013482,0.008587
0.003943,0.000203,0.025968,0.008925,0.007516,0.293277,0.028522,0.009952
0.008188,0.000494,0.064411,0.025174,0.014004,0.553761,0.064065,0.028756
0.007719,0.001420,0.065561,0.077445,0.013141,1.684935,0.066060,0.077394
