vet-ins,vet-fnd,avl-ins,avl-fnd,hst-ins,hst-fnd,htr-ins,htr-fnd
0.000555,0.000020,0.001968,0.000693,0.000834,0.003175,0.002056,0.000663
0.002334,0.000193,0.011446,0.007890,0.003769,0.142150,0.012553,0.008279
0.003982,0.000203,0.025784,0.008717,0.007149,0.223007,0.026824,0.008588
0.008182,0.000488,0.058566,0.024410,0.013900,0.547351,0.059814,0.024207
0.007546,0.001445,0.058665,0.072778,0.012381,2.186222,0.060283,0.074215
