vet-ins,vet-fnd,avl-ins,avl-fnd,hst-ins,hst-fnd,htr-ins,htr-fnd
0.002130,0.000072,0.005859,0.002037,0.003117,0.000147,0.004315,0.001180
0.004711,0.000307,0.012561,0.008714,0.005382,0.000548,0.010057,0.005388
0.006291,0.000263,0.029465,0.010403,0.010542,0.000542,0.022853,0.006292
0.013123,0.000655,0.061220,0.030870,0.020571,0.001399,0.051018,0.017487
0.016300,0.001966,0.067010,0.078652,0.018852,0.004054,0.051409,0.053771
