vet-ins,vet-fnd,avl-ins,avl-fnd,hst-ins,hst-fnd,htr-ins,htr-fnd
0.000511,0.000019,0.001856,0.000656,0.000810,0.003197,0.002030,0.000667
0.002344,0.000218,0.011492,0.007884,0.003701,0.143550,0.012958,0.008186
0.004215,0.000277,0.026626,0.008972,0.006895,0.302841,0.030520,0.009365
0.008238,0.000488,0.059098,0.024922,0.012745,0.736480,0.065439,0.025459
0.007603,0.001460,0.058745,0.076263,0.013019,2.186903,0.066310,0.079926
