vet-ins,vet-fnd,avl-ins,avl-fnd,hst-ins,hst-fnd,htr-ins,htr-fnd
0.000612,0.000021,0.001988,0.000704,0.000825,0.004529,0.002226,0.000746
0.002262,0.000197,0.011647,0.007951,0.003632,0.187314,0.012826,0.008291
0.004124,0.000203,0.025674,0.008622,0.006860,0.288090,0.028173,0.009076
0.008025,0.000508,0.058279,0.024329,0.012789,0.721464,0.061475,0.024911
0.007524,0.001435,0.057955,0.073040,0.013553,1.641832,0.059384,0.071984
