vet-ins,vet-fnd,avl-ins,avl-fnd,hst-ins,hst-fnd,htr-ins,htr-fnd
0.002115,0.000072,0.005898,0.002049,0.003114,0.000146,0.004288,0.001191
0.004415,0.000275,0.013328,0.010234,0.005957,0.000555,0.010810,0.005402
0.006276,0.000267,0.026636,0.009300,0.010173,0.000536,0.022637,0.006407
0.014194,0.000770,0.060065,0.026186,0.019669,0.001340,0.051974,0.017953
0.016631,0.001974,0.059104,0.080591,0.018939,0.004073,0.051634,0.053138
