vet-ins,vet-fnd,avl-ins,avl-fnd,hst-ins,hst-fnd,htr-ins,htr-fnd
0.002074,0.000065,0.005595,0.002038,0.003019,0.000135,0.004063,0.001219
0.005248,0.000262,0.012341,0.008753,0.005381,0.000541,0.010095,0.005405
0.006334,0.000269,0.025880,0.009291,0.010317,0.000663,0.022123,0.005987
0.013005,0.000662,0.058892,0.026266,0.021690,0.001571,0.058333,0.019657
0.016139,0.001966,0.059530,0.083842,0.018985,0.004132,0.051049,0.053172
