vet-ins,vet-fnd,avl-ins,avl-fnd,hst-ins,hst-fnd,htr-ins,htr-fnd
0.000557,0.000019,0.001883,0.000663,0.000812,0.004270,0.002117,0.000708
0.002421,0.000195,0.011519,0.007923,0.003511,0.184678,0.013031,0.008650
0.004113,0.000219,0.026209,0.008598,0.007031,0.286429,0.028324,0.009050
0.008219,0.000498,0.063659,0.024995,0.013827,0.733685,0.061226,0.025337
0.007970,0.001525,0.058624,0.074355,0.013782,1.663359,0.059674,0.071730
