vet-ins,vet-fnd,avl-ins,avl-fnd,hst-ins,hst-fnd,htr-ins,htr-fnd
0.002074,0.000079,0.005635,0.002096,0.003272,0.000135,0.004374,0.001211
0.004426,0.000293,0.013828,0.009618,0.005980,0.000539,0.010423,0.005477
0.006609,0.000268,0.026445,0.009191,0.011221,0.000539,0.023057,0.006053
0.013112,0.000680,0.067012,0.026134,0.021754,0.001350,0.053728,0.018292
0.017392,0.002010,0.059420,0.078452,0.021099,0.004051,0.052969,0.053483
