vet-ins,vet-fnd,avl-ins,avl-fnd,hst-ins,hst-fnd,htr-ins,htr-fnd
0.000793,0.000027,0.002182,0.000754,0.001158,0.000057,0.001904,0.000480
0.003685,0.000264,0.012330,0.008736,0.005519,0.000658,0.010185,0.005426
0.006283,0.000263,0.025816,0.010150,0.011663,0.000536,0.023334,0.006049
0.012595,0.000655,0.058492,0.026044,0.019588,0.001337,0.053017,0.017750
0.016497,0.001968,0.059652,0.078703,0.018535,0.004039,0.050385,0.055336
