vet-ins,vet-fnd,avl-ins,avl-fnd,hst-ins,hst-fnd,htr-ins,htr-fnd
0.000793,0.000026,0.002153,0.000751,0.001161,0.000054,0.001697,0.000538
0.003833,0.000312,0.013990,0.010314,0.006026,0.000621,0.011304,0.006052
0.006267,0.000264,0.026514,0.009604,0.010176,0.000545,0.021918,0.005987
0.012904,0.000655,0.059696,0.029657,0.020444,0.001348,0.051226,0.017577
0.016074,0.001966,0.059659,0.079760,0.018550,0.004060,0.050438,0.052417
