vet-ins,vet-fnd,avl-ins,avl-fnd,hst-ins,hst-fnd,htr-ins,htr-fnd
0.002103,0.000072,0.005883,0.002054,0.003103,0.000147,0.004314,0.001184
0.004424,0.000262,0.012324,0.008731,0.005395,0.000545,0.010049,0.005457
0.006932,0.000280,0.028337,0.009534,0.012062,0.000634,0.026243,0.006328
0.013431,0.000728,0.062327,0.026429,0.020415,0.001450,0.053335,0.018636
0.016087,0.001972,0.060578,0.079044,0.018563,0.004054,0.050446,0.058310
