vet-ins,vet-fnd,avl-ins,avl-fnd,hst-ins,hst-fnd,htr-ins,htr-fnd
0.002075,0.000065,0.005349,0.001802,0.003182,0.000161,0.004008,0.001055
0.005655,0.000314,0.014471,0.009897,0.006170,0.000616,0.012054,0.006289
0.007612,0.000313,0.031936,0.011149,0.013199,0.000632,0.027900,0.007581
0.015310,0.000783,0.073923,0.030884,0.024884,0.001514,0.068190,0.023317
0.019634,0.002399,0.073117,0.092755,0.023878,0.004722,0.063775,0.055958
