vet-ins,vet-fnd,avl-ins,avl-fnd,hst-ins,hst-fnd,htr-ins,htr-fnd
0.001093,0.000036,0.002986,0.001043,0.001603,0.000074,0.002200,0.000603
0.004836,0.000370,0.016907,0.008726,0.005380,0.000542,0.010019,0.005473
0.006520,0.000267,0.029579,0.010387,0.011711,0.000659,0.024027,0.006047
0.012762,0.000657,0.058378,0.025826,0.019614,0.001338,0.056383,0.018580
0.016172,0.001966,0.059200,0.080915,0.018584,0.004017,0.050360,0.053147
