vet-ins,vet-fnd,avl-ins,avl-fnd,hst-ins,hst-fnd,htr-ins,htr-fnd
0.002032,0.000079,0.005653,0.002035,0.003223,0.000135,0.004196,0.001084
0.004839,0.000313,0.012869,0.008960,0.005913,0.000539,0.010510,0.005734
0.006506,0.000282,0.025869,0.009163,0.011287,0.000541,0.022768,0.006061
0.013097,0.000668,0.059814,0.028442,0.025677,0.001577,0.069854,0.022839
0.020563,0.002354,0.073489,0.095617,0.024490,0.004747,0.070591,0.070348
