vet-ins,vet-fnd,avl-ins,avl-fnd,hst-ins,hst-fnd,htr-ins,htr-fnd
0.000537,0.000020,0.001905,0.000663,0.000812,0.003225,0.002039,0.000694
0.002401,0.000188,0.011790,0.008264,0.004132,0.144755,0.014233,0.008444
0.003978,0.000204,0.025641,0.008675,0.006518,0.293932,0.027987,0.009111
0.008262,0.000492,0.061703,0.026160,0.013280,0.735514,0.062966,0.025368
0.007692,0.001504,0.065671,0.078323,0.013814,1.696903,0.062953,0.073935
