vet-ins,vet-fnd,avl-ins,avl-fnd,hst-ins,hst-fnd,htr-ins,htr-fnd
0.002040,0.000083,0.005632,0.002070,0.003033,0.000140,0.004380,0.001367
0.004553,0.000310,0.013017,0.009119,0.005798,0.000557,0.010052,0.005406
0.006349,0.000286,0.026168,0.009306,0.010184,0.000558,0.021967,0.006007
0.014810,0.000712,0.060385,0.029065,0.019910,0.001393,0.051206,0.017566
0.016680,0.002141,0.060175,0.078949,0.018603,0.004241,0.050034,0.053565
