vet-ins,vet-fnd,avl-ins,avl-fnd,hst-ins,hst-fnd,htr-ins,htr-fnd
0.000910,0.000032,0.002551,0.000854,0.001522,0.000069,0.001742,0.000517
0.004048,0.000281,0.013434,0.009063,0.007005,0.000538,0.011289,0.005801
0.007248,0.000273,0.027628,0.009804,0.011980,0.000541,0.024493,0.006121
0.013667,0.000671,0.062312,0.027062,0.022650,0.001563,0.056434,0.018857
0.017985,0.002296,0.068653,0.084693,0.023327,0.004731,0.057881,0.063994
