vet-ins,vet-fnd,avl-ins,avl-fnd,hst-ins,hst-fnd,htr-ins,htr-fnd
0.000560,0.000019,0.001922,0.000664,0.000797,0.003156,0.002056,0.000689
0.002166,0.000197,0.011745,0.007987,0.003750,0.142452,0.012685,0.008035
0.004145,0.000203,0.025999,0.008671,0.007065,0.222033,0.027451,0.009126
0.008086,0.000506,0.060391,0.024388,0.013267,0.542108,0.062728,0.024627
0.007900,0.001440,0.061452,0.076803,0.013082,2.196857,0.062570,0.077515
