vet-ins,vet-fnd,avl-ins,avl-fnd,hst-ins,hst-fnd,htr-ins,htr-fnd
0.002339,0.000078,0.006438,0.002185,0.003638,0.000164,0.004795,0.001269
0.004307,0.000314,0.014743,0.010376,0.006868,0.000632,0.012508,0.006476
0.007672,0.000314,0.031426,0.011227,0.013220,0.000642,0.028809,0.007900
0.015599,0.000864,0.074357,0.030852,0.025282,0.001663,0.066871,0.022384
0.020892,0.002428,0.076054,0.099846,0.024828,0.004827,0.063434,0.060260
