vet-ins,vet-fnd,avl-ins,avl-fnd,hst-ins,hst-fnd,htr-ins,htr-fnd
0.002123,0.000071,0.005922,0.002043,0.003119,0.000147,0.004316,0.001180
0.004466,0.000262,0.012382,0.008728,0.005390,0.000540,0.010117,0.005387
0.006642,0.000263,0.027241,0.009260,0.010164,0.000540,0.022010,0.005956
0.012736,0.000661,0.059217,0.025860,0.020014,0.001352,0.052091,0.017629
0.017960,0.002313,0.060259,0.083554,0.021370,0.004564,0.051878,0.052288
