vet-ins,vet-fnd,avl-ins,avl-fnd,hst-ins,hst-fnd,htr-ins,htr-fnd
0.000551,0.000020,0.001951,0.000698,0.000806,0.004487,0.002248,0.000740
0.002320,0.000187,0.011287,0.007877,0.003607,0.187376,0.012968,0.008340
0.004355,0.000227,0.027032,0.008722,0.007187,0.290159,0.028417,0.009075
0.008275,0.000507,0.058817,0.024251,0.013445,0.728765,0.061812,0.025239
0.008063,0.001538,0.059182,0.073875,0.013467,1.661496,0.059608,0.071694
