vet-ins,vet-fnd,avl-ins,avl-fnd,hst-ins,hst-fnd,htr-ins,htr-fnd
0.002112,0.000071,0.005840,0.002060,0.003113,0.000147,0.004269,0.001196
0.004920,0.000416,0.012562,0.008772,0.005738,0.000540,0.010073,0.005400
0.006369,0.000271,0.027159,0.009244,0.010180,0.000573,0.025037,0.006942
0.012736,0.000657,0.059678,0.025898,0.020548,0.001369,0.050404,0.019987
0.016428,0.001968,0.060001,0.080079,0.018950,0.004527,0.050259,0.053944
