vet-ins,vet-fnd,avl-ins,avl-fnd,hst-ins,hst-fnd,htr-ins,htr-fnd
0.001997,0.000065,0.005319,0.001940,0.003022,0.000130,0.003972,0.001097
0.006377,0.000372,0.012657,0.009137,0.006930,0.000659,0.011204,0.005701
0.006528,0.000275,0.026730,0.012602,0.013237,0.000568,0.026136,0.006973
0.014333,0.000772,0.064465,0.026234,0.021844,0.001348,0.055212,0.018420
0.021155,0.002284,0.061951,0.083286,0.022355,0.004476,0.057728,0.053385
