vet-ins,vet-fnd,avl-ins,avl-fnd,hst-ins,hst-fnd,htr-ins,htr-fnd
0.000511,0.000019,0.001891,0.000690,0.000801,0.003149,0.002051,0.000663
0.002361,0.000187,0.011515,0.007857,0.003895,0.150821,0.013983,0.008239
0.003989,0.000202,0.031824,0.009310,0.007065,0.228277,0.026673,0.008519
0.008010,0.000489,0.060337,0.026318,0.014299,0.569300,0.074054,0.024886
0.007531,0.001450,0.069904,0.077194,0.013403,1.683909,0.064847,0.074654
