vet-ins,vet-fnd,avl-ins,avl-fnd,hst-ins,hst-fnd,htr-ins,htr-fnd
0.000525,0.000019,0.001867,0.000668,0.000826,0.003205,0.002050,0.000664
0.002337,0.000233,0.012178,0.008326,0.003713,0.144594,0.012862,0.008303
0.004075,0.000224,0.026531,0.009196,0.006933,0.295777,0.028684,0.009661
0.008307,0.000493,0.062146,0.027298,0.013241,0.748845,0.067245,0.026181
0.007710,0.001591,0.060505,0.080003,0.014644,1.682520,0.061292,0.073157
