vet-ins,vet-fnd,avl-ins,avl-fnd,hst-ins,hst-fnd,htr-ins,htr-fnd
0.000575,0.000020,0.001969,0.000671,0.000802,0.003091,0.002043,0.000693
0.002227,0.000198,0.011853,0.008288,0.003761,0.147067,0.013399,0.008514
0.004067,0.000207,0.027224,0.009296,0.007306,0.224914,0.026919,0.008763
0.008359,0.000502,0.059752,0.024650,0.013958,0.549350,0.060432,0.024854
0.007930,0.001438,0.060544,0.077781,0.012795,2.218804,0.068359,0.082081
