vet-ins,vet-fnd,avl-ins,avl-fnd,hst-ins,hst-fnd,htr-ins,htr-fnd
0.002059,0.000066,0.005825,0.001901,0.003001,0.000135,0.004249,0.001167
0.004749,0.000308,0.013102,0.008725,0.005417,0.000544,0.010115,0.005385
0.006331,0.000263,0.026446,0.009213,0.010520,0.000540,0.022186,0.006029
0.013026,0.000659,0.060668,0.026445,0.019672,0.001352,0.051936,0.017916
0.016705,0.001970,0.060151,0.092607,0.019383,0.004130,0.050965,0.053505
