vet-ins,vet-fnd,avl-ins,avl-fnd,hst-ins,hst-fnd,htr-ins,htr-fnd
0.002275,0.000077,0.006058,0.002038,0.003411,0.000146,0.004438,0.001196
0.004304,0.000268,0.012803,0.008646,0.005903,0.000537,0.010448,0.005453
0.006497,0.000269,0.026668,0.009834,0.011242,0.000538,0.022884,0.006042
0.013123,0.000720,0.062080,0.025722,0.021704,0.001344,0.053116,0.017795
0.016559,0.002093,0.060195,0.078132,0.020717,0.004074,0.056789,0.061616
