vet-ins,vet-fnd,avl-ins,avl-fnd,hst-ins,hst-fnd,htr-ins,htr-fnd
0.000793,0.000031,0.002167,0.000758,0.001283,0.000063,0.001867,0.000435
0.003597,0.000263,0.013085,0.009205,0.005409,0.000535,0.010079,0.005433
0.006559,0.000311,0.026343,0.010066,0.010438,0.000654,0.024706,0.006749
0.013447,0.000656,0.058484,0.028575,0.022070,0.001513,0.053409,0.018092
0.018088,0.002319,0.063238,0.080664,0.018602,0.004030,0.053036,0.055414
