vet-ins,vet-fnd,avl-ins,avl-fnd,hst-ins,hst-fnd,htr-ins,htr-fnd
0.000526,0.000019,0.001911,0.000664,0.000807,0.003203,0.002097,0.000672
0.002340,0.000199,0.013241,0.009649,0.003785,0.152960,0.013429,0.008304
0.003948,0.000201,0.026571,0.008730,0.007378,0.225559,0.029986,0.009121
0.008063,0.000488,0.059563,0.024919,0.012474,0.740667,0.061364,0.025020
0.007507,0.001739,0.064078,0.074110,0.013136,2.208239,0.066551,0.077285
