vet-ins,vet-fnd,avl-ins,avl-fnd,hst-ins,hst-fnd,htr-ins,htr-fnd
0.001028,0.000045,0.003235,0.001094,0.002096,0.000095,0.002567,0.000772
0.005810,0.000402,0.018280,0.010065,0.006812,0.000655,0.011870,0.006402
0.007252,0.000315,0.027881,0.009343,0.011222,0.000542,0.023852,0.007772
0.015358,0.000785,0.076269,0.035558,0.025954,0.001680,0.068758,0.025059
0.019984,0.002256,0.064629,0.080823,0.021854,0.004048,0.056993,0.056037
