vet-ins,vet-fnd,btr-ins,btr-fnd,hst-ins,hst-fnd,htr-ins,htr-fnd
0.000984,0.000040,0.002813,0.000857,0.001384,0.000064,0.001903,0.000489
0.003833,0.000273,0.013769,0.008470,0.005391,0.000546,0.010247,0.005412
0.006722,0.000268,0.028405,0.010122,0.011141,0.000545,0.023199,0.006030
0.013747,0.000671,0.068121,0.025418,0.019905,0.001364,0.053175,0.018658
0.018424,0.002193,0.067137,0.082562,0.018540,0.004096,0.051055,0.053620
