vet-ins,vet-fnd,avl-ins,avl-fnd,hst-ins,hst-fnd,htr-ins,htr-fnd
0.002193,0.000073,0.005864,0.002029,0.003400,0.000146,0.004362,0.001188
0.004163,0.000267,0.012304,0.008627,0.006213,0.000664,0.011371,0.005838
0.006511,0.000268,0.026085,0.009175,0.011258,0.000540,0.023730,0.006130
0.013073,0.000673,0.058828,0.025999,0.023159,0.001348,0.052914,0.018222
0.016622,0.002009,0.058777,0.078477,0.020944,0.004089,0.052344,0.053054
