vet-ins,vet-fnd,avl-ins,avl-fnd,hst-ins,hst-fnd,htr-ins,htr-fnd
0.001983,0.000067,0.005547,0.001864,0.003087,0.000135,0.004219,0.001083
0.005125,0.000267,0.012321,0.008666,0.005891,0.000547,0.010746,0.005462
0.006562,0.000314,0.026171,0.009213,0.011242,0.000549,0.022734,0.006085
0.013314,0.000668,0.059155,0.026276,0.022069,0.001347,0.053223,0.018056
0.016915,0.002004,0.061351,0.084937,0.020720,0.004091,0.052157,0.053277
