vet-ins,vet-fnd,avl-ins,avl-fnd,hst-ins,hst-fnd,htr-ins,htr-fnd
0.001083,0.000037,0.003038,0.001052,0.001598,0.000075,0.002217,0.000602
0.004834,0.000364,0.016881,0.008746,0.005481,0.000633,0.010341,0.005758
0.007148,0.000263,0.026366,0.009245,0.010586,0.000539,0.022351,0.006380
0.013066,0.000662,0.063736,0.030427,0.023229,0.001584,0.060354,0.023328
0.018917,0.002308,0.069023,0.093204,0.021739,0.004744,0.059411,0.061418
