vet-ins,vet-fnd,avl-ins,avl-fnd,hst-ins,hst-fnd,htr-ins,htr-fnd
0.000822,0.000027,0.002204,0.000748,0.001398,0.000063,0.001920,0.000441
0.003725,0.000268,0.012891,0.008779,0.005907,0.000539,0.010524,0.005460
0.006424,0.000268,0.026724,0.009293,0.011260,0.000539,0.023108,0.006440
0.013439,0.000668,0.060598,0.028162,0.022936,0.001347,0.054503,0.018111
0.016933,0.002010,0.060875,0.079190,0.021188,0.004757,0.059245,0.057362
