vet-ins,vet-fnd,avl-ins,avl-fnd,hst-ins,hst-fnd,htr-ins,htr-fnd
0.001212,0.000040,0.003070,0.001041,0.001788,0.000079,0.002415,0.000628
0.005716,0.000371,0.017390,0.010250,0.006980,0.000632,0.012463,0.006600
0.007622,0.000268,0.030158,0.010728,0.013034,0.000538,0.025616,0.007088
0.015270,0.000806,0.070640,0.030780,0.025522,0.001577,0.063405,0.020589
0.019738,0.002352,0.070116,0.094134,0.024447,0.004588,0.059042,0.063555
