vet-ins,vet-fnd,avl-ins,avl-fnd,hst-ins,hst-fnd,htr-ins,htr-fnd
0.000790,0.000030,0.002242,0.000753,0.001171,0.000054,0.001592,0.000432
0.003880,0.000262,0.012641,0.008914,0.005806,0.000540,0.010646,0.005410
0.006191,0.000262,0.025924,0.009240,0.010586,0.000646,0.022153,0.006001
0.013121,0.000663,0.059015,0.026959,0.022639,0.001598,0.058530,0.018335
0.016103,0.001970,0.059179,0.083251,0.019078,0.004101,0.050987,0.052278
