vet-ins,vet-fnd,avl-ins,avl-fnd,hst-ins,hst-fnd,htr-ins,htr-fnd
0.000527,0.000020,0.001885,0.000665,0.000793,0.003157,0.002044,0.000678
0.002364,0.000197,0.012013,0.008132,0.003809,0.142115,0.013067,0.008334
0.003839,0.000206,0.026944,0.008941,0.006609,0.289165,0.027513,0.009247
0.008150,0.000491,0.059334,0.024803,0.013297,0.726421,0.062399,0.027444
0.007915,0.001459,0.062031,0.077690,0.013119,2.213212,0.065099,0.077448
