vet-ins,vet-fnd,avl-ins,avl-fnd,hst-ins,hst-fnd,htr-ins,htr-fnd
0.002123,0.000077,0.005838,0.001836,0.002795,0.000129,0.003851,0.000996
0.005796,0.000364,0.013302,0.009031,0.005400,0.000536,0.010143,0.005384
0.006283,0.000262,0.026211,0.009250,0.010871,0.000547,0.022481,0.005989
0.012796,0.000655,0.063103,0.028595,0.020905,0.001340,0.052941,0.020470
0.017161,0.001971,0.071065,0.090016,0.020449,0.004419,0.055055,0.053206
