vet-ins,vet-fnd,avl-ins,avl-fnd,hst-ins,hst-fnd,htr-ins,htr-fnd
0.002252,0.000071,0.006100,0.002042,0.003130,0.000147,0.004364,0.001189
0.004139,0.000263,0.012987,0.008750,0.005375,0.000538,0.010136,0.005451
0.006442,0.000264,0.026461,0.009632,0.010159,0.000537,0.022835,0.006041
0.013469,0.000802,0.059659,0.026279,0.019759,0.001622,0.051637,0.017755
0.017254,0.002230,0.063873,0.085762,0.019648,0.004403,0.053849,0.059258
