vet-ins,vet-fnd,avl-ins,avl-fnd,hst-ins,hst-fnd,htr-ins,htr-fnd
0.000522,0.000019,0.001932,0.000688,0.000757,0.004253,0.002128,0.000709
0.002142,0.000188,0.012794,0.009777,0.003767,0.191251,0.013308,0.008517
0.004213,0.000197,0.026078,0.008701,0.006513,0.294224,0.028344,0.009370
0.008046,0.000571,0.059245,0.024911,0.013233,0.727836,0.066657,0.026723
0.007614,0.001446,0.059559,0.074718,0.013405,1.686606,0.064136,0.075918
