vet-ins,vet-fnd,avl-ins,avl-fnd,hst-ins,hst-fnd,htr-ins,htr-fnd
0.000991,0.000030,0.002524,0.000745,0.001406,0.000063,0.001880,0.000445
0.004194,0.000314,0.014516,0.009834,0.006578,0.000538,0.011444,0.005731
0.006896,0.000321,0.029282,0.010637,0.012000,0.000538,0.023934,0.006081
0.013321,0.000671,0.065161,0.030106,0.025173,0.001610,0.067589,0.022288
0.020423,0.002357,0.077343,0.097276,0.024797,0.004871,0.068285,0.071204
