vet-ins,vet-fnd,avl-ins,avl-fnd,hst-ins,hst-fnd,htr-ins,htr-fnd
0.000553,0.000019,0.002144,0.000872,0.001001,0.003332,0.002314,0.000732
0.002477,0.000190,0.012351,0.009261,0.004487,0.144041,0.012743,0.008260
0.004210,0.000201,0.027672,0.008988,0.007257,0.224452,0.026892,0.008889
0.008283,0.000494,0.059582,0.026138,0.013182,0.560691,0.060230,0.023955
0.007725,0.001432,0.060222,0.074686,0.012829,2.227839,0.062263,0.082906
