vet-ins,vet-fnd,avl-ins,avl-fnd,hst-ins,hst-fnd,htr-ins,htr-fnd
0.002032,0.000066,0.005778,0.002067,0.002971,0.000158,0.004201,0.001149
0.004818,0.000277,0.013141,0.009099,0.005397,0.000536,0.010093,0.005423
0.006264,0.000267,0.025929,0.009601,0.010204,0.000540,0.022062,0.006028
0.012700,0.000657,0.058352,0.026165,0.019573,0.001337,0.054109,0.018370
0.016880,0.001971,0.067532,0.079483,0.018545,0.004032,0.050548,0.058151
