vet-ins,vet-fnd,avl-ins,avl-fnd,hst-ins,hst-fnd,htr-ins,htr-fnd
0.000927,0.000032,0.002626,0.000887,0.001483,0.000063,0.001976,0.000582
0.004112,0.000314,0.013889,0.010247,0.006858,0.000630,0.011760,0.006091
0.007277,0.000314,0.029462,0.010385,0.011849,0.000545,0.024495,0.006058
0.014078,0.000865,0.063345,0.030193,0.025467,0.001607,0.063152,0.021153
0.020362,0.002353,0.069910,0.092673,0.023758,0.004542,0.058442,0.058748
