vet-ins,vet-fnd,avl-ins,avl-fnd,hst-ins,hst-fnd,htr-ins,htr-fnd
0.002197,0.000073,0.005895,0.002036,0.003402,0.000147,0.004524,0.001193
0.004929,0.000319,0.014808,0.010614,0.006993,0.000642,0.012365,0.006801
0.007653,0.000319,0.032460,0.011499,0.013283,0.000646,0.027432,0.007715
0.014474,0.000669,0.066194,0.026978,0.024207,0.001490,0.059308,0.021947
0.019714,0.002361,0.073041,0.098789,0.024033,0.004461,0.054917,0.072892
