vet-ins,vet-fnd,avl-ins,avl-fnd,hst-ins,hst-fnd,htr-ins,htr-fnd
0.001947,0.000077,0.005713,0.002075,0.003025,0.000157,0.004158,0.001232
0.004710,0.000312,0.013583,0.008689,0.005513,0.000545,0.011030,0.005535
0.006601,0.000263,0.029474,0.010486,0.011686,0.000628,0.023478,0.006420
0.012742,0.000656,0.061534,0.026863,0.019617,0.001343,0.056888,0.020016
0.016896,0.002231,0.067345,0.079216,0.019929,0.004105,0.050339,0.052503
