vet-ins,vet-fnd,avl-ins,avl-fnd,hst-ins,hst-fnd,htr-ins,htr-fnd
0.000522,0.000019,0.001862,0.000656,0.000763,0.004191,0.002137,0.000701
0.002427,0.000237,0.011699,0.007997,0.003632,0.189671,0.013644,0.008589
0.004077,0.000204,0.027774,0.009058,0.007231,0.294101,0.028808,0.009294
0.008290,0.000490,0.060045,0.024363,0.013847,0.551653,0.068012,0.027871
0.007572,0.001424,0.059589,0.073369,0.013581,1.685089,0.063475,0.073311
