vet-ins,vet-fnd,avl-ins,avl-fnd,hst-ins,hst-fnd,htr-ins,htr-fnd
0.000519,0.000019,0.001874,0.000686,0.000752,0.004297,0.002124,0.000728
0.002330,0.000190,0.011607,0.008000,0.003633,0.188116,0.013470,0.008620
0.004238,0.000202,0.026893,0.008781,0.006778,0.289739,0.028590,0.009598
0.008246,0.000490,0.060249,0.024862,0.013390,0.745664,0.062261,0.025544
0.007605,0.001446,0.063642,0.079740,0.012890,2.226024,0.070359,0.081628
