vet-ins,vet-fnd,avl-ins,avl-fnd,hst-ins,hst-fnd,htr-ins,htr-fnd
0.001027,0.000031,0.002560,0.000823,0.001326,0.000063,0.001855,0.000438
0.004166,0.000313,0.014220,0.009971,0.006993,0.000643,0.012256,0.006747
0.007611,0.000314,0.031868,0.012670,0.013542,0.000643,0.029255,0.008094
0.015169,0.000782,0.078710,0.034310,0.025971,0.001634,0.072565,0.023419
0.020198,0.002314,0.076208,0.097733,0.024504,0.004745,0.065875,0.066835
