vet-ins,vet-fnd,avl-ins,avl-fnd,hst-ins,hst-fnd,htr-ins,htr-fnd
0.002327,0.000079,0.006398,0.002175,0.003630,0.000157,0.004716,0.001262
0.004308,0.000313,0.014637,0.010173,0.006858,0.000633,0.012265,0.006382
0.007658,0.000314,0.029358,0.009706,0.011815,0.000539,0.023805,0.006533
0.013808,0.000782,0.067710,0.028762,0.024225,0.001634,0.060476,0.019045
0.017747,0.002344,0.067651,0.085546,0.020941,0.004407,0.054125,0.055830
