vet-ins,vet-fnd,avl-ins,avl-fnd,hst-ins,hst-fnd,htr-ins,htr-fnd
0.002122,0.000066,0.005659,0.001866,0.003268,0.000158,0.004360,0.001052
0.005013,0.000264,0.014347,0.009122,0.005411,0.000541,0.010052,0.005402
0.006641,0.000263,0.025973,0.009231,0.010237,0.000541,0.022362,0.006036
0.012720,0.000662,0.063530,0.026630,0.019867,0.001350,0.055920,0.020988
0.017091,0.001966,0.066862,0.080275,0.020434,0.004593,0.053788,0.053247
