vet-ins,vet-fnd,avl-ins,avl-fnd,hst-ins,hst-fnd,htr-ins,htr-fnd
0.000535,0.000020,0.001911,0.000679,0.000818,0.003166,0.002056,0.000682
0.002529,0.000201,0.013847,0.009829,0.003623,0.142987,0.012783,0.008267
0.004435,0.000221,0.028539,0.009143,0.007005,0.223520,0.026677,0.011004
0.008519,0.000548,0.064249,0.025306,0.013426,0.561554,0.059023,0.024062
0.007610,0.001533,0.060995,0.074279,0.013171,1.702300,0.067396,0.082578
