vet-ins,vet-fnd,avl-ins,avl-fnd,hst-ins,hst-fnd,htr-ins,htr-fnd
0.000522,0.000019,0.001905,0.000656,0.000790,0.003169,0.002483,0.000732
0.002524,0.000190,0.011578,0.008408,0.003521,0.140555,0.012720,0.008141
0.004022,0.000200,0.026126,0.008753,0.006933,0.224475,0.026492,0.008463
0.007976,0.000489,0.058855,0.024804,0.014050,0.548277,0.061501,0.024763
0.007551,0.001448,0.058968,0.074697,0.013467,1.660563,0.061337,0.072027
