vet-ins,vet-fnd,avl-ins,avl-fnd,hst-ins,hst-fnd,htr-ins,htr-fnd
0.001974,0.000077,0.005664,0.001891,0.002998,0.000157,0.003983,0.001084
0.004428,0.000308,0.012935,0.009112,0.005388,0.000535,0.010547,0.005440
0.006407,0.000262,0.026688,0.010033,0.011224,0.000535,0.023009,0.006090
0.012709,0.000656,0.058272,0.025983,0.019632,0.001337,0.052017,0.019624
0.018327,0.002305,0.061645,0.079513,0.018549,0.004032,0.053650,0.054464
