vet-ins,vet-fnd,avl-ins,avl-fnd,hst-ins,hst-fnd,htr-ins,htr-fnd
0.002007,0.000065,0.005330,0.001832,0.003186,0.000164,0.004032,0.001080
0.005010,0.000327,0.014701,0.010345,0.006977,0.000642,0.013085,0.006698
0.007502,0.000339,0.031345,0.011207,0.013267,0.000635,0.027262,0.007863
0.015458,0.000833,0.072157,0.031316,0.025072,0.001596,0.064513,0.020098
0.018912,0.002426,0.069021,0.092487,0.022370,0.004446,0.058024,0.062859
