vet-ins,vet-fnd,avl-ins,avl-fnd,hst-ins,hst-fnd,htr-ins,htr-fnd
0.000829,0.000027,0.002196,0.000745,0.001454,0.000063,0.001856,0.000478
0.004291,0.000324,0.012973,0.008628,0.006309,0.000539,0.010499,0.005448
0.006511,0.000272,0.027737,0.010288,0.012906,0.000540,0.025748,0.006403
0.014377,0.000823,0.061589,0.026221,0.021848,0.001346,0.067087,0.025086
0.019739,0.002354,0.075460,0.094784,0.024345,0.004673,0.063484,0.066343
