vet-ins,vet-fnd,avl-ins,avl-fnd,hst-ins,hst-fnd,htr-ins,htr-fnd
0.000520,0.000019,0.001863,0.000669,0.000812,0.003176,0.002079,0.000666
0.002337,0.000194,0.011617,0.008006,0.003691,0.144292,0.012909,0.008152
0.004064,0.000202,0.029531,0.009672,0.006891,0.294265,0.028228,0.009147
0.008089,0.000492,0.058598,0.025151,0.013136,0.736974,0.062920,0.025281
0.007546,0.001425,0.059427,0.077713,0.013154,2.230772,0.067086,0.079283
