vet-ins,vet-fnd,avl-ins,avl-fnd,hst-ins,hst-fnd,htr-ins,htr-fnd
0.000647,0.000019,0.001948,0.000661,0.000894,0.003221,0.002260,0.000667
0.002329,0.000192,0.012266,0.008221,0.004387,0.143677,0.012945,0.008369
0.004196,0.000211,0.028428,0.009068,0.007321,0.229158,0.034672,0.010311
0.008581,0.000518,0.062172,0.025682,0.014202,0.558799,0.061972,0.025060
0.007627,0.001451,0.060173,0.075474,0.013111,2.219254,0.061350,0.075778
