vet-ins,vet-fnd,avl-ins,avl-fnd,hst-ins,hst-fnd,htr-ins,htr-fnd
0.000892,0.000032,0.003516,0.001096,0.001856,0.000074,0.002248,0.000606
0.005041,0.000371,0.017126,0.008768,0.005893,0.000539,0.010402,0.005455
0.006506,0.000268,0.025926,0.009187,0.011285,0.000539,0.026987,0.007123
0.013152,0.000669,0.059298,0.026060,0.021889,0.001350,0.054434,0.018544
0.016900,0.002014,0.060040,0.078734,0.020781,0.004099,0.053130,0.054596
