vet-ins,vet-fnd,avl-ins,avl-fnd,hst-ins,hst-fnd,htr-ins,htr-fnd
0.001371,0.000046,0.003571,0.001329,0.001920,0.000095,0.002727,0.000758
0.005928,0.000462,0.016100,0.008774,0.005420,0.000540,0.010064,0.005431
0.006185,0.000263,0.026391,0.009338,0.010489,0.000640,0.022016,0.006029
0.012777,0.000661,0.059419,0.026391,0.019695,0.001360,0.053291,0.017959
0.017292,0.002184,0.069575,0.080445,0.019027,0.004124,0.050841,0.058048
