vet-ins,vet-fnd,avl-ins,avl-fnd,hst-ins,hst-fnd,htr-ins,htr-fnd
0.001145,0.000037,0.003060,0.001035,0.001749,0.000078,0.002259,0.000606
0.004811,0.000371,0.017879,0.009726,0.005884,0.000561,0.011591,0.006568
0.007679,0.000314,0.030923,0.011270,0.013020,0.000635,0.027071,0.007436
0.015354,0.000824,0.077728,0.032142,0.026126,0.001578,0.066015,0.022131
0.018201,0.002354,0.064500,0.085493,0.023878,0.004535,0.054998,0.064306
