vet-ins,vet-fnd,avl-ins,avl-fnd,hst-ins,hst-fnd,htr-ins,htr-fnd
0.000986,0.000034,0.002335,0.000890,0.001511,0.000079,0.001962,0.000512
0.004501,0.000321,0.014553,0.010212,0.006732,0.000635,0.012336,0.006404
0.007721,0.000317,0.032752,0.011327,0.013133,0.000629,0.027687,0.007629
0.015296,0.000785,0.076117,0.032008,0.025250,0.001565,0.071228,0.021746
0.019726,0.002393,0.071724,0.092062,0.024416,0.005556,0.071487,0.069790
