vet-ins,vet-fnd,avl-ins,avl-fnd,hst-ins,hst-fnd,htr-ins,htr-fnd
0.002193,0.000073,0.006039,0.002049,0.003426,0.000147,0.004461,0.001055
0.004541,0.000313,0.014672,0.009990,0.006768,0.000632,0.013051,0.006459
0.007673,0.000313,0.031435,0.011096,0.013304,0.000640,0.027111,0.007186
0.015294,0.000782,0.071224,0.030666,0.025138,0.001349,0.061215,0.021662
0.018850,0.002246,0.067561,0.092281,0.024556,0.004829,0.062563,0.063256
