vet-ins,vet-fnd,avl-ins,avl-fnd,hst-ins,hst-fnd,htr-ins,htr-fnd
0.000517,0.000020,0.001927,0.000664,0.000747,0.004377,0.002176,0.000702
0.002373,0.000195,0.011566,0.008106,0.003635,0.189486,0.013592,0.008503
0.003935,0.000199,0.026119,0.008672,0.007030,0.293529,0.028701,0.009217
0.008106,0.000495,0.060125,0.024624,0.013241,0.728637,0.062017,0.025608
0.007748,0.001428,0.059595,0.077421,0.013041,2.205577,0.063832,0.079593
