vet-ins,vet-fnd,avl-ins,avl-fnd,hst-ins,hst-fnd,htr-ins,htr-fnd
0.001177,0.000048,0.003289,0.001299,0.002056,0.000094,0.002789,0.000758
0.005236,0.000511,0.017752,0.010049,0.006807,0.000538,0.012065,0.005914
0.006923,0.000268,0.029258,0.011106,0.013211,0.000682,0.026931,0.007169
0.015247,0.000784,0.071536,0.029419,0.023145,0.001652,0.061388,0.022175
0.019403,0.002150,0.072343,0.093594,0.023936,0.004779,0.057612,0.065788
