vet-ins,vet-fnd,avl-ins,avl-fnd,hst-ins,hst-fnd,htr-ins,htr-fnd
0.001198,0.000038,0.003042,0.001038,0.001744,0.000074,0.002233,0.000671
0.005020,0.000373,0.017123,0.010114,0.006986,0.000634,0.012088,0.006371
0.007481,0.000314,0.030266,0.010723,0.013089,0.000630,0.026675,0.007107
0.015726,0.000825,0.068423,0.029494,0.024458,0.001539,0.058579,0.019184
0.016924,0.002010,0.064468,0.090486,0.024010,0.004568,0.059574,0.056625
