vet-ins,vet-fnd,avl-ins,avl-fnd,hst-ins,hst-fnd,htr-ins,htr-fnd
0.001192,0.000039,0.003325,0.001198,0.001978,0.000095,0.002380,0.000636
0.005155,0.000398,0.017198,0.010200,0.006910,0.000637,0.012121,0.006455
0.007498,0.000313,0.031459,0.011166,0.013260,0.000637,0.027724,0.007437
0.015175,0.000707,0.063073,0.028635,0.025263,0.001597,0.065081,0.021744
0.020468,0.002412,0.073040,0.094411,0.024609,0.004763,0.061785,0.063797
