vet-ins,vet-fnd,avl-ins,avl-fnd,hst-ins,hst-fnd,htr-ins,htr-fnd
0.001960,0.000077,0.005733,0.002016,0.003000,0.000159,0.004136,0.001088
0.004838,0.000312,0.014027,0.009147,0.005426,0.000545,0.010463,0.005443
0.006273,0.000263,0.025833,0.009223,0.010215,0.000550,0.022786,0.006046
0.012962,0.000655,0.060601,0.027705,0.021251,0.001564,0.054572,0.018185
0.017041,0.002086,0.059424,0.078650,0.020267,0.004163,0.051615,0.053263
