vet-ins,vet-fnd,avl-ins,avl-fnd,hst-ins,hst-fnd,htr-ins,htr-fnd
0.002111,0.000072,0.005906,0.002059,0.003129,0.000146,0.004316,0.001199
0.004731,0.000307,0.014549,0.010311,0.006311,0.000627,0.011860,0.006428
0.007617,0.000308,0.030765,0.010682,0.011629,0.000627,0.025021,0.006404
0.013614,0.000655,0.071648,0.030575,0.021626,0.001571,0.059507,0.019366
0.019841,0.002389,0.074862,0.097316,0.022106,0.004792,0.062135,0.060292
