vet-ins,vet-fnd,avl-ins,avl-fnd,hst-ins,hst-fnd,htr-ins,htr-fnd
0.001967,0.000065,0.005263,0.001805,0.003029,0.000131,0.003917,0.001050
0.006646,0.000371,0.012946,0.008634,0.005928,0.000540,0.010621,0.005448
0.006909,0.000313,0.029532,0.010228,0.011620,0.000541,0.022772,0.006087
0.013459,0.000673,0.060328,0.026141,0.023416,0.001602,0.054624,0.018382
0.017936,0.002040,0.062356,0.078285,0.021445,0.004899,0.058161,0.056660
