vet-ins,vet-fnd,avl-ins,avl-fnd,hst-ins,hst-fnd,htr-ins,htr-fnd
0.000821,0.000028,0.002212,0.000748,0.001330,0.000063,0.001908,0.000436
0.003718,0.000267,0.013090,0.009018,0.006224,0.000539,0.010424,0.005464
0.006589,0.000276,0.026561,0.009213,0.011276,0.000539,0.025086,0.006289
0.013111,0.000669,0.059718,0.025979,0.021810,0.001353,0.054286,0.018903
0.017279,0.002004,0.060301,0.078744,0.020826,0.004059,0.053200,0.053819
