vet-ins,vet-fnd,avl-ins,avl-fnd,hst-ins,hst-fnd,htr-ins,htr-fnd
0.000920,0.000032,0.002352,0.000827,0.001481,0.000063,0.001943,0.000509
0.004244,0.000268,0.012681,0.008627,0.005894,0.000537,0.010352,0.005443
0.006399,0.000268,0.025908,0.009382,0.011219,0.000538,0.022696,0.006047
0.014609,0.000671,0.061655,0.026154,0.022227,0.001344,0.053531,0.021809
0.018628,0.002226,0.060666,0.078127,0.020762,0.004047,0.055198,0.056252
