vet-ins,vet-fnd,avl-ins,avl-fnd,hst-ins,hst-fnd,htr-ins,htr-fnd
0.000569,0.000019,0.001913,0.000682,0.000836,0.003242,0.002075,0.000680
0.002455,0.000204,0.012005,0.008909,0.003823,0.143479,0.014275,0.009383
0.004253,0.000201,0.030856,0.009668,0.007183,0.222349,0.027743,0.009356
0.008327,0.000565,0.069000,0.025307,0.013355,0.548016,0.062796,0.025337
0.007598,0.001478,0.061749,0.078793,0.013431,1.717275,0.069163,0.078610
