vet-ins,vet-fnd,avl-ins,avl-fnd,hst-ins,hst-fnd,htr-ins,htr-fnd
0.002030,0.000066,0.005703,0.002128,0.003150,0.000134,0.004201,0.001197
0.004532,0.000263,0.012335,0.008721,0.005406,0.000548,0.010123,0.005394
0.006218,0.000262,0.025852,0.009268,0.010187,0.000535,0.022168,0.006016
0.013914,0.000665,0.066791,0.028193,0.020604,0.001337,0.052385,0.017865
0.016895,0.002300,0.067612,0.080738,0.018658,0.004033,0.051629,0.055428
