vet-ins,vet-fnd,avl-ins,avl-fnd,hst-ins,hst-fnd,htr-ins,htr-fnd
0.000954,0.000032,0.002528,0.000875,0.001510,0.000054,0.001784,0.000586
0.004113,0.000300,0.014291,0.009477,0.006240,0.000541,0.011377,0.006497
0.007837,0.000336,0.033806,0.011942,0.013350,0.000628,0.027170,0.007504
0.015320,0.000791,0.077151,0.030624,0.024807,0.001509,0.063355,0.021136
0.018563,0.002442,0.068758,0.087132,0.024327,0.004932,0.061185,0.059367
