vet-ins,vet-fnd,avl-ins,avl-fnd,hst-ins,hst-fnd,htr-ins,htr-fnd
0.000524,0.000019,0.001903,0.000672,0.000759,0.004218,0.002130,0.000704
0.002405,0.000195,0.011436,0.007983,0.003597,0.187885,0.013557,0.008514
0.004132,0.000199,0.025975,0.008705,0.007200,0.298012,0.029952,0.009674
0.008288,0.000485,0.060421,0.024728,0.012715,0.739292,0.061078,0.025138
0.008029,0.001445,0.060710,0.074042,0.013076,2.172233,0.066781,0.078785
