vet-ins,vet-fnd,avl-ins,avl-fnd,hst-ins,hst-fnd,htr-ins,htr-fnd
0.000877,0.000027,0.002495,0.000768,0.001331,0.000063,0.001954,0.000448
0.004067,0.000315,0.013978,0.009022,0.006432,0.000629,0.011342,0.005747
0.006765,0.000269,0.029440,0.009578,0.012380,0.000544,0.024280,0.006069
0.014593,0.000751,0.060931,0.029074,0.024682,0.001603,0.058632,0.019450
0.019603,0.002359,0.070313,0.093544,0.023775,0.004548,0.059828,0.058286
