vet-ins,vet-fnd,avl-ins,avl-fnd,hst-ins,hst-fnd,htr-ins,htr-fnd
0.002083,0.000066,0.005740,0.001918,0.003027,0.000136,0.004347,0.001220
0.004875,0.000299,0.013488,0.008740,0.005433,0.000640,0.010294,0.005405
0.006478,0.000323,0.027980,0.010829,0.012003,0.000664,0.025868,0.007035
0.013235,0.000767,0.063922,0.027013,0.020377,0.001502,0.064233,0.021264
0.016984,0.002097,0.061455,0.083421,0.018782,0.004498,0.052103,0.055136
