vet-ins,vet-fnd,avl-ins,avl-fnd,hst-ins,hst-fnd,htr-ins,htr-fnd
0.002113,0.000071,0.005920,0.002055,0.003109,0.000149,0.004315,0.001179
0.004355,0.000312,0.014316,0.010779,0.005900,0.000641,0.010860,0.005744
0.006644,0.000262,0.026435,0.009573,0.010395,0.000621,0.022140,0.005955
0.012563,0.000661,0.059002,0.026055,0.019526,0.001338,0.051218,0.017600
0.016526,0.001969,0.059523,0.079708,0.021155,0.004769,0.054246,0.057538
