vet-ins,vet-fnd,avl-ins,avl-fnd,hst-ins,hst-fnd,htr-ins,htr-fnd
0.002111,0.000072,0.005881,0.002061,0.003114,0.000147,0.004311,0.001197
0.004432,0.000307,0.013836,0.010094,0.006084,0.000632,0.011302,0.006071
0.007073,0.000332,0.028777,0.009220,0.010174,0.000544,0.022748,0.006469
0.012706,0.000767,0.058704,0.025859,0.020602,0.001369,0.052750,0.019894
0.016652,0.001965,0.059128,0.082410,0.018601,0.004425,0.051222,0.060723
