vet-ins,vet-fnd,avl-ins,avl-fnd,hst-ins,hst-fnd,htr-ins,htr-fnd
0.001404,0.000047,0.003619,0.001269,0.002110,0.000095,0.002749,0.000756
0.006163,0.000480,0.016531,0.008650,0.005891,0.000539,0.010229,0.005450
0.006528,0.000268,0.025974,0.009186,0.011236,0.000540,0.022394,0.006041
0.013480,0.000668,0.058663,0.025622,0.022182,0.001347,0.059465,0.018289
0.016606,0.002046,0.059124,0.086357,0.021102,0.004088,0.052071,0.053493
