vet-ins,vet-fnd,avl-ins,avl-fnd,hst-ins,hst-fnd,htr-ins,htr-fnd
0.001095,0.000043,0.003057,0.001040,0.001611,0.000075,0.002191,0.000604
0.004889,0.000364,0.014688,0.009577,0.006200,0.000634,0.011156,0.005712
0.006645,0.000263,0.026182,0.010817,0.011140,0.000541,0.022418,0.006357
0.012667,0.000661,0.064310,0.028172,0.020092,0.001366,0.055821,0.018571
0.016425,0.002308,0.062568,0.084670,0.019483,0.004139,0.051968,0.054611
