vet-ins,vet-fnd,avl-ins,avl-fnd,hst-ins,hst-fnd,htr-ins,htr-fnd
0.000526,0.000019,0.001910,0.000671,0.000762,0.004271,0.002161,0.000708
0.002465,0.000189,0.011659,0.008877,0.003626,0.188431,0.013454,0.008635
0.004103,0.000201,0.026312,0.008860,0.007134,0.224530,0.027789,0.008971
0.008195,0.000531,0.059511,0.025481,0.013706,0.551467,0.060055,0.024367
0.007511,0.001445,0.059711,0.075082,0.012690,2.199271,0.064018,0.078801
