vet-ins,vet-fnd,avl-ins,avl-fnd,hst-ins,hst-fnd,htr-ins,htr-fnd
0.000579,0.000020,0.001898,0.000666,0.000773,0.004353,0.002107,0.000704
0.002421,0.000189,0.011497,0.008043,0.003764,0.191546,0.014054,0.008851
0.004244,0.000216,0.026230,0.008993,0.007384,0.297303,0.029009,0.009255
0.008359,0.000491,0.058685,0.024747,0.013049,0.743575,0.064516,0.026431
0.007595,0.001447,0.058748,0.074815,0.013232,1.659429,0.061690,0.074089
