vet-ins,vet-fnd,avl-ins,avl-fnd,hst-ins,hst-fnd,htr-ins,htr-fnd
0.002222,0.000073,0.005942,0.002031,0.003517,0.000147,0.004455,0.001189
0.004739,0.000291,0.013496,0.008968,0.006117,0.000647,0.011662,0.006328
0.006861,0.000285,0.027703,0.009995,0.013590,0.000635,0.025812,0.006783
0.015207,0.000784,0.068323,0.030657,0.025291,0.001485,0.058726,0.018877
0.018809,0.002423,0.067821,0.083682,0.024615,0.004429,0.054659,0.053282
