vet-ins,vet-fnd,avl-ins,avl-fnd,hst-ins,hst-fnd,htr-ins,htr-fnd
0.001225,0.000047,0.003658,0.001213,0.001960,0.000080,0.002549,0.000636
0.006219,0.000444,0.017899,0.010005,0.006375,0.000657,0.011414,0.005885
0.007552,0.000324,0.029082,0.009640,0.012297,0.000539,0.022819,0.006924
0.015266,0.000774,0.068218,0.030760,0.025505,0.001662,0.061866,0.022485
0.019612,0.002363,0.072026,0.091566,0.021963,0.004865,0.056888,0.068856
