vet-ins,vet-fnd,avl-ins,avl-fnd,hst-ins,hst-fnd,htr-ins,htr-fnd
0.000533,0.000020,0.002005,0.000684,0.000820,0.004215,0.002181,0.000716
0.002493,0.000195,0.011656,0.008043,0.003651,0.189255,0.013603,0.008594
0.004088,0.000203,0.025688,0.008761,0.007053,0.292479,0.029766,0.009916
0.008062,0.000487,0.058978,0.025531,0.013425,0.733059,0.063334,0.025984
0.007818,0.001484,0.060921,0.080751,0.013914,1.667344,0.060617,0.075167
