vet-ins,vet-fnd,avl-ins,avl-fnd,hst-ins,hst-fnd,htr-ins,htr-fnd
0.000564,0.000019,0.002035,0.000761,0.000877,0.003521,0.002068,0.000672
0.002613,0.000257,0.012938,0.008920,0.003928,0.150487,0.013607,0.009637
0.004042,0.000202,0.029089,0.010858,0.007477,0.231527,0.028182,0.010067
0.008637,0.000491,0.059786,0.025449,0.014043,0.747566,0.065271,0.027532
0.008277,0.001479,0.067343,0.075399,0.012778,2.218027,0.064922,0.076063
