vet-ins,vet-fnd,avl-ins,avl-fnd,hst-ins,hst-fnd,htr-ins,htr-fnd
0.002216,0.000074,0.006141,0.002069,0.003449,0.000150,0.004568,0.001203
0.004026,0.000316,0.012650,0.008630,0.005894,0.000540,0.010575,0.005454
0.006594,0.000268,0.026189,0.009135,0.011248,0.000539,0.024014,0.006059
0.013080,0.000674,0.059810,0.025595,0.021754,0.001347,0.054956,0.020464
0.016604,0.002004,0.059931,0.077645,0.021106,0.004844,0.058409,0.052909
