vet-ins,vet-fnd,avl-ins,avl-fnd,hst-ins,hst-fnd,htr-ins,htr-fnd
0.000536,0.000019,0.001868,0.000691,0.000772,0.004169,0.002135,0.000705
0.002187,0.000190,0.011479,0.007832,0.003640,0.190519,0.013769,0.008944
0.003881,0.000204,0.025794,0.008749,0.007009,0.289016,0.030953,0.009859
0.008059,0.000493,0.058859,0.024996,0.012879,0.726600,0.062030,0.025109
0.007611,0.001428,0.057850,0.073902,0.013150,2.182848,0.062914,0.079048
