vet-ins,vet-fnd,avl-ins,avl-fnd,hst-ins,hst-fnd,htr-ins,htr-fnd
0.000527,0.000020,0.001900,0.000667,0.000763,0.004212,0.002131,0.000761
0.002370,0.000196,0.012024,0.008406,0.003758,0.193333,0.013549,0.008652
0.004088,0.000214,0.026333,0.009101,0.007114,0.294651,0.029319,0.009477
0.008307,0.000491,0.062720,0.025617,0.013519,0.741561,0.065242,0.027991
0.007753,0.001487,0.061361,0.083236,0.014147,2.219268,0.066969,0.086745
