vet-ins,vet-fnd,avl-ins,avl-fnd,hst-ins,hst-fnd,htr-ins,htr-fnd
0.000953,0.000034,0.002330,0.000877,0.001523,0.000054,0.001778,0.000519
0.004152,0.000313,0.015088,0.009826,0.006665,0.000634,0.011361,0.005852
0.006838,0.000314,0.028634,0.010448,0.013134,0.000634,0.028627,0.008577
0.015151,0.000787,0.068825,0.029842,0.025602,0.001582,0.060016,0.018844
0.022553,0.002304,0.068262,0.092569,0.024358,0.004753,0.061344,0.066550
