vet-ins,vet-fnd,avl-ins,avl-fnd,hst-ins,hst-fnd,htr-ins,htr-fnd
0.002110,0.000071,0.005864,0.002055,0.003114,0.000147,0.004303,0.001175
0.004248,0.000263,0.012634,0.009017,0.005411,0.000544,0.010111,0.005402
0.006595,0.000265,0.028353,0.009869,0.010235,0.000548,0.022408,0.006005
0.013389,0.000656,0.060718,0.026425,0.021426,0.001517,0.057742,0.019021
0.016880,0.001966,0.061556,0.083574,0.020291,0.004161,0.051203,0.053194
