vet-ins,vet-fnd,avl-ins,avl-fnd,hst-ins,hst-fnd,htr-ins,htr-fnd
0.000814,0.000032,0.002603,0.000782,0.001358,0.000069,0.001751,0.000507
0.003687,0.000308,0.012610,0.008996,0.005723,0.000536,0.010587,0.005849
0.006187,0.000263,0.025942,0.009208,0.010147,0.000535,0.022535,0.005968
0.013661,0.000788,0.063603,0.026153,0.019574,0.001338,0.051200,0.017604
0.017279,0.001967,0.060749,0.080173,0.018666,0.004072,0.052110,0.053083
