vet-ins,vet-fnd,avl-ins,avl-fnd,hst-ins,hst-fnd,htr-ins,htr-fnd
0.000522,0.000019,0.001888,0.000661,0.000792,0.003149,0.002074,0.000681
0.002621,0.000198,0.011496,0.007861,0.003699,0.145499,0.013151,0.008351
0.004045,0.000231,0.027929,0.008965,0.006940,0.231809,0.027615,0.009285
0.008080,0.000520,0.059694,0.025362,0.015507,0.565779,0.061491,0.024965
0.007867,0.001501,0.059835,0.080076,0.012944,2.224907,0.064895,0.090297
