vet-ins,vet-fnd,avl-ins,avl-fnd,hst-ins,hst-fnd,htr-ins,htr-fnd
0.002308,0.000079,0.006253,0.002159,0.003575,0.000139,0.004643,0.001273
0.004400,0.000314,0.014549,0.010154,0.006946,0.000630,0.012105,0.006422
0.007693,0.000314,0.030674,0.010904,0.013154,0.000631,0.026900,0.007226
0.015042,0.000797,0.069201,0.030113,0.025538,0.001626,0.061183,0.021031
0.019105,0.002348,0.069834,0.091625,0.024391,0.004739,0.060969,0.061612
