vet-ins,vet-fnd,avl-ins,avl-fnd,hst-ins,hst-fnd,htr-ins,htr-fnd
0.000520,0.000020,0.001885,0.000666,0.000793,0.003215,0.002120,0.000687
0.002310,0.000189,0.011440,0.008433,0.003750,0.145054,0.012915,0.008301
0.004062,0.000203,0.025564,0.010141,0.007930,0.229320,0.029008,0.010559
0.008659,0.000490,0.058810,0.024652,0.013671,0.557331,0.061924,0.027408
0.007575,0.001553,0.058978,0.075344,0.012570,2.204079,0.074491,0.082508
