vet-ins,vet-fnd,avl-ins,avl-fnd,hst-ins,hst-fnd,htr-ins,htr-fnd
0.002349,0.000079,0.006348,0.002374,0.003730,0.000158,0.004662,0.001261
0.004363,0.000314,0.014758,0.010685,0.006937,0.000633,0.013100,0.007370
0.007708,0.000314,0.032671,0.011978,0.013201,0.000629,0.028197,0.008400
0.015123,0.000784,0.062344,0.026770,0.024591,0.001573,0.068100,0.022363
0.019545,0.002420,0.064990,0.095047,0.024875,0.004734,0.067190,0.066884
