vet-ins,vet-fnd,avl-ins,avl-fnd,hst-ins,hst-fnd,htr-ins,htr-fnd
0.002157,0.000067,0.006074,0.001870,0.003435,0.000157,0.004269,0.001250
0.004180,0.000268,0.013718,0.009527,0.006313,0.000599,0.011451,0.006367
0.007747,0.000315,0.032727,0.011443,0.013243,0.000632,0.028533,0.008161
0.015491,0.000791,0.077301,0.033132,0.025849,0.001598,0.070501,0.023229
0.020920,0.002432,0.076421,0.098631,0.024624,0.004548,0.061269,0.057958
