vet-ins,vet-fnd,avl-ins,avl-fnd,hst-ins,hst-fnd,htr-ins,htr-fnd
0.002189,0.000073,0.006025,0.002031,0.003416,0.000147,0.004480,0.001196
0.004191,0.000267,0.013030,0.009849,0.006290,0.000543,0.011166,0.006022
0.007336,0.000313,0.029179,0.009973,0.011532,0.000539,0.024363,0.006660
0.014906,0.000810,0.069893,0.029353,0.025014,0.001584,0.061892,0.020935
0.020256,0.002351,0.070184,0.090887,0.024553,0.004751,0.062449,0.061890
