vet-ins,vet-fnd,avl-ins,avl-fnd,hst-ins,hst-fnd,htr-ins,htr-fnd
0.002136,0.000067,0.005798,0.001932,0.003319,0.000158,0.004297,0.001081
0.004796,0.000268,0.012494,0.009443,0.005924,0.000539,0.011401,0.006182
0.007156,0.000314,0.027596,0.009272,0.011279,0.000538,0.023540,0.006058
0.013051,0.000783,0.059521,0.028859,0.024521,0.001470,0.057623,0.017868
0.016615,0.002010,0.059982,0.078649,0.021174,0.004128,0.053857,0.052974
