vet-ins,vet-fnd,avl-ins,avl-fnd,hst-ins,hst-fnd,htr-ins,htr-fnd
0.002155,0.000067,0.005784,0.001918,0.003291,0.000133,0.004297,0.001199
0.004999,0.000268,0.012492,0.008655,0.005920,0.000533,0.010429,0.005457
0.006507,0.000282,0.026409,0.009159,0.011924,0.000539,0.022897,0.006058
0.014807,0.000668,0.067368,0.028099,0.021690,0.001335,0.052739,0.017783
0.016618,0.002111,0.066370,0.080348,0.021821,0.004279,0.054845,0.058741
