vet-ins,vet-fnd,avl-ins,avl-fnd,hst-ins,hst-fnd,htr-ins,htr-fnd
0.001358,0.000046,0.003713,0.001100,0.002004,0.000094,0.002608,0.000774
0.005849,0.000412,0.016379,0.008797,0.006066,0.000545,0.010802,0.006136
0.006286,0.000264,0.026677,0.009272,0.010240,0.000536,0.022178,0.006006
0.014553,0.000761,0.065043,0.026399,0.019622,0.001337,0.052358,0.017980
0.016750,0.001985,0.060788,0.078863,0.018973,0.004111,0.051778,0.053779
