vet-ins,vet-fnd,avl-ins,avl-fnd,hst-ins,hst-fnd,htr-ins,htr-fnd
0.000538,0.000020,0.001879,0.000690,0.000808,0.003149,0.002066,0.000669
0.002369,0.000193,0.011741,0.008002,0.003724,0.144356,0.012989,0.008179
0.004045,0.000204,0.029446,0.009897,0.007214,0.234946,0.029267,0.008939
0.008046,0.000488,0.059218,0.024805,0.013102,0.552508,0.059481,0.024127
0.007527,0.001430,0.062520,0.075308,0.013370,1.685784,0.067603,0.074295
