vet-ins,vet-fnd,avl-ins,avl-fnd,hst-ins,hst-fnd,htr-ins,htr-fnd
0.001981,0.000065,0.005310,0.001804,0.003027,0.000130,0.003967,0.001066
0.006658,0.000334,0.013445,0.008682,0.005922,0.000542,0.010882,0.005469
0.007830,0.000296,0.029305,0.010098,0.012253,0.000542,0.025891,0.006715
0.014503,0.000731,0.069314,0.031434,0.023841,0.001350,0.061166,0.019575
0.018592,0.002230,0.066905,0.088386,0.023658,0.004893,0.059172,0.062449
