vet-ins,vet-fnd,avl-ins,avl-fnd,hst-ins,hst-fnd,htr-ins,htr-fnd
0.002295,0.000079,0.006000,0.002092,0.003645,0.000136,0.004194,0.001105
0.004888,0.000314,0.017483,0.013293,0.007368,0.000538,0.012695,0.006628
0.008766,0.000329,0.034968,0.011745,0.013180,0.000630,0.026824,0.007056
0.015370,0.000785,0.071106,0.030789,0.026639,0.001586,0.078599,0.024834
0.019411,0.002239,0.071311,0.091940,0.024512,0.004844,0.062171,0.067569
