vet-ins,vet-fnd,avl-ins,avl-fnd,hst-ins,hst-fnd,htr-ins,htr-fnd
0.000524,0.000019,0.001873,0.000667,0.000891,0.003161,0.002094,0.000668
0.002621,0.000195,0.012658,0.008313,0.003890,0.145108,0.013036,0.008247
0.004099,0.000204,0.026719,0.008804,0.006807,0.223263,0.026916,0.008585
0.008733,0.000491,0.059872,0.025422,0.014028,0.550240,0.061824,0.024731
0.007597,0.001477,0.059909,0.074743,0.013183,1.656333,0.062300,0.071998
