vet-ins,vet-fnd,avl-ins,avl-fnd,hst-ins,hst-fnd,htr-ins,htr-fnd
0.000528,0.000019,0.001917,0.000667,0.000799,0.003186,0.002030,0.000666
0.002346,0.000187,0.011369,0.007853,0.003654,0.144834,0.012858,0.008135
0.003859,0.000201,0.026513,0.009096,0.007131,0.225612,0.026726,0.009390
0.008103,0.000510,0.058702,0.026200,0.012902,0.734718,0.066145,0.025266
0.007550,0.001449,0.058835,0.074176,0.014363,1.684105,0.064473,0.073116
