vet-ins,vet-fnd,avl-ins,avl-fnd,hst-ins,hst-fnd,htr-ins,htr-fnd
0.000531,0.000020,0.001863,0.000670,0.000830,0.003147,0.002040,0.000664
0.002458,0.000191,0.011391,0.008133,0.003739,0.143531,0.012968,0.008338
0.004011,0.000202,0.026612,0.009271,0.007326,0.230828,0.032923,0.009583
0.008309,0.000581,0.074785,0.030393,0.015067,0.555928,0.062141,0.028666
0.007657,0.001499,0.066883,0.079192,0.013849,1.705164,0.061853,0.076456
