vet-ins,vet-fnd,avl-ins,avl-fnd,hst-ins,hst-fnd,htr-ins,htr-fnd
0.000526,0.000020,0.001905,0.000662,0.000795,0.003105,0.002087,0.000689
0.002132,0.000192,0.011618,0.008035,0.003704,0.146723,0.012964,0.008272
0.004096,0.000205,0.027437,0.009033,0.006825,0.290276,0.029672,0.009499
0.008100,0.000494,0.059305,0.024603,0.013018,0.731890,0.062508,0.025929
0.007791,0.001489,0.059779,0.073835,0.014514,1.651217,0.068012,0.073288
