vet-ins,vet-fnd,avl-ins,avl-fnd,hst-ins,hst-fnd,htr-ins,htr-fnd
0.000841,0.000027,0.003293,0.001163,0.001863,0.000095,0.002704,0.000758
0.004243,0.000318,0.014786,0.009754,0.006090,0.000632,0.011373,0.006259
0.007706,0.000331,0.032343,0.011583,0.013331,0.000640,0.027808,0.007649
0.015579,0.000836,0.069109,0.027484,0.022522,0.001348,0.061379,0.021374
0.020592,0.002360,0.076797,0.100761,0.024759,0.004795,0.067665,0.059439
