vet-ins,vet-fnd,avl-ins,avl-fnd,hst-ins,hst-fnd,htr-ins,htr-fnd
0.000962,0.000031,0.002482,0.000881,0.001439,0.000054,0.001806,0.000547
0.003823,0.000267,0.012708,0.009064,0.005899,0.000546,0.010418,0.005484
0.006815,0.000268,0.026059,0.010167,0.013042,0.000674,0.025856,0.006589
0.013751,0.000668,0.059375,0.026005,0.024923,0.001590,0.065980,0.020335
0.017555,0.002257,0.064564,0.086202,0.022210,0.004160,0.059568,0.056798
