vet-ins,vet-fnd,avl-ins,avl-fnd,hst-ins,hst-fnd,htr-ins,htr-fnd
0.002066,0.000065,0.005847,0.001870,0.003017,0.000135,0.004233,0.001184
0.004678,0.000262,0.012426,0.009155,0.005422,0.000543,0.010134,0.005390
0.006887,0.000363,0.030053,0.010838,0.011261,0.000651,0.023639,0.006084
0.012612,0.000655,0.060048,0.026689,0.020086,0.001358,0.057496,0.018457
0.016393,0.001965,0.060191,0.084843,0.019589,0.004053,0.050949,0.053443
