vet-ins,vet-fnd,avl-ins,avl-fnd,hst-ins,hst-fnd,htr-ins,htr-fnd
0.000866,0.000032,0.002458,0.000785,0.001479,0.000067,0.001835,0.000512
0.004023,0.000268,0.013411,0.008654,0.005892,0.000537,0.010662,0.005459
0.006533,0.000269,0.025975,0.009202,0.011236,0.000536,0.029406,0.008336
0.013087,0.000676,0.059113,0.029565,0.022401,0.001419,0.055088,0.018214
0.017139,0.002175,0.059367,0.082167,0.021147,0.004037,0.052325,0.054568
