vet-ins,vet-fnd,avl-ins,avl-fnd,hst-ins,hst-fnd,htr-ins,htr-fnd
0.001019,0.000032,0.002612,0.000876,0.001486,0.000064,0.001942,0.000511
0.004353,0.000315,0.015004,0.010558,0.006903,0.000630,0.012586,0.006544
0.007295,0.000313,0.031289,0.010897,0.012595,0.000540,0.026550,0.007149
0.015377,0.000788,0.062515,0.026173,0.022368,0.001474,0.054556,0.019183
0.017558,0.002013,0.070347,0.088707,0.021575,0.004052,0.052825,0.053332
