vet-ins,vet-fnd,avl-ins,avl-fnd,hst-ins,hst-fnd,htr-ins,htr-fnd
0.000560,0.000019,0.002087,0.000706,0.000783,0.004287,0.002299,0.000747
0.002386,0.000191,0.011947,0.008265,0.003805,0.194237,0.014367,0.008962
0.004087,0.000208,0.026594,0.008795,0.007213,0.293995,0.028938,0.012525
0.008135,0.000494,0.059142,0.026622,0.014937,0.555335,0.067979,0.024660
0.007872,0.001438,0.060860,0.079514,0.012866,2.200758,0.067365,0.077785
