vet-ins,vet-fnd,avl-ins,avl-fnd,hst-ins,hst-fnd,htr-ins,htr-fnd
0.001979,0.000068,0.005292,0.001823,0.003035,0.000130,0.003939,0.001053
0.005452,0.000314,0.015117,0.009912,0.006668,0.000671,0.011297,0.005449
0.006430,0.000283,0.027775,0.009900,0.012301,0.000539,0.023349,0.006088
0.015226,0.000830,0.068826,0.028684,0.022717,0.001347,0.062081,0.018119
0.016919,0.002005,0.073259,0.081447,0.024445,0.004829,0.056797,0.055424
