vet-ins,vet-fnd,avl-ins,avl-fnd,hst-ins,hst-fnd,htr-ins,htr-fnd
0.000641,0.000020,0.002075,0.000777,0.000917,0.004677,0.002582,0.001096
0.002562,0.000210,0.018118,0.013208,0.003724,0.222820,0.016337,0.010623
0.004970,0.000226,0.035392,0.011653,0.007711,0.294086,0.029075,0.009785
0.008014,0.000497,0.062078,0.026498,0.013482,0.756553,0.063962,0.026927
0.007715,0.001468,0.061940,0.079589,0.014160,1.724297,0.065983,0.074729
