vet-ins,vet-fnd,avl-ins,avl-fnd,hst-ins,hst-fnd,htr-ins,htr-fnd
0.002329,0.000079,0.005870,0.001950,0.003316,0.000158,0.004363,0.001284
0.004736,0.000317,0.015021,0.010224,0.006658,0.000632,0.012076,0.006110
0.007197,0.000324,0.030113,0.010858,0.013119,0.000634,0.026655,0.007095
0.015277,0.000786,0.078019,0.032354,0.025014,0.001436,0.072142,0.021608
0.019191,0.002414,0.076158,0.091809,0.024164,0.004234,0.057156,0.062220
