vet-ins,vet-fnd,avl-ins,avl-fnd,hst-ins,hst-fnd,htr-ins,htr-fnd
0.000797,0.000026,0.002181,0.000752,0.001349,0.000068,0.001710,0.000442
0.003940,0.000263,0.013555,0.009446,0.005926,0.000545,0.010406,0.005429
0.006561,0.000263,0.027376,0.009289,0.010607,0.000542,0.023485,0.006884
0.014369,0.000805,0.073122,0.029926,0.022341,0.001529,0.057907,0.018317
0.018390,0.002308,0.070409,0.091519,0.021358,0.004687,0.058204,0.058291
