vet-ins,vet-fnd,avl-ins,avl-fnd,hst-ins,hst-fnd,htr-ins,htr-fnd
0.000998,0.000034,0.002319,0.000872,0.001469,0.000054,0.001856,0.000543
0.004001,0.000267,0.013972,0.009323,0.005891,0.000537,0.012363,0.006244
0.006986,0.000269,0.027450,0.009195,0.011250,0.000537,0.022665,0.006056
0.013167,0.000669,0.062183,0.026188,0.022319,0.001407,0.052678,0.017924
0.016905,0.002073,0.059022,0.077732,0.020721,0.004061,0.053214,0.053410
