vet-ins,vet-fnd,avl-ins,avl-fnd,hst-ins,hst-fnd,htr-ins,htr-fnd
0.001350,0.000047,0.003624,0.001303,0.002081,0.000095,0.002648,0.000653
0.005386,0.000401,0.016800,0.009258,0.005874,0.000541,0.010437,0.005864
0.006501,0.000267,0.026252,0.009216,0.011218,0.000538,0.023380,0.007116
0.014341,0.000669,0.059733,0.025811,0.021981,0.001361,0.053657,0.017836
0.017080,0.002349,0.059233,0.078899,0.021047,0.004534,0.054912,0.054050
