vet-ins,vet-fnd,avl-ins,avl-fnd,hst-ins,hst-fnd,htr-ins,htr-fnd
0.001919,0.000064,0.005260,0.001818,0.002810,0.000130,0.003857,0.001059
0.005906,0.000364,0.013110,0.010806,0.005468,0.000633,0.010845,0.005804
0.006929,0.000328,0.026627,0.010341,0.010530,0.000539,0.023182,0.006032
0.014374,0.000658,0.061511,0.026127,0.019651,0.001355,0.051474,0.017661
0.016463,0.001970,0.059275,0.080287,0.019116,0.004561,0.055861,0.056041
