vet-ins,vet-fnd,avl-ins,avl-fnd,hst-ins,hst-fnd,htr-ins,htr-fnd
0.000988,0.000034,0.002376,0.000927,0.001286,0.000054,0.001851,0.000544
0.005393,0.000462,0.018971,0.008656,0.005928,0.000539,0.010483,0.005757
0.006827,0.000268,0.028321,0.009188,0.012852,0.000620,0.024514,0.007440
0.013984,0.000680,0.060556,0.025902,0.021795,0.001348,0.054581,0.019578
0.017199,0.002005,0.060343,0.078254,0.020856,0.004054,0.053411,0.053557
