vet-ins,vet-fnd,avl-ins,avl-fnd,hst-ins,hst-fnd,htr-ins,htr-fnd
0.002361,0.000079,0.003949,0.000882,0.001298,0.000063,0.001931,0.000436
0.004032,0.000314,0.014511,0.009808,0.005969,0.000547,0.010730,0.006146
0.006992,0.000269,0.025978,0.009185,0.011469,0.000656,0.022811,0.006076
0.013234,0.000670,0.059640,0.026428,0.022690,0.001343,0.054041,0.018920
0.017370,0.002013,0.061228,0.093048,0.023724,0.004842,0.055246,0.053836
