vet-ins,vet-fnd,avl-ins,avl-fnd,hst-ins,hst-fnd,htr-ins,htr-fnd
0.000787,0.000027,0.002174,0.000761,0.001157,0.000053,0.001592,0.000434
0.003855,0.000262,0.012900,0.009130,0.005568,0.000583,0.010394,0.005410
0.006877,0.000308,0.026926,0.009316,0.010799,0.000535,0.022313,0.006023
0.012757,0.000657,0.061219,0.026392,0.020497,0.001337,0.051159,0.018327
0.016106,0.001967,0.058899,0.080857,0.019710,0.004360,0.056946,0.053905
