vet-ins,vet-fnd,avl-ins,avl-fnd,hst-ins,hst-fnd,htr-ins,htr-fnd
0.000831,0.000031,0.003168,0.001045,0.001735,0.000075,0.002255,0.000608
0.005382,0.000427,0.018338,0.009260,0.006350,0.000539,0.010380,0.005847
0.007713,0.000335,0.029782,0.011131,0.012622,0.000674,0.024561,0.006486
0.013189,0.000678,0.059343,0.026137,0.022356,0.001347,0.060795,0.018489
0.016832,0.002004,0.059734,0.084465,0.020748,0.004046,0.052546,0.056799
