vet-ins,vet-fnd,avl-ins,avl-fnd,hst-ins,hst-fnd,htr-ins,htr-fnd
0.002198,0.000076,0.005971,0.002028,0.003394,0.000147,0.004415,0.001187
0.004670,0.000268,0.012506,0.008689,0.006996,0.000632,0.012460,0.006911
0.006868,0.000338,0.027612,0.009956,0.012972,0.000632,0.026125,0.006789
0.014148,0.000671,0.061233,0.028868,0.021925,0.001367,0.054852,0.020080
0.017503,0.002370,0.066635,0.080517,0.023915,0.004773,0.056418,0.058965
