vet-ins,vet-fnd,avl-ins,avl-fnd,hst-ins,hst-fnd,htr-ins,htr-fnd
0.000568,0.000019,0.001908,0.000678,0.000870,0.003145,0.002078,0.000671
0.002366,0.000188,0.011579,0.008054,0.003733,0.144222,0.012967,0.009345
0.004210,0.000204,0.026402,0.008973,0.007204,0.230953,0.029719,0.009089
0.008485,0.000509,0.065067,0.025321,0.013188,0.749947,0.065884,0.025707
0.007575,0.001449,0.060669,0.075267,0.012990,2.189013,0.067072,0.082967
