vet-ins,vet-fnd,avl-ins,avl-fnd,hst-ins,hst-fnd,htr-ins,htr-fnd
0.000559,0.000020,0.001865,0.000666,0.000794,0.003064,0.002492,0.000725
0.002314,0.000189,0.011535,0.008054,0.003774,0.142405,0.012766,0.008150
0.004622,0.000210,0.026718,0.008867,0.007834,0.226475,0.026860,0.008803
0.009003,0.000489,0.059622,0.024673,0.014163,0.551096,0.063505,0.029088
0.007596,0.001469,0.059540,0.075678,0.013294,1.678508,0.064434,0.073612
