vet-ins,vet-fnd,avl-ins,avl-fnd,hst-ins,hst-fnd,htr-ins,htr-fnd
0.001917,0.000077,0.005930,0.002188,0.003006,0.000135,0.004114,0.001085
0.003960,0.000321,0.014126,0.009528,0.006055,0.000540,0.010931,0.006483
0.007573,0.000272,0.027715,0.009298,0.010550,0.000540,0.024713,0.006757
0.013044,0.000656,0.061263,0.026539,0.019752,0.001370,0.052039,0.021942
0.017410,0.001974,0.073948,0.085449,0.020066,0.004110,0.051552,0.054568
