vet-ins,vet-fnd,avl-ins,avl-fnd,hst-ins,hst-fnd,htr-ins,htr-fnd
0.000817,0.000027,0.002209,0.000822,0.001527,0.000053,0.001707,0.000513
0.004081,0.000268,0.012476,0.009749,0.006829,0.000631,0.011427,0.005790
0.006954,0.000282,0.026208,0.009176,0.011284,0.000539,0.023367,0.006062
0.013122,0.000670,0.061240,0.027759,0.023595,0.001345,0.054476,0.018191
0.016848,0.002015,0.060451,0.079574,0.021599,0.004088,0.056310,0.053756
