vet-ins,vet-fnd,avl-ins,avl-fnd,hst-ins,hst-fnd,htr-ins,htr-fnd
0.002111,0.000066,0.005695,0.001954,0.003291,0.000143,0.004280,0.001131
0.005101,0.000314,0.014851,0.010402,0.007132,0.000638,0.012742,0.006576
0.007906,0.000314,0.032847,0.011914,0.013380,0.000673,0.027038,0.007682
0.014396,0.000671,0.074413,0.034640,0.026874,0.001600,0.062911,0.025897
0.018808,0.002359,0.079120,0.098780,0.024939,0.004937,0.065748,0.063764
