vet-ins,vet-fnd,avl-ins,avl-fnd,hst-ins,hst-fnd,htr-ins,htr-fnd
0.001231,0.000038,0.003012,0.001035,0.001744,0.000075,0.002266,0.000621
0.005145,0.000371,0.017398,0.010009,0.006708,0.000607,0.012005,0.006290
0.007193,0.000301,0.030237,0.011191,0.012355,0.000632,0.024709,0.006504
0.014738,0.000672,0.067560,0.029448,0.024638,0.001513,0.061583,0.022112
0.019177,0.002365,0.081578,0.098214,0.024376,0.004763,0.065333,0.071426
