vet-ins,vet-fnd,avl-ins,avl-fnd,hst-ins,hst-fnd,htr-ins,htr-fnd
0.002114,0.000071,0.005905,0.002064,0.003120,0.000147,0.004312,0.001194
0.004370,0.000307,0.013467,0.008995,0.005399,0.000540,0.012166,0.006142
0.007082,0.000263,0.032327,0.010599,0.011839,0.000639,0.024097,0.006400
0.012646,0.000655,0.061298,0.026808,0.020075,0.001349,0.054892,0.018160
0.016270,0.001975,0.060756,0.084703,0.019152,0.004239,0.053220,0.054928
