vet-ins,vet-fnd,avl-ins,avl-fnd,hst-ins,hst-fnd,htr-ins,htr-fnd
0.000529,0.000020,0.001912,0.000693,0.000809,0.004269,0.002155,0.000720
0.002386,0.000197,0.012151,0.008441,0.003873,0.191115,0.013371,0.008544
0.004037,0.000205,0.026070,0.008985,0.007087,0.290517,0.028558,0.009296
0.008251,0.000508,0.060328,0.024536,0.014076,0.551017,0.060786,0.024851
0.007668,0.001464,0.060125,0.075645,0.012507,2.177423,0.063373,0.076011
