vet-ins,vet-fnd,avl-ins,avl-fnd,hst-ins,hst-fnd,htr-ins,htr-fnd
0.000565,0.000019,0.001866,0.000666,0.000758,0.004528,0.002131,0.000703
0.002524,0.000195,0.011926,0.008216,0.003812,0.193025,0.014348,0.009019
0.004103,0.000205,0.026661,0.008843,0.007068,0.296586,0.030425,0.009551
0.008214,0.000511,0.058292,0.025572,0.013957,0.572945,0.081037,0.029868
0.007958,0.001463,0.065346,0.082509,0.013079,1.680333,0.064659,0.075227
