vet-ins,vet-fnd,avl-ins,avl-fnd,hst-ins,hst-fnd,htr-ins,htr-fnd
0.000794,0.000027,0.002551,0.001145,0.001609,0.000074,0.002239,0.000605
0.004855,0.000364,0.016797,0.009567,0.005754,0.000535,0.010148,0.005392
0.006290,0.000263,0.026063,0.009734,0.010428,0.000627,0.023148,0.006058
0.012761,0.000656,0.058695,0.026071,0.019687,0.001345,0.051861,0.017919
0.016353,0.002156,0.062990,0.082575,0.018896,0.004017,0.056666,0.060136
