vet-ins,vet-fnd,avl-ins,avl-fnd,hst-ins,hst-fnd,htr-ins,htr-fnd
0.001230,0.000038,0.003633,0.001141,0.001607,0.000076,0.002201,0.000606
0.004853,0.000364,0.017065,0.008770,0.005405,0.000536,0.010929,0.006702
0.006545,0.000263,0.026319,0.009280,0.010232,0.000541,0.022166,0.006053
0.012685,0.000656,0.059654,0.026837,0.020058,0.001337,0.052000,0.017923
0.016402,0.001967,0.059441,0.090951,0.019973,0.004034,0.056769,0.055418
