vet-ins,vet-fnd,avl-ins,avl-fnd,hst-ins,hst-fnd,htr-ins,htr-fnd
0.002328,0.000079,0.006317,0.002186,0.003624,0.000159,0.004688,0.001272
0.004329,0.000314,0.014514,0.010158,0.006876,0.000630,0.012166,0.006397
0.008487,0.000313,0.030426,0.010848,0.013353,0.000634,0.025784,0.006789
0.013132,0.000668,0.059223,0.025645,0.024231,0.001649,0.056736,0.018167
0.016981,0.002216,0.063202,0.089960,0.024269,0.004799,0.060755,0.062435
