vet-ins,vet-fnd,avl-ins,avl-fnd,hst-ins,hst-fnd,htr-ins,htr-fnd
0.002128,0.000066,0.005776,0.001935,0.003048,0.000135,0.004209,0.001103
0.004946,0.000263,0.012393,0.008691,0.005405,0.000539,0.010146,0.005390
0.006224,0.000263,0.027198,0.009236,0.010515,0.000544,0.022122,0.005999
0.012797,0.000656,0.062732,0.028064,0.020232,0.001352,0.054243,0.019699
0.016440,0.001973,0.065472,0.078961,0.018684,0.004104,0.055129,0.056200
