vet-ins,vet-fnd,avl-ins,avl-fnd,hst-ins,hst-fnd,htr-ins,htr-fnd
0.001142,0.000038,0.003187,0.001103,0.001703,0.000080,0.002341,0.000639
0.005157,0.000384,0.018148,0.010620,0.006314,0.000633,0.011821,0.006361
0.007288,0.000309,0.030558,0.010982,0.011924,0.000656,0.026184,0.007129
0.014693,0.000770,0.070033,0.030859,0.023073,0.001592,0.065490,0.021447
0.016667,0.002224,0.064569,0.089423,0.022032,0.004953,0.060779,0.063167
