vet-ins,vet-fnd,avl-ins,avl-fnd,hst-ins,hst-fnd,htr-ins,htr-fnd
0.001866,0.000069,0.005505,0.001946,0.002806,0.000141,0.004046,0.001148
0.004562,0.000262,0.012634,0.008773,0.006331,0.000535,0.010411,0.006169
0.006272,0.000263,0.026047,0.009306,0.010233,0.000535,0.026718,0.007880
0.014770,0.000767,0.075755,0.034435,0.023115,0.001570,0.062162,0.023747
0.020487,0.002306,0.073903,0.095984,0.021416,0.004593,0.064421,0.068012
