vet-ins,vet-fnd,avl-ins,avl-fnd,hst-ins,hst-fnd,htr-ins,htr-fnd
0.000858,0.000031,0.003695,0.001251,0.001982,0.000079,0.002588,0.000736
0.005204,0.000393,0.015876,0.008687,0.005411,0.000536,0.010436,0.005415
0.006589,0.000262,0.028577,0.010994,0.011498,0.000654,0.023642,0.006107
0.012875,0.000657,0.065711,0.027300,0.020072,0.001337,0.054600,0.020486
0.016434,0.001965,0.063090,0.088427,0.019974,0.004034,0.051281,0.053677
