vet-ins,vet-fnd,avl-ins,avl-fnd,hst-ins,hst-fnd,htr-ins,htr-fnd
0.002053,0.000078,0.005586,0.002058,0.002976,0.000134,0.004173,0.001120
0.005448,0.000267,0.012306,0.009040,0.005407,0.000542,0.010458,0.005423
0.006345,0.000263,0.025811,0.009278,0.010208,0.000539,0.022172,0.006076
0.013106,0.000656,0.059008,0.027354,0.020541,0.001337,0.052759,0.018629
0.017870,0.002306,0.060184,0.079208,0.018603,0.004019,0.053648,0.054978
