vet-ins,vet-fnd,avl-ins,avl-fnd,hst-ins,hst-fnd,htr-ins,htr-fnd
0.001009,0.000031,0.003147,0.000975,0.001385,0.000054,0.001872,0.000710
0.005130,0.000378,0.015308,0.010596,0.006443,0.000647,0.012633,0.006023
0.008498,0.000313,0.033204,0.011890,0.013325,0.000632,0.030339,0.008538
0.015484,0.000809,0.073998,0.032461,0.025736,0.001535,0.064576,0.025736
0.019714,0.002418,0.077262,0.098137,0.024893,0.004821,0.076783,0.078401
