vet-ins,vet-fnd,avl-ins,avl-fnd,hst-ins,hst-fnd,htr-ins,htr-fnd
0.002147,0.000070,0.005622,0.002060,0.003271,0.000134,0.004144,0.001262
0.005498,0.000269,0.012446,0.008690,0.005900,0.000541,0.011339,0.005480
0.007175,0.000336,0.028276,0.009220,0.011419,0.000651,0.023023,0.006094
0.013226,0.000677,0.062916,0.027025,0.026488,0.001595,0.057932,0.018275
0.017045,0.002010,0.060759,0.081819,0.020883,0.004041,0.053070,0.054253
