vet-ins,vet-fnd,avl-ins,avl-fnd,hst-ins,hst-fnd,htr-ins,htr-fnd
0.000533,0.000019,0.001877,0.000655,0.000782,0.004338,0.002129,0.000701
0.002389,0.000195,0.011521,0.007811,0.003643,0.187502,0.013412,0.008503
0.004066,0.000201,0.025675,0.008643,0.007075,0.290864,0.031818,0.011006
0.008170,0.000505,0.065598,0.026802,0.013998,0.552881,0.061215,0.025540
0.007526,0.001441,0.060338,0.074610,0.012916,1.670022,0.068965,0.082458
