vet-ins,vet-fnd,avl-ins,avl-fnd,hst-ins,hst-fnd,htr-ins,htr-fnd
0.001111,0.000048,0.003645,0.001300,0.002123,0.000094,0.002752,0.000643
0.005578,0.000436,0.017734,0.008660,0.005877,0.000539,0.010476,0.005451
0.006501,0.000268,0.026682,0.009411,0.013054,0.000539,0.026529,0.006716
0.013436,0.000670,0.060178,0.025586,0.022499,0.001342,0.053493,0.022015
0.016610,0.002010,0.061041,0.078729,0.021428,0.004107,0.053173,0.053195
