vet-ins,vet-fnd,avl-ins,avl-fnd,hst-ins,hst-fnd,htr-ins,htr-fnd
0.000828,0.000026,0.002192,0.000751,0.001266,0.000054,0.001805,0.000564
0.004065,0.000267,0.012987,0.008709,0.005917,0.000539,0.010530,0.005485
0.006513,0.000268,0.026251,0.009256,0.011311,0.000539,0.023105,0.006110
0.013219,0.000677,0.059831,0.025974,0.021779,0.001345,0.054494,0.018099
0.017703,0.002062,0.066896,0.079099,0.021064,0.004157,0.053130,0.056009
