vet-ins,vet-fnd,avl-ins,avl-fnd,hst-ins,hst-fnd,htr-ins,htr-fnd
0.000533,0.000019,0.001988,0.000682,0.000819,0.003158,0.002037,0.000709
0.002196,0.000190,0.011517,0.007946,0.003718,0.142399,0.013597,0.009662
0.003994,0.000203,0.026432,0.008864,0.007081,0.226401,0.027192,0.008780
0.008072,0.000491,0.058790,0.025024,0.013733,0.544701,0.061206,0.024376
0.007768,0.001498,0.061717,0.077857,0.013359,1.692367,0.068117,0.080784
