vet-ins,vet-fnd,avl-ins,avl-fnd,hst-ins,hst-fnd,htr-ins,htr-fnd
0.000523,0.000019,0.001875,0.000660,0.000755,0.004197,0.002150,0.000702
0.002343,0.000187,0.011784,0.008130,0.003783,0.192815,0.013755,0.008705
0.003989,0.000201,0.027952,0.009418,0.006841,0.295104,0.029388,0.009427
0.008274,0.000493,0.061863,0.025174,0.014091,0.551576,0.063306,0.025517
0.007991,0.001897,0.072482,0.088780,0.014866,1.686429,0.064858,0.078824
