vet-ins,vet-fnd,avl-ins,avl-fnd,hst-ins,hst-fnd,htr-ins,htr-fnd
0.001483,0.000048,0.003978,0.001442,0.001696,0.000064,0.002413,0.000613
0.005145,0.000380,0.016941,0.010418,0.006996,0.000645,0.012518,0.006634
0.007598,0.000321,0.031946,0.011447,0.013310,0.000657,0.030740,0.008739
0.015815,0.000792,0.076784,0.032946,0.026025,0.001608,0.072361,0.023964
0.019028,0.002236,0.064751,0.090882,0.024666,0.004777,0.069686,0.068340
