vet-ins,vet-fnd,avl-ins,avl-fnd,hst-ins,hst-fnd,htr-ins,htr-fnd
0.000965,0.000032,0.002578,0.000880,0.001468,0.000063,0.001931,0.000513
0.004283,0.000314,0.014634,0.010218,0.006872,0.000631,0.012463,0.006615
0.007762,0.000324,0.028344,0.009523,0.011600,0.000539,0.023735,0.007479
0.013838,0.000824,0.067899,0.026466,0.022188,0.001460,0.062636,0.020827
0.017621,0.002145,0.060391,0.081124,0.022370,0.004576,0.057278,0.055778
