vet-ins,vet-fnd,avl-ins,avl-fnd,hst-ins,hst-fnd,htr-ins,htr-fnd
0.000530,0.000019,0.001934,0.000674,0.000802,0.003183,0.002023,0.000688
0.002403,0.000205,0.011817,0.008349,0.003650,0.142111,0.012722,0.008215
0.004175,0.000212,0.025900,0.008679,0.007108,0.220878,0.029104,0.009298
0.008195,0.000515,0.059778,0.025306,0.014077,0.543468,0.061920,0.028532
0.007561,0.001478,0.059979,0.074599,0.012952,2.173269,0.066084,0.077132
