vet-ins,vet-fnd,avl-ins,avl-fnd,hst-ins,hst-fnd,htr-ins,htr-fnd
0.002110,0.000066,0.005678,0.002006,0.003045,0.000136,0.004112,0.001164
0.005358,0.000262,0.012795,0.008774,0.005408,0.000535,0.010118,0.005974
0.007499,0.000312,0.026732,0.009665,0.010214,0.000535,0.022593,0.006004
0.013464,0.000656,0.065837,0.027758,0.019899,0.001339,0.051474,0.018128
0.018926,0.002071,0.062543,0.079589,0.018925,0.004033,0.051531,0.055119
