vet-ins,vet-fnd,avl-ins,avl-fnd,hst-ins,hst-fnd,htr-ins,htr-fnd
0.000955,0.000046,0.003611,0.001258,0.001959,0.000084,0.002742,0.000663
0.005221,0.000392,0.017705,0.009116,0.005413,0.000541,0.010055,0.005427
0.006929,0.000307,0.029010,0.010515,0.010714,0.000540,0.022296,0.006403
0.012724,0.000655,0.058620,0.025899,0.019694,0.001691,0.054856,0.018154
0.016387,0.001970,0.065263,0.085136,0.019126,0.004077,0.056074,0.054291
