vet-ins,vet-fnd,avl-ins,avl-fnd,hst-ins,hst-fnd,htr-ins,htr-fnd
0.002149,0.000072,0.005905,0.002061,0.003122,0.000151,0.004387,0.001184
0.004460,0.000308,0.015097,0.010722,0.006338,0.000628,0.012046,0.006481
0.007314,0.000308,0.031720,0.011672,0.011983,0.000628,0.027187,0.007700
0.014997,0.000772,0.075187,0.028408,0.021820,0.001341,0.055753,0.017956
0.018604,0.002122,0.063450,0.081562,0.018887,0.004036,0.054444,0.057176
