vet-ins,vet-fnd,avl-ins,avl-fnd,hst-ins,hst-fnd,htr-ins,htr-fnd
0.002057,0.000066,0.005585,0.002044,0.002997,0.000135,0.004144,0.001144
0.005274,0.000262,0.012239,0.008755,0.005388,0.000540,0.010044,0.005441
0.006313,0.000269,0.025774,0.009314,0.011373,0.000642,0.022871,0.006022
0.013198,0.000656,0.063771,0.030329,0.021549,0.001358,0.051546,0.018047
0.016074,0.001966,0.065137,0.079757,0.018562,0.004098,0.050072,0.054592
