vet-ins,vet-fnd,avl-ins,avl-fnd,hst-ins,hst-fnd,htr-ins,htr-fnd
0.000789,0.000026,0.002160,0.000751,0.001160,0.000054,0.001886,0.000435
0.003628,0.000263,0.012268,0.008718,0.005390,0.000535,0.010021,0.005414
0.007198,0.000308,0.028443,0.010124,0.010591,0.000633,0.022854,0.006019
0.012717,0.000657,0.058740,0.027184,0.019745,0.001340,0.053763,0.017961
0.016815,0.001973,0.059288,0.078827,0.018612,0.004055,0.050756,0.056355
