vet-ins,vet-fnd,avl-ins,avl-fnd,hst-ins,hst-fnd,htr-ins,htr-fnd
0.000558,0.000020,0.001918,0.000668,0.000772,0.004368,0.002224,0.000704
0.002626,0.000189,0.011921,0.008142,0.003758,0.187289,0.013787,0.009578
0.004120,0.000204,0.027255,0.009231,0.006807,0.297809,0.028839,0.009296
0.008294,0.000493,0.064337,0.025669,0.013459,0.732360,0.067221,0.027256
0.007622,0.001466,0.059467,0.076970,0.013111,1.677718,0.063829,0.075322
