vet-ins,vet-fnd,avl-ins,avl-fnd,hst-ins,hst-fnd,htr-ins,htr-fnd
0.000524,0.000019,0.001930,0.000688,0.000789,0.003333,0.002145,0.000751
0.002566,0.000186,0.011960,0.008399,0.003859,0.144368,0.012848,0.008177
0.003991,0.000205,0.026065,0.008842,0.007420,0.227224,0.027503,0.009102
0.008334,0.000491,0.059288,0.024566,0.014009,0.549536,0.060653,0.025140
0.007619,0.001451,0.059366,0.074901,0.013163,1.659031,0.062005,0.074501
