vet-ins,vet-fnd,avl-ins,avl-fnd,hst-ins,hst-fnd,htr-ins,htr-fnd
0.000895,0.000044,0.003595,0.001129,0.001840,0.000079,0.002360,0.000767
0.005701,0.000421,0.018545,0.010050,0.007212,0.000647,0.011385,0.005987
0.006500,0.000268,0.027177,0.009199,0.012091,0.000542,0.024826,0.006849
0.013878,0.000709,0.062282,0.027920,0.021867,0.001351,0.053523,0.018073
0.016934,0.002337,0.060539,0.078420,0.021220,0.004156,0.056215,0.059305
