vet-ins,vet-fnd,avl-ins,avl-fnd,hst-ins,hst-fnd,htr-ins,htr-fnd
0.002142,0.000079,0.005852,0.002187,0.003526,0.000135,0.004490,0.001245
0.004183,0.000267,0.013003,0.009067,0.006659,0.000543,0.011090,0.005481
0.006625,0.000267,0.026818,0.009808,0.011670,0.000538,0.024146,0.006540
0.013698,0.000808,0.062753,0.026470,0.022137,0.001355,0.055137,0.018211
0.019176,0.002316,0.063800,0.082896,0.023217,0.004710,0.063387,0.064449
