vet-ins,vet-fnd,avl-ins,avl-fnd,hst-ins,hst-fnd,htr-ins,htr-fnd
0.001195,0.000044,0.003061,0.001052,0.001600,0.000075,0.002208,0.000606
0.004859,0.000363,0.016847,0.008721,0.005418,0.000547,0.010083,0.005898
0.007142,0.000263,0.027005,0.009308,0.010239,0.000541,0.022420,0.006024
0.012652,0.000656,0.060044,0.026533,0.020440,0.001535,0.051472,0.017983
0.016369,0.001974,0.059904,0.078895,0.018642,0.004066,0.055635,0.057079
