vet-ins,vet-fnd,avl-ins,avl-fnd,hst-ins,hst-fnd,htr-ins,htr-fnd
0.000516,0.000019,0.001896,0.000662,0.000747,0.004218,0.002146,0.000706
0.002312,0.000188,0.011423,0.007964,0.003612,0.190386,0.013499,0.008626
0.003876,0.000205,0.027057,0.009946,0.007427,0.290625,0.028527,0.009266
0.008288,0.000505,0.062115,0.025442,0.013011,0.727776,0.061597,0.025114
0.007629,0.001500,0.060184,0.078359,0.013969,1.667393,0.062532,0.073867
