vet-ins,vet-fnd,avl-ins,avl-fnd,hst-ins,hst-fnd,htr-ins,htr-fnd
0.001230,0.000038,0.003619,0.001177,0.002010,0.000088,0.002663,0.000749
0.005864,0.000390,0.017158,0.009099,0.005408,0.000538,0.010214,0.005732
0.006277,0.000264,0.026718,0.011029,0.011635,0.000669,0.024536,0.006713
0.012564,0.000657,0.059554,0.026649,0.019835,0.001353,0.057430,0.018428
0.016431,0.001974,0.060141,0.081953,0.019576,0.004126,0.055911,0.059228
