vet-ins,vet-fnd,avl-ins,avl-fnd,hst-ins,hst-fnd,htr-ins,htr-fnd
0.000819,0.000027,0.002930,0.001123,0.001877,0.000081,0.002659,0.000759
0.005471,0.000391,0.016748,0.008960,0.006022,0.000540,0.010510,0.005444
0.006500,0.000267,0.026075,0.009206,0.011575,0.000539,0.022997,0.006060
0.013199,0.000669,0.058614,0.026735,0.021789,0.001346,0.054256,0.018262
0.016550,0.002009,0.062833,0.079060,0.021369,0.004047,0.053750,0.052789
