vet-ins,vet-fnd,avl-ins,avl-fnd,hst-ins,hst-fnd,htr-ins,htr-fnd
0.000555,0.000020,0.001955,0.000678,0.000834,0.003227,0.002045,0.000715
0.002187,0.000192,0.011529,0.007951,0.003932,0.142474,0.012859,0.008138
0.004158,0.000207,0.026562,0.008764,0.007093,0.222014,0.027017,0.008706
0.008263,0.000525,0.061393,0.025283,0.013078,0.722545,0.065226,0.025294
0.007639,0.001432,0.059457,0.073952,0.013188,2.212393,0.061886,0.076732
