vet-ins,vet-fnd,avl-ins,avl-fnd,hst-ins,hst-fnd,htr-ins,htr-fnd
0.000889,0.000032,0.002668,0.000840,0.001485,0.000054,0.001734,0.000514
0.004393,0.000269,0.013898,0.009230,0.006338,0.000543,0.010801,0.006092
0.007703,0.000314,0.030770,0.010932,0.013087,0.000631,0.027009,0.007273
0.015636,0.000785,0.062945,0.027212,0.023341,0.001349,0.059268,0.019801
0.019041,0.002360,0.069712,0.092227,0.024237,0.004749,0.062668,0.062984
