vet-ins,vet-fnd,avl-ins,avl-fnd,hst-ins,hst-fnd,htr-ins,htr-fnd
0.002236,0.000075,0.006089,0.002094,0.003469,0.000150,0.004514,0.001232
0.004379,0.000267,0.012540,0.008776,0.005916,0.000539,0.012419,0.006289
0.007495,0.000313,0.029977,0.009890,0.011508,0.000539,0.024166,0.006110
0.013183,0.000668,0.061169,0.028533,0.023401,0.001543,0.057246,0.018454
0.017380,0.002005,0.064141,0.080710,0.021270,0.004343,0.053802,0.056349
