vet-ins,vet-fnd,avl-ins,avl-fnd,hst-ins,hst-fnd,htr-ins,htr-fnd
0.000541,0.000020,0.001959,0.000666,0.000785,0.004156,0.002141,0.000785
0.002337,0.000190,0.011417,0.008201,0.003748,0.189345,0.013478,0.008636
0.003980,0.000200,0.026013,0.008990,0.006690,0.292892,0.029077,0.009456
0.008084,0.000491,0.059941,0.024655,0.013608,0.731521,0.061890,0.025542
0.007589,0.001454,0.059873,0.076143,0.013322,1.676723,0.063242,0.073783
