vet-ins,vet-fnd,avl-ins,avl-fnd,hst-ins,hst-fnd,htr-ins,htr-fnd
0.001923,0.000067,0.005544,0.002065,0.002889,0.000139,0.004238,0.001084
0.004996,0.000262,0.012947,0.008773,0.005401,0.000535,0.010122,0.005422
0.006687,0.000266,0.025817,0.009292,0.010200,0.000535,0.022407,0.006006
0.012826,0.000665,0.058730,0.026260,0.019567,0.001337,0.053596,0.019217
0.016382,0.001973,0.063591,0.084331,0.018634,0.004019,0.051044,0.053652
