vet-ins,vet-fnd,avl-ins,avl-fnd,hst-ins,hst-fnd,htr-ins,htr-fnd
0.000820,0.000027,0.002392,0.000906,0.001263,0.000057,0.001932,0.000521
0.004361,0.000314,0.014609,0.009721,0.006478,0.000540,0.011764,0.005611
0.006834,0.000268,0.027166,0.009227,0.011621,0.000539,0.023703,0.006401
0.014088,0.000777,0.061586,0.026119,0.022415,0.001349,0.055589,0.018954
0.017137,0.002009,0.061199,0.082544,0.025002,0.004480,0.055826,0.053555
