vet-ins,vet-fnd,avl-ins,avl-fnd,hst-ins,hst-fnd,htr-ins,htr-fnd
0.000557,0.000022,0.002042,0.000669,0.000863,0.004367,0.002204,0.000740
0.002348,0.000186,0.011591,0.008049,0.003688,0.189864,0.013839,0.009092
0.003944,0.000201,0.026577,0.009055,0.006942,0.225213,0.027260,0.009220
0.008143,0.000487,0.059841,0.024933,0.014095,0.548782,0.061949,0.025852
0.007916,0.001432,0.060272,0.075172,0.013058,2.244646,0.065835,0.081170
