vet-ins,vet-fnd,avl-ins,avl-fnd,hst-ins,hst-fnd,htr-ins,htr-fnd
0.000516,0.000020,0.001906,0.000658,0.000783,0.003195,0.002042,0.000711
0.002337,0.000190,0.011532,0.007858,0.003674,0.149232,0.013082,0.008310
0.004339,0.000257,0.026150,0.008656,0.006641,0.294320,0.027914,0.009724
0.008507,0.000557,0.074033,0.026243,0.013370,0.751893,0.061904,0.029725
0.007551,0.001492,0.060476,0.076750,0.012569,2.252857,0.084095,0.098490
