vet-ins,vet-fnd,avl-ins,avl-fnd,hst-ins,hst-fnd,htr-ins,htr-fnd
0.001047,0.000044,0.003807,0.001408,0.001720,0.000075,0.002229,0.000601
0.004857,0.000363,0.017114,0.010276,0.006361,0.000639,0.011879,0.006074
0.007214,0.000326,0.030288,0.010522,0.011434,0.000653,0.025623,0.006444
0.014867,0.000768,0.069684,0.030977,0.022867,0.001546,0.060453,0.020278
0.019048,0.002374,0.066483,0.091364,0.020208,0.004049,0.058075,0.054850
