vet-ins,vet-fnd,avl-ins,avl-fnd,hst-ins,hst-fnd,htr-ins,htr-fnd
0.002046,0.000078,0.005746,0.002027,0.003234,0.000135,0.003993,0.001085
0.004516,0.000267,0.012767,0.008642,0.005866,0.000540,0.010388,0.005428
0.006496,0.000269,0.026119,0.009503,0.011208,0.000539,0.022768,0.006029
0.013095,0.000668,0.065034,0.026454,0.022187,0.001589,0.053279,0.017999
0.016835,0.002012,0.062773,0.078560,0.020761,0.004050,0.052919,0.058321
