vet-ins,vet-fnd,avl-ins,avl-fnd,hst-ins,hst-fnd,htr-ins,htr-fnd
0.000557,0.000019,0.001915,0.000664,0.000751,0.004343,0.002174,0.000715
0.002367,0.000190,0.011573,0.008026,0.003602,0.189331,0.013559,0.008645
0.004094,0.000212,0.025583,0.008720,0.007788,0.294265,0.028955,0.009413
0.008265,0.000492,0.060907,0.027437,0.014239,0.555502,0.065707,0.026693
0.007751,0.001547,0.062332,0.076010,0.013555,2.207529,0.068690,0.086167
