vet-ins,vet-fnd,avl-ins,avl-fnd,hst-ins,hst-fnd,htr-ins,htr-fnd
0.000878,0.000031,0.002537,0.000829,0.001391,0.000068,0.001722,0.000509
0.004009,0.000332,0.013378,0.009039,0.005402,0.000543,0.010116,0.005429
0.006356,0.000263,0.026384,0.009258,0.010198,0.000540,0.025162,0.007025
0.012991,0.000662,0.059188,0.025787,0.019587,0.001369,0.052100,0.018271
0.016627,0.001968,0.059714,0.078415,0.018558,0.004053,0.050388,0.053449
