vet-ins,vet-fnd,avl-ins,avl-fnd,hst-ins,hst-fnd,htr-ins,htr-fnd
0.000546,0.000019,0.001866,0.000702,0.000798,0.004221,0.002095,0.000739
0.002421,0.000189,0.011301,0.007903,0.003467,0.189780,0.013544,0.008548
0.004161,0.000206,0.025786,0.008705,0.007089,0.228074,0.029793,0.009048
0.008212,0.000561,0.059658,0.025404,0.013542,0.554702,0.059871,0.025890
0.007993,0.001473,0.060021,0.073722,0.013227,1.695051,0.064145,0.076128
