vet-ins,vet-fnd,avl-ins,avl-fnd,hst-ins,hst-fnd,htr-ins,htr-fnd
0.001344,0.000039,0.003623,0.001306,0.001889,0.000078,0.002681,0.000668
0.005556,0.000388,0.017361,0.010472,0.006060,0.000545,0.011859,0.006063
0.006910,0.000263,0.028858,0.009643,0.010190,0.000535,0.024996,0.007025
0.012792,0.000657,0.058998,0.026273,0.020795,0.001505,0.051495,0.021254
0.016432,0.001973,0.061148,0.082827,0.020528,0.004025,0.052074,0.053345
