vet-ins,vet-fnd,avl-ins,avl-fnd,hst-ins,hst-fnd,htr-ins,htr-fnd
0.002140,0.000067,0.005695,0.001924,0.003342,0.000158,0.004223,0.001081
0.004263,0.000268,0.013385,0.010061,0.005921,0.000539,0.010878,0.006541
0.008129,0.000279,0.029372,0.009848,0.011190,0.000538,0.022635,0.006042
0.013153,0.000704,0.058863,0.025574,0.023259,0.001581,0.054878,0.018379
0.016894,0.002012,0.059758,0.082574,0.020779,0.004097,0.051941,0.053232
