vet-ins,vet-fnd,avl-ins,avl-fnd,hst-ins,hst-fnd,htr-ins,htr-fnd
0.000795,0.000027,0.002211,0.000755,0.001227,0.000064,0.001922,0.000437
0.004039,0.000263,0.014129,0.009777,0.005415,0.000556,0.011539,0.005731
0.006614,0.000263,0.026416,0.009258,0.010222,0.000539,0.022280,0.006042
0.014370,0.000810,0.062690,0.026145,0.019704,0.001337,0.052434,0.017975
0.016498,0.002032,0.061273,0.080168,0.019182,0.004032,0.052731,0.053324
