vet-ins,vet-fnd,avl-ins,avl-fnd,hst-ins,hst-fnd,htr-ins,htr-fnd
0.002186,0.000073,0.005982,0.002032,0.003394,0.000147,0.004382,0.001193
0.004105,0.000267,0.012484,0.008672,0.005899,0.000538,0.010392,0.005482
0.006494,0.000269,0.026176,0.009643,0.011565,0.000545,0.022852,0.006078
0.013159,0.000702,0.061596,0.028842,0.021783,0.001343,0.053467,0.017895
0.016544,0.002017,0.067336,0.078281,0.020744,0.004063,0.052656,0.053415
