vet-ins,vet-fnd,avl-ins,avl-fnd,hst-ins,hst-fnd,htr-ins,htr-fnd
0.000795,0.000026,0.002168,0.000757,0.001160,0.000053,0.001808,0.000530
0.003555,0.000262,0.013470,0.008744,0.005400,0.000536,0.010012,0.005410
0.006341,0.000263,0.026725,0.009870,0.010186,0.000547,0.021916,0.006020
0.012634,0.000662,0.058453,0.026001,0.019631,0.001338,0.051625,0.017988
0.016072,0.001973,0.060022,0.087040,0.018627,0.004031,0.050830,0.053855
