vet-ins,vet-fnd,avl-ins,avl-fnd,hst-ins,hst-fnd,htr-ins,htr-fnd
0.000520,0.000018,0.001878,0.000667,0.000790,0.003420,0.002235,0.000682
0.002525,0.000205,0.012016,0.008109,0.003695,0.143307,0.012744,0.008428
0.004161,0.000200,0.025676,0.008801,0.007408,0.227029,0.026671,0.008663
0.008754,0.000492,0.058374,0.025949,0.014459,0.552829,0.061343,0.024979
0.007709,0.001458,0.058636,0.075048,0.012984,1.682058,0.059897,0.073195
