vet-ins,vet-fnd,avl-ins,avl-fnd,hst-ins,hst-fnd,htr-ins,htr-fnd
0.001006,0.000034,0.002564,0.000885,0.001364,0.000064,0.001901,0.000516
0.004088,0.000263,0.013515,0.009222,0.005808,0.000535,0.010766,0.005413
0.006178,0.000264,0.025921,0.009257,0.010229,0.000536,0.022157,0.006007
0.012829,0.000724,0.061165,0.026199,0.019724,0.001612,0.052734,0.017949
0.016403,0.001972,0.060491,0.081076,0.019108,0.004022,0.052175,0.053854
