vet-ins,vet-fnd,avl-ins,avl-fnd,hst-ins,hst-fnd,htr-ins,htr-fnd
0.001904,0.000064,0.005285,0.001836,0.002786,0.000129,0.003850,0.001053
0.006645,0.000364,0.012800,0.008726,0.005434,0.000545,0.010124,0.005427
0.006546,0.000263,0.026328,0.009239,0.010230,0.000536,0.022839,0.006291
0.012725,0.000657,0.061195,0.026771,0.019692,0.001349,0.057303,0.019102
0.016043,0.001972,0.058900,0.082781,0.021103,0.004693,0.053937,0.053457
