vet-ins,vet-fnd,avl-ins,avl-fnd,hst-ins,hst-fnd,htr-ins,htr-fnd
0.000990,0.000034,0.002463,0.000936,0.001441,0.000063,0.001920,0.000435
0.004044,0.000280,0.013961,0.008650,0.005888,0.000540,0.010401,0.005467
0.006652,0.000313,0.026549,0.009225,0.011226,0.000539,0.022852,0.006067
0.013086,0.000668,0.059189,0.025686,0.021808,0.001611,0.053789,0.017916
0.017623,0.002430,0.064073,0.078723,0.020721,0.004375,0.052492,0.059099
