vet-ins,vet-fnd,avl-ins,avl-fnd,hst-ins,hst-fnd,htr-ins,htr-fnd
0.000545,0.000018,0.001915,0.000663,0.000780,0.004306,0.002153,0.000703
0.002451,0.000188,0.011745,0.008208,0.003755,0.191635,0.014187,0.008924
0.004019,0.000203,0.026910,0.009027,0.007065,0.294000,0.028664,0.009331
0.008255,0.000496,0.059231,0.024941,0.013428,0.732535,0.066229,0.025465
0.007649,0.001467,0.061888,0.079358,0.013715,2.243147,0.072133,0.081034
