vet-ins,vet-fnd,avl-ins,avl-fnd,hst-ins,hst-fnd,htr-ins,htr-fnd
0.002113,0.000072,0.005930,0.002034,0.003132,0.000146,0.004327,0.001189
0.004716,0.000264,0.012720,0.008814,0.005554,0.000539,0.010120,0.005404
0.006201,0.000263,0.025932,0.009184,0.010176,0.000536,0.026071,0.006001
0.013144,0.000656,0.060205,0.029163,0.021943,0.001337,0.053296,0.018875
0.016163,0.001965,0.065984,0.083835,0.018630,0.004032,0.051117,0.054395
