vet-ins,vet-fnd,avl-ins,avl-fnd,hst-ins,hst-fnd,htr-ins,htr-fnd
0.002072,0.000079,0.005821,0.002114,0.003306,0.000135,0.004132,0.001188
0.004073,0.000279,0.012341,0.008680,0.005898,0.000540,0.010540,0.006544
0.006551,0.000330,0.026833,0.010115,0.011847,0.000539,0.024138,0.006386
0.014389,0.000668,0.064672,0.028723,0.023832,0.001359,0.057834,0.020005
0.017407,0.002371,0.062000,0.078903,0.021122,0.004047,0.052328,0.053249
