vet-ins,vet-fnd,avl-ins,avl-fnd,hst-ins,hst-fnd,htr-ins,htr-fnd
0.000839,0.000031,0.002928,0.001070,0.001766,0.000094,0.002561,0.000752
0.005498,0.000459,0.018151,0.009333,0.005383,0.000545,0.010009,0.005771
0.006341,0.000263,0.026024,0.009240,0.010146,0.000545,0.022341,0.007447
0.013028,0.000656,0.060799,0.026860,0.019792,0.001337,0.052439,0.019220
0.016930,0.001970,0.059476,0.079121,0.018657,0.004017,0.051456,0.052956
