vet-ins,vet-fnd,avl-ins,avl-fnd,hst-ins,hst-fnd,htr-ins,htr-fnd
0.000521,0.000019,0.001978,0.000691,0.000759,0.004327,0.002164,0.000729
0.002176,0.000193,0.011958,0.008122,0.003756,0.142717,0.013709,0.008693
0.003931,0.000199,0.026506,0.008762,0.007653,0.228072,0.029232,0.008959
0.008044,0.000490,0.061932,0.024877,0.013789,0.543096,0.061385,0.024945
0.007624,0.001435,0.063365,0.075680,0.012621,2.210772,0.066124,0.076897
