vet-ins,vet-fnd,avl-ins,avl-fnd,hst-ins,hst-fnd,htr-ins,htr-fnd
0.000508,0.000019,0.001888,0.000687,0.000797,0.003207,0.002048,0.000668
0.002339,0.000188,0.011537,0.007999,0.003696,0.141912,0.012811,0.008230
0.004005,0.000199,0.025754,0.008711,0.007427,0.227544,0.027555,0.008944
0.008443,0.000502,0.060100,0.024897,0.014148,0.551306,0.061185,0.025654
0.007564,0.001455,0.059155,0.075076,0.012193,2.181731,0.062955,0.076847
