vet-ins,vet-fnd,avl-ins,avl-fnd,hst-ins,hst-fnd,htr-ins,htr-fnd
0.000543,0.000020,0.001909,0.000661,0.000813,0.003174,0.002138,0.000670
0.002332,0.000187,0.011429,0.007834,0.003775,0.142179,0.013371,0.008362
0.004086,0.000211,0.026345,0.008850,0.007769,0.227514,0.030855,0.009616
0.007982,0.000510,0.059789,0.024984,0.013993,0.557059,0.061444,0.024581
0.007531,0.001453,0.059829,0.076932,0.013444,1.683369,0.064412,0.072771
