vet-ins,vet-fnd,avl-ins,avl-fnd,hst-ins,hst-fnd,htr-ins,htr-fnd
0.002004,0.000077,0.005647,0.002022,0.003054,0.000158,0.004087,0.001086
0.004747,0.000307,0.013867,0.009276,0.005813,0.000544,0.010372,0.005424
0.006271,0.000262,0.026094,0.009305,0.010209,0.000540,0.022400,0.006051
0.012938,0.000656,0.059775,0.026817,0.019637,0.001365,0.051863,0.018002
0.016443,0.001967,0.059948,0.080009,0.019645,0.004556,0.052240,0.053283
