vet-ins,vet-fnd,avl-ins,avl-fnd,hst-ins,hst-fnd,htr-ins,htr-fnd
0.000540,0.000020,0.001948,0.000664,0.000797,0.003190,0.002107,0.000666
0.002364,0.000195,0.011969,0.008096,0.003955,0.142337,0.012708,0.008063
0.004271,0.000226,0.026067,0.008884,0.007339,0.224942,0.027227,0.008746
0.008414,0.000509,0.062359,0.025777,0.014089,0.558385,0.064975,0.023964
0.007483,0.001455,0.058823,0.076106,0.013385,1.707800,0.073809,0.084404
