vet-ins,vet-fnd,avl-ins,avl-fnd,hst-ins,hst-fnd,htr-ins,htr-fnd
0.001997,0.000078,0.005538,0.001956,0.003040,0.000158,0.003978,0.001073
0.006027,0.000306,0.012334,0.008759,0.005722,0.000540,0.010136,0.005412
0.006621,0.000262,0.026776,0.009297,0.010221,0.000541,0.022085,0.005996
0.012618,0.000656,0.058960,0.026301,0.021067,0.001379,0.052603,0.018531
0.018554,0.002178,0.067286,0.079349,0.018984,0.004059,0.051250,0.058606
