vet-ins,vet-fnd,avl-ins,avl-fnd,hst-ins,hst-fnd,htr-ins,htr-fnd
0.001335,0.000045,0.003033,0.001052,0.001740,0.000075,0.002243,0.000605
0.005037,0.000372,0.016779,0.008691,0.005910,0.000542,0.010822,0.005475
0.006705,0.000273,0.026540,0.009972,0.011306,0.000644,0.023339,0.006073
0.014778,0.000788,0.066748,0.026668,0.021833,0.001607,0.053311,0.018110
0.018934,0.002361,0.069281,0.091298,0.024265,0.004742,0.062172,0.061484
