vet-ins,vet-fnd,avl-ins,avl-fnd,hst-ins,hst-fnd,htr-ins,htr-fnd
0.000921,0.000031,0.002612,0.000878,0.001379,0.000054,0.001788,0.000510
0.003978,0.000263,0.014247,0.010058,0.005776,0.000550,0.010338,0.005387
0.006471,0.000263,0.025850,0.009261,0.010154,0.000547,0.022017,0.005960
0.012766,0.000656,0.063239,0.026696,0.019671,0.001360,0.051955,0.017888
0.016807,0.001973,0.061197,0.080162,0.018965,0.004114,0.051578,0.052908
