vet-ins,vet-fnd,avl-ins,avl-fnd,hst-ins,hst-fnd,htr-ins,htr-fnd
0.001224,0.000039,0.003622,0.001299,0.002076,0.000079,0.002747,0.000636
0.005932,0.000392,0.016251,0.009405,0.006146,0.000538,0.011812,0.005994
0.006906,0.000314,0.028121,0.009640,0.011657,0.000544,0.024851,0.006143
0.013900,0.000669,0.061268,0.026358,0.023924,0.001532,0.057828,0.018859
0.017242,0.002109,0.061776,0.080749,0.021431,0.004848,0.062134,0.060945
