vet-ins,vet-fnd,avl-ins,avl-fnd,hst-ins,hst-fnd,htr-ins,htr-fnd
0.000533,0.000019,0.001885,0.000657,0.000782,0.003194,0.002049,0.000669
0.002314,0.000186,0.011594,0.008137,0.003548,0.141321,0.012705,0.008139
0.004147,0.000203,0.025938,0.008861,0.007012,0.225801,0.026383,0.008654
0.008095,0.000489,0.066461,0.024672,0.014077,0.552775,0.063889,0.024506
0.007541,0.001450,0.061957,0.076516,0.013205,1.659218,0.060280,0.073863
