vet-ins,vet-fnd,avl-ins,avl-fnd,hst-ins,hst-fnd,htr-ins,htr-fnd
0.000539,0.000020,0.002030,0.000672,0.000832,0.003199,0.002115,0.000682
0.002399,0.000187,0.012318,0.008969,0.004337,0.146031,0.012861,0.008148
0.004698,0.000208,0.025976,0.008650,0.007308,0.229334,0.027177,0.009578
0.008363,0.000494,0.060459,0.024475,0.013317,0.561316,0.064273,0.025841
0.007661,0.001424,0.060279,0.075306,0.013707,2.228452,0.062027,0.077198
