vet-ins,vet-fnd,avl-ins,avl-fnd,hst-ins,hst-fnd,htr-ins,htr-fnd
0.000793,0.000026,0.002167,0.000752,0.001195,0.000064,0.001936,0.000537
0.003574,0.000263,0.012286,0.008731,0.005401,0.000540,0.010172,0.005409
0.006343,0.000263,0.025743,0.009240,0.010244,0.000540,0.022205,0.006005
0.012651,0.000655,0.060829,0.027846,0.019952,0.001553,0.051960,0.018605
0.016564,0.001975,0.060312,0.079366,0.019010,0.004064,0.055965,0.054659
