vet-ins,vet-fnd,avl-ins,avl-fnd,hst-ins,hst-fnd,htr-ins,htr-fnd
0.002143,0.000067,0.005908,0.001892,0.003411,0.000152,0.004441,0.001109
0.004975,0.000279,0.013237,0.008962,0.005895,0.000540,0.010359,0.005559
0.007094,0.000267,0.026248,0.009493,0.011246,0.000538,0.022786,0.006077
0.013327,0.000669,0.059243,0.025717,0.022108,0.001351,0.054769,0.018218
0.016619,0.002028,0.059395,0.078453,0.021262,0.004789,0.056777,0.060354
