vet-ins,vet-fnd,avl-ins,avl-fnd,hst-ins,hst-fnd,htr-ins,htr-fnd
0.000565,0.000020,0.001925,0.000686,0.000861,0.004267,0.002129,0.000718
0.002353,0.000188,0.011537,0.008006,0.003614,0.199508,0.013414,0.008871
0.004294,0.000201,0.027291,0.009040,0.007353,0.296498,0.028764,0.009177
0.008525,0.000543,0.062805,0.027335,0.012962,0.734246,0.066299,0.025666
0.007700,0.001450,0.072721,0.075466,0.013009,2.232050,0.066937,0.079920
