vet-ins,vet-fnd,avl-ins,avl-fnd,hst-ins,hst-fnd,htr-ins,htr-fnd
0.000800,0.000026,0.002186,0.000751,0.001163,0.000053,0.003647,0.001083
0.008842,0.000657,0.016087,0.009113,0.005755,0.000640,0.011432,0.005913
0.006242,0.000263,0.025907,0.009214,0.010272,0.000639,0.024134,0.006650
0.012805,0.000662,0.063398,0.028166,0.019960,0.001340,0.054071,0.019756
0.016849,0.001987,0.059964,0.078937,0.019670,0.004676,0.055263,0.054157
