vet-ins,vet-fnd,avl-ins,avl-fnd,hst-ins,hst-fnd,htr-ins,htr-fnd
0.000554,0.000020,0.002073,0.000827,0.000972,0.003528,0.002062,0.000671
0.002364,0.000193,0.012175,0.008780,0.003551,0.143361,0.013189,0.009771
0.004158,0.000201,0.026542,0.008802,0.007356,0.230696,0.028254,0.009663
0.008479,0.000510,0.061928,0.024458,0.013638,0.558797,0.059984,0.024367
0.007654,0.001452,0.062771,0.074184,0.013484,1.684616,0.065011,0.074434
