vet-ins,vet-fnd,avl-ins,avl-fnd,hst-ins,hst-fnd,htr-ins,htr-fnd
0.000523,0.000019,0.001905,0.000670,0.000795,0.003214,0.002061,0.000691
0.002429,0.000216,0.012250,0.008231,0.003721,0.142821,0.012731,0.008072
0.004160,0.000209,0.026002,0.008782,0.007100,0.225178,0.027460,0.009197
0.008387,0.000561,0.060590,0.025111,0.013290,0.726462,0.062508,0.025515
0.007562,0.001445,0.059455,0.075784,0.013620,2.200557,0.062908,0.078461
