vet-ins,vet-fnd,avl-ins,avl-fnd,hst-ins,hst-fnd,htr-ins,htr-fnd
0.002067,0.000066,0.005763,0.001944,0.002993,0.000135,0.004203,0.001265
0.004918,0.000263,0.012363,0.009093,0.005420,0.000544,0.010109,0.005443
0.006446,0.000263,0.025956,0.009251,0.010218,0.000545,0.022050,0.006018
0.012629,0.000655,0.059347,0.029977,0.019995,0.001357,0.052298,0.018030
0.018722,0.001970,0.060277,0.079818,0.019018,0.004051,0.057303,0.058350
