vet-ins,vet-fnd,avl-ins,avl-fnd,hst-ins,hst-fnd,htr-ins,htr-fnd
0.001402,0.000047,0.003608,0.001188,0.002169,0.000096,0.002589,0.000761
0.006057,0.000391,0.017063,0.008616,0.005906,0.000542,0.012479,0.005798
0.007329,0.000329,0.031042,0.010224,0.011827,0.000649,0.022826,0.006458
0.013049,0.000710,0.059187,0.025836,0.021769,0.001350,0.055622,0.018160
0.016997,0.002111,0.060323,0.079546,0.020805,0.004062,0.053130,0.054788
