vet-ins,vet-fnd,avl-ins,avl-fnd,hst-ins,hst-fnd,htr-ins,htr-fnd
0.002094,0.000066,0.005975,0.001945,0.003021,0.000134,0.004097,0.001257
0.004790,0.000266,0.012311,0.009054,0.005400,0.000549,0.010033,0.005802
0.006417,0.000262,0.026325,0.011201,0.011413,0.000628,0.022585,0.006030
0.014265,0.000791,0.061238,0.027340,0.020139,0.001339,0.058714,0.021480
0.017130,0.001967,0.063939,0.088776,0.019759,0.004016,0.051545,0.054773
