vet-ins,vet-fnd,avl-ins,avl-fnd,hst-ins,hst-fnd,htr-ins,htr-fnd
0.001025,0.000032,0.002574,0.000900,0.001511,0.000068,0.001723,0.000513
0.003901,0.000334,0.013561,0.009886,0.006155,0.000676,0.011573,0.005441
0.007456,0.000314,0.030410,0.010759,0.013064,0.000631,0.026546,0.007120
0.015246,0.000824,0.068450,0.029401,0.023568,0.001522,0.058152,0.020307
0.017675,0.002343,0.064424,0.094119,0.023799,0.004461,0.057027,0.056845
