vet-ins,vet-fnd,avl-ins,avl-fnd,hst-ins,hst-fnd,htr-ins,htr-fnd
0.000569,0.000021,0.001971,0.000701,0.000839,0.003337,0.002163,0.000704
0.002316,0.000187,0.011347,0.007891,0.003655,0.142214,0.012416,0.008017
0.003825,0.000203,0.025961,0.008715,0.006999,0.221502,0.026802,0.008627
0.008077,0.000508,0.058615,0.024404,0.013326,0.543193,0.059751,0.024172
0.007555,0.001424,0.059092,0.073918,0.013340,1.662336,0.061365,0.072693
