vet-ins,vet-fnd,avl-ins,avl-fnd,hst-ins,hst-fnd,htr-ins,htr-fnd
0.002031,0.000067,0.005802,0.001973,0.003266,0.000159,0.004278,0.001088
0.004521,0.000267,0.012530,0.008690,0.005877,0.000540,0.010443,0.005471
0.006562,0.000269,0.026510,0.009196,0.011217,0.000540,0.022946,0.006090
0.013102,0.000667,0.062747,0.025602,0.021774,0.001347,0.054171,0.017918
0.017010,0.002377,0.067457,0.083791,0.022255,0.004180,0.056410,0.060336
