vet-ins,vet-fnd,avl-ins,avl-fnd,hst-ins,hst-fnd,htr-ins,htr-fnd
0.000992,0.000031,0.002564,0.000908,0.001368,0.000064,0.001782,0.000475
0.004193,0.000307,0.014510,0.009720,0.005603,0.000634,0.010093,0.005393
0.006620,0.000263,0.026203,0.009282,0.010190,0.000543,0.022304,0.006001
0.012727,0.000655,0.062425,0.026678,0.019676,0.001350,0.052356,0.017994
0.018457,0.002343,0.067469,0.087868,0.020611,0.004826,0.053099,0.062806
