vet-ins,vet-fnd,avl-ins,avl-fnd,hst-ins,hst-fnd,htr-ins,htr-fnd
0.000519,0.000019,0.001870,0.000692,0.000789,0.003043,0.002027,0.000666
0.002360,0.000188,0.011708,0.008059,0.003710,0.142720,0.012673,0.008170
0.004151,0.000200,0.026145,0.009058,0.007191,0.224279,0.026869,0.008941
0.008194,0.000489,0.059535,0.025113,0.013305,0.741389,0.066300,0.025659
0.007774,0.001456,0.060270,0.074716,0.013570,1.655922,0.063977,0.072430
