vet-ins,vet-fnd,avl-ins,avl-fnd,hst-ins,hst-fnd,htr-ins,htr-fnd
0.000821,0.000028,0.002528,0.000749,0.001262,0.000054,0.001603,0.000434
0.003855,0.000291,0.013081,0.008651,0.005888,0.000541,0.010312,0.005452
0.006794,0.000268,0.027125,0.009190,0.011205,0.000538,0.022771,0.006082
0.015577,0.000760,0.063222,0.025898,0.022364,0.001346,0.053912,0.018083
0.016966,0.002024,0.060041,0.078323,0.020798,0.004052,0.055305,0.055695
