vet-ins,vet-fnd,avl-ins,avl-fnd,hst-ins,hst-fnd,htr-ins,htr-fnd
0.002199,0.000067,0.005756,0.001882,0.003313,0.000135,0.004362,0.001154
0.005007,0.000267,0.012510,0.008644,0.006319,0.000553,0.010426,0.005991
0.006509,0.000268,0.027225,0.009220,0.011275,0.000545,0.022842,0.006093
0.013492,0.000668,0.060855,0.025794,0.022767,0.001579,0.062144,0.020900
0.019239,0.002347,0.070785,0.091347,0.024210,0.004745,0.059564,0.056236
