vet-ins,vet-fnd,avl-ins,avl-fnd,hst-ins,hst-fnd,htr-ins,htr-fnd
0.000522,0.000020,0.001861,0.000697,0.000759,0.004878,0.003341,0.000988
0.002357,0.000189,0.012273,0.008052,0.003623,0.197794,0.013482,0.008556
0.004317,0.000199,0.025827,0.008882,0.007177,0.293908,0.029701,0.009133
0.008109,0.000487,0.058630,0.024958,0.012989,0.741390,0.063886,0.025338
0.007613,0.001501,0.063289,0.076611,0.013149,1.674817,0.067490,0.077275
