vet-ins,vet-fnd,avl-ins,avl-fnd,hst-ins,hst-fnd,htr-ins,htr-fnd
0.000836,0.000027,0.002997,0.001041,0.001745,0.000075,0.002231,0.000604
0.005018,0.000373,0.017288,0.009027,0.005893,0.000538,0.010277,0.005480
0.006510,0.000268,0.026176,0.009308,0.011515,0.000538,0.025210,0.006404
0.014768,0.000675,0.061623,0.026329,0.022035,0.001577,0.052592,0.017802
0.016711,0.002011,0.059664,0.079591,0.021378,0.004032,0.055387,0.053717
