vet-ins,vet-fnd,avl-ins,avl-fnd,hst-ins,hst-fnd,htr-ins,htr-fnd
0.000525,0.000020,0.001883,0.000663,0.000761,0.004284,0.002221,0.000722
0.002388,0.000189,0.011405,0.007812,0.003412,0.185289,0.013784,0.008676
0.004278,0.000207,0.027345,0.009098,0.007109,0.288601,0.030408,0.009777
0.008041,0.000502,0.059965,0.025088,0.013002,0.737784,0.060373,0.025122
0.007989,0.001519,0.059584,0.077000,0.013522,2.189040,0.070776,0.078358
