vet-ins,vet-fnd,avl-ins,avl-fnd,hst-ins,hst-fnd,htr-ins,htr-fnd
0.000791,0.000026,0.002177,0.000756,0.001184,0.000064,0.001877,0.000434
0.003472,0.000262,0.013098,0.009789,0.005967,0.000632,0.010572,0.005419
0.006401,0.000263,0.026510,0.009321,0.010221,0.000551,0.022008,0.006050
0.012700,0.000656,0.061000,0.027681,0.020068,0.001378,0.051387,0.018741
0.016878,0.001992,0.059092,0.079003,0.018592,0.004287,0.055490,0.053998
