vet-ins,vet-fnd,avl-ins,avl-fnd,hst-ins,hst-fnd,htr-ins,htr-fnd
0.000529,0.000019,0.001905,0.000684,0.000823,0.003149,0.002076,0.000664
0.002411,0.000193,0.011616,0.008026,0.003565,0.141052,0.012845,0.008156
0.004242,0.000224,0.026346,0.008894,0.007190,0.222669,0.026802,0.008741
0.008087,0.000493,0.058191,0.024867,0.014136,0.554696,0.061952,0.024454
0.007573,0.001446,0.058797,0.074634,0.012610,2.181012,0.064426,0.077487
