vet-ins,vet-fnd,avl-ins,avl-fnd,hst-ins,hst-fnd,htr-ins,htr-fnd
0.000574,0.000020,0.001869,0.000690,0.000831,0.003159,0.002047,0.000666
0.002174,0.000192,0.011615,0.008290,0.003830,0.142816,0.012893,0.008851
0.004208,0.000277,0.026325,0.008811,0.007155,0.222833,0.026784,0.008781
0.008129,0.000519,0.059541,0.026807,0.014130,0.543937,0.061970,0.024771
0.007782,0.001482,0.060374,0.075790,0.013321,1.655622,0.061842,0.078798
