vet-ins,vet-fnd,avl-ins,avl-fnd,hst-ins,hst-fnd,htr-ins,htr-fnd
0.000792,0.000026,0.003105,0.001050,0.001603,0.000076,0.002224,0.000602
0.004853,0.000364,0.017294,0.009130,0.005810,0.000541,0.010131,0.005975
0.007224,0.000311,0.029880,0.010784,0.012156,0.000633,0.026138,0.007106
0.014775,0.000772,0.069209,0.029173,0.020186,0.001358,0.053835,0.018240
0.016989,0.002173,0.062440,0.083223,0.019299,0.004109,0.057992,0.057222
