vet-ins,vet-fnd,avl-ins,avl-fnd,hst-ins,hst-fnd,htr-ins,htr-fnd
0.002239,0.000067,0.005792,0.001863,0.003351,0.000135,0.004345,0.001135
0.004909,0.000272,0.012530,0.008656,0.005903,0.000542,0.010478,0.005838
0.007633,0.000314,0.026815,0.009157,0.011626,0.000539,0.024949,0.006309
0.013172,0.000674,0.059577,0.028034,0.021706,0.001353,0.053752,0.017825
0.018061,0.002010,0.064493,0.080074,0.021149,0.004045,0.055770,0.057085
