vet-ins,vet-fnd,avl-ins,avl-fnd,hst-ins,hst-fnd,htr-ins,htr-fnd
0.000847,0.000027,0.002476,0.000782,0.001253,0.000062,0.003788,0.001147
0.008889,0.000487,0.013318,0.008727,0.005414,0.000536,0.010102,0.005401
0.006637,0.000263,0.026810,0.009271,0.010527,0.000536,0.022135,0.006010
0.012631,0.000666,0.062406,0.026176,0.021331,0.001341,0.052755,0.017915
0.018585,0.001974,0.064059,0.081935,0.022105,0.004738,0.057216,0.061462
