vet-ins,vet-fnd,avl-ins,avl-fnd,hst-ins,hst-fnd,htr-ins,htr-fnd
0.000567,0.000020,0.001961,0.000675,0.000775,0.004331,0.002219,0.000706
0.002466,0.000187,0.011722,0.008396,0.003694,0.192970,0.013492,0.008552
0.003934,0.000201,0.026136,0.009082,0.007108,0.292911,0.028547,0.010260
0.008335,0.000489,0.063133,0.025683,0.013689,0.740766,0.065076,0.026297
0.007626,0.001422,0.060179,0.074368,0.013147,2.218120,0.068244,0.084390
