vet-ins,vet-fnd,avl-ins,avl-fnd,hst-ins,hst-fnd,htr-ins,htr-fnd
0.000522,0.000019,0.001859,0.000662,0.000821,0.003086,0.002051,0.000669
0.002303,0.000188,0.011395,0.007869,0.003642,0.141648,0.012155,0.007981
0.004066,0.000208,0.025552,0.008720,0.007207,0.222588,0.026507,0.008638
0.007989,0.000493,0.058801,0.024584,0.013340,0.730734,0.060968,0.025238
0.007910,0.001541,0.058562,0.073280,0.013512,1.649559,0.059560,0.073027
