vet-ins,vet-fnd,avl-ins,avl-fnd,hst-ins,hst-fnd,htr-ins,htr-fnd
0.001296,0.000036,0.003036,0.001047,0.001603,0.000076,0.002214,0.000606
0.004862,0.000364,0.016860,0.008703,0.005716,0.000543,0.010066,0.005421
0.006260,0.000263,0.026375,0.009228,0.010220,0.000543,0.022033,0.006052
0.012559,0.000656,0.060750,0.026765,0.019727,0.001362,0.051869,0.018118
0.016803,0.001965,0.063904,0.085810,0.018586,0.004070,0.053265,0.056993
