vet-ins,vet-fnd,avl-ins,avl-fnd,hst-ins,hst-fnd,htr-ins,htr-fnd
0.002116,0.000067,0.005769,0.001883,0.003252,0.000160,0.004304,0.001141
0.004911,0.000313,0.013909,0.008910,0.006262,0.000543,0.010801,0.005847
0.007204,0.000315,0.028605,0.010190,0.011831,0.000679,0.024026,0.006444
0.013061,0.000687,0.060392,0.026302,0.023369,0.001364,0.058900,0.020366
0.018497,0.002086,0.062331,0.079991,0.022695,0.004331,0.056206,0.062319
