vet-ins,vet-fnd,avl-ins,avl-fnd,hst-ins,hst-fnd,htr-ins,htr-fnd
0.002117,0.000072,0.005841,0.002037,0.003134,0.000148,0.004293,0.001182
0.004463,0.000263,0.012240,0.008738,0.005479,0.000638,0.010206,0.005409
0.007308,0.000327,0.028165,0.009286,0.010543,0.000541,0.021915,0.006015
0.013089,0.000660,0.058813,0.026986,0.019869,0.001353,0.052143,0.017684
0.016061,0.001973,0.058837,0.078683,0.018532,0.004064,0.050130,0.056554
