vet-ins,vet-fnd,avl-ins,avl-fnd,hst-ins,hst-fnd,htr-ins,htr-fnd
0.000799,0.000026,0.002820,0.001053,0.001606,0.000076,0.002219,0.000602
0.004669,0.000364,0.016994,0.008720,0.005391,0.000549,0.010101,0.005394
0.006169,0.000262,0.026262,0.009280,0.010163,0.000541,0.022109,0.006017
0.012792,0.000666,0.058389,0.025894,0.019645,0.001366,0.051256,0.017573
0.016086,0.001998,0.059517,0.086110,0.018923,0.004096,0.050721,0.052532
