teste,vet-ins,vet-fnd,vet-tot,avl-ins,avl-fnd,avl-tot,hst-ins,hst-fnd,hst-tot,htr-ins,htr-fnd,htr-tot
1,0.001522,0.000050,0.008135,0.004076,0.001376,0.027939,0.002732,0.000102,0.014509,0.003302,0.000516,0.019607
2,0.004948,0.000350,0.030462,0.015024,0.008731,0.133451,0.006777,0.000544,0.040074,0.011136,0.003460,0.079798
3,0.006456,0.000264,0.036851,0.026091,0.009241,0.194519,0.012958,0.000543,0.074686,0.023738,0.003891,0.152187
4,0.012904,0.000663,0.074583,0.059645,0.025555,0.466754,0.024921,0.001344,0.144427,0.055148,0.012522,0.373655
5,0.012061,0.001975,0.076843,0.059688,0.078240,0.755385,0.024286,0.004134,0.155007,0.054624,0.037357,0.504223
